{"schemaVersion":4,"source":{"uri":"models/items/spider-eye.gltf","sha256":"40faa519f3bac63cf475b48df064a6e48f4d25996d7d4f32b14834c65efec074"},"animationNames":[],"boundingBox":{"min":{"x":-0.25,"y":0,"z":-0.125},"max":{"x":0.25,"y":0.5,"z":0.1875}},"nodeNames":["cube","cube",""],"trimesh":{"vertices":[0.25,0.25,0.15625,0.25,-0.0625,0.15625,0.25,0.25,-0.15625,0.25,-0.0625,-0.15625,-0.0625,0.25,-0.15625,-0.0625,-0.0625,-0.15625,-0.0625,0.25,0.15625,-0.0625,-0.0625,0.15625,-0.0625,0.25,-0.15625,-0.0625,0.25,0.15625,0.25,0.25,-0.15625,0.25,0.25,0.15625,-0.0625,-0.0625,0.15625,-0.0625,-0.0625,-0.15625,0.25,-0.0625,0.15625,0.25,-0.0625,-0.15625,-0.0625,0.25,0.15625,-0.0625,-0.0625,0.15625,0.25,0.25,0.15625,0.25,-0.0625,0.15625,0.25,0.25,-0.15625,0.25,-0.0625,-0.15625,-0.0625,0.25,-0.15625,-0.0625,-0.0625,-0.15625,0.0625,0.0625,-0.031187500804662704,0.0625,-0.25,-0.031187500804662704,0.0625,0.0625,-0.03125,0.0625,-0.25,-0.03125,-0.25,0.0625,-0.03125,-0.25,-0.25,-0.03125,-0.25,0.0625,-0.031187500804662704,-0.25,-0.25,-0.031187500804662704,-0.25,0.0625,-0.03125,-0.25,0.0625,-0.031187500804662704,0.0625,0.0625,-0.03125,0.0625,0.0625,-0.031187500804662704,-0.25,-0.25,-0.031187500804662704,-0.25,-0.25,-0.03125,0.0625,-0.25,-0.031187500804662704,0.0625,-0.25,-0.03125,-0.25,0.0625,-0.031187500804662704,-0.25,-0.25,-0.031187500804662704,0.0625,0.0625,-0.031187500804662704,0.0625,-0.25,-0.031187500804662704,0.0625,0.0625,-0.03125,0.0625,-0.25,-0.03125,-0.25,0.0625,-0.03125,-0.25,-0.25,-0.03125],"indices":[0,1,2,1,3,2,4,5,6,5,7,6,8,9,10,9,11,10,12,13,14,13,15,14,16,17,18,17,19,18,20,21,22,21,23,22,24,25,26,25,27,26,28,29,30,29,31,30,32,33,34,33,35,34,36,37,38,37,39,38,40,41,42,41,43,42,44,45,46,45,47,46]},"optimizedModelData":{"":{"meshCount":1},"-named-nodes":{"meshCount":2},"-no-animations":{"meshCount":1}}}