{"schemaVersion":3,"source":{"uri":"models/structures/vertical slabs/blue concrete slab vertical.gltf","sha256":"7830c5be1cc5774a0f6fbd1a6ef39f6e16cdfd6d8c5daa312b6de805c2713b7a"},"animationNames":[],"boundingBox":{"min":{"x":-0.5,"y":0,"z":-1.1102230246251565e-16},"max":{"x":0.5,"y":1,"z":0.5000000000000001}},"nodeNames":["cube",""],"trimesh":{"vertices":[0.5,0.5,-0.25,0.5,0.5,0.25,0.5,-0.5,-0.25,0.5,-0.5,0.25,-0.5,-0.5,-0.25,-0.5,-0.5,0.25,-0.5,0.5,-0.25,-0.5,0.5,0.25,-0.5,-0.5,-0.25,-0.5,0.5,-0.25,0.5,-0.5,-0.25,0.5,0.5,-0.25,-0.5,0.5,0.25,-0.5,-0.5,0.25,0.5,0.5,0.25,0.5,-0.5,0.25,-0.5,0.5,-0.25,-0.5,0.5,0.25,0.5,0.5,-0.25,0.5,0.5,0.25,0.5,-0.5,-0.25,0.5,-0.5,0.25,-0.5,-0.5,-0.25,-0.5,-0.5,0.25],"indices":[0,1,2,1,3,2,4,5,6,5,7,6,8,9,10,9,11,10,12,13,14,13,15,14,16,17,18,17,19,18,20,21,22,21,23,22]}}