{"schemaVersion":1,"source":{"uri":"models/npcs/catfish.gltf","sha256":"ac804ea90bd9246a35d9ddaf4afea0f6e501e0aa7f7dd1e153a0e2a85d4e283b"},"animationNames":[],"boundingBox":{"min":{"x":-0.5,"y":-0.03125,"z":-0.625},"max":{"x":0.5,"y":0.5888615133481381,"z":0.8125}},"nodeNames":["cube","left_arm","cube","right_arm","cube","cube","cube","cube","cube","cube","catfish",""],"trimesh":{"vertices":[-0.25,-0.09130575507879257,-0.21875,-0.25,-0.15380576252937317,-0.21875,-0.25,-0.09130575507879257,-0.40625,-0.25,-0.15380576252937317,-0.40625,-0.5,-0.09130575507879257,-0.40625,-0.5,-0.15380576252937317,-0.40625,-0.5,-0.09130575507879257,-0.21875,-0.5,-0.15380576252937317,-0.21875,-0.5,-0.09130575507879257,-0.40625,-0.5,-0.09130575507879257,-0.21875,-0.25,-0.09130575507879257,-0.40625,-0.25,-0.09130575507879257,-0.21875,-0.5,-0.15380576252937317,-0.21875,-0.5,-0.15380576252937317,-0.40625,-0.25,-0.15380576252937317,-0.21875,-0.25,-0.15380576252937317,-0.40625,-0.5,-0.09130575507879257,-0.21875,-0.5,-0.15380576252937317,-0.21875,-0.25,-0.09130575507879257,-0.21875,-0.25,-0.15380576252937317,-0.21875,-0.25,-0.09130575507879257,-0.40625,-0.25,-0.15380576252937317,-0.40625,-0.5,-0.09130575507879257,-0.40625,-0.5,-0.15380576252937317,-0.40625,0.5,-0.09130575507879257,-0.21875,0.5,-0.15380576252937317,-0.21875,0.5,-0.09130575507879257,-0.40625,0.5,-0.15380576252937317,-0.40625,0.25,-0.09130575507879257,-0.40625,0.25,-0.15380576252937317,-0.40625,0.25,-0.09130575507879257,-0.21875,0.25,-0.15380576252937317,-0.21875,0.25,-0.09130575507879257,-0.40625,0.25,-0.09130575507879257,-0.21875,0.5,-0.09130575507879257,-0.40625,0.5,-0.09130575507879257,-0.21875,0.25,-0.15380576252937317,-0.21875,0.25,-0.15380576252937317,-0.40625,0.5,-0.15380576252937317,-0.21875,0.5,-0.15380576252937317,-0.40625,0.25,-0.09130575507879257,-0.21875,0.25,-0.15380576252937317,-0.21875,0.5,-0.09130575507879257,-0.21875,0.5,-0.15380576252937317,-0.21875,0.5,-0.09130575507879257,-0.40625,0.5,-0.15380576252937317,-0.40625,0.25,-0.09130575507879257,-0.40625,0.25,-0.15380576252937317,-0.40625,0.25,0.09619424492120743,0.21875,0.25,-0.15380576252937317,0.21875,0.25,0.09619424492120743,-0.53125,0.25,-0.15380576252937317,-0.53125,-0.25,0.09619424492120743,-0.53125,-0.25,-0.15380576252937317,-0.53125,-0.25,0.09619424492120743,0.21875,-0.25,-0.15380576252937317,0.21875,-0.25,0.09619424492120743,-0.53125,-0.25,0.09619424492120743,0.21875,0.25,0.09619424492120743,-0.53125,0.25,0.09619424492120743,0.21875,-0.25,-0.15380576252937317,0.21875,-0.25,-0.15380576252937317,-0.53125,0.25,-0.15380576252937317,0.21875,0.25,-0.15380576252937317,-0.53125,-0.25,0.09619424492120743,0.21875,-0.25,-0.15380576252937317,0.21875,0.25,0.09619424492120743,0.21875,0.25,-0.15380576252937317,0.21875,0.25,0.09619424492120743,-0.53125,0.25,-0.15380576252937317,-0.53125,-0.25,0.09619424492120743,-0.53125,-0.25,-0.15380576252937317,-0.53125,0.125,0.06494424492120743,0.46875,0.125,-0.12255575507879257,0.46875,0.125,0.06494424492120743,0.21875,0.125,-0.12255575507879257,0.21875,-0.125,0.06494424492120743,0.21875,-0.125,-0.12255575507879257,0.21875,-0.125,0.06494424492120743,0.46875,-0.125,-0.12255575507879257,0.46875,-0.125,0.06494424492120743,0.21875,-0.125,0.06494424492120743,0.46875,0.125,0.06494424492120743,0.21875,0.125,0.06494424492120743,0.46875,-0.125,-0.12255575507879257,0.46875,-0.125,-0.12255575507879257,0.21875,0.125,-0.12255575507879257,0.46875,0.125,-0.12255575507879257,0.21875,-0.125,0.06494424492120743,0.46875,-0.125,-0.12255575507879257,0.46875,0.125,0.06494424492120743,0.46875,0.125,-0.12255575507879257,0.46875,0.125,0.06494424492120743,0.21875,0.125,-0.12255575507879257,0.21875,-0.125,0.06494424492120743,0.21875,-0.125,-0.12255575507879257,0.21875,0.0625,0.23830261826515198,0.00944913923740387,0.0625,0.007332733366638422,-0.08622172474861145,0.0625,0.31005576252937317,-0.16377827525138855,0.0625,0.07908586412668228,-0.2594491243362427,-0.0625,0.31005576252937317,-0.16377827525138855,-0.0625,0.07908586412668228,-0.2594491243362427,-0.0625,0.23830261826515198,0.00944913923740387,-0.0625,0.007332733366638422,-0.08622172474861145,-0.0625,0.31005576252937317,-0.16377827525138855,-0.0625,0.23830261826515198,0.00944913923740387,0.0625,0.31005576252937317,-0.16377827525138855,0.0625,0.23830261826515198,0.00944913923740387,-0.0625,0.007332733366638422,-0.08622172474861145,-0.0625,0.07908586412668228,-0.2594491243362427,0.0625,0.007332733366638422,-0.08622172474861145,0.0625,0.07908586412668228,-0.2594491243362427,-0.0625,0.23830261826515198,0.00944913923740387,-0.0625,0.007332733366638422,-0.08622172474861145,0.0625,0.23830261826515198,0.00944913923740387,0.0625,0.007332733366638422,-0.08622172474861145,0.0625,0.31005576252937317,-0.16377827525138855,0.0625,0.07908586412668228,-0.2594491243362427,-0.0625,0.31005576252937317,-0.16377827525138855,-0.0625,0.07908586412668228,-0.2594491243362427,0,-0.31005576252937317,0.71875,0,0.25244423747062683,0.71875,0,0.25244423747062683,0.21875,0,-0.31005576252937317,0.21875,0,0.25244423747062683,0.21875,0,0.25244423747062683,0.21875,0,0.25244423747062683,0.71875,0,-0.31005576252937317,0.71875,0,-0.31005576252937317,0.71875,0,-0.31005576252937317,0.21875,0,0.25244423747062683,0.71875,0,0.25244423747062683,0.71875,0,-0.31005576252937317,0.71875,0,0.25244423747062683,0.21875,0,0.25244423747062683,0.21875,0,-0.31005576252937317,0.21875,-0.1946362853050232,-0.10230418294668198,-0.71875,-0.1946362853050232,-0.10230418294668198,-0.21875,-0.1946362853050232,-0.10230418294668198,-0.71875,-0.3678637146949768,-0.17405733466148376,-0.21875,-0.3678637146949768,-0.17405733466148376,-0.71875,-0.3678637146949768,-0.17405733466148376,-0.21875,-0.1946362853050232,-0.10230418294668198,-0.21875,-0.1946362853050232,-0.10230418294668198,-0.71875,-0.3678637146949768,-0.17405733466148376,-0.71875,-0.3678637146949768,-0.17405733466148376,-0.21875,-0.1946362853050232,-0.10230418294668198,-0.21875,-0.3678637146949768,-0.17405733466148376,-0.21875,-0.1946362853050232,-0.10230418294668198,-0.21875,-0.3678637146949768,-0.17405733466148376,-0.71875,-0.1946362853050232,-0.10230418294668198,-0.71875,-0.3678637146949768,-0.17405733466148376,-0.71875,0.1946362853050232,-0.10230418294668198,-0.21875,0.1946362853050232,-0.10230418294668198,-0.71875,0.1946362853050232,-0.10230418294668198,-0.21875,0.3678637146949768,-0.17405733466148376,-0.71875,0.3678637146949768,-0.17405733466148376,-0.21875,0.3678637146949768,-0.17405733466148376,-0.71875,0.3678637146949768,-0.17405733466148376,-0.71875,0.1946362853050232,-0.10230418294668198,-0.71875,0.1946362853050232,-0.10230418294668198,-0.21875,0.3678637146949768,-0.17405733466148376,-0.21875,0.3678637146949768,-0.17405733466148376,-0.21875,0.1946362853050232,-0.10230418294668198,-0.21875,0.3678637146949768,-0.17405733466148376,-0.21875,0.1946362853050232,-0.10230418294668198,-0.71875,0.3678637146949768,-0.17405733466148376,-0.71875,0.1946362853050232,-0.10230418294668198,-0.71875],"indices":[0,1,2,1,3,2,4,5,6,5,7,6,8,9,10,9,11,10,12,13,14,13,15,14,16,17,18,17,19,18,20,21,22,21,23,22,24,25,26,25,27,26,28,29,30,29,31,30,32,33,34,33,35,34,36,37,38,37,39,38,40,41,42,41,43,42,44,45,46,45,47,46,48,49,50,49,51,50,52,53,54,53,55,54,56,57,58,57,59,58,60,61,62,61,63,62,64,65,66,65,67,66,68,69,70,69,71,70,72,73,74,73,75,74,76,77,78,77,79,78,80,81,82,81,83,82,84,85,86,85,87,86,88,89,90,89,91,90,92,93,94,93,95,94,96,97,98,97,99,98,100,101,102,101,103,102,104,105,106,105,107,106,108,109,110,109,111,110,112,113,114,113,115,114,116,117,118,117,119,118,120,121,122,120,122,123,124,125,126,124,126,126,127,128,129,127,129,129,130,131,132,130,132,132,133,134,135,133,135,135,136,137,138,136,138,137,139,140,141,139,141,140,142,143,144,142,144,145,146,147,148,146,148,147,149,150,151,149,151,150,152,153,153,152,153,154,155,156,156,155,156,157,158,159,160,158,160,161,162,163,163,162,163,164,165,166,166,165,166,167]}}