{"schemaVersion":4,"source":{"uri":"models/npcs/enemies/goblin/goblin-basic.gltf","sha256":"237ce216906ddc94099c307a38a40a5f48332a925fc4e677fd88fd32a66e97da"},"animationNames":["animation.goblin_basic.idle","animation.goblin_basic.walk","animation.goblin_basic.attack","animation.goblin_basic.special_attack","animation.goblin_basic.death"],"boundingBox":{"min":{"x":-0.75,"y":-0.015625,"z":-0.4},"max":{"x":0.75,"y":1.5625,"z":0.225}},"nodeNames":["cube","cube","cube","cube","left_arm","cube","cube","right_arm","cube","cube","nose","cube","cube","left_ear","cube","cube","right_ear","cube","cube","bottom_jaw","cube","left_eye","cube","right_eye","head","body","cube","cube","cube","cube","left_leg_2","left_leg","cube","cube","cube","cube","right_leg_2","right_leg","goblin"],"trimesh":{"vertices":[0.25,0.5625,0.125,0.25,-0.0625,0.125,0.25,0.5625,-0.1875,0.25,-0.0625,-0.1875,-0.25,0.5625,-0.1875,-0.25,-0.0625,-0.1875,-0.25,0.5625,0.125,-0.25,-0.0625,0.125,-0.25,0.5625,-0.1875,-0.25,0.5625,0.125,0.25,0.5625,-0.1875,0.25,0.5625,0.125,-0.25,-0.0625,0.125,-0.25,-0.0625,-0.1875,0.25,-0.0625,0.125,0.25,-0.0625,-0.1875,-0.25,0.5625,0.125,-0.25,-0.0625,0.125,0.25,0.5625,0.125,0.25,-0.0625,0.125,0.25,0.5625,-0.1875,0.25,-0.0625,-0.1875,-0.25,0.5625,-0.1875,-0.25,-0.0625,-0.1875,0.265625,0.578125,0.140625,0.265625,-0.078125,0.140625,0.265625,0.578125,-0.203125,0.265625,-0.078125,-0.203125,-0.265625,0.578125,-0.203125,-0.265625,-0.078125,-0.203125,-0.265625,0.578125,0.140625,-0.265625,-0.078125,0.140625,-0.265625,0.578125,-0.203125,-0.265625,0.578125,0.140625,0.265625,0.578125,-0.203125,0.265625,0.578125,0.140625,-0.265625,-0.078125,0.140625,-0.265625,-0.078125,-0.203125,0.265625,-0.078125,0.140625,0.265625,-0.078125,-0.203125,-0.265625,0.578125,0.140625,-0.265625,-0.078125,0.140625,0.265625,0.578125,0.140625,0.265625,-0.078125,0.140625,0.265625,0.578125,-0.203125,0.265625,-0.078125,-0.203125,-0.265625,0.578125,-0.203125,-0.265625,-0.078125,-0.203125,0.25,0.5625,0.0625,0.25,-0.0625,0.0625,0.25,0.5625,-0.125,0.25,-0.0625,-0.125,0.0625,0.5625,-0.125,0.0625,-0.0625,-0.125,0.0625,0.5625,0.0625,0.0625,-0.0625,0.0625,0.0625,0.5625,-0.125,0.0625,0.5625,0.0625,0.25,0.5625,-0.125,0.25,0.5625,0.0625,0.0625,-0.0625,0.0625,0.0625,-0.0625,-0.125,0.25,-0.0625,0.0625,0.25,-0.0625,-0.125,0.0625,0.5625,0.0625,0.0625,-0.0625,0.0625,0.25,0.5625,0.0625,0.25,-0.0625,0.0625,0.25,0.5625,-0.125,0.25,-0.0625,-0.125,0.0625,0.5625,-0.125,0.0625,-0.0625,-0.125,0.265625,0.578125,0.078125,0.265625,-0.078125,0.078125,0.265625,0.578125,-0.140625,0.265625,-0.078125,-0.140625,0.046875,0.578125,-0.140625,0.046875,-0.078125,-0.140625,0.046875,0.578125,0.078125,0.046875,-0.078125,0.078125,0.046875,0.578125,-0.140625,0.046875,0.578125,0.078125,0.265625,0.578125,-0.140625,0.265625,0.578125,0.078125,0.046875,-0.078125,0.078125,0.046875,-0.078125,-0.140625,0.265625,-0.078125,0.078125,0.265625,-0.078125,-0.140625,0.046875,0.578125,0.078125,0.046875,-0.078125,0.078125,0.265625,0.578125,0.078125,0.265625,-0.078125,0.078125,0.265625,0.578125,-0.140625,0.265625,-0.078125,-0.140625,0.046875,0.578125,-0.140625,0.046875,-0.078125,-0.140625,-0.0625,0.5625,0.0625,-0.0625,-0.0625,0.0625,-0.0625,0.5625,-0.125,-0.0625,-0.0625,-0.125,-0.25,0.5625,-0.125,-0.25,-0.0625,-0.125,-0.25,0.5625,0.0625,-0.25,-0.0625,0.0625,-0.25,0.5625,-0.125,-0.25,0.5625,0.0625,-0.0625,0.5625,-0.125,-0.0625,0.5625,0.0625,-0.25,-0.0625,0.0625,-0.25,-0.0625,-0.125,-0.0625,-0.0625,0.0625,-0.0625,-0.0625,-0.125,-0.25,0.5625,0.0625,-0.25,-0.0625,0.0625,-0.0625,0.5625,0.0625,-0.0625,-0.0625,0.0625,-0.0625,0.5625,-0.125,-0.0625,-0.0625,-0.125,-0.25,0.5625,-0.125,-0.25,-0.0625,-0.125,-0.046875,0.578125,0.078125,-0.046875,-0.078125,0.078125,-0.046875,0.578125,-0.140625,-0.046875,-0.078125,-0.140625,-0.265625,0.578125,-0.140625,-0.265625,-0.078125,-0.140625,-0.265625,0.578125,0.078125,-0.265625,-0.078125,0.078125,-0.265625,0.578125,-0.140625,-0.265625,0.578125,0.078125,-0.046875,0.578125,-0.140625,-0.046875,0.578125,0.078125,-0.265625,-0.078125,0.078125,-0.265625,-0.078125,-0.140625,-0.046875,-0.078125,0.078125,-0.046875,-0.078125,-0.140625,-0.265625,0.578125,0.078125,-0.265625,-0.078125,0.078125,-0.046875,0.578125,0.078125,-0.046875,-0.078125,0.078125,-0.046875,0.578125,-0.140625,-0.046875,-0.078125,-0.140625,-0.265625,0.578125,-0.140625,-0.265625,-0.078125,-0.140625,0.25,0.4375,0.21875,0.25,0.0625,0.21875,0.25,0.4375,-0.28125,0.25,0.0625,-0.28125,-0.25,0.4375,-0.28125,-0.25,0.0625,-0.28125,-0.25,0.4375,0.21875,-0.25,0.0625,0.21875,-0.25,0.4375,-0.28125,-0.25,0.4375,0.21875,0.25,0.4375,-0.28125,0.25,0.4375,0.21875,-0.25,0.0625,0.21875,-0.25,0.0625,-0.28125,0.25,0.0625,0.21875,0.25,0.0625,-0.28125,-0.25,0.4375,0.21875,-0.25,0.0625,0.21875,0.25,0.4375,0.21875,0.25,0.0625,0.21875,0.25,0.4375,-0.28125,0.25,0.0625,-0.28125,-0.25,0.4375,-0.28125,-0.25,0.0625,-0.28125,0.0625,0.3125,0.21875,0.0625,0.0625,0.21875,0.0625,0.3125,0.09375,0.0625,0.0625,0.09375,-0.0625,0.3125,0.09375,-0.0625,0.0625,0.09375,-0.0625,0.3125,0.21875,-0.0625,0.0625,0.21875,-0.0625,0.3125,0.09375,-0.0625,0.3125,0.21875,0.0625,0.3125,0.09375,0.0625,0.3125,0.21875,-0.0625,0.0625,0.21875,-0.0625,0.0625,0.09375,0.0625,0.0625,0.21875,0.0625,0.0625,0.09375,-0.0625,0.3125,0.21875,-0.0625,0.0625,0.21875,0.0625,0.3125,0.21875,0.0625,0.0625,0.21875,0.0625,0.3125,0.09375,0.0625,0.0625,0.09375,-0.0625,0.3125,0.09375,-0.0625,0.0625,0.09375,0.25,0.3125,-1.734723475976807e-18,0.25,0.0625,-1.734723475976807e-18,0.25,0.3125,-0.0625,0.25,0.0625,-0.0625,0.0625,0.3125,-0.0625,0.0625,0.0625,-0.0625,0.0625,0.3125,-1.734723475976807e-18,0.0625,0.0625,-1.734723475976807e-18,0.0625,0.3125,-0.0625,0.0625,0.3125,-1.734723475976807e-18,0.25,0.3125,-0.0625,0.25,0.3125,-1.734723475976807e-18,0.0625,0.0625,-1.734723475976807e-18,0.0625,0.0625,-0.0625,0.25,0.0625,-1.734723475976807e-18,0.25,0.0625,-0.0625,0.0625,0.3125,-1.734723475976807e-18,0.0625,0.0625,-1.734723475976807e-18,0.25,0.3125,-1.734723475976807e-18,0.25,0.0625,-1.734723475976807e-18,0.25,0.3125,-0.0625,0.25,0.0625,-0.0625,0.0625,0.3125,-0.0625,0.0625,0.0625,-0.0625,0.0625,0.3125,-0.03125,0.0625,0.3125,-0.03125,0.0625,0.0625,-0.03125,-0.25,0.3125,-0.03125,-0.25,0.3125,-0.03125,-0.25,0.0625,-0.03125,-0.25,0.3125,-0.03125,0.0625,0.3125,-0.03125,0.0625,0.0625,-0.03125,-0.25,0.0625,-0.03125,-0.25,0.0625,-0.03125,-0.25,0.3125,-0.03125,0.0625,0.3125,-0.03125,0.0625,0.0625,-0.03125,-0.0625,0.3125,-1.734723475976807e-18,-0.0625,0.0625,-1.734723475976807e-18,-0.0625,0.3125,-0.0625,-0.0625,0.0625,-0.0625,-0.25,0.3125,-0.0625,-0.25,0.0625,-0.0625,-0.25,0.3125,-1.734723475976807e-18,-0.25,0.0625,-1.734723475976807e-18,-0.25,0.3125,-0.0625,-0.25,0.3125,-1.734723475976807e-18,-0.0625,0.3125,-0.0625,-0.0625,0.3125,-1.734723475976807e-18,-0.25,0.0625,-1.734723475976807e-18,-0.25,0.0625,-0.0625,-0.0625,0.0625,-1.734723475976807e-18,-0.0625,0.0625,-0.0625,-0.25,0.3125,-1.734723475976807e-18,-0.25,0.0625,-1.734723475976807e-18,-0.0625,0.3125,-1.734723475976807e-18,-0.0625,0.0625,-1.734723475976807e-18,-0.0625,0.3125,-0.0625,-0.0625,0.0625,-0.0625,-0.25,0.3125,-0.0625,-0.25,0.0625,-0.0625,-0.0625,0.3125,-0.03125,-0.0625,0.3125,-0.03125,-0.0625,0.0625,-0.03125,0.25,0.3125,-0.03125,0.25,0.3125,-0.03125,0.25,0.0625,-0.03125,0.25,0.3125,-0.03125,0.25,0.3125,-0.03125,0.25,0.0625,-0.03125,-0.0625,0.0625,-0.03125,0.25,0.0625,-0.03125,-0.0625,0.3125,-0.03125,0.25,0.3125,-0.03125,0.25,0.0625,-0.03125,-0.0625,0.0625,-0.03125,0.25,0.0625,0.21875,0.25,-0.0625,0.21875,0.25,0.0625,-0.34375,0.25,-0.0625,-0.34375,-0.25,0.0625,-0.34375,-0.25,-0.0625,-0.34375,-0.25,0.0625,0.21875,-0.25,-0.0625,0.21875,-0.25,0.0625,-0.34375,-0.25,0.0625,0.21875,0.25,0.0625,-0.34375,0.25,0.0625,0.21875,-0.25,-0.0625,0.21875,-0.25,-0.0625,-0.34375,0.25,-0.0625,0.21875,0.25,-0.0625,-0.34375,-0.25,0.0625,0.21875,-0.25,-0.0625,0.21875,0.25,0.0625,0.21875,0.25,-0.0625,0.21875,0.25,0.0625,-0.34375,0.25,-0.0625,-0.34375,-0.25,0.0625,-0.34375,-0.25,-0.0625,-0.34375,0.25,0.1875,-0.34375,0.25,0.1875,-0.34375,0.25,0.0625,