{"schemaVersion":4,"source":{"uri":"models/environment/Desert/pottery-3.gltf","sha256":"be3dfcd5a84e0a24bbbf2b33cecc27cb0fe8a118f46fe1318728e1988393bc16"},"animationNames":[],"boundingBox":{"min":{"x":-0.3125,"y":0,"z":-0.3125},"max":{"x":0.3125,"y":0.8125,"z":0.3125}},"nodeNames":["cube","cube","cube","cube","cube","cube","cube","cube","cube","cube","cube","cube","cube","Pot_4",""],"trimesh":{"vertices":[0.1875,-0.34375,0.1875,0.1875,-0.40625,0.1875,0.1875,-0.34375,-0.1875,0.1875,-0.40625,-0.1875,-0.1875,-0.34375,-0.1875,-0.1875,-0.40625,-0.1875,-0.1875,-0.34375,0.1875,-0.1875,-0.40625,0.1875,-0.1875,-0.34375,-0.1875,-0.1875,-0.34375,0.1875,0.1875,-0.34375,-0.1875,0.1875,-0.34375,0.1875,-0.1875,-0.40625,0.1875,-0.1875,-0.40625,-0.1875,0.1875,-0.40625,0.1875,0.1875,-0.40625,-0.1875,-0.1875,-0.34375,0.1875,-0.1875,-0.40625,0.1875,0.1875,-0.34375,0.1875,0.1875,-0.40625,0.1875,0.1875,-0.34375,-0.1875,0.1875,-0.40625,-0.1875,-0.1875,-0.34375,-0.1875,-0.1875,-0.40625,-0.1875,-0.125,-0.03125,-0.1875,-0.125,-0.40625,-0.1875,-0.125,-0.03125,-0.3125,-0.125,-0.40625,-0.3125,-0.3125,-0.03125,-0.3125,-0.3125,-0.40625,-0.3125,-0.3125,-0.03125,-0.1875,-0.3125,-0.40625,-0.1875,-0.3125,-0.03125,-0.3125,-0.3125,-0.03125,-0.1875,-0.125,-0.03125,-0.3125,-0.125,-0.03125,-0.1875,-0.3125,-0.40625,-0.1875,-0.3125,-0.40625,-0.3125,-0.125,-0.40625,-0.1875,-0.125,-0.40625,-0.3125,-0.3125,-0.03125,-0.1875,-0.3125,-0.40625,-0.1875,-0.125,-0.03125,-0.1875,-0.125,-0.40625,-0.1875,-0.125,-0.03125,-0.3125,-0.125,-0.40625,-0.3125,-0.3125,-0.03125,-0.3125,-0.3125,-0.40625,-0.3125,0.0625,0.21875,-0.1875,0.0625,-0.40625,-0.1875,0.0625,0.21875,-0.3125,0.0625,-0.40625,-0.3125,-0.125,0.21875,-0.3125,-0.125,-0.40625,-0.3125,-0.125,0.21875,-0.1875,-0.125,-0.40625,-0.1875,-0.125,0.21875,-0.3125,-0.125,0.21875,-0.1875,0.0625,0.21875,-0.3125,0.0625,0.21875,-0.1875,0.0625,-0.40625,-0.1875,0.0625,-0.40625,-0.3125,-0.125,0.21875,-0.1875,0.0625,0.21875,-0.1875,0.0625,-0.40625,-0.1875,0.0625,0.21875,-0.3125,0.0625,-0.40625,-0.3125,-0.125,0.21875,-0.3125,0.1875,0.09375,-0.1875,0.1875,-0.40625,-0.1875,0.1875,0.09375,-0.3125,0.1875,-0.40625,-0.3125,0.0625,0.09375,-0.3125,0.0625,-0.40625,-0.3125,0.0625,0.09375,-0.1875,0.0625,-0.40625,-0.1875,0.0625,0.09375,-0.3125,0.0625,0.09375,-0.1875,0.1875,0.09375,-0.3125,0.1875,0.09375,-0.1875,0.1875,-0.40625,-0.1875,0.1875,-0.40625,-0.3125,0.0625,0.09375,-0.1875,0.1875,0.09375,-0.1875,0.1875,-0.40625,-0.1875,0.1875,0.09375,-0.3125,0.1875,-0.40625,-0.3125,0.0625,0.09375,-0.3125,0.1875,0.03125,0.3125,0.1875,-0.40625,0.3125,0.1875,0.03125,0.1875,0.1875,-0.40625,0.1875,-0.3125,0.03125,0.1875,-0.3125,-0.40625,0.1875,-0.3125,0.03125,0.3125,-0.3125,-0.40625,0.3125,-0.3125,0.03125,0.1875,-0.3125,0.03125,0.3125,0.1875,0.03125,0.1875,0.1875,0.03125,0.3125,-0.3125,-0.40625,0.3125,-0.3125,-0.40625,0.1875,0.1875,-0.40625,0.3125,0.1875,-0.40625,0.1875,-0.3125,0.03125,0.3125,-0.3125,-0.40625,0.3125,0.1875,0.03125,0.3125,0.1875,-0.40625,0.3125,0.1875,0.03125,0.1875,0.1875,-0.40625,0.1875,-0.3125,0.03125,0.1875,-0.3125,-0.40625,0.1875,-0.0625,0.15625,0.3125,-0.0625,0.03125,0.3125,-0.0625,0.15625,0.1875,-0.0625,0.03125,0.1875,-0.1875,0.15625,0.1875,-0.1875,0.03125,0.1875,-0.1875,0.15625,0.3125,-0.1875,0.03125,0.3125,-0.1875,0.15625,0.1875,-0.1875,0.15625,0.3125,-0.0625,0.15625,0.1875,-0.0625,0.15625,0.3125,-0.1875,0.03125,0.3125,-0.1875,0.03125,0.1875,-0.0625,0.03125,0.3125,-0.0625,0.03125,0.1875,-0.1875,0.15625,0.3125,-0.1875,0.03125,0.3125,-0.0625,0.15625,0.3125,-0.0625,0.03125,0.3125,-0.0625,0.15625,0.1875,-0.0625,0.03125,0.1875,-0.1875,0.15625,0.1875,-0.1875,0.03125,0.1875,0.1875,0.28125,0.3125,0.1875,0.28125,0.1875,-0.0625,0.28125,0.1875,-0.0625,0.03125,0.1875,-0.0625,0.28125,0.3125,-0.0625,0.03125,0.3125,-0.0625,0.28125,0.1875,-0.0625,0.28125,0.3125,0.1875,0.28125,0.1875,0.1875,0.28125,0.3125,0.1875,0.03125,0.3125,0.1875,0.03125,0.1875,-0.0625,0.28125,0.3125,0.1875,0.28125,0.3125,0.1875,0.28125,0.1875,-0.0625,0.28125,0.1875,0.3125,-0.09375,-0.1875,0.3125,-0.40625,-0.1875,0.3125,-0.09375,-0.3125,0.3125,-0.40625,-0.3125,0.1875,-0.09375,-0.3125,0.1875,-0.40625,-0.3125,0.1875,-0.09375,-0.1875,0.1875,-0.40625,-0.1875,0.1875,-0.09375,-0.3125,0.1875,-0.09375,-0.1875,0.3125,-0.09375,-0.3125,0.3125,-0.09375,-0.1875,0.3125,-0.40625,-0.1875,0.3125,-0.40625,-0.3125,0.1875,-0.09375,-0.1875,0.3125,-0.09375,-0.1875,0.3125,-0.40625,-0.1875,0.3125,-0.09375,-0.3125,0.3125,-0.40625,-0.3125,0.1875,-0.09375,-0.3125,0.3125,0.09375,-0.0625,0.3125,-0.40625,-0.0625,0.3125,0.09375,-0.1875,0.1875,0.09375,-0.1875,0.1875,0.09375,-0.0625,0.1875,-0.40625,-0.0625,0.1875,0.09375,-0.0625,0.3125,0.09375,-0.1875,0.3125,0.09375,-0.0625,0.1875,-0.40625,-0.0625,0.3125,-0.40625,-0.0625,0.1875,0.09375,-0.0625,0.1875,-0.40625,-0.0625,0.3125,0.09375,-0.0625,0.3125,-0.40625,-0.0625,0.3125,0.09375,-0.1875,0.3125,-0.40625,-0.1875,0.1875,0.09375,-0.1875,0.1875,-0.40625,-0.1875,-0.1875,-0.09375,0.1875,-0.1875,-0.40625,0.1875,-0.1875,-0.09375,-0.0625,-0.1875,-0.40625,-0.0625,-0.3125,-0.09375,-0.0625,-0.3125,-0.40625,-0.0625,-0.3125,-0.09375,0.1875,-0.3125,-0.09375,-0.0625,-0.3125,-0.09375,0.1875,-0.1875,-0.09375,-0.0625,-0.1875,-0.09375,0.1875,-0.3125,-0.40625,0.1875,-0.3125,-0.40625,-0.0625,-0.1875,-0.40625,0.1875,-0.1875,-0.40625,-0.0625,-0.3125,-0.09375,0.1875,-0.3125,-0.40625,0.1875,-0.1875,-0.09375,0.1875,-0.1875,-0.40625,0.1875,-0.1875,-0.09375,-0.0625,-0.1875,-0.40625,-0.0625,-0.3125,-0.09375,-0.0625,-0.3125,-0.40625,-0.0625,-0.1875,0.09375,-0.0625,-0.1875,0.09375,-0.1875,-0.1875,-0.40625,-0.1875,-0.3125,0.09375,-0.1875,-0.3125,0.09375,-0.0625,-0.3125,0.09375,-0.1875,-0.3125,0.09375,-0.0625,-0.1875,0.09375,-0.1875,-0.1875,0.09375,-0.0625,-0.3125,-0.40625,-0.0625,-0.3125,-0.40625,-0.1875,-0.1875,-0.40625,-0.0625,-0.1875,-0.40625,-0.1875,-0.3125,0.09375,-0.0625,-0.3125,-0.40625,-0.0625,-0.1875,0.09375,-0.0625,-0.1875,-0.40625,-0.0625,-0.1875,0.09375,-0.1875,-0.1875,-0.40625,-0.1875,-0.3125,0.09375,-0.1875,-0.3125,-0.40625,-0.1875,0.3125,0.21875,0.125,0.3125,-0.40625,0.125,0.3125,0.21875,-0.0625,0.1875,0.21875,-0.0625,0.1875,0.21875,0.125,0.1875,-0.40625,0.125,0.1875,0.21875,-0.0625,0.1875,0.21875,0.125,0.3125,0.21875,-0.0625,0.3125,0.21875,0.125,0.1875,-0.40625,0.125,0.3125,-0.40625,0.125,0.1875,0.21875,0.125,0.1875,-0.40625,0.125,0.3125,0.21875,0.125,0.3125,-0.40625,0.125,0.3125,0.21875,-0.0625,0.3125,-0.40625,-0.0625,0.1875,0.21875,-0.0625,0.1875,-0.40625,-0.0625,0.3125,0.40625,0.3125,0.3125,-0.40625,0.3125,0.3125,0.40625,0.125,0.1875,0.40625,0.125,0.1875,0.40625,0.3125,0.1875,-0.40625,0.3125,0.1875,0.40625,0.125,0.1875,0.40625,0.3125,0.3125,0.40625,0.125,0.3125,0.40625,0.3125,0.3125,-0.40625,0.3125,0.1875,0.40625,0.3125,0.3125,0.40625,0.3125,0.3125,-0.40625,0.3125,0.3125,0.40625,0.125,0.3125,-0.40625,0.125,0.1875,0.40625,0.125,0.1875,-0.40625,0.125],