{"schemaVersion":4,"source":{"uri":"models/environment/Plains/mushroom-brown-single.gltf","sha256":"444ad453bff51e26bde05f582b0d33b4b74ebed29dad68d7643be4ba041fedab"},"animationNames":[],"boundingBox":{"min":{"x":-0.25,"y":-2.7755575615628914e-17,"z":-0.25},"max":{"x":0.25,"y":0.375,"z":0.25}},"nodeNames":["cube","plane","plane","Brown-Mushroom",""],"trimesh":{"vertices":[0.25,0.1875,0.25,0.25,0.125,0.25,0.25,0.1875,-0.25,0.25,0.125,-0.25,-0.25,0.1875,-0.25,-0.25,0.125,-0.25,-0.25,0.1875,0.25,-0.25,0.125,0.25,-0.25,0.1875,-0.25,-0.25,0.1875,0.25,0.25,0.1875,-0.25,0.25,0.1875,0.25,-0.25,0.125,0.25,-0.25,0.125,-0.25,0.25,0.125,0.25,0.25,0.125,-0.25,-0.25,0.1875,0.25,-0.25,0.125,0.25,0.25,0.1875,0.25,0.25,0.125,0.25,0.25,0.1875,-0.25,0.25,0.125,-0.25,-0.25,0.1875,-0.25,-0.25,0.125,-0.25,3.469446951953614e-17,0.125,0.15625,3.469446951953614e-17,0.125,-0.15625,-3.469446951953614e-17,-0.1875,-0.15625,-3.469446951953614e-17,-0.1875,0.15625,-0.15625,0.125,1.734723475976807e-16,0.15625,0.125,1.734723475976807e-16,0.15625,-0.1875,-1.734723475976807e-16,-0.15625,-0.1875,-1.734723475976807e-16],"indices":[0,1,2,1,3,2,4,5,6,5,7,6,8,9,10,9,11,10,12,13,14,13,15,14,16,17,18,17,19,18,20,21,22,21,23,22,24,25,26,24,26,27,28,29,30,28,30,31]},"optimizedModelData":{"":{"meshCount":1},"-named-nodes":{"meshCount":2},"-no-animations":{"meshCount":1}}}