{"schemaVersion":4,"source":{"uri":"models/environment/Desert/dry-bush.gltf","sha256":"9071c073572eb4e631463280e07bd6951311ab72d44ac4f1190b49f3efedec56"},"animationNames":["idle"],"boundingBox":{"min":{"x":-0.5625,"y":-0.0041265988474127185,"z":-0.59375},"max":{"x":0.5625,"y":1,"z":0.59375}},"nodeNames":["cube","bone","cube","bone2","cube","bone3","cube","bone4","cube","bone5","cube","bone6","cube","bone7","cube","bone8","cube","bone9","cube","bone10","root",""],"trimesh":{"vertices":[0.5,1,0,0.5,1,0,0.5,0,0,-0.5,1,0,-0.5,1,0,-0.5,0,0,0.5,1,0,0.5,1,0,0.5,0,0,-0.5,0,0,0.5,0,0,-0.5,0,0,-0.5,1,0,0.5,1,0,0.5,0,0,-0.5,1,0,-0.5,1,0,-0.5,0,0,0.5,1,0,0.5,1,0,0.5,0,0,-0.5,1,0,0.5,1,0,0.5,0,0,-0.5,0,0,-0.5,1,0,0.5,1,0,0.5,0,0,-0.5,0,0,-0.5,1,0,-0.5,1,0,-0.5,0,0,0.5,1,0,0.5,1,0,0.5,0,0,-0.5,1,0,0.5,1,0,0.5,0,0,-0.5,0,0,-0.5,1,0,0.5,1,0,0.5,0,0,-0.5,0,0,-0.5,1,0,-0.5,1,0,-0.5,0,0,-0.5,0,0,0.5,1,0,0.5,1,0,0.5,0,0,0.5,0,0,-0.5,1,0,-0.5,1,0,0.5,1,0,0.5,0,0,-0.5,0,0,-0.5,0,0,0.5,0,0,0.5,1,0,-0.5,1,0,-0.5,0,0,-0.5,1,0,-0.5,1,0,-0.5,0,0,0.5,1,0,0.5,1,0,0.5,0,0,-0.5,1,0,0.5,1,0,0.5,0,0,-0.5,0,0,-0.5,1,0,0.5,1,0,0.5,0,0,-0.5,0,0,-0.5,0.9375,0,-0.5,0.9266746640205383,-0.0062500000931322575,-0.5,-0.07332532107830048,-0.0062500000931322575,-0.5,-0.0625,0,0.5,0.9266746640205383,-0.0062500000931322575,0.5,0.9375,0,0.5,-0.0625,0,0.5,-0.07332532107830048,-0.0062500000931322575,0.5,0.9266746640205383,-0.0062500000931322575,-0.5,0.9266746640205383,-0.0062500000931322575,-0.5,0.9375,0,0.5,0.9375,0,0.5,-0.0625,0,-0.5,-0.0625,0,-0.5,-0.07332532107830048,-0.0062500000931322575,0.5,-0.07332532107830048,-0.0062500000931322575,-0.5,0.9266746640205383,-0.0062500000931322575,0.5,0.9266746640205383,-0.0062500000931322575,0.5,-0.07332532107830048,-0.0062500000931322575,-0.5,-0.07332532107830048,-0.0062500000931322575,0.625,0.6875,-0.20156249403953552,0.625,0.6875,-0.20156249403953552,0.625,0.1875,-0.20156249403953552,0.125,0.6875,-0.20156249403953552,0.125,0.6875,-0.20156249403953552,0.125,0.1875,-0.20156249403953552,0.625,0.6875,-0.20156249403953552,0.625,0.6875,-0.20156249403953552,0.625,0.1875,-0.20156249403953552,0.125,0.1875,-0.20156249403953552,0.625,0.1875,-0.20156249403953552,0.125,0.1875,-0.20156249403953552,0.125,0.6875,-0.20156249403953552,0.625,0.6875,-0.20156249403953552,0.625,0.1875,-0.20156249403953552,-0.625,0.5625,0.13906249403953552,-0.625,0.5625,0.13906249403953552,-0.625,0.0625,0.13906249403953552,-0.125,0.5625,0.13906249403953552,-0.125,0.5625,0.13906249403953552,-0.125,0.0625,0.13906249403953552,-0.625,0.5625,0.13906249403953552,-0.625,0.5625,0.13906249403953552,-0.625,0.0625,0.13906249403953552,-0.125,0.0625,0.13906249403953552,-0.625,0.0625,0.13906249403953552,-0.125,0.0625,0.13906249403953552,-0.125,0.5625,0.13906249403953552,-0.625,0.5625,0.13906249403953552,-0.625,0.0625,0.13906249403953552,0.09375,1,-0.03125,0.09375,1,-0.03125,0.09375,0.5,-0.03125,0.09375,1,-0.53125,0.09375,1,-0.53125,0.09375,0.5,-0.53125,0.09375,1,-0.03125,0.09375,1,-0.03125,0.09375,0.5,-0.03125,0.09375,0.5,-0.53125,0.09375,0.5,-0.03125,0.09375,0.5,-0.53125,0.09375,1,-0.53125,0.09375,1,-0.03125,0.09375,0.5,-0.03125,-0.09375,1,0.03125,-0.09375,1,0.03125,-0.09375,0.5,0.03125,-0.09375,1,0.53125,-0.09375,1,0.53125,-0.09375,0.5,0.53125,-0.09375,1,0.03125,-0.09375,1,0.03125,-0.09375,0.5,0.03125,-0.09375,0.5,0.53125,-0.09375,0.5,0.03125,-0.09375,0.5,0.53125,-0.09375,1,0.53125,-0.09375,1,0.03125,-0.09375,0.5,0.03125],"indices":[0,1,2,0,2,2,3,4,5,3,5,5,6,3,7,6,7,3,8,9,10,8,10,9,11,12,13,11,13,14,15,16,17,15,17,17,18,19,20,18,20,20,18,21,21,18,21,22,23,24,24,23,24,20,25,26,27,25,27,28,29,30,31,29,31,31,32,33,34,32,34,34,32,35,35,32,35,36,37,38,38,37,38,34,39,40,41,39,41,42,43,44,45,43,45,46,47,48,49,47,49,50,47,51,52,47,52,53,54,55,56,54,56,50,57,58,59,57,59,60,61,62,63,61,63,63,64,65,66,64,66,66,64,67,67,64,67,68,69,70,70,69,70,66,71,72,73,71,73,74,75,76,77,75,77,78,79,80,81,79,81,82,83,84,85,83,85,86,87,88,89,87,89,90,91,92,93,91,93,94,95,96,97,95,97,97,98,99,100,98,100,100,101,98,102,101,102,98,103,104,105,103,105,104,106,107,108,106,108,109,110,111,112,110,112,112,113,114,115,113,115,115,116,113,117,116,117,113,118,119,120,118,120,119,121,122,123,121,123,124,125,126,127,125,127,127,128,129,130,128,130,130,131,128,132,131,132,128,133,134,135,133,135,134,136,137,138,136,138,139,140,141,142,140,142,142,143,144,145,143,145,145,146,143,147,146,147,143,148,149,150,148,150,149,151,152,153,151,153,154]},"optimizedModelData":{"":{"meshCount":9},"-named-nodes":{"meshCount":9},"-no-animations":{"meshCount":1}}}