{"schemaVersion":2,"source":{"uri":"models/environment/Gameplay/rope.gltf","sha256":"711a3273f8f80afbe8dbe7363b0482dcf7d74c78297fa6c4f8e5176ff4e1b384"},"animationNames":[],"boundingBox":{"min":{"x":-0.08838834764831852,"y":0,"z":-0.08838834764831865},"max":{"x":0.08838834764831843,"y":1,"z":0.08838834764831845}},"nodeNames":["cube","cube","rope",""],"trimesh":{"vertices":[-0.0883883461356163,0.5,-0.0883883461356163,-0.0883883461356163,0.5,-0.0883883461356163,-0.0883883461356163,-0.5,-0.0883883461356163,0.0883883461356163,0.5,0.0883883461356163,0.0883883461356163,0.5,0.0883883461356163,0.0883883461356163,-0.5,0.0883883461356163,-0.0883883461356163,0.5,-0.0883883461356163,0.0883883461356163,0.5,0.0883883461356163,-0.0883883461356163,0.5,-0.0883883461356163,-0.0883883461356163,-0.5,-0.0883883461356163,0.0883883461356163,-0.5,0.0883883461356163,-0.0883883461356163,-0.5,-0.0883883461356163,0.0883883461356163,-0.5,0.0883883461356163,0.0883883461356163,0.5,0.0883883461356163,-0.0883883461356163,0.5,-0.0883883461356163,-0.0883883461356163,-0.5,-0.0883883461356163,0.0883883461356163,0.5,-0.0883883461356163,0.0883883461356163,0.5,-0.0883883461356163,0.0883883461356163,-0.5,-0.0883883461356163,-0.0883883461356163,0.5,0.0883883461356163,-0.0883883461356163,0.5,0.0883883461356163,-0.0883883461356163,-0.5,0.0883883461356163,0.0883883461356163,0.5,-0.0883883461356163,-0.0883883461356163,0.5,0.0883883461356163,0.0883883461356163,0.5,-0.0883883461356163,0.0883883461356163,-0.5,-0.0883883461356163,-0.0883883461356163,-0.5,0.0883883461356163,0.0883883461356163,-0.5,-0.0883883461356163,-0.0883883461356163,-0.5,0.0883883461356163,-0.0883883461356163,0.5,0.0883883461356163,0.0883883461356163,0.5,-0.0883883461356163,0.0883883461356163,-0.5,-0.0883883461356163],"indices":[0,1,2,0,2,2,3,4,5,3,5,5,6,7,8,6,8,7,9,10,11,9,11,10,12,13,14,12,14,15,16,17,18,16,18,18,19,20,21,19,21,21,22,23,24,22,24,23,25,26,27,25,27,26,28,29,30,28,30,31]}}