{"schemaVersion":4,"source":{"uri":"models/eggs/epic/slime-egg.gltf","sha256":"c2a3fabc497f79c33a815221998e7948fe38abad48f0ce515e8efed8e8ab09a0"},"animationNames":[],"boundingBox":{"min":{"x":-0.375,"y":0,"z":-0.40625},"max":{"x":0.375,"y":0.875,"z":0.375}},"nodeNames":["cube","cube","group2","cube","cube","cube","group"],"trimesh":{"vertices":[-0.03125,0.0625,-0.203125,-0.03125,-0.1875,-0.203125,-0.03125,0.0625,-0.390625,-0.03125,-0.1875,-0.390625,-0.28125,0.0625,-0.390625,-0.28125,-0.1875,-0.390625,-0.28125,0.0625,-0.203125,-0.28125,-0.1875,-0.203125,-0.28125,0.0625,-0.390625,-0.28125,0.0625,-0.203125,-0.03125,0.0625,-0.390625,-0.03125,0.0625,-0.203125,-0.28125,-0.1875,-0.203125,-0.28125,-0.1875,-0.390625,-0.03125,-0.1875,-0.203125,-0.03125,-0.1875,-0.390625,-0.28125,0.0625,-0.203125,-0.28125,-0.1875,-0.203125,-0.03125,0.0625,-0.203125,-0.03125,-0.1875,-0.203125,-0.03125,0.0625,-0.390625,-0.03125,-0.1875,-0.390625,-0.28125,0.0625,-0.390625,-0.28125,-0.1875,-0.390625,0.28125,0.0625,-0.203125,0.28125,-0.1875,-0.203125,0.28125,0.0625,-0.390625,0.28125,-0.1875,-0.390625,0.03125,0.0625,-0.390625,0.03125,-0.1875,-0.390625,0.03125,0.0625,-0.203125,0.03125,-0.1875,-0.203125,0.03125,0.0625,-0.390625,0.03125,0.0625,-0.203125,0.28125,0.0625,-0.390625,0.28125,0.0625,-0.203125,0.03125,-0.1875,-0.203125,0.03125,-0.1875,-0.390625,0.28125,-0.1875,-0.203125,0.28125,-0.1875,-0.390625,0.03125,0.0625,-0.203125,0.03125,-0.1875,-0.203125,0.28125,0.0625,-0.203125,0.28125,-0.1875,-0.203125,0.28125,0.0625,-0.390625,0.28125,-0.1875,-0.390625,0.03125,0.0625,-0.390625,0.03125,-0.1875,-0.390625,0.28125,0.4375,-0.265625,0.3125,0.4375,0.015625,0.3125,0.1875,0.015625,0.3125,0.1875,-0.296875,-0.3125,0.1875,-0.296875,-0.3125,0.1875,0.015625,-0.3125,0.4375,0.015625,-0.28125,0.4375,-0.265625,-0.28125,0.4375,-0.265625,-0.3125,0.4375,0.015625,0,0.4375,0.015625,0,0.4375,-0.296875,0,0.1875,-0.296875,0,0.1875,0.015625,-0.3125,0.1875,0.015625,-0.3125,0.1875,-0.296875,-0.3125,0.1875,0.328125,0,0.1875,0.328125,0,0.4375,0.328125,-0.28125,0.4375,0.296875,-0.28125,0.4375,-0.265625,0,0.4375,-0.296875,0,0.1875,-0.296875,-0.3125,0.1875,-0.296875,0.3125,0.4375,0.015625,0.28125,0.4375,-0.265625,0.28125,0.4375,0.296875,0,0.4375,0.328125,0,0.1875,0.328125,0.3125,0.1875,0.328125,0.3125,0.1875,-0.296875,0.3125,0.1875,0.015625,0.3125,0.1875,-0.296875,0,0.1875,-0.296875,0,0.4375,-0.296875,0.28125,0.4375,-0.265625,-0.28125,0.4375,0.296875,-0.3125,0.4375,0.015625,-0.3125,0.1875,0.015625,-0.3125,0.1875,0.328125,-0.3125,0.1875,0.328125,0,0.1875,0.328125,0.3125,0.1875,0.328125,0.3125,0.1875,0.328125,0.3125,0.1875,0.015625,0.3125,0.4375,0.015625,0.28125,0.4375,0.296875,0.28125,0.4375,0.296875,0,0.4375,0.328125,-0.28125,0.4375,0.296875,0.359375,-0.3125,-0.34375,0.375,-0.0625,-0.359375,0.375,-0.0625,0.390625,0.359375,-0.3125,0.375,-0.359375,-0.3125,0.375,-0.375,-0.0625,0.390625,-0.375,-0.0625,-0.359375,-0.359375,-0.3125,-0.34375,0.34375,0.1875,0.359375,0.34375,0.1875,-0.328125,-0.34375,0.1875,-0.328125,-0.34375,0.1875,0.359375,0.359375,-0.3125,-0.34375,0.359375,-0.3125,0.375,-0.359375,-0.3125,0.375,-0.359375,-0.3125,-0.34375,0.359375,-0.3125,0.375,0.375,-0.0625,0.390625,-0.375,-0.0625,0.390625,-0.359375,-0.3125,0.375,-0.359375,-0.3125,-0.34375,-0.375,-0.0625,-0.359375,0.375,-0.0625,-0.359375,0.359375,-0.3125,-0.34375,-0.34375,0.1875,-0.328125,-0.375,-0.0625,-0.359375,-0.375,-0.0625,0.390625,-0.34375,0.1875,0.359375,-0.34375,0.1875,0.359375,-0.375,-0.0625,0.390625,0.375,-0.0625,0.390625,0.34375,0.1875,0.359375,0.34375,0.1875,0.359375,0.375,-0.0625,0.390625,0.375,-0.0625,-0.359375,0.34375,0.1875,-0.328125,0.34375,0.1875,-0.328125,0.375,-0.0625,-0.359375,-0.375,-0.0625,-0.359375,-0.34375,0.1875,-0.328125,0.3125,-0.4375,-0.296875,0.34375,-0.3125,-0.328125,0.34375,-0.3125,0.359375,0.3125,-0.4375,0.328125,-0.3125,-0.4375,0.328125,-0.34375,-0.3125,0.359375,-0.34375,-0.3125,-0.328125,-0.3125,-0.4375,-0.296875,0.34375,-0.3125,0.359375,0.34375,-0.3125,-0.328125,-0.34375,-0.3125,-0.328125,-0.34375,-0.3125,0.359375,0.3125,-0.4375,-0.296875,0.3125,-0.4375,0.328125,-0.3125,-0.4375,0.328125,-0.3125,-0.4375,-0.296875,0.3125,-0.4375,0.328125,0.34375,-0.3125,0.359375,-0.34375,-0.3125,0.359375,-0.3125,-0.4375,0.328125,-0.3125,-0.4375,-0.296875,-0.34375,-0.3125,-0.328125,0.34375,-0.3125,-0.328125,0.3125,-0.4375,-0.296875],"indices":[0,1,2,1,3,2,4,5,6,5,7,6,8,9,10,9,11,10,12,13,14,13,15,14,16,17,18,17,19,18,20,21,22,21,23,22,24,25,26,25,27,26,28,29,30,29,31,30,32,33,34,33,35,34,36,37,38,37,39,38,40,41,42,41,43,42,44,45,46,45,47,46,48,49,50,48,50,51,52,53,54,52,54,55,56,57,58,56,58,59,60,61,62,60,62,63,64,65,66,64,66,67,68,69,70,68,70,71,59,58,72,59,72,73,74,75,76,74,76,77,78,79,61,78,61,60,80,81,82,80,82,83,84,85,86,84,86,87,88,62,61,88,61,89,89,61,79,89,79,90,91,92,93,91,93,94,95,72,58,95,58,96,96,58,57,96,57,97,98,99,100,98,100,101,102,103,104,102,104,105,106,107,108,106,108,109,110,111,112,110,112,113,114,115,116,114,116,117,118,119,120,118,120,121,122,123,124,122,124,125,126,127,128,126,128,129,130,131,132,130,132,133,134,135,136,134,136,137,138,139,140,138,140,141,142,143,144,142,144,145,146,147,148,146,148,149,150,151,152,150,152,153,154,155,156,154,156,157,158,159,160,158,160,161]},"optimizedModelData":{"":{"meshCount":2},"-named-nodes":{"meshCount":5},"-no-animations":{"meshCount":2}}}