{"schemaVersion":4,"source":{"uri":"models/environment/City/barrel-wood-1.gltf","sha256":"f13d2b2c17b9dcf408a9af508abc6701a8942d4043ff4606a60b53bd7760cd3e"},"animationNames":[],"boundingBox":{"min":{"x":-0.4375,"y":0,"z":-0.4375},"max":{"x":0.4375,"y":1,"z":0.4375}},"nodeNames":["Barrel2","Barrel4","Barrel4","cube","cube","cube","cube","Barrel1",""],"trimesh":{"vertices":[0.34375,0.5,0.34375,0.34375,-0.5,0.34375,0.34375,0.5,-0.34375,0.34375,-0.5,-0.34375,-0.34375,0.5,-0.34375,-0.34375,-0.5,-0.34375,-0.34375,0.5,0.34375,-0.34375,-0.5,0.34375,-0.34375,0.5,-0.34375,-0.34375,0.5,0.34375,0.34375,0.5,-0.34375,0.34375,0.5,0.34375,-0.34375,-0.5,0.34375,-0.34375,-0.5,-0.34375,0.34375,-0.5,0.34375,0.34375,-0.5,-0.34375,-0.34375,0.5,0.34375,-0.34375,-0.5,0.34375,0.34375,0.5,0.34375,0.34375,-0.5,0.34375,0.34375,0.5,-0.34375,0.34375,-0.5,-0.34375,-0.34375,0.5,-0.34375,-0.34375,-0.5,-0.34375,0.40625,0.4375,0.40625,0.40625,-0.4375,0.40625,0.40625,0.4375,-0.40625,0.40625,-0.4375,-0.40625,-0.40625,0.4375,-0.40625,-0.40625,-0.4375,-0.40625,-0.40625,0.4375,0.40625,-0.40625,-0.4375,0.40625,-0.40625,0.4375,-0.40625,-0.40625,0.4375,0.40625,0.40625,0.4375,-0.40625,0.40625,0.4375,0.40625,-0.40625,-0.4375,0.40625,-0.40625,-0.4375,-0.40625,0.40625,-0.4375,0.40625,0.40625,-0.4375,-0.40625,-0.40625,0.4375,0.40625,-0.40625,-0.4375,0.40625,0.40625,0.4375,0.40625,0.40625,-0.4375,0.40625,0.40625,0.4375,-0.40625,0.40625,-0.4375,-0.40625,-0.40625,0.4375,-0.40625,-0.40625,-0.4375,-0.40625,0.4375,0.3125,0.4375,0.4375,0.1875,0.4375,0.4375,0.3125,-0.4375,0.4375,0.1875,-0.4375,-0.4375,0.3125,-0.4375,-0.4375,0.1875,-0.4375,-0.4375,0.3125,0.4375,-0.4375,0.1875,0.4375,-0.4375,0.3125,-0.4375,-0.4375,0.3125,0.4375,0.4375,0.3125,-0.4375,0.4375,0.3125,0.4375,-0.4375,0.1875,0.4375,-0.4375,0.1875,-0.4375,0.4375,0.1875,0.4375,0.4375,0.1875,-0.4375,-0.4375,0.3125,0.4375,-0.4375,0.1875,0.4375,0.4375,0.3125,0.4375,0.4375,0.1875,0.4375,0.4375,0.3125,-0.4375,0.4375,0.1875,-0.4375,-0.4375,0.3125,-0.4375,-0.4375,0.1875,-0.4375,0.4375,-0.1875,0.4375,0.4375,-0.3125,0.4375,0.4375,-0.1875,-0.4375,0.4375,-0.3125,-0.4375,-0.4375,-0.1875,-0.4375,-0.4375,-0.3125,-0.4375,-0.4375,-0.1875,0.4375,-0.4375,-0.3125,0.4375,-0.4375,-0.1875,-0.4375,-0.4375,-0.1875,0.4375,0.4375,-0.1875,-0.4375,0.4375,-0.1875,0.4375,-0.4375,-0.3125,0.4375,-0.4375,-0.3125,-0.4375,0.4375,-0.3125,0.4375,0.4375,-0.3125,-0.4375,-0.4375,-0.1875,0.4375,-0.4375,-0.3125,0.4375,0.4375,-0.1875,0.4375,0.4375,-0.3125,0.4375,0.4375,-0.1875,-0.4375,0.4375,-0.3125,-0.4375,-0.4375,-0.1875,-0.4375,-0.4375,-0.3125,-0.4375],"indices":[0,1,2,1,3,2,4,5,6,5,7,6,8,9,10,9,11,10,12,13,14,13,15,14,16,17,18,17,19,18,20,21,22,21,23,22,24,25,26,25,27,26,28,29,30,29,31,30,32,33,34,33,35,34,36,37,38,37,39,38,40,41,42,41,43,42,44,45,46,45,47,46,48,49,50,49,51,50,52,53,54,53,55,54,56,57,58,57,59,58,60,61,62,61,63,62,64,65,66,65,67,66,68,69,70,69,71,70,72,73,74,73,75,74,76,77,78,77,79,78,80,81,82,81,83,82,84,85,86,85,87,86,88,89,90,89,91,90,92,93,94,93,95,94]},"optimizedModelData":{"":{"meshCount":1},"-named-nodes":{"meshCount":4},"-no-animations":{"meshCount":1}}}