{"schemaVersion":4,"source":{"uri":"models/environment/Desert/fire-1.gltf","sha256":"2d3134f94bebe54ddb0c5c3cecc73e35df52068bf68d6b5bf769ee25e6a378ef"},"animationNames":[],"boundingBox":{"min":{"x":-0.45672280403137,"y":-0.0293273639062831,"z":-0.4375},"max":{"x":0.45672280403137,"y":1.8125,"z":0.4375}},"nodeNames":["cube","cube","cube","cube","cube","cube","cube","cube","root",""],"trimesh":{"vertices":[0.3125,0.1709136813879013,0.3125,0.3125,-0.0790863186120987,0.3125,0.3125,0.1709136813879013,-0.3125,0.3125,-0.0790863186120987,-0.3125,-0.3125,0.1709136813879013,-0.3125,-0.3125,-0.0790863186120987,-0.3125,-0.3125,0.1709136813879013,0.3125,-0.3125,-0.0790863186120987,0.3125,-0.3125,0.1709136813879013,-0.3125,-0.3125,0.1709136813879013,0.3125,0.3125,0.1709136813879013,-0.3125,0.3125,0.1709136813879013,0.3125,-0.3125,-0.0790863186120987,0.3125,-0.3125,-0.0790863186120987,-0.3125,0.3125,-0.0790863186120987,0.3125,0.3125,-0.0790863186120987,-0.3125,-0.3125,0.1709136813879013,0.3125,-0.3125,-0.0790863186120987,0.3125,0.3125,0.1709136813879013,0.3125,0.3125,-0.0790863186120987,0.3125,0.3125,0.1709136813879013,-0.3125,0.3125,-0.0790863186120987,-0.3125,-0.3125,0.1709136813879013,-0.3125,-0.3125,-0.0790863186120987,-0.3125,-0.12137694656848907,-0.054776620119810104,0.010761402547359467,-0.37506261467933655,-0.9209136962890625,-0.2429242730140686,-0.03298860043287277,-0.054776620119810104,-0.07762694358825684,-0.28667426109313965,-0.9209136962890625,-0.3313126266002655,-0.11464878916740417,-0.006941191386431456,-0.15928712487220764,-0.36833444237709045,-0.8730782270431519,-0.4129728078842163,-0.20303712785243988,-0.006941191386431456,-0.07089878618717194,-0.45672279596328735,-0.8730782270431519,-0.3245844542980194,-0.11464878916740417,-0.006941191386431456,-0.15928712487220764,-0.20303712785243988,-0.006941191386431456,-0.07089878618717194,-0.03298860043287277,-0.054776620119810104,-0.07762694358825684,-0.12137694656848907,-0.054776620119810104,0.010761402547359467,-0.45672279596328735,-0.8730782270431519,-0.3245844542980194,-0.36833444237709045,-0.8730782270431519,-0.4129728078842163,-0.37506261467933655,-0.9209136962890625,-0.2429242730140686,-0.28667426109313965,-0.9209136962890625,-0.3313126266002655,-0.20303712785243988,-0.006941191386431456,-0.07089878618717194,-0.45672279596328735,-0.8730782270431519,-0.3245844542980194,-0.12137694656848907,-0.054776620119810104,0.010761402547359467,-0.37506261467933655,-0.9209136962890625,-0.2429242730140686,-0.03298860043287277,-0.054776620119810104,-0.07762694358825684,-0.28667426109313965,-0.9209136962890625,-0.3313126266002655,-0.11464878916740417,-0.006941191386431456,-0.15928712487220764,-0.36833444237709045,-0.8730782270431519,-0.4129728078842163,0.4375,0.5459136962890625,0.4375,0.4375,-0.0790863186120987,0.4375,0.4375,0.5459136962890625,-0.4375,0.4375,-0.0790863186120987,-0.4375,-0.4375,0.5459136962890625,-0.4375,-0.4375,-0.0790863186120987,-0.4375,-0.4375,0.5459136962890625,0.4375,-0.4375,-0.0790863186120987,0.4375,-0.4375,0.5459136962890625,-0.4375,-0.4375,0.5459136962890625,0.4375,0.4375,0.5459136962890625,-0.4375,0.4375,0.5459136962890625,0.4375,-0.4375,-0.0790863186120987,0.4375,-0.4375,-0.0790863186120987,-0.4375,0.4375,-0.0790863186120987,0.4375,0.4375,-0.0790863186120987,-0.4375,-0.4375,0.5459136962890625,0.4375,-0.4375,-0.0790863186120987,0.4375,0.4375,0.5459136962890625,0.4375,0.4375,-0.0790863186120987,0.4375,0.4375,0.5459136962890625,-0.4375,0.4375,-0.0790863186120987,-0.4375,-0.4375,0.5459136962890625,-0.4375,-0.4375,-0.0790863186120987,-0.4375,0.20303714275360107,-0.006941191386431456,-0.07089878618717194,0.45672279596328735,-0.8730782270431519,-0.3245844542980194,0.11464878916740417,-0.006941191386431456,-0.15928712487220764,0.36833444237709045,-0.8730782270431519,-0.4129728078842163,0.03298860043287277,-0.054776620119810104,-0.07762694358825684,0.28667426109313965,-0.9209136962890625,-0.3313126266002655,0.12137694656848907,-0.054776620119810104,0.010761402547359467,0.37506261467933655,-0.9209136962890625,-0.2429242730140686,0.03298860043287277,-0.054776620119810104,-0.07762694358825684,0.12137694656848907,-0.054776620119810104,0.010761402547359467,0.11464878916740417,-0.006941191386431456,-0.15928712487220764,0.20303714275360107,-0.006941191386431456,-0.07089878618717194,0.37506261467933655,-0.9209136962890625,-0.2429242730140686,0.28667426109313965,-0.9209136962890625,-0.3313126266002655,0.45672279596328735,-0.8730782270431519,-0.3245844542980194,0.36833444237709045,-0.8730782270431519,-0.4129728078842163,0.12137694656848907,-0.054776620119810104,0.010761402547359467,0.37506261467933655,-0.9209136962890625,-0.2429242730140686,0.20303714275360107,-0.006941191386431456,-0.07089878618717194,0.45672279596328735,-0.8730782270431519,-0.3245844542980194,0.11464878916740417,-0.006941191386431456,-0.15928712487220764,0.36833444237709045,-0.8730782270431519,-0.4129728078842163,0.03298860043287277,-0.054776620119810104,-0.07762694358825684,0.28667426109313965,-0.9209136962890625,-0.3313126266002655,-0.03298860043287277,-0.054776620119810104,0.07762694358825684,-0.28667426109313965,-0.9209136962890625,0.3313126266002655,-0.12137694656848907,-0.054776620119810104,-0.010761402547359467,-0.37506261467933655,-0.9209136962890625,0.2429242730140686,-0.20303712785243988,-0.006941191386431456,0.07089878618717194,-0.45672279596328735,-0.8730782270431519,0.3245844542980194,-0.11464878916740417,-0.006941191386431456,0.15928712487220764,-0.36833444237709045,-0.8730782270431519,0.4129728078842163,-0.20303712785243988,-0.006941191386431456,0.07089878618717194,-0.11464878916740417,-0.006941191386431456,0.15928712487220764,-0.12137694656848907,-0.054776620119810104,-0.010761402547359467,-0.03298860043287277,-0.054776620119810104,0.07762694358825684,-0.36833444237709045,-0.8730782270431519,0.4129728078842163,-0.45672279596328735,-0.8730782270431519,0.3245844542980194,-0.28667426109313965,-0.9209136962890625,0.3313126266002655,-0.37506261467933655,-0.9209136962890625,0.2429242730140686,-0.11464878916740417,-0.006941191386431456,0.15928712487220764,-0.36833444237709045,-0.8730782270431519,0.4129728078842163,-0.03298860043287277,-0.054776620119810104,0.07762694358825684,-0.28667426109313965,-0.9209136962890625,0.3313126266002655,-0.12137694656848907,-0.054776620119810104,-0.010761402547359467,-0.37506261467933655,-0.9209136962890625,0.2429242730140686,-0.20303712785243988,-0.006941191386431456,0.07089878618717194,-0.45672279596328735,-0.8730782270431519,0.3245844542980194,0.11464878916740417,-0.006941191386431456,0.15928712487220764,0.36833444237709045,-0.8730782270431519,0.4129728078842163,0.20303714275360107,-0.006941191386431456,0.07089878618717194,0.45672279596328735,-0.8730782270431519,0.3245844542980194,0.12137694656848907,-0.054776620119810104,-0.010761402547359467,0.37506261467933655,-0.9209136962890625,0.2429242730140686,0.03298860043287277,-0.054776620119810104,0.07762694358825684,0.28667426109313965,-0.9209136962890625,0.3313126266002655,0.12137694656848907,-0.054776620119810104,-0.010761402547359467,0.03298860043287277,-0.054776620119810104,0.07762694358825684,0.20303714275360107,-0.006941191386431456,0.07089878618717194,0.11464878916740417,-0.006941191386431456,0.15928712487220764,0.28667426109313965,-0.9209136962890625,0.3313126266002655,0.37506261467933655,-0.9209136962890625,0.2429242730140686,0.36833444237709045,-0.8730782270431519,0.4129728078842163,0.45672279596328735,-0.8730782270431519,0.3245844542980194,0.03298860043287277,-0.054776620119810104,0.07762694358825684,0.28667426109313965,-0.9209136962890625,0.3313126266002655,0.11464878916740417,-0.006941191386431456,0.15928712487220764,0.36833444237709045,-0.8730782270431519,0.4129728078842163,0.20303714275360107,-0.006941191386431456,0.07089878618717194,0.45672279596328735,-0.8730782270431519,0.3245844542980194,0.12137694656848907,-0.054776620119810104,-0.010761402547359467,0.37506261467933655,-0.9209136962890625,0.2429242730140686,0.13258251547813416,