{"schemaVersion":4,"source":{"uri":"models/items/cookie.gltf","sha256":"93e505694ffda320653a08e56a673f591dd984151c26c07132690b9572e5733f"},"animationNames":[],"boundingBox":{"min":{"x":-0.1875,"y":0,"z":-0.25},"max":{"x":0.25,"y":0.125,"z":0.1875}},"nodeNames":["cube",""],"trimesh":{"vertices":[0.21875,0.0625,0.21875,0.21875,-0.0625,0.21875,0.21875,0.0625,-0.21875,0.21875,-0.0625,-0.21875,-0.21875,0.0625,-0.21875,-0.21875,-0.0625,-0.21875,-0.21875,0.0625,0.21875,-0.21875,-0.0625,0.21875,-0.21875,0.0625,-0.21875,-0.21875,0.0625,0.21875,0.21875,0.0625,-0.21875,0.21875,0.0625,0.21875,-0.21875,-0.0625,0.21875,-0.21875,-0.0625,-0.21875,0.21875,-0.0625,0.21875,0.21875,-0.0625,-0.21875,-0.21875,0.0625,0.21875,-0.21875,-0.0625,0.21875,0.21875,0.0625,0.21875,0.21875,-0.0625,0.21875,0.21875,0.0625,-0.21875,0.21875,-0.0625,-0.21875,-0.21875,0.0625,-0.21875,-0.21875,-0.0625,-0.21875],"indices":[0,1,2,1,3,2,4,5,6,5,7,6,8,9,10,9,11,10,12,13,14,13,15,14,16,17,18,17,19,18,20,21,22,21,23,22]},"optimizedModelData":{"":{"meshCount":1},"-named-nodes":{"meshCount":1},"-no-animations":{"meshCount":1}}}