{"schemaVersion":4,"source":{"uri":"models/environment/Plains/clover-patch.gltf","sha256":"32454eeda86596035f1722328e1c4ec246795b12cf24dfbf7dfd7af0f1bf03ff"},"animationNames":[],"boundingBox":{"min":{"x":-0.6147017321451025,"y":-0.057260232583268345,"z":-0.6566336546692872},"max":{"x":0.5874165567943372,"y":0.20446769597212897,"z":0.5}},"nodeNames":["clover-patch","clover-patch","clover-patch","clover-patch","clover-patch","root",""],"trimesh":{"vertices":[0.5136426091194153,-0.06729122996330261,0.5783168077468872,0.5136426091194153,-0.0673537328839302,0.5783168077468872,0.5136426091194153,-0.06729122996330261,-0.4216831624507904,0.5136426091194153,-0.0673537328839302,-0.4216831624507904,-0.4863574206829071,-0.06729122996330261,-0.4216831624507904,-0.4863574206829071,-0.0673537328839302,-0.4216831624507904,-0.4863574206829071,-0.06729122996330261,0.5783168077468872,-0.4863574206829071,-0.0673537328839302,0.5783168077468872,-0.4863574206829071,-0.06729122996330261,-0.4216831624507904,-0.4863574206829071,-0.06729122996330261,0.5783168077468872,0.5136426091194153,-0.06729122996330261,-0.4216831624507904,0.5136426091194153,-0.06729122996330261,0.5783168077468872,-0.4863574206829071,-0.0673537328839302,0.5783168077468872,-0.4863574206829071,-0.0673537328839302,-0.4216831624507904,0.5136426091194153,-0.0673537328839302,0.5783168077468872,0.5136426091194153,-0.0673537328839302,-0.4216831624507904,-0.4863574206829071,-0.06729122996330261,0.5783168077468872,-0.4863574206829071,-0.0673537328839302,0.5783168077468872,0.5136426091194153,-0.06729122996330261,0.5783168077468872,0.5136426091194153,-0.0673537328839302,0.5783168077468872,0.5136426091194153,-0.06729122996330261,-0.4216831624507904,0.5136426091194153,-0.0673537328839302,-0.4216831624507904,-0.4863574206829071,-0.06729122996330261,-0.4216831624507904,-0.4863574206829071,-0.0673537328839302,-0.4216831624507904,-0.2546001672744751,0.13081037998199463,0.43065690994262695,-0.11327406018972397,-0.03861990198493004,0.12743203341960907,-0.2546043395996094,0.1308639645576477,0.4306250214576721,-0.11327821761369705,-0.03856630623340607,0.12740015983581543,-0.6010591387748718,0.03861989825963974,0.32069283723831177,-0.4597330391407013,-0.13081036508083344,0.017467962577939034,-0.6010549664497375,0.03856630623340607,0.3207246959209442,-0.4597288966178894,-0.1308639645576477,0.01749984733760357,-0.6010591387748718,0.03861989825963974,0.32069283723831177,-0.6010549664497375,0.03856630623340607,0.3207246959209442,-0.2546043395996094,0.1308639645576477,0.4306250214576721,-0.2546001672744751,0.13081037998199463,0.43065690994262695,-0.4597288966178894,-0.1308639645576477,0.01749984733760357,-0.4597330391407013,-0.13081036508083344,0.017467962577939034,-0.11327406018972397,-0.03861990198493004,0.12743203341960907,-0.11327821761369705,-0.03856630623340607,0.12740015983581543,-0.6010549664497375,0.03856630623340607,0.3207246959209442,-0.4597288966178894,-0.1308639645576477,0.01749984733760357,-0.2546001672744751,0.13081037998199463,0.43065690994262695,-0.11327406018972397,-0.03861990198493004,0.12743203341960907,-0.2546043395996094,0.1308639645576477,0.4306250214576721,-0.11327821761369705,-0.03856630623340607,0.12740015983581543,-0.6010591387748718,0.03861989825963974,0.32069283723831177,-0.4597330391407013,-0.13081036508083344,0.017467962577939034,0.227579265832901,-0.01089016254991293,0.055180713534355164,0.09932170063257217,-0.11685429513454437,-0.28089457750320435,0.227579265832901,-0.01083055417984724,0.05516191944479942,0.09932170063257217,-0.11679468303918839,-0.2809133529663086,-0.12480548769235611,0.027737239375710487,0.17748332023620605,-0.25306305289268494,-0.07822689414024353,-0.15859197080135345,-0.12480548769235611,0.0276776272803545,0.1775021106004715,-0.25306305289268494,-0.07828650623559952,-0.158573180437088,-0.12480548769235611,0.027737239375710487,0.17748332023620605,-0.12480548769235611,0.0276776272803545,0.1775021106004715,0.227579265832901,-0.01083055417984724,0.05516191944479942,0.227579265832901,-0.01089016254991293,0.055180713534355164,-0.25306305289268494,-0.07828650623559952,-0.158573180437088,-0.25306305289268494,-0.07822689414024353,-0.15859197080135345,0.09932170063257217,-0.11685429513454437,-0.28089457750320435,0.09932170063257217,-0.11679468303918839,-0.2809133529663086,-0.12480548769235611,0.0276776272803545,0.1775021106004715,-0.25306305289268494,-0.07828650623559952,-0.158573180437088,0.227579265832901,-0.01089016254991293,0.055180713534355164,0.09932170063257217,-0.11685429513454437,-0.28089457750320435,0.227579265832901,-0.01083055417984724,0.05516191944479942,0.09932170063257217,-0.11679468303918839,-0.2809133529663086,-0.12480548769235611,0.027737239375710487,0.17748332023620605,-0.25306305289268494,-0.07822689414024353,-0.15859197080135345,0.09828191250562668,-0.12312731146812439,-0.12166977673768997,0.2255735546350479,-0.05823776125907898,-0.46838459372520447,0.09829295426607132,-0.123067706823349,-0.12165457755327225,0.22558459639549255,-0.05817815288901329,-0.46836939454078674,-0.24816186726093292,-0.030823638662695885,-0.2315867692232132,-0.12087024003267288,0.034065909683704376,-0.5783016085624695,-0.24817289412021637,-0.030883247032761574,-0.23160196840763092,-0.12088128179311752,0.034006305038928986,-0.578316867351532,-0.24816186726093292,-0.030823638662695885,-0.2315867692232132,-0.24817289412021637,-0.030883247032761574,-0.23160196840763092,0.09829295426607132,-0.123067706823349,-0.12165457755327225,0.09828191250562668,-0.12312731146812439,-0.12166977673768997,-0.12088128179311752,0.034006305038928986,-0.578316867351532,-0.12087024003267288,0.034065909683704376,-0.5783016085624695,0.2255735546350479,-0.05823776125907898,-0.46838459372520447,0.22558459639549255,-0.05817815288901329,-0.46836939454078674,-0.24817289412021637,-0.030883247032761574,-0.23160196840763092,-0.12088128179311752,0.034006305038928986,-0.578316867351532,0.09828191250562668,-0.12312731146812439,-0.12166977673768997,0.2255735546350479,-0.05823776125907898,-0.46838459372520447,0.09829295426607132,-0.123067706823349,-0.12165457755327225,0.22558459639549255,-0.05817815288901329,-0.46836939454078674,-0.24816186726093292,-0.030823638662695885,-0.2315867692232132,-0.12087024003267288,0.034065909683704376,-0.5783016085624695,0.47583717107772827,-0.07689666748046875,0.5082610249519348,0.6010545492172241,-0.05085260793566704,0.15574529767036438,0.47584179043769836,-0.07683464884757996,0.5082672238349915,0.6010591387748718,-0.050790589302778244,0.1557515263557434,0.12345707416534424,-0.0382668599486351,0.3859458565711975,0.2486744225025177,-0.012222799472510815,0.03343012556433678,0.12345244735479355,-0.038328878581523895,0.3859396278858185,0.2486697882413864,-0.01228481438010931,0.03342389687895775,0.12345707416534424,-0.0382668599486351,0.3859458565711975,0.12345244735479355,-0.038328878581523895,0.3859396278858185,0.47584179043769836,-0.07683464884757996,0.5082672238349915,0.47583717107772827,-0.07689666748046875,0.5082610249519348,0.2486697882413864,-0.01228481438010931,0.03342389687895775,0.2486744225025177,-0.012222799472510815,0.03343012556433678,0.6010545492172241,-0.05085260793566704,0.15574529767036438,0.6010591387748718,-0.050790589302778244,0.1557515263557434,0.12345244735479355,-0.038328878581523895,0.3859396278858185,0.2486697882413864,-0.01228481438010931,0.03342389687895775,0.47583717107772827,-0.07689666748046875,0.5082610249519348,0.6010545492172241,-0.05085260793566704,0.15574529767036438,0.47584179043769836,-0.07683464884757996,0.5082672238349915,0.6010591387748718,-0.050790589302778244,0.1557515263557434,0.12345707416534424,-0.0382668599486351,0.3859458565711975,0.2486744225025177,-0.012222799472510815,0.03343012556433678],