{"schemaVersion":4,"source":{"uri":"models/environment/Dungeon/banner-hytopia-2.gltf","sha256":"c2f9ba2449670e86a4cb94b8c4c0898685891203b456703e1525eb79391527fc"},"animationNames":[],"boundingBox":{"min":{"x":-0.515625,"y":0.6875,"z":0.2968749999999999},"max":{"x":0.515625,"y":1.890625,"z":0.5156249999999999}},"nodeNames":["cube","cube","cube","banner_2","root",""],"trimesh":{"vertices":[0.5,0.5859375,0.09375,0.5,0.3984375,0.09375,0.5,0.5859375,-0.09375,0.5,0.3984375,-0.09375,-0.5,0.5859375,-0.09375,-0.5,0.3984375,-0.09375,-0.5,0.5859375,0.09375,-0.5,0.3984375,0.09375,-0.5,0.5859375,-0.09375,-0.5,0.5859375,0.09375,0.5,0.5859375,-0.09375,0.5,0.5859375,0.09375,-0.5,0.3984375,0.09375,-0.5,0.3984375,-0.09375,0.5,0.3984375,0.09375,0.5,0.3984375,-0.09375,-0.5,0.5859375,0.09375,-0.5,0.3984375,0.09375,0.5,0.5859375,0.09375,0.5,0.3984375,0.09375,0.5,0.5859375,-0.09375,0.5,0.3984375,-0.09375,-0.5,0.5859375,-0.09375,-0.5,0.3984375,-0.09375,0.515625,0.6015625,0.109375,0.515625,0.3828125,0.109375,0.515625,0.6015625,-0.109375,0.515625,0.3828125,-0.109375,-0.515625,0.6015625,-0.109375,-0.515625,0.3828125,-0.109375,-0.515625,0.6015625,0.109375,-0.515625,0.3828125,0.109375,-0.515625,0.6015625,-0.109375,-0.515625,0.6015625,0.109375,0.515625,0.6015625,-0.109375,0.515625,0.6015625,0.109375,-0.515625,0.3828125,0.109375,-0.515625,0.3828125,-0.109375,0.515625,0.3828125,0.109375,0.515625,0.3828125,-0.109375,-0.515625,0.6015625,0.109375,-0.515625,0.3828125,0.109375,0.515625,0.6015625,0.109375,0.515625,0.3828125,0.109375,0.515625,0.6015625,-0.109375,0.515625,0.3828125,-0.109375,-0.515625,0.6015625,-0.109375,-0.515625,0.3828125,-0.109375,0.4375,0.3984375,0,0.4375,0.3984375,0,0.4375,-0.6015625,0,-0.4375,0.3984375,0,-0.4375,0.3984375,0,-0.4375,-0.6015625,0,0.4375,0.3984375,0,0.4375,-0.6015625,0,-0.4375,-0.6015625,0,0.4375,-0.6015625,0,-0.4375,-0.6015625,0,-0.4375,0.3984375,0,0.4375,0.3984375,0,0.4375,-0.6015625,0],"indices":[0,1,2,1,3,2,4,5,6,5,7,6,8,9,10,9,11,10,12,13,14,13,15,14,16,17,18,17,19,18,20,21,22,21,23,22,24,25,26,25,27,26,28,29,30,29,31,30,32,33,34,33,35,34,36,37,38,37,39,38,40,41,42,41,43,42,44,45,46,45,47,46,48,49,50,48,50,50,51,52,53,51,53,53,48,51,54,48,54,51,55,56,57,55,57,56,58,59,60,58,60,61]},"optimizedModelData":{"":{"meshCount":1},"-named-nodes":{"meshCount":3},"-no-animations":{"meshCount":1}}}