{"schemaVersion":4,"source":{"uri":"models/environment/Farm/blueberry-stage2.gltf","sha256":"22289146965719aa8146a6522a04531bf383a4e8dbc969fe8a0e84e88d513540"},"animationNames":[],"boundingBox":{"min":{"x":-0.1988737822087165,"y":0,"z":-0.19887378220871652},"max":{"x":0.1988737822087165,"y":0.75,"z":0.19887378220871652}},"nodeNames":["cube","cube","root",""],"trimesh":{"vertices":[0.19887378811836243,0.375,0.19887378811836243,0.19887378811836243,0.375,0.19887378811836243,0.19887378811836243,-0.375,0.19887378811836243,-0.19887378811836243,0.375,-0.19887378811836243,-0.19887378811836243,0.375,-0.19887378811836243,-0.19887378811836243,-0.375,-0.19887378811836243,0.19887378811836243,0.375,0.19887378811836243,0.19887378811836243,0.375,0.19887378811836243,0.19887378811836243,-0.375,0.19887378811836243,-0.19887378811836243,-0.375,-0.19887378811836243,0.19887378811836243,-0.375,0.19887378811836243,-0.19887378811836243,-0.375,-0.19887378811836243,-0.19887378811836243,0.375,-0.19887378811836243,0.19887378811836243,0.375,0.19887378811836243,0.19887378811836243,-0.375,0.19887378811836243,0.19887378811836243,0.375,-0.19887378811836243,0.19887378811836243,0.375,-0.19887378811836243,0.19887378811836243,-0.375,-0.19887378811836243,-0.19887378811836243,0.375,0.19887378811836243,-0.19887378811836243,0.375,0.19887378811836243,-0.19887378811836243,-0.375,0.19887378811836243,0.19887378811836243,0.375,-0.19887378811836243,-0.19887378811836243,0.375,0.19887378811836243,-0.19887378811836243,-0.375,0.19887378811836243,0.19887378811836243,-0.375,-0.19887378811836243,0.19887378811836243,0.375,-0.19887378811836243,-0.19887378811836243,0.375,0.19887378811836243,-0.19887378811836243,-0.375,0.19887378811836243,0.19887378811836243,-0.375,-0.19887378811836243],"indices":[0,1,2,0,2,2,3,4,5,3,5,5,6,3,7,6,7,3,8,9,10,8,10,9,11,12,13,11,13,14,15,16,17,15,17,17,18,19,20,18,20,20,18,21,21,18,21,22,23,24,24,23,24,20,25,26,27,25,27,28]},"optimizedModelData":{"":{"meshCount":1},"-named-nodes":{"meshCount":2},"-no-animations":{"meshCount":1}}}