{"schemaVersion":4,"source":{"uri":"models/items/fishing-rod.gltf","sha256":"ed473c5cd6028397978639ba58d79da5bd8fbeb7d3d784c3500286c1cd989810"},"animationNames":[],"boundingBox":{"min":{"x":-0.125,"y":0.029029130879203946,"z":-1.1875},"max":{"x":0.125,"y":1.664213562373095,"z":0.48613591206575146}},"nodeNames":["cube","stick","cube","hook","cube","cube","fishing_rod",""],"trimesh":{"vertices":[0.0625,0.817592203617096,-0.7099781036376953,0.0625,-0.7292038798332214,0.8368179798126221,0.0625,0.7292038798332214,-0.7983664870262146,0.0625,-0.817592203617096,0.7484295964241028,-0.0625,0.7292038798332214,-0.7983664870262146,-0.0625,-0.817592203617096,0.7484295964241028,-0.0625,0.817592203617096,-0.7099781036376953,-0.0625,-0.7292038798332214,0.8368179798126221,-0.0625,0.7292038798332214,-0.7983664870262146,-0.0625,0.817592203617096,-0.7099781036376953,0.0625,0.7292038798332214,-0.7983664870262146,0.0625,0.817592203617096,-0.7099781036376953,-0.0625,-0.7292038798332214,0.8368179798126221,-0.0625,-0.817592203617096,0.7484295964241028,0.0625,-0.7292038798332214,0.8368179798126221,0.0625,-0.817592203617096,0.7484295964241028,-0.0625,0.817592203617096,-0.7099781036376953,-0.0625,-0.7292038798332214,0.8368179798126221,0.0625,0.817592203617096,-0.7099781036376953,0.0625,-0.7292038798332214,0.8368179798126221,0.0625,0.7292038798332214,-0.7983664870262146,0.0625,-0.817592203617096,0.7484295964241028,-0.0625,0.7292038798332214,-0.7983664870262146,-0.0625,-0.817592203617096,0.7484295964241028,0.0000625000029685907,0.7783786058425903,-0.5868179202079773,0.0000625000029685907,-0.5341213345527649,-0.5868179798126221,0.0000625000029685907,0.7783786654472351,-0.8368179798126221,0.0000625000029685907,-0.5341213345527649,-0.8368179798126221,0,0.7783786654472351,-0.8368179798126221,0,-0.5341213345527649,-0.8368179798126221,0,0.7783786058425903,-0.5868179202079773,0,-0.5341213345527649,-0.5868179798126221,0,0.7783786654472351,-0.8368179798126221,0,0.7783786058425903,-0.5868179202079773,0.0000625000029685907,0.7783786654472351,-0.8368179798126221,0.0000625000029685907,0.7783786058425903,-0.5868179202079773,0,-0.5341213345527649,-0.5868179798126221,0,-0.5341213345527649,-0.8368179798126221,0.0000625000029685907,-0.5341213345527649,-0.5868179798126221,0.0000625000029685907,-0.5341213345527649,-0.8368179798126221,0,0.7783786058425903,-0.5868179202079773,0,-0.5341213345527649,-0.5868179798126221,0.0000625000029685907,0.7783786058425903,-0.5868179202079773,0.0000625000029685907,-0.5341213345527649,-0.5868179798126221,0.0000625000029685907,0.7783786654472351,-0.8368179798126221,0.0000625000029685907,-0.5341213345527649,-0.8368179798126221,0,0.7783786654472351,-0.8368179798126221,0,-0.5341213345527649,-0.8368179798126221,0.0000625000029685907,0.7158786654472351,0.4756820499897003,0.0000625000029685907,-0.5966213345527649,0.4756820499897003,0.0000625000029685907,0.7158786058425903,-0.7743179202079773,0.0000625000029685907,-0.5966213345527649,-0.7743179798126221,0,0.7158786058425903,-0.7743179202079773,0,-0.5966213345527649,-0.7743179798126221,0,0.7158786654472351,0.4756820499897003,0,-0.5966213345527649,0.4756820499897003,0,0.7158786058425903,-0.7743179202079773,0,0.7158786654472351,0.4756820499897003,0.0000625000029685907,0.7158786058425903,-0.7743179202079773,0.0000625000029685907,0.7158786654472351,0.4756820499897003,0,-0.5966213345527649,0.4756820499897003,0,-0.5966213345527649,-0.7743179798126221,0.0000625000029685907,-0.5966213345527649,0.4756820499897003,0.0000625000029685907,-0.5966213345527649,-0.7743179798126221,0,0.7158786654472351,0.4756820499897003,0,-0.5966213345527649,0.4756820499897003,0.0000625000029685907,0.7158786654472351,0.4756820499897003,0.0000625000029685907,-0.5966213345527649,0.4756820499897003,0.0000625000029685907,0.7158786058425903,-0.7743179202079773,0.0000625000029685907,-0.5966213345527649,-0.7743179798126221,0,0.7158786058425903,-0.7743179202079773,0,-0.5966213345527649,-0.7743179798126221,0.125,-0.3466213643550873,0.4131820499897003,0.125,-0.6591213345527649,0.4131820499897003,0.125,-0.3466213643550873,0.10068204998970032,0.125,-0.6591213345527649,0.10068204998970032,-0.125,-0.3466213643550873,0.10068204998970032,-0.125,-0.6591213345527649,0.10068204998970032,-0.125,-0.3466213643550873,0.4131820499897003,-0.125,-0.6591213345527649,0.4131820499897003,-0.125,-0.3466213643550873,0.10068204998970032,-0.125,-0.3466213643550873,0.4131820499897003,0.125,-0.3466213643550873,0.10068204998970032,0.125,-0.3466213643550873,0.4131820499897003,-0.125,-0.6591213345527649,0.4131820499897003,-0.125,-0.6591213345527649,0.10068204998970032,0.125,-0.6591213345527649,0.4131820499897003,0.125,-0.6591213345527649,0.10068204998970032,-0.125,-0.3466213643550873,0.4131820499897003,-0.125,-0.6591213345527649,0.4131820499897003,0.125,-0.3466213643550873,0.4131820499897003,0.125,-0.6591213345527649,0.4131820499897003,0.125,-0.3466213643550873,0.10068204998970032,0.125,-0.6591213345527649,0.10068204998970032,-0.125,-0.3466213643550873,0.10068204998970032,-0.125,-0.6591213345527649,0.10068204998970032],"indices":[0,1,2,1,3,2,4,5,6,5,7,6,8,9,10,9,11,10,12,13,14,13,15,14,16,17,18,17,19,18,20,21,22,21,23,22,24,25,26,25,27,26,28,29,30,29,31,30,32,33,34,33,35,34,36,37,38,37,39,38,40,41,42,41,43,42,44,45,46,45,47,46,48,49,50,49,51,50,52,53,54,53,55,54,56,57,58,57,59,58,60,61,62,61,63,62,64,65,66,65,67,66,68,69,70,69,71,70,72,73,74,73,75,74,76,77,78,77,79,78,80,81,82,81,83,82,84,85,86,85,87,86,88,89,90,89,91,90,92,93,94,93,95,94]},"optimizedModelData":{"":{"meshCount":1},"-named-nodes":{"meshCount":4},"-no-animations":{"meshCount":1}}}