{"schemaVersion":4,"source":{"uri":"models/environment/X-Mas/christmas-leafs.gltf","sha256":"5785fe4a631f2e02c0e4ba38e500c419caa4cbba811836688494c175b496e194"},"animationNames":[],"boundingBox":{"min":{"x":-0.5625,"y":0.17526567902014217,"z":0.18538315025861254},"max":{"x":0.5625,"y":1.0173034724285765,"z":0.5975570757039028}},"nodeNames":["cube","cube","bone","cube","cube","bone",""],"trimesh":{"vertices":[0.2093319296836853,-0.02918323129415512,0.11064673960208893,0.34191444516181946,-0.3492657542228699,-0.032859548926353455,0.18187318742275238,0.037108030170202255,-0.06258067488670349,0.31445571780204773,-0.2829744815826416,-0.20608696341514587,0.008645780384540558,-0.034645114094018936,-0.06258067488670349,0.1412283033132553,-0.3547276258468628,-0.20608696341514587,0.03610451892018318,-0.10093637555837631,0.11064673960208893,0.16868704557418823,-0.42101889848709106,-0.032859548926353455,0.008645780384540558,-0.034645114094018936,-0.06258067488670349,0.03610451892018318,-0.10093637555837631,0.11064673960208893,0.18187318742275238,0.037108030170202255,-0.06258067488670349,0.2093319296836853,-0.02918323129415512,0.11064673960208893,0.16868704557418823,-0.42101889848709106,-0.032859548926353455,0.1412283033132553,-0.3547276258468628,-0.20608696341514587,0.34191444516181946,-0.3492657542228699,-0.032859548926353455,0.31445571780204773,-0.2829744815826416,-0.20608696341514587,0.03610451892018318,-0.10093637555837631,0.11064673960208893,0.16868704557418823,-0.42101889848709106,-0.032859548926353455,0.2093319296836853,-0.02918323129415512,0.11064673960208893,0.34191444516181946,-0.3492657542228699,-0.032859548926353455,0.18187318742275238,0.037108030170202255,-0.06258067488670349,0.31445571780204773,-0.2829744815826416,-0.20608696341514587,0.008645780384540558,-0.034645114094018936,-0.06258067488670349,0.1412283033132553,-0.3547276258468628,-0.20608696341514587,-0.13003692030906677,-0.06292508542537689,0.19672130048274994,-0.30670657753944397,-0.3615379333496094,0.054442718625068665,-0.10257820785045624,0.00336618535220623,0.02349388413131237,-0.279247909784317,-0.2952466905117035,-0.11878468841314316,-0.26567089557647705,0.0953950434923172,0.03285955637693405,-0.44234055280685425,-0.20321780443191528,-0.10941901803016663,-0.2931296229362488,0.029103761538863182,0.20608696341514587,-0.46979930996894836,-0.26950907707214355,0.0638083964586258,-0.26567089557647705,0.0953950434923172,0.03285955637693405,-0.2931296229362488,0.029103761538863182,0.20608696341514587,-0.10257820785045624,0.00336618535220623,0.02349388413131237,-0.13003692030906677,-0.06292508542537689,0.19672130048274994,-0.46979930996894836,-0.26950907707214355,0.0638083964586258,-0.44234055280685425,-0.20321780443191528,-0.10941901803016663,-0.30670657753944397,-0.3615379333496094,0.054442718625068665,-0.279247909784317,-0.2952466905117035,-0.11878468841314316,-0.2931296229362488,0.029103761538863182,0.20608696341514587,-0.46979930996894836,-0.26950907707214355,0.0638083964586258,-0.13003692030906677,-0.06292508542537689,0.19672130048274994,-0.30670657753944397,-0.3615379333496094,0.054442718625068665,-0.10257820785045624,0.00336618535220623,0.02349388413131237,-0.279247909784317,-0.2952466905117035,-0.11878468841314316,-0.26567089557647705,0.0953950434923172,0.03285955637693405,-0.44234055280685425,-0.20321780443191528,-0.10941901803016663,0.5625,0.42101889848709106,0.14824818074703217,0.5625,0.42101889848709106,0.14824818074703217,0.5625,-0.3296332061290741,-0.16268211603164673,-0.5625,0.4210188686847687,0.14824816584587097,-0.5625,0.4210188686847687,0.14824816584587097,-0.5625,-0.3296332061290741,-0.16268211603164673,0.5625,0.42101889848709106,0.14824818074703217,-0.5625,0.4210188686847687,0.14824816584587097,0.5625,0.42101889848709106,0.14824818074703217,0.5625,-0.3296332061290741,-0.16268211603164673,-0.5625,-0.3296332061290741,-0.16268211603164673,0.5625,-0.3296332061290741,-0.16268211603164673,-0.5625,-0.3296332061290741,-0.16268211603164673,-0.5625,0.4210188686847687,0.14824816584587097,0.5625,0.42101889848709106,0.14824818074703217,0.5625,-0.3296332061290741,-0.16268211603164673,0.5625,0.305533766746521,-0.09092912077903748,0.5625,0.305533766746521,-0.09092912077903748,0.5625,-0.21414847671985626,0.1243302971124649,-0.5625,0.305533766746521,-0.09092914313077927,-0.5625,0.305533766746521,-0.09092914313077927,-0.5625,-0.21414846181869507,0.1243303045630455,0.5625,0.305533766746521,-0.09092912077903748,-0.5625,0.305533766746521,-0.09092914313077927,0.5625,0.305533766746521,-0.09092912077903748,0.5625,-0.21414847671985626,0.1243302971124649,-0.5625,-0.21414846181869507,0.1243303045630455,0.5625,-0.21414847671985626,0.1243302971124649,-0.5625,-0.21414846181869507,0.1243303045630455,-0.5625,0.305533766746521,-0.09092914313077927,0.5625,0.305533766746521,-0.09092912077903748,0.5625,-0.21414847671985626,0.1243302971124649],"indices":[0,1,2,1,3,2,4,5,6,5,7,6,8,9,10,9,11,10,12,13,14,13,15,14,16,17,18,17,19,18,20,21,22,21,23,22,24,25,26,25,27,26,28,29,30,29,31,30,32,33,34,33,35,34,36,37,38,37,39,38,40,41,42,41,43,42,44,45,46,45,47,46,48,49,50,48,50,50,51,52,53,51,53,53,54,55,56,54,56,55,57,58,59,57,59,58,60,61,62,60,62,63,64,65,66,64,66,66,67,68,69,67,69,69,70,71,72,70,72,71,73,74,75,73,75,74,76,77,78,76,78,79]},"optimizedModelData":{"":{"meshCount":1},"-named-nodes":{"meshCount":4},"-no-animations":{"meshCount":1}}}