{"schemaVersion":4,"source":{"uri":"models/tools/axe/wooden-axe.gltf","sha256":"d2e5b3fc11e001b01dd14627a8b058913a25f012664dee7bdaef0ca0f5757d90"},"animationNames":[],"boundingBox":{"min":{"x":-0.0625,"y":0,"z":-0.0625},"max":{"x":0.28125,"y":0.765625,"z":0.0625}},"nodeNames":["cube","cube","cube","cube","axe"],"trimesh":{"vertices":[-0.078125,0.2109375,0.03125,-0.078125,-0.3828125,0.03125,-0.078125,0.2109375,-0.03125,-0.078125,-0.3828125,-0.03125,-0.140625,0.2109375,-0.03125,-0.140625,-0.3828125,-0.03125,-0.140625,0.2109375,0.03125,-0.140625,-0.3828125,0.03125,-0.140625,0.2109375,-0.03125,-0.140625,0.2109375,0.03125,-0.078125,0.2109375,-0.03125,-0.078125,0.2109375,0.03125,-0.140625,-0.3828125,0.03125,-0.140625,-0.3828125,-0.03125,-0.078125,-0.3828125,0.03125,-0.078125,-0.3828125,-0.03125,-0.140625,0.2109375,0.03125,-0.140625,-0.3828125,0.03125,-0.078125,0.2109375,0.03125,-0.078125,-0.3828125,0.03125,-0.078125,0.2109375,-0.03125,-0.078125,-0.3828125,-0.03125,-0.140625,0.2109375,-0.03125,-0.140625,-0.3828125,-0.03125,-0.046875,0.3671875,0.0625,-0.046875,0.2109375,0.0625,-0.046875,0.3671875,-0.0625,-0.046875,0.2109375,-0.0625,-0.171875,0.3671875,-0.0625,-0.171875,0.2109375,-0.0625,-0.171875,0.3671875,0.0625,-0.171875,0.2109375,0.0625,-0.171875,0.3671875,-0.0625,-0.171875,0.3671875,0.0625,-0.046875,0.3671875,-0.0625,-0.046875,0.3671875,0.0625,-0.171875,0.2109375,0.0625,-0.171875,0.2109375,-0.0625,-0.046875,0.2109375,0.0625,-0.046875,0.2109375,-0.0625,-0.171875,0.3671875,0.0625,-0.171875,0.2109375,0.0625,-0.046875,0.3671875,0.0625,-0.046875,0.2109375,0.0625,-0.046875,0.3671875,-0.0625,-0.046875,0.2109375,-0.0625,-0.171875,0.3671875,-0.0625,-0.171875,0.2109375,-0.0625,0.109375,0.3515625,0.03125,0.109375,0.2265625,0.03125,0.109375,0.3515625,-0.03125,0.109375,0.2265625,-0.03125,-0.046875,0.3515625,-0.03125,-0.046875,0.2265625,-0.03125,-0.046875,0.3515625,0.03125,-0.046875,0.2265625,0.03125,-0.046875,0.3515625,-0.03125,-0.046875,0.3515625,0.03125,0.109375,0.3515625,-0.03125,0.109375,0.3515625,0.03125,-0.046875,0.2265625,0.03125,-0.046875,0.2265625,-0.03125,0.109375,0.2265625,0.03125,0.109375,0.2265625,-0.03125,-0.046875,0.3515625,0.03125,-0.046875,0.2265625,0.03125,0.109375,0.3515625,0.03125,0.109375,0.2265625,0.03125,0.109375,0.3515625,-0.03125,0.109375,0.2265625,-0.03125,-0.046875,0.3515625,-0.03125,-0.046875,0.2265625,-0.03125,0.171875,0.3828125,0,0.171875,0.3828125,0,0.171875,0.1328125,0,0.015625,0.3828125,0,0.015625,0.3828125,0,0.015625,0.1328125,0,0.171875,0.3828125,0,0.015625,0.3828125,0,0.171875,0.3828125,0,0.171875,0.1328125,0,0.015625,0.1328125,0,0.171875,0.1328125,0,0.015625,0.1328125,0,0.015625,0.3828125,0,0.171875,0.3828125,0,0.171875,0.1328125,0],"indices":[0,1,2,1,3,2,4,5,6,5,7,6,8,9,10,9,11,10,12,13,14,13,15,14,16,17,18,17,19,18,20,21,22,21,23,22,24,25,26,25,27,26,28,29,30,29,31,30,32,33,34,33,35,34,36,37,38,37,39,38,40,41,42,41,43,42,44,45,46,45,47,46,48,49,50,49,51,50,52,53,54,53,55,54,56,57,58,57,59,58,60,61,62,61,63,62,64,65,66,65,67,66,68,69,70,69,71,70,72,73,74,72,74,74,75,76,77,75,77,77,78,79,80,78,80,79,81,82,83,81,83,82,84,85,86,84,86,87]},"optimizedModelData":{"":{"meshCount":1},"-named-nodes":{"meshCount":4},"-no-animations":{"meshCount":1}}}