{"schemaVersion":4,"source":{"uri":"models/environment/Tropical/volleyball-net.gltf","sha256":"d531ffc5c0b19a9b6b33069db278692baf07262055130e1aa418f14138dc20d5"},"animationNames":[],"boundingBox":{"min":{"x":-3,"y":0,"z":-0.046875},"max":{"x":3,"y":1.5,"z":0.046875}},"nodeNames":["torso","hair-0001-extra","hair-0001","hair-0002-extra","hair-0002","hair-0003","hair-0004-extra","hair-0004","hair-0005-extra","hair-0005","hair-0006-extra","hair-0006","hair-0007-extra","hair-0007","hair-0008-extra","hair-0008","hair-0009-extra","hair-0009","hair-0010-extra","hair-0010","eye-right","pupil-right","eye-left","pupil-left","eyes","closed-mouth","closed-smile","closed-smile2","closed-teeth-smile","closed-frown","open-smile","open-frown","shocked","mouths","brow","brow2","brows","head","neck","hand-left","arm-left","hand-right","arm-right","arms","upper","foot-right","leg-right","foot-left","leg-left","lower","third-person","root","torso","hair-0001-extra","hair-0001","hair-0002-extra","hair-0002","hair-0003","hair-0004-extra","hair-0004","hair-0005-extra","hair-0005","hair-0006-extra","hair-0006","hair-0007-extra","hair-0007","hair-0008-extra","hair-0008","hair-0009-extra","hair-0009","hair-0010-extra","hair-0010","eye-right","pupil-right","eye-left","pupil-left","eyes","closed-mouth","closed-smile","closed-smile2","closed-teeth-smile","closed-frown","open-smile","open-frown","shocked","mouths","brow","brow2","brows","head","neck","hand-left","arm-left","hand-right","arm-right","arms","upper","foot-right","leg-right","foot-left","leg-left","lower","third-person","root","cube","cube","right","cube","cube","cube","cube","cube","cube","center","cube","cube","left","voleyball_net",""],"trimesh":{"vertices":[-2.90625,0.75,0.046875,-2.90625,-0.75,0.046875,-2.90625,0.75,-0.046875,-2.90625,-0.75,-0.046875,-3,0.75,-0.046875,-3,-0.75,-0.046875,-3,0.75,0.046875,-3,-0.75,0.046875,-3,0.75,-0.046875,-3,0.75,0.046875,-2.90625,0.75,-0.046875,-2.90625,0.75,0.046875,-3,-0.75,0.046875,-3,-0.75,-0.046875,-2.90625,-0.75,0.046875,-2.90625,-0.75,-0.046875,-3,0.75,0.046875,-3,-0.75,0.046875,-2.90625,0.75,0.046875,-2.90625,-0.75,0.046875,-2.90625,0.75,-0.046875,-2.90625,-0.75,-0.046875,-3,0.75,-0.046875,-3,-0.75,-0.046875,-2.25,0.703125,0,-2.25,0.703125,0,-2.25,-0.046875,0,-2.90625,0.703125,0,-2.90625,0.703125,0,-2.90625,-0.046875,0,-2.25,0.703125,0,-2.90625,0.703125,0,-2.25,0.703125,0,-2.25,-0.046875,0,-2.90625,-0.046875,0,-2.25,-0.046875,0,-2.90625,-0.046875,0,-2.90625,0.703125,0,-2.25,0.703125,0,-2.25,-0.046875,0,0.75,0.703125,0,0.75,0.703125,0,0.75,-0.046875,0,0,0.703125,0,0,0.703125,0,0,-0.046875,0,0.75,0.703125,0,0,0.703125,0,0.75,0.703125,0,0.75,-0.046875,0,0,-0.046875,0,0.75,-0.046875,0,0,-0.046875,0,0,0.703125,0,0.75,0.703125,0,0.75,-0.046875,0,1.5,0.703125,0,1.5,0.703125,0,1.5,-0.046875,0,1.5,0.703125,0,0.75,0.703125,0,1.5,0.703125,0,1.5,-0.046875,0,0.75,-0.046875,0,1.5,-0.046875,0,0.75,-0.046875,0,0.75,0.703125,0,1.5,0.703125,0,1.5,-0.046875,0,-0.75,0.703125,0,-0.75,0.703125,0,-0.75,-0.046875,0,0,0.703125,0,-0.75,0.703125,0,0,0.703125,0,0,-0.046875,0,-0.75,-0.046875,0,0,-0.046875,0,-0.75,-0.046875,0,-0.75,0.703125,0,0,0.703125,0,0,-0.046875,0,-1.5,0.703125,0,-1.5,0.703125,0,-1.5,-0.046875,0,-0.75,0.703125,0,-1.5,0.703125,0,-0.75,0.703125,0,-0.75,-0.046875,0,-1.5,-0.046875,0,-0.75,-0.046875,0,-1.5,-0.046875,0,-1.5,0.703125,0,-0.75,0.703125,0,-0.75,-0.046875,0,2.25,0.703125,0,2.25,0.703125,0,2.25,-0.046875,0,2.25,0.703125,0,1.5,0.703125,0,2.25,0.703125,0,2.25,-0.046875,0,1.5,-0.046875,0,2.25,-0.046875,0,1.5,-0.046875,0,1.5,0.703125,0,2.25,0.703125,0,2.25,-0.046875,0,-1.5,0.703125,0,-2.25,0.703125,0,-1.5,0.703125,0,-1.5,-0.046875,0,-2.25,-0.046875,0,-1.5,-0.046875,0,-2.25,-0.046875,0,-2.25,0.703125,0,-1.5,0.703125,0,-1.5,-0.046875,0,3,0.75,0.046875,3,-0.75,0.046875,3,0.75,-0.046875,3,-0.75,-0.046875,2.90625,0.75,-0.046875,2.90625,-0.75,-0.046875,2.90625,0.75,0.046875,2.90625,-0.75,0.046875,2.90625,0.75,-0.046875,2.90625,0.75,0.046875,3,0.75,-0.046875,3,0.75,0.046875,2.90625,-0.75,0.046875,2.90625,-0.75,-0.046875,3,-0.75,0.046875,3,-0.75,-0.046875,2.90625,0.75,0.046875,2.90625,-0.75,0.046875,3,0.75,0.046875,3,-0.75,0.046875,3,0.75,-0.046875,3,-0.75,-0.046875,2.90625,0.75,-0.046875,2.90625,-0.75,-0.046875,2.90625,0.703125,0,2.90625,0.703125,0,2.90625,-0.046875,0,2.90625,0.703125,0,2.25,0.703125,0,2.90625,0.703125,0,2.90625,-0.046875,0,2.25,-0.046875,0,2.90625,-0.046875,0,2.25,-0.046875,0,2.25,0.703125,0,2.90625,0.703125,0,2.90625,-0.046875,0],"indices":[0,1,2,1,3,2,4,5,6,5,7,6,8,9,10,9,11,10,12,13,14,13,15,14,16,17,18,17,19,18,20,21,22,21,23,22,24,25,26,24,26,26,27,28,29,27,29,29,30,31,32,30,32,31,33,34,35,33,35,34,36,37,38,36,38,39,40,41,42,40,42,42,43,44,45,43,45,45,46,47,48,46,48,47,49,50,51,49,51,50,52,53,54,52,54,55,56,57,58,56,58,58,40,41,42,40,42,42,59,60,61,59,61,60,62,63,64,62,64,63,65,66,67,65,67,68,43,44,45,43,45,45,69,70,71,69,71,71,72,73,74,72,74,73,75,76,77,75,77,76,78,79,80,78,80,81,69,70,71,69,71,71,82,83,84,82,84,84,85,86,87,85,87,86,88,89,90,88,90,89,91,92,93,91,93,94,95,96,97,95,97,97,56,57,58,56,58,58,98,99,100,98,100,99,101,102,103,101,103,102,104,105,106,104,106,107,82,83,84,82,84,84,24,25,26,24,26,26,108,109,110,108,110,109,111,112,113,111,113,112,114,115,116,114,116,117,118,119,120,119,121,120,122,123,124,123,125,124,126,127,128,127,129,128,130,131,132,131,133,132,134,135,136,135,137,136,138,139,140,139,141,140,142,143,144,142,144,144,95,96,97,95,97,97,145,146,147,145,147,146,148,149,150,148,150,149,151,152,153,151,153,154]},"optimizedModelData":{"":{"meshCount":1},"-named-nodes":{"meshCount":6},"-no-animations":{"meshCount":1}}}