{"schemaVersion":4,"source":{"uri":"models/tools/hoe/emerald-hoe.gltf","sha256":"1002bac9eb586054401a95ec4c20732cd8eae147d23e409654b8f4526c22d4e8"},"animationNames":[],"boundingBox":{"min":{"x":-0.21875,"y":-0.009375000000000022,"z":-0.140625},"max":{"x":0.36563186277794,"y":1.0424017851483185,"z":0.140625}},"nodeNames":["cube","cube","cube","cube","cube","cube","cube","cube","cube","cube","cube","hoe"],"trimesh":{"vertices":[-0.04219093173742294,0.22411160171031952,0.03125,-0.04219093173742294,-0.3696383833885193,0.03125,-0.04219093173742294,0.22411160171031952,-0.03125,-0.04219093173742294,-0.3696383833885193,-0.03125,-0.10469093173742294,0.22411160171031952,-0.03125,-0.10469093173742294,-0.3696383833885193,-0.03125,-0.10469093173742294,0.22411160171031952,0.03125,-0.10469093173742294,-0.3696383833885193,0.03125,-0.10469093173742294,0.22411160171031952,-0.03125,-0.10469093173742294,0.22411160171031952,0.03125,-0.04219093173742294,0.22411160171031952,-0.03125,-0.04219093173742294,0.22411160171031952,0.03125,-0.10469093173742294,-0.3696383833885193,0.03125,-0.10469093173742294,-0.3696383833885193,-0.03125,-0.04219093173742294,-0.3696383833885193,0.03125,-0.04219093173742294,-0.3696383833885193,-0.03125,-0.10469093173742294,0.22411160171031952,0.03125,-0.10469093173742294,-0.3696383833885193,0.03125,-0.04219093173742294,0.22411160171031952,0.03125,-0.04219093173742294,-0.3696383833885193,0.03125,-0.04219093173742294,0.22411160171031952,-0.03125,-0.04219093173742294,-0.3696383833885193,-0.03125,-0.10469093173742294,0.22411160171031952,-0.03125,-0.10469093173742294,-0.3696383833885193,-0.03125,-0.07344093173742294,0.45959705114364624,0.0546875,0.037044502794742584,0.3491116166114807,0.0546875,-0.07344093173742294,0.45959705114364624,-0.0546875,0.037044502794742584,0.3491116166114807,-0.0546875,-0.18392635881900787,0.3491116166114807,-0.0546875,-0.07344093173742294,0.238626167178154,-0.0546875,-0.18392635881900787,0.3491116166114807,0.0546875,-0.07344093173742294,0.238626167178154,0.0546875,-0.18392635881900787,0.3491116166114807,-0.0546875,-0.18392635881900787,0.3491116166114807,0.0546875,-0.07344093173742294,0.45959705114364624,-0.0546875,-0.07344093173742294,0.45959705114364624,0.0546875,-0.07344093173742294,0.238626167178154,0.0546875,-0.07344093173742294,0.238626167178154,-0.0546875,0.037044502794742584,0.3491116166114807,0.0546875,0.037044502794742584,0.3491116166114807,-0.0546875,-0.18392635881900787,0.3491116166114807,0.0546875,-0.07344093173742294,0.238626167178154,0.0546875,-0.07344093173742294,0.45959705114364624,0.0546875,0.037044502794742584,0.3491116166114807,0.0546875,-0.07344093173742294,0.45959705114364624,-0.0546875,0.037044502794742584,0.3491116166114807,-0.0546875,-0.18392635881900787,0.3491116166114807,-0.0546875,-0.07344093173742294,0.238626167178154,-0.0546875,0.14530907571315765,0.3491116166114807,0.078125,0.14530907571315765,0.2866116166114807,0.078125,0.14530907571315765,0.3491116166114807,-0.078125,0.14530907571315765,0.2866116166114807,-0.078125,-0.19844092428684235,0.3491116166114807,-0.078125,-0.19844092428684235,0.2866116166114807,-0.078125,-0.19844092428684235,0.3491116166114807,0.078125,-0.19844092428684235,0.2866116166114807,0.078125,-0.19844092428684235,0.3491116166114807,-0.078125,-0.19844092428684235,0.3491116166114807,0.078125,0.14530907571315765,0.3491116166114807,-0.078125,0.14530907571315765,0.3491116166114807,0.078125,-0.19844092428684235,0.2866116166114807,0.078125,-0.19844092428684235,0.2866116166114807,-0.078125,0.14530907571315765,0.2866116166114807,0.078125,0.14530907571315765,0.2866116166114807,-0.078125,-0.19844092428684235,0.3491116166114807,0.078125,-0.19844092428684235,0.2866116166114807,0.078125,0.14530907571315765,0.3491116166114807,0.078125,0.14530907571315765,0.2866116166114807,0.078125,0.14530907571315765,0.3491116166114807,-0.078125,0.14530907571315765,0.2866116166114807,-0.078125,-0.19844092428684235,0.3491116166114807,-0.078125,-0.19844092428684235,0.2866116166114807,-0.078125,-0.07344093173742294,-0.33906254172325134,0.0546875,0.01494741439819336,-0.42745089530944824,0.0546875,-0.07344093173742294,-0.33906254172325134,-0.0546875,0.01494741439819336,-0.42745089530944824,-0.0546875,-0.16182927787303925,-0.42745089530944824,-0.0546875,-0.07344093173742294,-0.5158392190933228,-0.0546875,-0.16182927787303925,-0.42745089530944824,0.0546875,-0.07344093173742294,-0.5158392190933228,0.0546875,-0.16182927787303925,-0.42745089530944824,-0.0546875,-0.16182927787303925,-0.42745089530944824,0.0546875,-0.07344093173742294,-0.33906254172325134,-0.0546875,-0.07344093173742294,-0.33906254172325134,0.0546875,-0.07344093173742294,-0.5158392190933228,0.0546875,-0.07344093173742294,-0.5158392190933228,-0.0546875,0.01494741439819336,-0.42745089530944824,0.0546875,0.01494741439819336,-0.42745089530944824,-0.0546875,-0.16182927787303925,-0.42745089530944824,0.0546875,-0.07344093173742294,-0.5158392190933228,0.0546875,-0.07344093173742294,-0.33906254172325134,0.0546875,0.01494741439819336,-0.42745089530944824,0.0546875,-0.07344093173742294,-0.33906254172325134,-0.0546875,0.01494741439819336,-0.42745089530944824,-0.0546875,-0.16182927787303925,-0.42745089530944824,-0.0546875,-0.07344093173742294,-0.5158392190933228,-0.0546875,0.29219090938568115,0.262328565120697,-0.140625,0.29219090938568115,0.262328565120697,0.140625,0.29219090938568115,0.262328565120697,-0.140625,0.0205242857336998,0.33512139320373535,0.140625,0.0205242857336998,0.33512139320373535,-0.140625,0.0205242857336998,0.33512139320373535,0.140625,0.29219090938568115,0.262328565120697,-0.140625,0.29219090938568115,0.262328565120697,0.140625,0.0205242857336998,0.33512139320373535,0.140625,0.0205242857336998,0.33512139320373535,-0.140625,0.29219090938568115,0.262328565120697,0.140625,0.0205242857336998,0.33512139320373535,0.140625,0.29219090938568115,0.262328565120697,0.140625,0.29219090938568115,0.262328565120697,-0.140625,0.0205242857336998,0.33512139320373535,-0.140625,-0.07344093173742294,-0.2758883833885193,0.0883883461356163,-0.07344093173742294,-0.3696383833885193,0.0883883461356163,0.01494741439819336,-0.2758883833885193,0,0.01494741439819336,-0.3696383833885193,0,-0.07344093173742294,-0.2758883833885193,-0.0883883461356163,-0.07344093173742294,-0.3696383833885193,-0.0883883461356163,-0.16182927787303925,-0.2758883833885193,0,-0.16182927787303925,-0.3696383833885193,0,-0.07344093173742294,-0.2758883833885193,-0.0883883461356163,-0.16182927787303925,-0.2758883833885193,0,0.01494741439819336,-0.2758883833885193,0,-0.07344093173742294,-0.2758883833885193,0.0883883461356163,-0.16182927787303925,-0.3696383833885193,0,-0.07344093173742294,-0.3696383833885193,-0.0883883461356163,-0.07344093173742294,-0.3696383833885193,0.0883883461356163,0.01494741439819336,-0.3696383833885193,0,-0.16182927787303925,-0.2758883833885193,0,-0.16182927787303925,-0.3696383833885193,0,-0.07344093173742294,-0.2758883833885193,0.0883883461356163,-0.07344093173742294,-0.3696383833885193,0.0883883461356163,0.01494741439819336,-0.2758883833885193,0,0.01494741439819336,-0.3696383833885193,0,-0.07344093173742294,-0.2758883833885193,-0.0883883461356163,-0.07344093173742294,-0.3696383833885193,-0.0883883461356163,-0.010940931737422943,0.2553616166114807,0.0625,-0.010940931737422943,0.19286160171031952,0.0625,-0.010940931737422943,0.2553616166114807,-0.0625,-0.010940931737422943,0.19286160171031952,-0.0625,-0.13594092428684235,0.2553616166114807,-0.0625,-0.13594092428684235,0.19286160171031952,-0.0625,-0.13594092428684235,0.2553616166114807,0.0625,-0.13594092428684235,0.19286160171031952,0.0625,-0.13594092428684235,0.2553616166114807,-0.0625,-0.13594092428684235,0.2553616166114807,0.0625,-0.010940931737422943,0.2553616166114807,-0.0625,-0.010940931737422943,0.2553616166114807,0.0625,-0.13594092428684235,0.19286160171031952,0.0625,-0.13594092428684235,0.19286160171031952,-0.0625,-0.010940931737422943,0.19286160171031952,0.0625,-0.010940931737422943,0.19286160171031952,-0.0625,