{"schemaVersion":4,"source":{"uri":"models/environment/House/roof-outer-down-thatch.gltf","sha256":"14cd2897196a4e428111e9abfb23c7e3d84244d30b7a2e2a21b7a797a62cafac"},"animationNames":[],"boundingBox":{"min":{"x":-0.5006250143051147,"y":-0.059628179986312535,"z":-0.8241048755946944},"max":{"x":0.5006250143051147,"y":0.9993749856948853,"z":0.49937500059604645}},"nodeNames":["root8","bone10","bone11","root9","bone10","bone11","root9","cube","cube","cube","cube","cube","cube","cube","cube","cube","cube","root2",""],"trimesh":{"vertices":[0.49937498569488525,0.5295015573501587,0.6617399454116821,0.49937498569488525,-0.4692484140396118,0.6617399454116821,0.49937498569488525,0.5295015573501587,0.5379899144172668,0.49937498569488525,-0.4692484140396118,0.5379899144172668,-0.49937498569488525,0.5295015573501587,0.5379899144172668,-0.49937498569488525,-0.4692484140396118,0.5379899144172668,-0.49937498569488525,0.5295015573501587,0.6617399454116821,-0.49937498569488525,-0.4692484140396118,0.6617399454116821,-0.49937498569488525,0.5295015573501587,0.5379899144172668,-0.49937498569488525,0.5295015573501587,0.6617399454116821,0.49937498569488525,0.5295015573501587,0.5379899144172668,0.49937498569488525,0.5295015573501587,0.6617399454116821,-0.49937498569488525,-0.4692484140396118,0.6617399454116821,-0.49937498569488525,-0.4692484140396118,0.5379899144172668,0.49937498569488525,-0.4692484140396118,0.6617399454116821,0.49937498569488525,-0.4692484140396118,0.5379899144172668,-0.49937498569488525,0.5295015573501587,0.6617399454116821,-0.49937498569488525,-0.4692484140396118,0.6617399454116821,0.49937498569488525,0.5295015573501587,0.6617399454116821,0.49937498569488525,-0.4692484140396118,0.6617399454116821,0.49937498569488525,0.5295015573501587,0.5379899144172668,0.49937498569488525,-0.4692484140396118,0.5379899144172668,-0.49937498569488525,0.5295015573501587,0.5379899144172668,-0.49937498569488525,-0.4692484140396118,0.5379899144172668,0.5006250143051147,0.4925234019756317,0.5387847423553467,0.5006250143051147,0.3181411325931549,0.6110162734985352,0.5006250143051147,0.3246210515499115,0.13343261182308197,0.5006250143051147,0.1502387821674347,0.20566411316394806,-0.5006250143051147,0.3246210515499115,0.13343261182308197,-0.5006250143051147,0.1502387821674347,0.20566411316394806,-0.5006250143051147,0.4925234019756317,0.5387847423553467,-0.5006250143051147,0.3181411325931549,0.6110162734985352,-0.5006250143051147,0.3246210515499115,0.13343261182308197,-0.5006250143051147,0.4925234019756317,0.5387847423553467,0.5006250143051147,0.3246210515499115,0.13343261182308197,0.5006250143051147,0.4925234019756317,0.5387847423553467,-0.5006250143051147,0.3181411325931549,0.6110162734985352,-0.5006250143051147,0.1502387821674347,0.20566411316394806,0.5006250143051147,0.3181411325931549,0.6110162734985352,0.5006250143051147,0.1502387821674347,0.20566411316394806,-0.5006250143051147,0.4925234019756317,0.5387847423553467,-0.5006250143051147,0.3181411325931549,0.6110162734985352,0.5006250143051147,0.4925234019756317,0.5387847423553467,0.5006250143051147,0.3181411325931549,0.6110162734985352,0.5006250143051147,0.3246210515499115,0.13343261182308197,0.5006250143051147,0.1502387821674347,0.20566411316394806,-0.5006250143051147,0.3246210515499115,0.13343261182308197,-0.5006250143051147,0.1502387821674347,0.20566411316394806,0.5,0.20045331120491028,0.32773730158805847,0.5,0.027225878089666367,0.39949044585227966,0.5,-0.014806126244366169,-0.1919449120759964,0.5,-0.1880335509777069,-0.1201917752623558,-0.5,-0.014806126244366169,-0.1919449120759964,-0.5,-0.1880335509777069,-0.1201917752623558,-0.5,0.20045331120491028,0.32773730158805847,-0.5,0.027225878089666367,0.39949044585227966,-0.5,-0.014806126244366169,-0.1919449120759964,-0.5,0.20045331120491028,0.32773730158805847,0.5,-0.014806126244366169,-0.1919449120759964,0.5,0.20045331120491028,0.32773730158805847,-0.5,0.027225878089666367,0.39949044585227966,-0.5,-0.1880335509777069,-0.1201917752623558,0.5,0.027225878089666367,0.39949044585227966,0.5,-0.1880335509777069,-0.1201917752623558,-0.5,0.20045331120491028,0.32773730158805847,-0.5,0.027225878089666367,0.39949044585227966,0.5,0.20045331120491028,0.32773730158805847,0.5,0.027225878089666367,0.39949044585227966,0.5,-0.014806126244366169,-0.1919449120759964,0.5,-0.1880335509777069,-0.1201917752623558,-0.5,-0.014806126244366169,-0.1919449120759964,-0.5,-0.1880335509777069,-0.1201917752623558,0.5006250143051147,-0.1393815279006958,-0.004368625581264496,0.5006250143051147,-0.3137637972831726,0.06786287575960159,0.5006250143051147,-0.3551193177700043,-0.5252057313919067,0.5006250143051147,-0.5295015573501587,-0.45297423005104065,-0.5006250143051147,-0.3551193177700043,-0.5252057313919067,-0.5006250143051147,-0.5295015573501587,-0.45297423005104065,-0.5006250143051147,-0.1393815279006958,-0.004368625581264496,-0.5006250143051147,-0.3137637972831726,0.06786287575960159,-0.5006250143051147,-0.3551193177700043,-0.5252057313919067,-0.5006250143051147,-0.1393815279006958,-0.004368625581264496,0.5006250143051147,-0.3551193177700043,-0.5252057313919067,0.5006250143051147,-0.1393815279006958,-0.004368625581264496,-0.5006250143051147,-0.3137637972831726,0.06786287575960159,-0.5006250143051147,-0.5295015573501587,-0.45297423005104065,0.5006250143051147,-0.3137637972831726,0.06786287575960159,0.5006250143051147,-0.5295015573501587,-0.45297423005104065,-0.5006250143051147,-0.1393815279006958,-0.004368625581264496,-0.5006250143051147,-0.3137637972831726,0.06786287575960159,0.5006250143051147,-0.1393815279006958,-0.004368625581264496,0.5006250143051147,-0.3137637972831726,0.06786287575960159,0.5006250143051147,-0.3551193177700043,-0.5252057313919067,0.5006250143051147,-0.5295015573501587,-0.45297423005104065,-0.5006250143051147,-0.3551193177700043,-0.5252057313919067,-0.5006250143051147,-0.5295015573501587,-0.45297423005104065,0.5,-0.5138244032859802,-0.6617399454116821,0.5,-0.44207125902175903,-0.4885125458240509,0.5,-0.5138244032859802,-0.6617399454116821,-0.5,-0.44207125902175903,-0.4885125458240509,-0.5,-0.5138244032859802,-0.6617399454116821,-0.5,-0.44207125902175903,-0.4885125458240509,-0.5,-0.44207125902175903,-0.4885125458240509,0.5,-0.44207125902175903,-0.4885125458240509,0.5,-0.5138244032859802,-0.6617399454116821,-0.5,-0.5138244032859802,-0.6617399454116821,0.5,-0.44207125902175903,-0.4885125458240509,-0.5,-0.44207125902175903,-0.4885125458240509,0.5,-0.44207125902175903,-0.4885125458240509,0.5,-0.5138244032859802,-0.6617399454116821,-0.5,-0.5138244032859802,-0.6617399454116821,0.5,-0.5138244032859802,-0.6617399454116821,0.37812501192092896,0.030126597732305527,0.5373649597167969,0.37812501192092896,-0.4698733985424042,0.5373649597167969,0.37812501192092896,0.030126597732305527,-0.025135062634944916,0.37812501192092896,-0.4698733985424042,-0.025135062634944916,-0.37812501192092896,0.030126597732305527,-0.025135062634944916,-0.37812501192092896,-0.4698733985424042,-0.025135062634944916,-0.37812501192092896,0.030126597732305527,0.5373649597167969,-0.37812501192092896,-0.4698733985424042,0.5373649597167969,-0.37812501192092896,0.030126597732305527,-0.025135062634944916,-0.37812501192092896,0.030126597732305527,0.5373649597167969,0.37812501192092896,0.030126597732305527,-0.025135062634944916,0.37812501192092896,0.030126597732305527,0.5373649597167969,-0.37812501192092896,-0.4698733985424042,0.5373649597167969,-0.37812501192092896,-0.4698733985424042,-0.025135062634944916,0.37812501192092896,-0.4698733985424042,0.5373649597167969,0.37812501192092896,-0.4698733985424042,-0.025135062634944916,-0.37812501192092896,0.030126597732305527,0.5373649597167969,-0.37812501192092896,-0.4698733985424042,0.5373649597167969,0.37812501192092896,0.030126597732305527,0.5373649597167969,0.37812501192092896,-0.4698733985424042,0.5373649597167969,0.37812501192092896,0.030126597732305527,-0.025135062634944916,0.37812501192092896,-0.4698733985424042,-0.025135062634944916,-0.37812501192092896,0.030126597732305527,