{"schemaVersion":4,"source":{"uri":"models/items/stick.gltf","sha256":"d68fe950dd08821a14dc29af9610194946cc46f0c0a2f07f43d47ac6f3ecedb3"},"animationNames":[],"boundingBox":{"min":{"x":-0.375,"y":0,"z":-0.0625},"max":{"x":0.375,"y":1.375,"z":0.0625}},"nodeNames":["cube","cube",""],"trimesh":{"vertices":[0.0625,0.25,0.0625,0.0625,-0.6875,0.0625,0.0625,0.25,-0.0625,0.0625,-0.6875,-0.0625,-0.0625,0.25,-0.0625,-0.0625,-0.6875,-0.0625,-0.0625,0.25,0.0625,-0.0625,-0.6875,0.0625,-0.0625,0.25,-0.0625,-0.0625,0.25,0.0625,0.0625,0.25,-0.0625,0.0625,0.25,0.0625,-0.0625,-0.6875,0.0625,-0.0625,-0.6875,-0.0625,0.0625,-0.6875,0.0625,0.0625,-0.6875,-0.0625,-0.0625,0.25,0.0625,-0.0625,-0.6875,0.0625,0.0625,0.25,0.0625,0.0625,-0.6875,0.0625,0.0625,0.25,-0.0625,0.0625,-0.6875,-0.0625,-0.0625,0.25,-0.0625,-0.0625,-0.6875,-0.0625,0.375,0.6875,0.000062502920627594,0.375,-0.6875,0.000062502920627594,0.375,0.6875,0,0.375,-0.6875,0,-0.375,0.6875,0,-0.375,-0.6875,0,-0.375,0.6875,0.000062502920627594,-0.375,-0.6875,0.000062502920627594,-0.375,0.6875,0,-0.375,0.6875,0.000062502920627594,0.375,0.6875,0,0.375,0.6875,0.000062502920627594,-0.375,-0.6875,0.000062502920627594,-0.375,-0.6875,0,0.375,-0.6875,0.000062502920627594,0.375,-0.6875,0,-0.375,0.6875,0.000062502920627594,-0.375,-0.6875,0.000062502920627594,0.375,0.6875,0.000062502920627594,0.375,-0.6875,0.000062502920627594,0.375,0.6875,0,0.375,-0.6875,0,-0.375,0.6875,0,-0.375,-0.6875,0],"indices":[0,1,2,1,3,2,4,5,6,5,7,6,8,9,10,9,11,10,12,13,14,13,15,14,16,17,18,17,19,18,20,21,22,21,23,22,24,25,26,25,27,26,28,29,30,29,31,30,32,33,34,33,35,34,36,37,38,37,39,38,40,41,42,41,43,42,44,45,46,45,47,46]},"optimizedModelData":{"":{"meshCount":1},"-named-nodes":{"meshCount":2},"-no-animations":{"meshCount":1}}}