{"schemaVersion":4,"source":{"uri":"models/eggs/rare/devil-egg.gltf","sha256":"d011fb497ab6ac64f96791ed7db86b22da56a043bb4e12799705b339f9367b40"},"animationNames":[],"boundingBox":{"min":{"x":-0.6448229774581502,"y":0,"z":-0.375},"max":{"x":0.6448229774581502,"y":1.0695352522137722,"z":0.375}},"nodeNames":["cube","cube","cube","cube","cube","cube","horn","cube","cube","cube","horn2","group"],"trimesh":{"vertices":[0.28125,0.34023237228393555,-0.28125,0.3125,0.34023237228393555,0,0.3125,0.09023237228393555,0,0.3125,0.09023237228393555,-0.3125,-0.3125,0.09023237228393555,-0.3125,-0.3125,0.09023237228393555,0,-0.3125,0.34023237228393555,0,-0.28125,0.34023237228393555,-0.28125,-0.28125,0.34023237228393555,-0.28125,-0.3125,0.34023237228393555,0,0,0.34023237228393555,0,0,0.34023237228393555,-0.3125,0,0.09023237228393555,-0.3125,0,0.09023237228393555,0,-0.3125,0.09023237228393555,0,-0.3125,0.09023237228393555,-0.3125,-0.3125,0.09023237228393555,0.3125,0,0.09023237228393555,0.3125,0,0.34023237228393555,0.3125,-0.28125,0.34023237228393555,0.28125,-0.28125,0.34023237228393555,-0.28125,0,0.34023237228393555,-0.3125,0,0.09023237228393555,-0.3125,-0.3125,0.09023237228393555,-0.3125,0.3125,0.34023237228393555,0,0.28125,0.34023237228393555,-0.28125,0.28125,0.34023237228393555,0.28125,0,0.34023237228393555,0.3125,0,0.09023237228393555,0.3125,0.3125,0.09023237228393555,0.3125,0.3125,0.09023237228393555,-0.3125,0.3125,0.09023237228393555,0,0.3125,0.09023237228393555,-0.3125,0,0.09023237228393555,-0.3125,0,0.34023237228393555,-0.3125,0.28125,0.34023237228393555,-0.28125,-0.28125,0.34023237228393555,0.28125,-0.3125,0.34023237228393555,0,-0.3125,0.09023237228393555,0,-0.3125,0.09023237228393555,0.3125,-0.3125,0.09023237228393555,0.3125,0,0.09023237228393555,0.3125,0.3125,0.09023237228393555,0.3125,0.3125,0.09023237228393555,0.3125,0.3125,0.09023237228393555,0,0.3125,0.34023237228393555,0,0.28125,0.34023237228393555,0.28125,0.28125,0.34023237228393555,0.28125,0,0.34023237228393555,0.3125,-0.28125,0.34023237228393555,0.28125,0.359375,-0.40976762771606445,-0.359375,0.375,-0.15976762771606445,-0.375,0.375,-0.15976762771606445,0.375,0.359375,-0.40976762771606445,0.359375,-0.359375,-0.40976762771606445,0.359375,-0.375,-0.15976762771606445,0.375,-0.375,-0.15976762771606445,-0.375,-0.359375,-0.40976762771606445,-0.359375,0.34375,0.09023237228393555,0.34375,0.34375,0.09023237228393555,-0.34375,-0.34375,0.09023237228393555,-0.34375,-0.34375,0.09023237228393555,0.34375,0.359375,-0.40976762771606445,-0.359375,0.359375,-0.40976762771606445,0.359375,-0.359375,-0.40976762771606445,0.359375,-0.359375,-0.40976762771606445,-0.359375,0.359375,-0.40976762771606445,0.359375,0.375,-0.15976762771606445,0.375,-0.375,-0.15976762771606445,0.375,-0.359375,-0.40976762771606445,0.359375,-0.359375,-0.40976762771606445,-0.359375,-0.375,-0.15976762771606445,-0.375,0.375,-0.15976762771606445,-0.375,0.359375,-0.40976762771606445,-0.359375,-0.34375,0.09023237228393555,-0.34375,-0.375,-0.15976762771606445,-0.375,-0.375,-0.15976762771606445,0.375,-0.34375,0.09023237228393555,0.34375,-0.34375,0.09023237228393555,0.34375,-0.375,-0.15976762771606445,0.375,0.375,-0.15976762771606445,0.375,0.34375,0.09023237228393555,0.34375,0.34375,0.09023237228393555,0.34375,0.375,-0.15976762771606445,0.375,0.375,-0.15976762771606445,-0.375,0.34375,0.09023237228393555,-0.34375,0.34375,0.09023237228393555,-0.34375,0.375,-0.15976762771606445,-0.375,-0.375,-0.15976762771606445,-0.375,-0.34375,0.09023237228393555,-0.34375,0.3125,-0.5347676277160645,-0.3125,0.34375,-0.40976762771606445,-0.34375,0.34375,-0.40976762771606445,0.34375,0.3125,-0.5347676277160645,0.3125,-0.3125,-0.5347676277160645,0.3125,-0.34375,-0.40976762771606445,0.34375,-0.34375,-0.40976762771606445,-0.34375,-0.3125,-0.5347676277160645,-0.3125,0.34375,-0.40976762771606445,0.34375,0.34375,-0.40976762771606445,-0.34375,-0.34375,-0.40976762771606445,-0.34375,-0.34375,-0.40976762771606445,0.34375,0.3125,-0.5347676277160645,-0.3125,0.3125,-0.5347676277160645,0.3125,-0.3125,-0.5347676277160645,0.3125,-0.3125,-0.5347676277160645,-0.3125,0.3125,-0.5347676277160645,0.3125,0.34375,-0.40976762771606445,0.34375,-0.34375,-0.40976762771606445,0.34375,-0.3125,-0.5347676277160645,0.3125,-0.3125,-0.5347676277160645,-0.3125,-0.34375,-0.40976762771606445,-0.34375,0.34375,-0.40976762771606445,-0.34375,0.3125,-0.5347676277160645,-0.3125,-0.2856150269508362,-0.05531463027000427,-0.09375,-0.19903716444969177,0.11099989712238312,-0.09375,-0.19903716444969177,0.11099989712238312,0.09375,-0.2856150269508362,-0.05531463027000427,0.09375,-0.5628058910369873,0.08898180723190308,0.09375,-0.44850894808769226,0.24086669087409973,0.09375,-0.44850894808769226,0.24086669087409973,-0.09375,-0.5628058910369873,0.08898180723190308,-0.09375,-0.19903716444969177,0.11099989712238312,0.09375,-0.19903716444969177,0.11099989712238312,-0.09375,-0.44850894808769226,0.24086669087409973,-0.09375,-0.44850894808769226,0.24086669087409973,0.09375,-0.2856150269508362,-0.05531463027000427,-0.09375,-0.2856150269508362,-0.05531463027000427,0.09375,-0.5628058910369873,0.08898180723190308,0.09375,-0.5628058910369873,0.08898180723190308,-0.09375,-0.2856150269508362,-0.05531463027000427,0.09375,-0.19903716444969177,0.11099989712238312,0.09375,-0.44850894808769226,0.24086669087409973,0.09375,-0.5628058910369873,0.08898180723190308,0.09375,-0.5628058910369873,0.08898180723190308,-0.09375,-0.44850894808769226,0.24086669087409973,-0.09375,-0.19903716444969177,0.11099989712238312,-0.09375,-0.2856150269508362,-0.05531463027000427,-0.09375,-0.33193159103393555,0.5324872136116028,0.09375,-0.44850894808769226,0.24086669087409973,0.09375,-0.44850894808769226,0.24086669087409973,-0.09375,-0.33193159103393555,0.5324872136116028,-0.09375,-0.47166725993156433,0.5347676277160645,-0.09375,-0.5798895955085754,0.3268744647502899,-0.09375,-0.5798895955085754,0.3268744647502899,0.09375,-0.47166725993156433,0.5347676277160645,0.09375,-0.33193159103393555,0.5324872136116028,0.09375,-0.33193159103393555,0.5324872136116028,-0.09375,-0.47166725993156433,0.5347676277160645,-0.09375,-0.47166725993156433,0.5347676277160645,0.09375,-0.5628058910369873,0.08898180723190308,-0.09375,-0.5628058910369873,0.08898180723190308,0.09375,-0.6448229551315308,0.20213855803012848,0.09375,-0.6448229551315308,0.20213855803012848,-0.09375,-0.47166725993156433,0.5347676277160645,0.09375,-0.5798895955085754,0.3268744647502899,0.09375,-0.44850894808769226,0.24086669087409973,0.09375,-0.33193159103393555,0.5324872136116028,0.09375,-0.33193159103393555,0.5324872136116028,-0.09375,-0.44850894808769226,0.24086669087409973,-0.09375,-0.5798895955085754,0.3268744647502899,-0.09375,-0.47166725993156433,0.5347676277160645,-0.09375,-0.5628058910369873,0.08898180723190308,-0.09375,-0.44850894808769226,0.24086669087409973,-0.09375,-0.44850894808769226,0.24086669087409973,0.09375,-0.5628058910369873,0.08898180723190308,0.09375,-0.5628058910369873,0.08898180723190308,0.09375,-0.6448229551315308,0.20213855803012848,0.09375,-0.6448229551315308,0.20213855803012848,0.09375,-0.6448229551315308,0.20213855803012848,-0.09375,-0.6448229551315308,0.20213855803012848,-0.09375,-0.5628058910369873,0.08898180723190308,-0.09375,-0.3552470803260803,0.47416311502456665,0.09375,-0.33193159103393555,0.5324872136116028,0.09375,-0.33193159103393555,0.5324872136116028,-0.09375,-0.3552470803260803,0.47416311502456665,-0.09375,-0.22105525434017181,0.47476863861083984,0.09375,-0.22105525434017181,0.47476863861083984,-0.09375,-0.33193159103393555,0.5324872136116028,-0.09375,-0.33193159103393555,0.5324872136116028,0.09375,-0.22105525434017181,0.47476863861083984,-0.09375,-0.22105525434017181,0.47476863861083984,0.09375,-0.3552470803260803,0.47416311502456665,0.09375,-0.3552470803260803,0.47416311502456665,-0.09375,-0.33193159103393555,0.5324872136116028,0.09375,-0.22105525434017181,0.47476863861083984,0.09375,-0.3552470803260803,0.47416311502456665,0.09375,-0.33193159103393555,0.5324872136116028,-0.09375,