{"schemaVersion":4,"source":{"uri":"models/players/hair/hair-0007.gltf","sha256":"97ac598f679b7dad65cdaee73082eea21b0b247ab74c4aefd267b606d1732deb"},"animationNames":[],"boundingBox":{"min":{"x":-0.33302669529663687,"y":1.0078125,"z":-0.2265625},"max":{"x":0.33302669529663687,"y":1.5609296083845572,"z":0.2265625}},"nodeNames":["hair-0007-geo","hair-0007-extra-geo","hair-0007-extra-geo","hair-0007-extra-geo","head-anchor"],"trimesh":{"vertices":[0.2109375,-0.2609335482120514,-0.2109375,0.2109375,0.1609414517879486,-0.2109375,0.2109375,0.1609414517879486,0.2109375,0.2109375,-0.2609335482120514,0.2109375,-0.2109375,-0.2609335482120514,0.2109375,-0.2109375,0.1609414517879486,0.2109375,-0.2109375,0.1609414517879486,-0.2109375,-0.2109375,-0.2609335482120514,-0.2109375,0.2109375,0.1609414517879486,0.2109375,0.2109375,0.1609414517879486,-0.2109375,-0.2109375,0.1609414517879486,-0.2109375,-0.2109375,0.1609414517879486,0.2109375,0.2109375,-0.2609335482120514,-0.2109375,0.2109375,-0.2609335482120514,0.2109375,-0.2109375,-0.2609335482120514,0.2109375,-0.2109375,-0.2609335482120514,-0.2109375,0.2109375,-0.2609335482120514,0.2109375,0.2109375,0.1609414517879486,0.2109375,-0.2109375,0.1609414517879486,0.2109375,-0.2109375,-0.2609335482120514,0.2109375,-0.2109375,-0.2609335482120514,-0.2109375,-0.2109375,0.1609414517879486,-0.2109375,0.2109375,0.1609414517879486,-0.2109375,0.2109375,-0.2609335482120514,-0.2109375,0.2265625,-0.2765585482120514,-0.2265625,0.2265625,0.1765664517879486,-0.2265625,0.2265625,0.1765664517879486,0.2265625,0.2265625,-0.2765585482120514,0.2265625,-0.2265625,-0.2765585482120514,0.2265625,-0.2265625,0.1765664517879486,0.2265625,-0.2265625,0.1765664517879486,-0.2265625,-0.2265625,-0.2765585482120514,-0.2265625,0.2265625,0.1765664517879486,0.2265625,0.2265625,0.1765664517879486,-0.2265625,-0.2265625,0.1765664517879486,-0.2265625,-0.2265625,0.1765664517879486,0.2265625,0.2265625,-0.2765585482120514,-0.2265625,0.2265625,-0.2765585482120514,0.2265625,-0.2265625,-0.2765585482120514,0.2265625,-0.2265625,-0.2765585482120514,-0.2265625,0.2265625,-0.2765585482120514,0.2265625,0.2265625,0.1765664517879486,0.2265625,-0.2265625,0.1765664517879486,0.2265625,-0.2265625,-0.2765585482120514,0.2265625,-0.2265625,-0.2765585482120514,-0.2265625,-0.2265625,0.1765664517879486,-0.2265625,0.2265625,0.1765664517879486,-0.2265625,0.2265625,-0.2765585482120514,-0.2265625,-0.22254127264022827,0.2765585482120514,0.109375,-0.11205582320690155,0.16607311367988586,0.109375,-0.22254127264022827,0.2765585482120514,-0.109375,-0.11205582320690155,0.16607311367988586,-0.109375,-0.3330267071723938,0.16607311367988586,-0.109375,-0.22254127264022827,0.05558767169713974,-0.109375,-0.3330267071723938,0.16607311367988586,0.109375,-0.22254127264022827,0.05558767169713974,0.109375,-0.3330267071723938,0.16607311367988586,-0.109375,-0.3330267071723938,0.16607311367988586,0.109375,-0.22254127264022827,0.2765585482120514,-0.109375,-0.22254127264022827,0.2765585482120514,0.109375,-0.22254127264022827,0.05558767169713974,0.109375,-0.22254127264022827,0.05558767169713974,-0.109375,-0.11205582320690155,0.16607311367988586,0.109375,-0.11205582320690155,0.16607311367988586,-0.109375,-0.3330267071723938,0.16607311367988586,0.109375,-0.22254127264022827,0.05558767169713974,0.109375,-0.22254127264022827,0.2765585482120514,0.109375,-0.11205582320690155,0.16607311367988586,0.109375,-0.22254127264022827,0.2765585482120514,-0.109375,-0.11205582320690155,0.16607311367988586,-0.109375,-0.3330267071723938,0.16607311367988586,-0.109375,-0.22254127264022827,0.05558767169713974,-0.109375,0.3330267071723938,0.16607311367988586,0.109375,0.22254125773906708,0.05558767169713974,0.109375,0.3330267071723938,0.16607311367988586,-0.109375,0.22254125773906708,0.05558767169713974,-0.109375,0.22254125773906708,0.2765585482120514,-0.109375,0.11205582320690155,0.16607311367988586,-0.109375,0.22254125773906708,0.2765585482120514,0.109375,0.11205582320690155,0.16607311367988586,0.109375,0.22254125773906708,0.2765585482120514,-0.109375,0.22254125773906708,0.2765585482120514,0.109375,0.3330267071723938,0.16607311367988586,-0.109375,0.3330267071723938,0.16607311367988586,0.109375,0.11205582320690155,0.16607311367988586,0.109375,0.11205582320690155,0.16607311367988586,-0.109375,0.22254125773906708,0.05558767169713974,0.109375,0.22254125773906708,0.05558767169713974,-0.109375,0.22254125773906708,0.2765585482120514,0.109375,0.11205582320690155,0.16607311367988586,0.109375,0.3330267071723938,0.16607311367988586,0.109375,0.22254125773906708,0.05558767169713974,0.109375,0.3330267071723938,0.16607311367988586,-0.109375,0.22254125773906708,0.05558767169713974,-0.109375,0.22254125773906708,0.2765585482120514,-0.109375,0.11205582320690155,0.16607311367988586,-0.109375],"indices":[0,1,2,0,2,3,4,5,6,4,6,7,8,9,10,8,10,11,12,13,14,12,14,15,16,17,18,16,18,19,20,21,22,20,22,23,24,25,26,24,26,27,28,29,30,28,30,31,32,33,34,32,34,35,36,37,38,36,38,39,40,41,42,40,42,43,44,45,46,44,46,47,48,49,50,49,51,50,52,53,54,53,55,54,56,57,58,57,59,58,60,61,62,61,63,62,64,65,66,65,67,66,68,69,70,69,71,70,72,73,74,73,75,74,76,77,78,77,79,78,80,81,82,81,83,82,84,85,86,85,87,86,88,89,90,89,91,90,92,93,94,93,95,94]},"optimizedModelData":{"":{"meshCount":1},"-named-nodes":{"meshCount":4},"-no-animations":{"meshCount":1}}}