{"schemaVersion":4,"source":{"uri":"models/items/bread.gltf","sha256":"159094320a773b37374405936ae75140b7591385dd0bec5e6ea8298223fad9f9"},"animationNames":[],"boundingBox":{"min":{"x":-0.21874999999999997,"y":0.0625,"z":-0.4375},"max":{"x":0.21875000000000003,"y":0.375,"z":0.4375}},"nodeNames":["cube","cube",""],"trimesh":{"vertices":[0.21875,0.15625,0.375,0.21875,-0.15625,0.375,0.21875,0.15625,-0.375,0.21875,-0.15625,-0.375,-0.21875,0.15625,-0.375,-0.21875,-0.15625,-0.375,-0.21875,0.15625,0.375,-0.21875,-0.15625,0.375,-0.21875,0.15625,-0.375,-0.21875,0.15625,0.375,0.21875,0.15625,-0.375,0.21875,0.15625,0.375,-0.21875,-0.15625,0.375,-0.21875,-0.15625,-0.375,0.21875,-0.15625,0.375,0.21875,-0.15625,-0.375,-0.21875,0.15625,0.375,-0.21875,-0.15625,0.375,0.21875,0.15625,0.375,0.21875,-0.15625,0.375,0.21875,0.15625,-0.375,0.21875,-0.15625,-0.375,-0.21875,0.15625,-0.375,-0.21875,-0.15625,-0.375,0.15625,0.09375,0.4375,0.15625,-0.09375,0.4375,0.15625,0.09375,-0.4375,0.15625,-0.09375,-0.4375,-0.15625,0.09375,-0.4375,-0.15625,-0.09375,-0.4375,-0.15625,0.09375,0.4375,-0.15625,-0.09375,0.4375,-0.15625,0.09375,-0.4375,-0.15625,0.09375,0.4375,0.15625,0.09375,-0.4375,0.15625,0.09375,0.4375,-0.15625,-0.09375,0.4375,-0.15625,-0.09375,-0.4375,0.15625,-0.09375,0.4375,0.15625,-0.09375,-0.4375,-0.15625,0.09375,0.4375,-0.15625,-0.09375,0.4375,0.15625,0.09375,0.4375,0.15625,-0.09375,0.4375,0.15625,0.09375,-0.4375,0.15625,-0.09375,-0.4375,-0.15625,0.09375,-0.4375,-0.15625,-0.09375,-0.4375],"indices":[0,1,2,1,3,2,4,5,6,5,7,6,8,9,10,9,11,10,12,13,14,13,15,14,16,17,18,17,19,18,20,21,22,21,23,22,24,25,26,25,27,26,28,29,30,29,31,30,32,33,34,33,35,34,36,37,38,37,39,38,40,41,42,41,43,42,44,45,46,45,47,46]},"optimizedModelData":{"":{"meshCount":1},"-named-nodes":{"meshCount":2},"-no-animations":{"meshCount":1}}}