{"schemaVersion":4,"source":{"uri":"models/environment/Plains/poo-brown.gltf","sha256":"c1a512f4c56ff261a8fc681d0666f732c8b1b14d41c05c6a093c63d97c4d55f3"},"animationNames":["Idle"],"boundingBox":{"min":{"x":-0.34356190009674537,"y":-5.551115123125783e-17,"z":-0.28736750381438436},"max":{"x":0.28364947502950466,"y":0.4750000000000001,"z":0.33984387131186566}},"nodeNames":["cube","cube","cube","plane","plane","plane","fly","bone","root",""],"trimesh":{"vertices":[0.3136056959629059,-0.05000000074505806,0.1632527858018875,0.3136056959629059,-0.23749999701976776,0.1632527858018875,0.1632527858018875,-0.05000000074505806,-0.3136056959629059,0.1632527858018875,-0.23749999701976776,-0.3136056959629059,-0.3136056959629059,-0.05000000074505806,-0.1632527858018875,-0.3136056959629059,-0.23749999701976776,-0.1632527858018875,-0.1632527858018875,-0.05000000074505806,0.3136056959629059,-0.1632527858018875,-0.23749999701976776,0.3136056959629059,-0.3136056959629059,-0.05000000074505806,-0.1632527858018875,-0.1632527858018875,-0.05000000074505806,0.3136056959629059,0.1632527858018875,-0.05000000074505806,-0.3136056959629059,0.3136056959629059,-0.05000000074505806,0.1632527858018875,-0.1632527858018875,-0.23749999701976776,0.3136056959629059,-0.3136056959629059,-0.23749999701976776,-0.1632527858018875,0.3136056959629059,-0.23749999701976776,0.1632527858018875,0.1632527858018875,-0.23749999701976776,-0.3136056959629059,-0.1632527858018875,-0.05000000074505806,0.3136056959629059,-0.1632527858018875,-0.23749999701976776,0.3136056959629059,0.3136056959629059,-0.05000000074505806,0.1632527858018875,0.3136056959629059,-0.23749999701976776,0.1632527858018875,0.1632527858018875,-0.05000000074505806,-0.3136056959629059,0.1632527858018875,-0.23749999701976776,-0.3136056959629059,-0.3136056959629059,-0.05000000074505806,-0.1632527858018875,-0.3136056959629059,-0.23749999701976776,-0.1632527858018875,0.2449805587530136,0.012500000186264515,0.10147426277399063,0.2449805587530136,-0.05000000074505806,0.10147426277399063,0.10147427022457123,0.012500000186264515,-0.2449805587530136,0.10147427022457123,-0.05000000074505806,-0.2449805587530136,-0.2449805587530136,0.012500000186264515,-0.10147427022457123,-0.2449805587530136,-0.05000000074505806,-0.10147427022457123,-0.10147426277399063,0.012500000186264515,0.2449805587530136,-0.10147426277399063,-0.05000000074505806,0.2449805587530136,-0.2449805587530136,0.012500000186264515,-0.10147427022457123,-0.10147426277399063,0.012500000186264515,0.2449805587530136,0.10147427022457123,0.012500000186264515,-0.2449805587530136,0.2449805587530136,0.012500000186264515,0.10147426277399063,-0.10147426277399063,-0.05000000074505806,0.2449805587530136,-0.2449805587530136,-0.05000000074505806,-0.10147427022457123,0.2449805587530136,-0.05000000074505806,0.10147426277399063,0.10147427022457123,-0.05000000074505806,-0.2449805587530136,-0.10147426277399063,0.012500000186264515,0.2449805587530136,-0.10147426277399063,-0.05000000074505806,0.2449805587530136,0.2449805587530136,0.012500000186264515,0.10147426277399063,0.2449805587530136,-0.05000000074505806,0.10147426277399063,0.10147427022457123,0.012500000186264515,-0.2449805587530136,0.10147427022457123,-0.05000000074505806,-0.2449805587530136,-0.2449805587530136,0.012500000186264515,-0.10147427022457123,-0.2449805587530136,-0.05000000074505806,-0.10147427022457123,0.14480698108673096,0.07500000298023224,0.10139494389295578,0.14480698108673096,0.012500000186264515,0.10139494389295578,0.10139494389295578,0.07500000298023224,-0.14480699598789215,0.10139494389295578,0.012500000186264515,-0.14480699598789215,-0.14480699598789215,0.07500000298023224,-0.10139495134353638,-0.14480699598789215,0.012500000186264515,-0.10139495134353638,-0.10139495134353638,0.07500000298023224,0.14480699598789215,-0.10139495134353638,0.012500000186264515,0.14480699598789215,-0.14480699598789215,0.07500000298023224,-0.10139495134353638,-0.10139495134353638,0.07500000298023224,0.14480699598789215,0.10139494389295578,0.07500000298023224,-0.14480699598789215,0.14480698108673096,0.07500000298023224,0.10139494389295578,-0.10139495134353638,0.012500000186264515,0.14480699598789215,-0.14480699598789215,0.012500000186264515,-0.10139495134353638,0.14480698108673096,0.012500000186264515,0.10139494389295578,0.10139494389295578,0.012500000186264515,-0.14480699598789215,-0.10139495134353638,0.07500000298023224,0.14480699598789215,-0.10139495134353638,0.012500000186264515,0.14480699598789215,0.14480698108673096,0.07500000298023224,0.10139494389295578,0.14480698108673096,0.012500000186264515,0.10139494389295578,0.10139494389295578,0.07500000298023224,-0.14480699598789215,0.10139494389295578,0.012500000186264515,-0.14480699598789215,-0.14480699598789215,0.07500000298023224,-0.10139495134353638,-0.14480699598789215,0.012500000186264515,-0.10139495134353638,0.12353894114494324,0.20000000298023224,-0.021206026896834373,0.12353894114494324,0.012500000186264515,-0.021206026896834373,-0.06111251190304756,0.012500000186264515,0.011353008449077606,-0.06111251190304756,0.20000000298023224,0.011353008449077606,0.05514084920287132,0.23749999701976776,-0.04767308384180069,0.05514084920287132,0.04999999329447746,-0.04767308384180069,0.08769987523555756,0.04999999329447746,0.1369783729314804,0.08769987523555756,0.23749999701976776,0.1369783729314804,0.0625,0,0.0625,0.0625,0,-0.0625,-0.0625,0,-0.0625,-0.0625,0,0.0625],"indices":[0,1,2,1,3,2,4,5,6,5,7,6,8,9,10,9,11,10,12,13,14,13,15,14,16,17,18,17,19,18,20,21,22,21,23,22,24,25,26,25,27,26,28,29,30,29,31,30,32,33,34,33,35,34,36,37,38,37,39,38,40,41,42,41,43,42,44,45,46,45,47,46,48,49,50,49,51,50,52,53,54,53,55,54,56,57,58,57,59,58,60,61,62,61,63,62,64,65,66,65,67,66,68,69,70,69,71,70,72,73,74,72,74,75,76,77,78,76,78,79,80,81,82,80,82,83]},"optimizedModelData":{"":{"meshCount":2},"-named-nodes":{"meshCount":6},"-no-animations":{"meshCount":1}}}