{"schemaVersion":4,"source":{"uri":"models/environment/Farm/eggplant/eggplant-seeds.gltf","sha256":"dc93a3abdbee9ff96c509e2c6d3f7cb8abf000e0f6d3ba9a3ffcad82ef6289f2"},"animationNames":[],"boundingBox":{"min":{"x":-0.27877498137551304,"y":-0.05338464962142808,"z":-0.09858693806088459},"max":{"x":0.27877498137551304,"y":0.11588464962142808,"z":0.2235869380608846}},"nodeNames":["cube","cube","root",""],"trimesh":{"vertices":[0.20104984939098358,0.08463464677333832,0.023706218227744102,0.23093955218791962,-0.03610607981681824,0.03608693927526474,0.24888527393341064,0.08463464677333832,-0.0917787253856659,0.2787749767303467,-0.03610607981681824,-0.0793980062007904,0.08156044781208038,0.03610607981681824,-0.16108693182468414,0.11145015060901642,-0.08463464677333832,-0.14870621263980865,0.03372501954436302,0.03610607981681824,-0.04560199752449989,0.06361471861600876,-0.08463464677333832,-0.033221274614334106,0.08156044781208038,0.03610607981681824,-0.16108693182468414,0.03372501954436302,0.03610607981681824,-0.04560199752449989,0.24888527393341064,0.08463464677333832,-0.0917787253856659,0.20104984939098358,0.08463464677333832,0.023706218227744102,0.06361471861600876,-0.08463464677333832,-0.033221274614334106,0.11145015060901642,-0.08463464677333832,-0.14870621263980865,0.23093955218791962,-0.03610607981681824,0.03608693927526474,0.2787749767303467,-0.03610607981681824,-0.0793980062007904,0.03372501954436302,0.03610607981681824,-0.04560199752449989,0.06361471861600876,-0.08463464677333832,-0.033221274614334106,0.20104984939098358,0.08463464677333832,0.023706218227744102,0.23093955218791962,-0.03610607981681824,0.03608693927526474,0.24888527393341064,0.08463464677333832,-0.0917787253856659,0.2787749767303467,-0.03610607981681824,-0.0793980062007904,0.08156044781208038,0.03610607981681824,-0.16108693182468414,0.11145015060901642,-0.08463464677333832,-0.14870621263980865,-0.03372501954436302,0.03610607609152794,0.0793980062007904,-0.06361472606658936,-0.08463465422391891,0.0917787253856659,-0.08156044781208038,0.03610607981681824,-0.03608693554997444,-0.11145015060901642,-0.08463465422391891,-0.02370622381567955,-0.24888528883457184,0.08463464677333832,0.03322127088904381,-0.2787749767303467,-0.03610607981681824,0.0456019826233387,-0.20104984939098358,0.08463463932275772,0.14870621263980865,-0.23093955218791962,-0.03610607609152794,0.16108693182468414,-0.24888528883457184,0.08463464677333832,0.03322127088904381,-0.20104984939098358,0.08463463932275772,0.14870621263980865,-0.08156044781208038,0.03610607981681824,-0.03608693554997444,-0.03372501954436302,0.03610607609152794,0.0793980062007904,-0.23093955218791962,-0.03610607609152794,0.16108693182468414,-0.2787749767303467,-0.03610607981681824,0.0456019826233387,-0.06361472606658936,-0.08463465422391891,0.0917787253856659,-0.11145015060901642,-0.08463465422391891,-0.02370622381567955,-0.20104984939098358,0.08463463932275772,0.14870621263980865,-0.23093955218791962,-0.03610607609152794,0.16108693182468414,-0.03372501954436302,0.03610607609152794,0.0793980062007904,-0.06361472606658936,-0.08463465422391891,0.0917787253856659,-0.08156044781208038,0.03610607981681824,-0.03608693554997444,-0.11145015060901642,-0.08463465422391891,-0.02370622381567955,-0.24888528883457184,0.08463464677333832,0.03322127088904381,-0.2787749767303467,-0.03610607981681824,0.0456019826233387],"indices":[0,1,2,1,3,2,4,5,6,5,7,6,8,9,10,9,11,10,12,13,14,13,15,14,16,17,18,17,19,18,20,21,22,21,23,22,24,25,26,25,27,26,28,29,30,29,31,30,32,33,34,33,35,34,36,37,38,37,39,38,40,41,42,41,43,42,44,45,46,45,47,46]},"optimizedModelData":{"":{"meshCount":1},"-named-nodes":{"meshCount":2},"-no-animations":{"meshCount":1}}}