{"schemaVersion":4,"source":{"uri":"models/environment/Gameplay/speech-bubble.gltf","sha256":"02735909fe5daa193c85e793afa2f20e9788080f4931369e59c4af2fac3487c8"},"animationNames":["idle"],"boundingBox":{"min":{"x":-0.640625,"y":0.4375,"z":-0.125},"max":{"x":0.109375,"y":1.40625,"z":0.125}},"nodeNames":["cube","cube","cube","cube","cube","bone","speech_bubble",""],"trimesh":{"vertices":[0.125,0.0625,0.0625,0.125,-0.0625,0.0625,0.125,0.0625,-0.0625,0.125,-0.0625,-0.0625,0,0.0625,-0.0625,0,-0.0625,-0.0625,0,0.0625,0.0625,0,-0.0625,0.0625,0,0.0625,-0.0625,0,0.0625,0.0625,0.125,0.0625,-0.0625,0.125,0.0625,0.0625,0,-0.0625,0.0625,0,-0.0625,-0.0625,0.125,-0.0625,0.0625,0.125,-0.0625,-0.0625,0,0.0625,0.0625,0,-0.0625,0.0625,0.125,0.0625,0.0625,0.125,-0.0625,0.0625,0.125,0.0625,-0.0625,0.125,-0.0625,-0.0625,0,0.0625,-0.0625,0,-0.0625,-0.0625,-0.0625,0.21875,0.125,-0.0625,-0.03125,0.125,-0.0625,0.21875,-0.125,-0.0625,-0.03125,-0.125,-0.3125,0.21875,-0.125,-0.3125,-0.03125,-0.125,-0.3125,0.21875,0.125,-0.3125,-0.03125,0.125,-0.3125,0.21875,-0.125,-0.3125,0.21875,0.125,-0.0625,0.21875,-0.125,-0.0625,0.21875,0.125,-0.3125,-0.03125,0.125,-0.3125,-0.03125,-0.125,-0.0625,-0.03125,0.125,-0.0625,-0.03125,-0.125,-0.3125,0.21875,0.125,-0.3125,-0.03125,0.125,-0.0625,0.21875,0.125,-0.0625,-0.03125,0.125,-0.0625,0.21875,-0.125,-0.0625,-0.03125,-0.125,-0.3125,0.21875,-0.125,-0.3125,-0.03125,-0.125,0.171875,0.78125,0.125,0.171875,0.40625,0.125,0.171875,0.78125,-0.125,0.171875,0.40625,-0.125,-0.578125,0.78125,-0.125,-0.578125,0.40625,-0.125,-0.578125,0.78125,0.125,-0.578125,0.40625,0.125,-0.578125,0.78125,-0.125,-0.578125,0.78125,0.125,0.171875,0.78125,-0.125,0.171875,0.78125,0.125,-0.578125,0.40625,0.125,-0.578125,0.40625,-0.125,0.171875,0.40625,0.125,0.171875,0.40625,-0.125,-0.578125,0.78125,0.125,-0.578125,0.40625,0.125,0.171875,0.78125,0.125,0.171875,0.40625,0.125,0.171875,0.78125,-0.125,0.171875,0.40625,-0.125,-0.578125,0.78125,-0.125,-0.578125,0.40625,-0.125,0.109375,0.40625,0.125,0.109375,0.28125,0.125,0.109375,0.40625,-0.125,0.109375,0.28125,-0.125,-0.515625,0.40625,-0.125,-0.515625,0.28125,-0.125,-0.515625,0.40625,0.125,-0.515625,0.28125,0.125,-0.515625,0.40625,-0.125,-0.515625,0.40625,0.125,0.109375,0.40625,-0.125,0.109375,0.40625,0.125,-0.515625,0.28125,0.125,-0.515625,0.28125,-0.125,0.109375,0.28125,0.125,0.109375,0.28125,-0.125,-0.515625,0.40625,0.125,-0.515625,0.28125,0.125,0.109375,0.40625,0.125,0.109375,0.28125,0.125,0.109375,0.40625,-0.125,0.109375,0.28125,-0.125,-0.515625,0.40625,-0.125,-0.515625,0.28125,-0.125,0.109375,0.90625,0.125,0.109375,0.78125,0.125,0.109375,0.90625,-0.125,0.109375,0.78125,-0.125,-0.515625,0.90625,-0.125,-0.515625,0.78125,-0.125,-0.515625,0.90625,0.125,-0.515625,0.78125,0.125,-0.515625,0.90625,-0.125,-0.515625,0.90625,0.125,0.109375,0.90625,-0.125,0.109375,0.90625,0.125,-0.515625,0.78125,0.125,-0.515625,0.78125,-0.125,0.109375,0.78125,0.125,0.109375,0.78125,-0.125,-0.515625,0.90625,0.125,-0.515625,0.78125,0.125,0.109375,0.90625,0.125,0.109375,0.78125,0.125,0.109375,0.90625,-0.125,0.109375,0.78125,-0.125,-0.515625,0.90625,-0.125,-0.515625,0.78125,-0.125],"indices":[0,1,2,1,3,2,4,5,6,5,7,6,8,9,10,9,11,10,12,13,14,13,15,14,16,17,18,17,19,18,20,21,22,21,23,22,24,25,26,25,27,26,28,29,30,29,31,30,32,33,34,33,35,34,36,37,38,37,39,38,40,41,42,41,43,42,44,45,46,45,47,46,48,49,50,49,51,50,52,53,54,53,55,54,56,57,58,57,59,58,60,61,62,61,63,62,64,65,66,65,67,66,68,69,70,69,71,70,72,73,74,73,75,74,76,77,78,77,79,78,80,81,82,81,83,82,84,85,86,85,87,86,88,89,90,89,91,90,92,93,94,93,95,94,96,97,98,97,99,98,100,101,102,101,103,102,104,105,106,105,107,106,108,109,110,109,111,110,112,113,114,113,115,114,116,117,118,117,119,118]},"optimizedModelData":{"":{"meshCount":1},"-named-nodes":{"meshCount":5},"-no-animations":{"meshCount":1}}}