{"schemaVersion":1,"source":{"uri":"models/environment/Farm/cranberry-stage2.gltf","sha256":"44cac791efebe71ee14dce2c9e1e1934b3c52dc39dd68bcd931325d257859270"},"animationNames":[],"boundingBox":{"min":{"x":-0.15467960838455724,"y":0,"z":-0.1546796083845573},"max":{"x":0.15467960838455727,"y":0.75,"z":0.1546796083845573}},"nodeNames":["cube","cube","root",""],"trimesh":{"vertices":[0.15467961132526398,0.375,0.15467961132526398,0.15467961132526398,0.375,0.15467961132526398,0.15467961132526398,-0.375,0.15467961132526398,-0.15467961132526398,0.375,-0.15467961132526398,-0.15467961132526398,0.375,-0.15467961132526398,-0.15467961132526398,-0.375,-0.15467961132526398,0.15467961132526398,0.375,0.15467961132526398,0.15467961132526398,0.375,0.15467961132526398,0.15467961132526398,-0.375,0.15467961132526398,-0.15467961132526398,-0.375,-0.15467961132526398,0.15467961132526398,-0.375,0.15467961132526398,-0.15467961132526398,-0.375,-0.15467961132526398,-0.15467961132526398,0.375,-0.15467961132526398,0.15467961132526398,0.375,0.15467961132526398,0.15467961132526398,-0.375,0.15467961132526398,0.15467961132526398,0.375,-0.15467961132526398,0.15467961132526398,0.375,-0.15467961132526398,0.15467961132526398,-0.375,-0.15467961132526398,-0.15467961132526398,0.375,0.15467961132526398,-0.15467961132526398,0.375,0.15467961132526398,-0.15467961132526398,-0.375,0.15467961132526398,0.15467961132526398,0.375,-0.15467961132526398,-0.15467961132526398,0.375,0.15467961132526398,-0.15467961132526398,-0.375,0.15467961132526398,0.15467961132526398,-0.375,-0.15467961132526398,0.15467961132526398,0.375,-0.15467961132526398,-0.15467961132526398,0.375,0.15467961132526398,-0.15467961132526398,-0.375,0.15467961132526398,0.15467961132526398,-0.375,-0.15467961132526398],"indices":[0,1,2,0,2,2,3,4,5,3,5,5,6,3,7,6,7,3,8,9,10,8,10,9,11,12,13,11,13,14,15,16,17,15,17,17,18,19,20,18,20,20,18,21,21,18,21,22,23,24,24,23,24,20,25,26,27,25,27,28]}}