{"schemaVersion":4,"source":{"uri":"models/eggs/rare/ladybug-egg.gltf","sha256":"a09ffb200fa94380da94deac9ac72d0e0d902f13f064c1259bdc78374f14563e"},"animationNames":[],"boundingBox":{"min":{"x":-0.6637123539097771,"y":0,"z":-0.375},"max":{"x":0.6845663953838703,"y":0.875,"z":0.375}},"nodeNames":["cube","group2","cube","group3","cube","cube","cube","group"],"trimesh":{"vertices":[-0.3854270279407501,0.15625,-0.25,-0.3854270279407501,0.15625,-0.25,-0.3854270279407501,-0.25,-0.25,-0.6741393804550171,0.15625,-0.13041143119335175,-0.6741393804550171,0.15625,-0.13041143119335175,-0.6741393804550171,-0.25,-0.13041143119335175,-0.3854270279407501,0.15625,-0.25,-0.6741393804550171,0.15625,-0.13041143119335175,-0.3854270279407501,0.15625,-0.25,-0.3854270279407501,-0.25,-0.25,-0.6741393804550171,-0.25,-0.13041143119335175,-0.3854270279407501,-0.25,-0.25,-0.6741393804550171,-0.25,-0.13041143119335175,-0.6741393804550171,0.15625,-0.13041143119335175,-0.3854270279407501,0.15625,-0.25,-0.3854270279407501,-0.25,-0.25,0.6741393804550171,0.25915592908859253,0.1744009554386139,0.6741393804550171,0.25915592908859253,0.1744009554386139,0.6211636066436768,-0.14361852407455444,0.17671388387680054,0.36460772156715393,0.2999453544616699,0.1879153847694397,0.36460772156715393,0.2999453544616699,0.1879153847694397,0.311631977558136,-0.10282912850379944,0.19022837281227112,0.6741393804550171,0.25915592908859253,0.1744009554386139,0.36460772156715393,0.2999453544616699,0.1879153847694397,0.6741393804550171,0.25915592908859253,0.1744009554386139,0.6211636066436768,-0.14361852407455444,0.17671388387680054,0.311631977558136,-0.10282912850379944,0.19022837281227112,0.6211636066436768,-0.14361852407455444,0.17671388387680054,0.311631977558136,-0.10282912850379944,0.19022837281227112,0.36460772156715393,0.2999453544616699,0.1879153847694397,0.6741393804550171,0.25915592908859253,0.1744009554386139,0.6211636066436768,-0.14361852407455444,0.17671388387680054,0.2708229720592499,0.4375,-0.28125,0.3020729720592499,0.4375,0,0.3020729720592499,0.1875,0,0.3020729720592499,0.1875,-0.3125,-0.3229270279407501,0.1875,-0.3125,-0.3229270279407501,0.1875,0,-0.3229270279407501,0.4375,0,-0.2916770279407501,0.4375,-0.28125,-0.2916770279407501,0.4375,-0.28125,-0.3229270279407501,0.4375,0,-0.010427020490169525,0.4375,0,-0.010427020490169525,0.4375,-0.3125,-0.010427020490169525,0.1875,-0.3125,-0.010427020490169525,0.1875,0,-0.3229270279407501,0.1875,0,-0.3229270279407501,0.1875,-0.3125,-0.3229270279407501,0.1875,0.3125,-0.010427020490169525,0.1875,0.3125,-0.010427020490169525,0.4375,0.3125,-0.2916770279407501,0.4375,0.28125,-0.2916770279407501,0.4375,-0.28125,-0.010427020490169525,0.4375,-0.3125,-0.010427020490169525,0.1875,-0.3125,-0.3229270279407501,0.1875,-0.3125,0.3020729720592499,0.4375,0,0.2708229720592499,0.4375,-0.28125,0.2708229720592499,0.4375,0.28125,-0.010427020490169525,0.4375,0.3125,-0.010427020490169525,0.1875,0.3125,0.3020729720592499,0.1875,0.3125,0.3020729720592499,0.1875,-0.3125,0.3020729720592499,0.1875,0,0.3020729720592499,0.1875,-0.3125,-0.010427020490169525,0.1875,-0.3125,-0.010427020490169525,0.4375,-0.3125,0.2708229720592499,0.4375,-0.28125,-0.2916770279407501,0.4375,0.28125,-0.3229270279407501,0.4375,0,-0.3229270279407501,0.1875,0,-0.3229270279407501,0.1875,0.3125,-0.3229270279407501,0.1875,0.3125,-0.010427020490169525,0.1875,0.3125,0.3020729720592499,0.1875,0.3125,0.3020729720592499,0.1875,0.3125,0.3020729720592499,0.1875,0,0.3020729720592499,0.4375,0,0.2708229720592499,0.4375,0.28125,0.2708229720592499,0.4375,0.28125,-0.010427020490169525,0.4375,0.3125,-0.2916770279407501,0.4375,0.28125,0.3489479720592499,-0.3125,-0.359375,0.3645729720592499,-0.0625,-0.375,0.3645729720592499,-0.0625,0.375,0.3489479720592499,-0.3125,0.359375,-0.3698020279407501,-0.3125,0.359375,-0.3854270279407501,-0.0625,0.375,-0.3854270279407501,-0.0625,-0.375,-0.3698020279407501,-0.3125,-0.359375,0.3333229720592499,0.1875,0.34375,0.3333229720592499,0.1875,-0.34375,-0.3541770279407501,0.1875,-0.34375,-0.3541770279407501,0.1875,0.34375,0.3489479720592499,-0.3125,-0.359375,0.3489479720592499,-0.3125,0.359375,-0.3698020279407501,-0.3125,0.359375,-0.3698020279407501,-0.3125,-0.359375,0.3489479720592499,-0.3125,0.359375,0.3645729720592499,-0.0625,0.375,-0.3854270279407501,-0.0625,0.375,-0.3698020279407501,-0.3125,0.359375,-0.3698020279407501,-0.3125,-0.359375,-0.3854270279407501,-0.0625,-0.375,0.3645729720592499,-0.0625,-0.375,0.3489479720592499,-0.3125,-0.359375,-0.3541770279407501,0.1875,-0.34375,-0.3854270279407501,-0.0625,-0.375,-0.3854270279407501,-0.0625,0.375,-0.3541770279407501,0.1875,0.34375,-0.3541770279407501,0.1875,0.34375,-0.3854270279407501,-0.0625,0.375,0.3645729720592499,-0.0625,0.375,0.3333229720592499,0.1875,0.34375,0.3333229720592499,0.1875,0.34375,0.3645729720592499,-0.0625,0.375,0.3645729720592499,-0.0625,-0.375,0.3333229720592499,0.1875,-0.34375,0.3333229720592499,0.1875,-0.34375,0.3645729720592499,-0.0625,-0.375,-0.3854270279407501,-0.0625,-0.375,-0.3541770279407501,0.1875,-0.34375,0.3020729720592499,-0.4375,-0.3125,0.3333229720592499,-0.3125,-0.34375,0.3333229720592499,-0.3125,0.34375,0.3020729720592499,-0.4375,0.3125,-0.3229270279407501,-0.4375,0.3125,-0.3541770279407501,-0.3125,0.34375,-0.3541770279407501,-0.3125,-0.34375,-0.3229270279407501,-0.4375,-0.3125,0.3333229720592499,-0.3125,0.34375,0.3333229720592499,-0.3125,-0.34375,-0.3541770279407501,-0.3125,-0.34375,-0.3541770279407501,-0.3125,0.34375,0.3020729720592499,-0.4375,-0.3125,0.3020729720592499,-0.4375,0.3125,-0.3229270279407501,-0.4375,0.3125,-0.3229270279407501,-0.4375,-0.3125,0.3020729720592499,-0.4375,0.3125,0.3333229720592499,-0.3125,0.34375,-0.3541770279407501,-0.3125,0.34375,-0.3229270279407501,-0.4375,0.3125,-0.3229270279407501,-0.4375,-0.3125,-0.3541770279407501,-0.3125,-0.34375,0.3333229720592499,-0.3125,-0.34375,0.3020729720592499,-0.4375,-0.3125],"indices":[0,1,2,0,2,2,3,4,5,3,5,5,6,7,8,6,8,7,9,10,11,9,11,10,12,13,14,12,14,15,16,17,18,16,18,18,19,20,21,19,21,21,22,23,24,22,24,23,25,26,27,25,27,26,28,29,30,28,30,31,32,33,34,32,34,35,36,37,38,36,38,39,40,41,42,40,42,43,44,45,46,44,46,47,48,49,50,48,50,51,52,53,54,52,54,55,43,42,56,43,56,57,58,59,60,58,60,61,62,63,45,62,45,44,64,65,66,64,66,67,68,69,70,68,70,71,72,46,45,72,45,73,73,45,63,73,63,74,75,76,77,75,77,78,79,56,42,79,42,80,80,42,41,80,41,81,82,83,84,82,84,85,86,87,88,86,88,89,90,91,92,90,92,93,94,95,96,94,96,97,98,99,100,98,100,101,102,103,104,102,104,105,106,107,108,106,108,109,110,111,112,110,112,113,114,115,116,114,116,117,118,119,120,118,120,121,122,123,124,122,124,125,126,127,128,126,128,129,130,131,132,130,132,133,134,135,136,134,136,137,138,139,140,138,140,141,142,143,144,142,144,145]},"optimizedModelData":{"":{"meshCount":2},"-named-nodes":{"meshCount":5},"-no-animations":{"meshCount":2}}}