{"schemaVersion":4,"source":{"uri":"models/items/paper.gltf","sha256":"fa024fe5c1656d6c68a8b2c2ca182fffd2a428b52c4091b5bc5d9eb79470ea65"},"animationNames":[],"boundingBox":{"min":{"x":-0.3125,"y":0,"z":0},"max":{"x":0.25,"y":0.75,"z":0.0000625000029685907}},"nodeNames":["cube",""],"trimesh":{"vertices":[0.28125,0.375,0.00003125000148429535,0.28125,-0.375,0.00003125000148429535,0.28125,0.375,-0.00003125000148429535,0.28125,-0.375,-0.00003125000148429535,-0.28125,0.375,-0.00003125000148429535,-0.28125,-0.375,-0.00003125000148429535,-0.28125,0.375,0.00003125000148429535,-0.28125,-0.375,0.00003125000148429535,-0.28125,0.375,-0.00003125000148429535,-0.28125,0.375,0.00003125000148429535,0.28125,0.375,-0.00003125000148429535,0.28125,0.375,0.00003125000148429535,-0.28125,-0.375,0.00003125000148429535,-0.28125,-0.375,-0.00003125000148429535,0.28125,-0.375,0.00003125000148429535,0.28125,-0.375,-0.00003125000148429535,-0.28125,0.375,0.00003125000148429535,-0.28125,-0.375,0.00003125000148429535,0.28125,0.375,0.00003125000148429535,0.28125,-0.375,0.00003125000148429535,0.28125,0.375,-0.00003125000148429535,0.28125,-0.375,-0.00003125000148429535,-0.28125,0.375,-0.00003125000148429535,-0.28125,-0.375,-0.00003125000148429535],"indices":[0,1,2,1,3,2,4,5,6,5,7,6,8,9,10,9,11,10,12,13,14,13,15,14,16,17,18,17,19,18,20,21,22,21,23,22]},"optimizedModelData":{"":{"meshCount":1},"-named-nodes":{"meshCount":1},"-no-animations":{"meshCount":1}}}