{"schemaVersion":2,"source":{"uri":"models/items/paper.gltf","sha256":"8de08390fc228fb57eefcb10b7f8b85c7efaa6f502fdaddf7e424f5bca739cef"},"animationNames":[],"boundingBox":{"min":{"x":-0.3125,"y":0,"z":0},"max":{"x":0.25,"y":0.75,"z":0.0000625000029685907}},"nodeNames":["cube",""],"trimesh":{"vertices":[0.28125,0.375,0.00003125000148429535,0.28125,-0.375,0.00003125000148429535,0.28125,0.375,-0.00003125000148429535,0.28125,-0.375,-0.00003125000148429535,-0.28125,0.375,-0.00003125000148429535,-0.28125,-0.375,-0.00003125000148429535,-0.28125,0.375,0.00003125000148429535,-0.28125,-0.375,0.00003125000148429535,-0.28125,0.375,-0.00003125000148429535,-0.28125,0.375,0.00003125000148429535,0.28125,0.375,-0.00003125000148429535,0.28125,0.375,0.00003125000148429535,-0.28125,-0.375,0.00003125000148429535,-0.28125,-0.375,-0.00003125000148429535,0.28125,-0.375,0.00003125000148429535,0.28125,-0.375,-0.00003125000148429535,-0.28125,0.375,0.00003125000148429535,-0.28125,-0.375,0.00003125000148429535,0.28125,0.375,0.00003125000148429535,0.28125,-0.375,0.00003125000148429535,0.28125,0.375,-0.00003125000148429535,0.28125,-0.375,-0.00003125000148429535,-0.28125,0.375,-0.00003125000148429535,-0.28125,-0.375,-0.00003125000148429535],"indices":[0,1,2,1,3,2,4,5,6,5,7,6,8,9,10,9,11,10,12,13,14,13,15,14,16,17,18,17,19,18,20,21,22,21,23,22]}}