{"schemaVersion":4,"source":{"uri":"models/environment/Dungeon/spike-trap.gltf","sha256":"9e9d86a24aeb8988084206f9af8a7e7c33410b3ec762c8eebf1ac3ea4e0c34f7"},"animationNames":["idle","idle2","interact","interact2"],"boundingBox":{"min":{"x":-0.5,"y":0,"z":-0.5},"max":{"x":0.5,"y":0.6875,"z":0.5}},"nodeNames":["cube","pyramid","spike","pyramid","spike5","pyramid","spike2","pyramid","spike3","pyramid","spike4","spike_trap_2",""],"trimesh":{"vertices":[0.5625,0.125,0.5625,0.5625,0,0.5625,0.5625,0.125,-0.4375,0.5625,0,-0.4375,-0.4375,0.125,-0.4375,-0.4375,0,-0.4375,-0.4375,0.125,0.5625,-0.4375,0,0.5625,-0.4375,0.125,-0.4375,-0.4375,0.125,0.5625,0.5625,0.125,-0.4375,0.5625,0.125,0.5625,-0.4375,0,0.5625,-0.4375,0,-0.4375,0.5625,0,0.5625,0.5625,0,-0.4375,-0.4375,0.125,0.5625,-0.4375,0,0.5625,0.5625,0.125,0.5625,0.5625,0,0.5625,0.5625,0.125,-0.4375,0.5625,0,-0.4375,-0.4375,0.125,-0.4375,-0.4375,0,-0.4375,0.09375,0,-0.09375,0.09375,0,0.09375,-0.09375,0,0.09375,-0.09375,0,-0.09375,0.09375,0,0.09375,0.09375,0,-0.09375,0,0.625,0,-0.09375,0,0.09375,0.09375,0,0.09375,0,0.625,0,0.09375,0,-0.09375,-0.09375,0,-0.09375,0,0.625,0,-0.09375,0,-0.09375,-0.09375,0,0.09375,0,0.625,0,0.09375,0,-0.09375,0.09375,0,0.09375,-0.09375,0,0.09375,-0.09375,0,-0.09375,0.09375,0,0.09375,0.09375,0,-0.09375,0,0.625,0,-0.09375,0,0.09375,0.09375,0,0.09375,0,0.625,0,0.09375,0,-0.09375,-0.09375,0,-0.09375,0,0.625,0,-0.09375,0,-0.09375,-0.09375,0,0.09375,0,0.625,0,0.09375,0,-0.09375,0.09375,0,0.09375,-0.09375,0,0.09375,-0.09375,0,-0.09375,0.09375,0,0.09375,0.09375,0,-0.09375,0,0.625,0,-0.09375,0,0.09375,0.09375,0,0.09375,0,0.625,0,0.09375,0,-0.09375,-0.09375,0,-0.09375,0,0.625,0,-0.09375,0,-0.09375,-0.09375,0,0.09375,0,0.625,0,0.09375,0,-0.09375,0.09375,0,0.09375,-0.09375,0,0.09375,-0.09375,0,-0.09375,0.09375,0,0.09375,0.09375,0,-0.09375,0,0.625,0,-0.09375,0,0.09375,0.09375,0,0.09375,0,0.625,0,0.09375,0,-0.09375,-0.09375,0,-0.09375,0,0.625,0,-0.09375,0,-0.09375,-0.09375,0,0.09375,0,0.625,0,0.09375,0,-0.09375,0.09375,0,0.09375,-0.09375,0,0.09375,-0.09375,0,-0.09375,0.09375,0,0.09375,0.09375,0,-0.09375,0,0.625,0,-0.09375,0,0.09375,0.09375,0,0.09375,0,0.625,0,0.09375,0,-0.09375,-0.09375,0,-0.09375,0,0.625,0,-0.09375,0,-0.09375,-0.09375,0,0.09375,0,0.625,0],"indices":[0,1,2,1,3,2,4,5,6,5,7,6,8,9,10,9,11,10,12,13,14,13,15,14,16,17,18,17,19,18,20,21,22,21,23,22,24,25,26,24,26,27,28,29,30,31,32,33,34,35,36,37,38,39,40,41,42,40,42,43,44,45,46,47,48,49,50,51,52,53,54,55,56,57,58,56,58,59,60,61,62,63,64,65,66,67,68,69,70,71,72,73,74,72,74,75,76,77,78,79,80,81,82,83,84,85,86,87,88,89,90,88,90,91,92,93,94,95,96,97,98,99,100,101,102,103]},"optimizedModelData":{"":{"meshCount":2},"-named-nodes":{"meshCount":2},"-no-animations":{"meshCount":1}}}