{"schemaVersion":2,"source":{"uri":"models/environment/Dungeon/cobweb-1.gltf","sha256":"6014d488a43f7ffd917fefed39c6d3d13255fefe7a5ab10642e0ebf998406cfa"},"animationNames":[],"boundingBox":{"min":{"x":-0.5,"y":0,"z":0.49375},"max":{"x":0.5,"y":1,"z":0.49375}},"nodeNames":["cube","cobweb","root",""],"trimesh":{"vertices":[0.5,0.5,0,0.5,0.5,0,0.5,-0.5,0,-0.5,0.5,0,-0.5,0.5,0,-0.5,-0.5,0,0.5,0.5,0,0.5,-0.5,0,-0.5,-0.5,0,0.5,-0.5,0,-0.5,-0.5,0,-0.5,0.5,0,0.5,0.5,0,0.5,-0.5,0],"indices":[0,1,2,0,2,2,3,4,5,3,5,5,0,3,6,0,6,3,7,8,9,7,9,8,10,11,12,10,12,13]}}