{"schemaVersion":1,"source":{"uri":"models/environment/Farm/peony/peony-seeds.gltf","sha256":"839c9fcf6151ac70114686fc2c78590206fcb4e3fd6fbd83df76418f17cf3d5c"},"animationNames":[],"boundingBox":{"min":{"x":-0.06705185177528426,"y":-0.01949165335741395,"z":-0.07409752535181491},"max":{"x":0.06705185177528426,"y":0.08199165335741396,"z":0.07409752535181491}},"nodeNames":["cube","root",""],"trimesh":{"vertices":[0.05403881147503853,0.05074165388941765,-0.019091010093688965,0.06705185025930405,-0.007989135570824146,-0.03604993596673012,0.004454226233065128,0.05074165388941765,-0.0571385994553566,0.01746726781129837,-0.007989135570824146,-0.07409752905368805,-0.06705185025930405,0.007989135570824146,0.03604993596673012,-0.05403881147503853,-0.05074165388941765,0.019091010093688965,-0.01746726781129837,0.007989135570824146,0.07409752905368805,-0.004454226233065128,-0.05074165388941765,0.0571385994553566,-0.06705185025930405,0.007989135570824146,0.03604993596673012,-0.01746726781129837,0.007989135570824146,0.07409752905368805,0.004454226233065128,0.05074165388941765,-0.0571385994553566,0.05403881147503853,0.05074165388941765,-0.019091010093688965,-0.004454226233065128,-0.05074165388941765,0.0571385994553566,-0.05403881147503853,-0.05074165388941765,0.019091010093688965,0.06705185025930405,-0.007989135570824146,-0.03604993596673012,0.01746726781129837,-0.007989135570824146,-0.07409752905368805,-0.01746726781129837,0.007989135570824146,0.07409752905368805,-0.004454226233065128,-0.05074165388941765,0.0571385994553566,0.05403881147503853,0.05074165388941765,-0.019091010093688965,0.06705185025930405,-0.007989135570824146,-0.03604993596673012,0.004454226233065128,0.05074165388941765,-0.0571385994553566,0.01746726781129837,-0.007989135570824146,-0.07409752905368805,-0.06705185025930405,0.007989135570824146,0.03604993596673012,-0.05403881147503853,-0.05074165388941765,0.019091010093688965],"indices":[0,1,2,1,3,2,4,5,6,5,7,6,8,9,10,9,11,10,12,13,14,13,15,14,16,17,18,17,19,18,20,21,22,21,23,22]}}