{"schemaVersion":4,"source":{"uri":"models/structures/vertical slabs/cyan concrete slab vertical.gltf","sha256":"89ba13957b60d9047bcc67e050efb43159d0316a8efc2e225011c84040279517"},"animationNames":[],"boundingBox":{"min":{"x":-0.5,"y":0,"z":-1.1102230246251565e-16},"max":{"x":0.5,"y":1,"z":0.5000000000000001}},"nodeNames":["cube",""],"trimesh":{"vertices":[0.5,0.5,-0.25,0.5,0.5,0.25,0.5,-0.5,-0.25,0.5,-0.5,0.25,-0.5,-0.5,-0.25,-0.5,-0.5,0.25,-0.5,0.5,-0.25,-0.5,0.5,0.25,-0.5,-0.5,-0.25,-0.5,0.5,-0.25,0.5,-0.5,-0.25,0.5,0.5,-0.25,-0.5,0.5,0.25,-0.5,-0.5,0.25,0.5,0.5,0.25,0.5,-0.5,0.25,-0.5,0.5,-0.25,-0.5,0.5,0.25,0.5,0.5,-0.25,0.5,0.5,0.25,0.5,-0.5,-0.25,0.5,-0.5,0.25,-0.5,-0.5,-0.25,-0.5,-0.5,0.25],"indices":[0,1,2,1,3,2,4,5,6,5,7,6,8,9,10,9,11,10,12,13,14,13,15,14,16,17,18,17,19,18,20,21,22,21,23,22]},"optimizedModelData":{"":{"meshCount":1},"-named-nodes":{"meshCount":1},"-no-animations":{"meshCount":1}}}