{"schemaVersion":2,"source":{"uri":"models/environment/Farm/cranberry-stage1.gltf","sha256":"3fe4444ae0e66e52501ebcd3628ab4e881a5bff15cbb7203e0ae0c03c56ee1ae"},"animationNames":[],"boundingBox":{"min":{"x":-0.13258252147247765,"y":0,"z":-0.13258252147247768},"max":{"x":0.13258252147247765,"y":0.4375,"z":0.13258252147247768}},"nodeNames":["cube","cube","root",""],"trimesh":{"vertices":[0.13258251547813416,0.21875,0.13258251547813416,0.13258251547813416,0.21875,0.13258251547813416,0.13258251547813416,-0.21875,0.13258251547813416,-0.13258251547813416,0.21875,-0.13258251547813416,-0.13258251547813416,0.21875,-0.13258251547813416,-0.13258251547813416,-0.21875,-0.13258251547813416,0.13258251547813416,0.21875,0.13258251547813416,0.13258251547813416,0.21875,0.13258251547813416,0.13258251547813416,-0.21875,0.13258251547813416,-0.13258251547813416,-0.21875,-0.13258251547813416,0.13258251547813416,-0.21875,0.13258251547813416,-0.13258251547813416,-0.21875,-0.13258251547813416,-0.13258251547813416,0.21875,-0.13258251547813416,0.13258251547813416,0.21875,0.13258251547813416,0.13258251547813416,-0.21875,0.13258251547813416,0.13258251547813416,0.21875,-0.13258251547813416,0.13258251547813416,0.21875,-0.13258251547813416,0.13258251547813416,-0.21875,-0.13258251547813416,-0.13258251547813416,0.21875,0.13258251547813416,-0.13258251547813416,0.21875,0.13258251547813416,-0.13258251547813416,-0.21875,0.13258251547813416,0.13258251547813416,0.21875,-0.13258251547813416,-0.13258251547813416,0.21875,0.13258251547813416,-0.13258251547813416,-0.21875,0.13258251547813416,0.13258251547813416,-0.21875,-0.13258251547813416,0.13258251547813416,0.21875,-0.13258251547813416,-0.13258251547813416,0.21875,0.13258251547813416,-0.13258251547813416,-0.21875,0.13258251547813416,0.13258251547813416,-0.21875,-0.13258251547813416],"indices":[0,1,2,0,2,2,3,4,5,3,5,5,6,3,7,6,7,3,8,9,10,8,10,9,11,12,13,11,13,14,15,16,17,15,17,17,18,19,20,18,20,20,18,21,21,18,21,22,23,24,24,23,24,20,25,26,27,25,27,28]}}