{"schemaVersion":2,"source":{"uri":"models/environment/Dungeon/magic-circle-purple.gltf","sha256":"13308a7ad71c84a07cafa98aa47463f9e8eca713ddfd7cf3e474589257b547c9"},"animationNames":[],"boundingBox":{"min":{"x":-1.4375,"y":0.00625,"z":-1.5},"max":{"x":1.4375,"y":0.00625,"z":1.5}},"nodeNames":["cube","root",""],"trimesh":{"vertices":[1.4375,0,-1.5,1.4375,0,1.5,1.4375,0,-1.5,-1.4375,0,1.5,-1.4375,0,-1.5,-1.4375,0,1.5,1.4375,0,1.5,1.4375,0,1.5,-1.4375,0,-1.5,1.4375,0,1.5,1.4375,0,-1.5,-1.4375,0,-1.5,-1.4375,0,1.5],"indices":[0,1,2,0,2,1,3,4,5,3,5,4,6,3,7,6,7,3,4,0,8,4,8,0,9,10,11,9,11,12]}}