{"schemaVersion":4,"source":{"uri":"models/tools/axe/emerald-axe.gltf","sha256":"f1799091993051dc2710218274e80b58501c1afbc4f604f6de202fb7a5d0811a"},"animationNames":[],"boundingBox":{"min":{"x":-0.1875,"y":-0.005686891104358244,"z":-0.0625},"max":{"x":0.34375,"y":1.0625,"z":0.0625}},"nodeNames":["cube","cube","cube","cube","cube","cube","cube","cube","cube","cube","cube","axe"],"trimesh":{"vertices":[-0.046875,0.19034343957901,0.03125,-0.046875,-0.40340656042099,0.03125,-0.046875,0.19034343957901,-0.03125,-0.046875,-0.40340656042099,-0.03125,-0.109375,0.19034343957901,-0.03125,-0.109375,-0.40340656042099,-0.03125,-0.109375,0.19034343957901,0.03125,-0.109375,-0.40340656042099,0.03125,-0.109375,0.19034343957901,-0.03125,-0.109375,0.19034343957901,0.03125,-0.046875,0.19034343957901,-0.03125,-0.046875,0.19034343957901,0.03125,-0.109375,-0.40340656042099,0.03125,-0.109375,-0.40340656042099,-0.03125,-0.046875,-0.40340656042099,0.03125,-0.046875,-0.40340656042099,-0.03125,-0.109375,0.19034343957901,0.03125,-0.109375,-0.40340656042099,0.03125,-0.046875,0.19034343957901,0.03125,-0.046875,-0.40340656042099,0.03125,-0.046875,0.19034343957901,-0.03125,-0.046875,-0.40340656042099,-0.03125,-0.109375,0.19034343957901,-0.03125,-0.109375,-0.40340656042099,-0.03125,-0.078125,0.41667598485946655,0.0625,0.054457515478134155,0.28409343957901,0.0625,-0.078125,0.41667598485946655,-0.0625,0.054457515478134155,0.28409343957901,-0.0625,-0.21070751547813416,0.28409343957901,-0.0625,-0.078125,0.15151089429855347,-0.0625,-0.21070751547813416,0.28409343957901,0.0625,-0.078125,0.15151089429855347,0.0625,-0.21070751547813416,0.28409343957901,-0.0625,-0.21070751547813416,0.28409343957901,0.0625,-0.078125,0.41667598485946655,-0.0625,-0.078125,0.41667598485946655,0.0625,-0.078125,0.15151089429855347,0.0625,-0.078125,0.15151089429855347,-0.0625,0.054457515478134155,0.28409343957901,0.0625,0.054457515478134155,0.28409343957901,-0.0625,-0.21070751547813416,0.28409343957901,0.0625,-0.078125,0.15151089429855347,0.0625,-0.078125,0.41667598485946655,0.0625,0.054457515478134155,0.28409343957901,0.0625,-0.078125,0.41667598485946655,-0.0625,0.054457515478134155,0.28409343957901,-0.0625,-0.21070751547813416,0.28409343957901,-0.0625,-0.078125,0.15151089429855347,-0.0625,0.265625,0.40909343957901,0,0.265625,0.40909343957901,0,0.265625,0.0028434456326067448,0,0.046875,0.40909343957901,0,0.046875,0.40909343957901,0,0.046875,0.0028434456326067448,0,0.265625,0.40909343957901,0,0.265625,0.40909343957901,0,0.265625,0.0028434456326067448,0,0.046875,0.0028434456326067448,0,0.265625,0.0028434456326067448,0,0.046875,0.0028434456326067448,0,0.046875,0.40909343957901,0,0.265625,0.40909343957901,0,0.265625,0.0028434456326067448,0,-0.078125,-0.3573167622089386,0.046875,0.010263346135616302,-0.4457050859928131,0.046875,-0.078125,-0.3573167622089386,-0.046875,0.010263346135616302,-0.4457050859928131,-0.046875,-0.1665133535861969,-0.4457050859928131,-0.046875,-0.078125,-0.53409343957901,-0.046875,-0.1665133535861969,-0.4457050859928131,0.046875,-0.078125,-0.53409343957901,0.046875,-0.1665133535861969,-0.4457050859928131,-0.046875,-0.1665133535861969,-0.4457050859928131,0.046875,-0.078125,-0.3573167622089386,-0.046875,-0.078125,-0.3573167622089386,0.046875,-0.078125,-0.53409343957901,0.046875,-0.078125,-0.53409343957901,-0.046875,0.010263346135616302,-0.4457050859928131,0.046875,0.010263346135616302,-0.4457050859928131,-0.046875,-0.1665133535861969,-0.4457050859928131,0.046875,-0.078125,-0.53409343957901,0.046875,-0.078125,-0.3573167622089386,0.046875,0.010263346135616302,-0.4457050859928131,0.046875,-0.078125,-0.3573167622089386,-0.046875,0.010263346135616302,-0.4457050859928131,-0.046875,-0.1665133535861969,-0.4457050859928131,-0.046875,-0.078125,-0.53409343957901,-0.046875,-0.015625,-0.34090656042099,0.0625,-0.015625,-0.40340656042099,0.0625,-0.015625,-0.34090656042099,-0.0625,-0.015625,-0.40340656042099,-0.0625,-0.140625,-0.34090656042099,-0.0625,-0.140625,-0.40340656042099,-0.0625,-0.140625,-0.34090656042099,0.0625,-0.140625,-0.40340656042099,0.0625,-0.140625,-0.34090656042099,-0.0625,-0.140625,-0.34090656042099,0.0625,-0.015625,-0.34090656042099,-0.0625,-0.015625,-0.34090656042099,0.0625,-0.140625,-0.40340656042099,0.0625,-0.140625,-0.40340656042099,-0.0625,-0.015625,-0.40340656042099,0.0625,-0.015625,-0.40340656042099,-0.0625,-0.140625,-0.34090656042099,0.0625,-0.140625,-0.40340656042099,0.0625,-0.015625,-0.34090656042099,0.0625,-0.015625,-0.40340656042099,0.0625,-0.015625,-0.34090656042099,-0.0625,-0.015625,-0.40340656042099,-0.0625,-0.140625,-0.34090656042099,-0.0625,-0.140625,-0.40340656042099,-0.0625,-0.140625,0.34659343957901,0.03125,-0.140625,0.22159343957901,0.03125,-0.140625,0.34659343957901,-0.03125,-0.140625,0.22159343957901,-0.03125,-0.265625,0.34659343957901,-0.03125,-0.265625,0.22159343957901,-0.03125,-0.265625,0.34659343957901,0.03125,-0.265625,0.22159343957901,0.03125,-0.265625,0.34659343957901,-0.03125,-0.265625,0.34659343957901,0.03125,-0.140625,0.34659343957901,-0.03125,-0.140625,0.34659343957901,0.03125,-0.265625,0.22159343957901,0.03125,-0.265625,0.22159343957901,-0.03125,-0.140625,0.22159343957901,0.03125,-0.140625,0.22159343957901,-0.03125,-0.265625,0.34659343957901,0.03125,-0.265625,0.22159343957901,0.03125,-0.140625,0.34659343957901,0.03125,-0.140625,0.22159343957901,0.03125,-0.140625,0.34659343957901,-0.03125,-0.140625,0.22159343957901,-0.03125,-0.265625,0.34659343957901,-0.03125,-0.265625,0.22159343957901,-0.03125,0.140625,0.34659343957901,0.03125,0.140625,0.25284343957901,0.03125,0.140625,0.34659343957901,-0.03125,0.140625,0.25284343957901,-0.03125,-0.015625,0.34659343957901,-0.03125,-0.015625,0.25284343957901,-0.03125,-0.015625,0.34659343957901,0.03125,-0.015625,0.25284343957901,0.03125,-0.015625,0.34659343957901,-0.03125,-0.015625,0.34659343957901,0.03125,0.140625,0.34659343957901,-0.03125,0.140625,0.34659343957901,0.03125,-0.015625,0.25284343957901,0.03125,-0.015625,0.25284343957901,-0.03125,0.140625,0.25284343957901,0.03125,0.140625,0.25284343957901,-0.03125,-0.015625,0.34659343957901,0.03125,-0.015625,0.25284343957901,0.03125,0.140625,0.34659343957901,0.03125,0.140625,0.25284343957901,0.03125,0.140625,0.34659343957901,-0.03125,0.140625,0.25284343957901,-0.03125,-0.015625,0.34659343957901,-0.03125,-0.015625,0.25284343957901,-0.03125,-0.0390625,0.0028434456326067448,0.0390625,-0.0390625,-0.21590656042099,0.0390625,-0.0390625,0.0028434456326067448,-0.0390625,-0.0390625,-0.21590656042099,-0.0390625,-0.1171875,0.0028434456326067448,-0.0390625,-0.1171875,-0.21590656042099,-0.0390625,-0.1171875,0.0028434456326067448,0.0390625,-0.1171875,-0.21590656042099,0.0390625,-0.1171875,0.0028434456326067448,-0.0390625,-0.1171875,0.0028434456326067448,0.0390625,-0.0390625,0.0028434456326067448,-0.0390625,-0.0390625,0.0028434456326067448,0.0390625,-0.1171875,-0.21590656042099,0.0390625,-0.1171875,-0.21590656042099,-0.0390625,-0.0390625,-0.21590656042099,0.0390625,-0.0390625,-0.21590656042099,-0.0390625,-0.1171875,0.0028434456326067448,0.0390625,-0.1171875,-0.21590656042099,0.0390625,-0.0390625,0.0028434456326067448,0.0390625,-0.0390625,-0.21590656042099,0.0390625,-0.0390625,0.0028434456326067448,-0.0390625,-0.0390625,-0.21590656042099,-0.0390625,-0.1171875,0.0028434456326067448,-0.0390625,-0.1171875,-0.21590656042099,-0.0390625,-0.140625,-0.34090656042099,0,-0.140625,-0.34090656042099,0,-0.140625,-0.43465656042099,0,-0.234375,-0.34090656042099,0,-0.234375,-0.34090656042099,0,-0.234375,-0.43465656042099,0,-0.140625,-0.34090656042099,0,-0.234375,-0.34090656042099,0,-0.140625,-0.34090656042099,0,-0.140625,-0.43465656042099,0,-0.234375,-0.43465656042099,0,-0.140625,-0.43465656042099,0,-0.234375,-0.43465656042099,0,-0.234375,-0.34090656042099,0,-0.140625,-0.34090656042099,0,-0.140625,-0.43465656042099,0,0.078125,-0.34090656042099,0,0.078125,-0.34090656042099,0,0.078125,-0.43465656042099,0,-0.015625,-0.34090656042099,0,-0.015625,-0.34090656042099,0,-0.015625,-0.43465656042099,0,0.078125,