{"schemaVersion":4,"source":{"uri":"models/environment/Farm/blueberry-stage3.gltf","sha256":"f6be98b6610c00b0f97792f2fe295019a94daefc90efdc34bcf81c6bc9d2726d"},"animationNames":[],"boundingBox":{"min":{"x":-0.24306795603287568,"y":0,"z":-0.24306795603287573},"max":{"x":0.24306795603287568,"y":0.875,"z":0.24306795603287573}},"nodeNames":["cube","cube","cube","cube","cube","cube","root",""],"trimesh":{"vertices":[0.24306795001029968,0.4375,0.24306795001029968,0.24306795001029968,0.4375,0.24306795001029968,0.24306795001029968,-0.4375,0.24306795001029968,-0.24306795001029968,0.4375,-0.24306795001029968,-0.24306795001029968,0.4375,-0.24306795001029968,-0.24306795001029968,-0.4375,-0.24306795001029968,0.24306795001029968,0.4375,0.24306795001029968,0.24306795001029968,0.4375,0.24306795001029968,0.24306795001029968,-0.4375,0.24306795001029968,-0.24306795001029968,-0.4375,-0.24306795001029968,0.24306795001029968,-0.4375,0.24306795001029968,-0.24306795001029968,-0.4375,-0.24306795001029968,-0.24306795001029968,0.4375,-0.24306795001029968,0.24306795001029968,0.4375,0.24306795001029968,0.24306795001029968,-0.4375,0.24306795001029968,0.03499092906713486,-0.0754975825548172,-0.05659051984548569,0.06629525870084763,-0.1615055352449417,-0.07688173651695251,0.028050923720002174,-0.05643007159233093,-0.1481182724237442,0.05935525521636009,-0.14243802428245544,-0.16840948164463043,-0.0600452646613121,-0.08849446475505829,-0.1481182724237442,-0.028740931302309036,-0.1745024174451828,-0.16840948164463043,-0.05310525372624397,-0.10756196826696396,-0.05659051612019539,-0.021800920367240906,-0.19356992840766907,-0.07688172906637192,-0.0600452646613121,-0.08849446475505829,-0.1481182724237442,-0.05310525372624397,-0.10756196826696396,-0.05659051612019539,0.028050923720002174,-0.05643007159233093,-0.1481182724237442,0.03499092906713486,-0.0754975825548172,-0.05659051984548569,-0.021800920367240906,-0.19356992840766907,-0.07688172906637192,-0.028740931302309036,-0.1745024174451828,-0.16840948164463043,0.06629525870084763,-0.1615055352449417,-0.07688173651695251,0.05935525521636009,-0.14243802428245544,-0.16840948164463043,-0.05310525372624397,-0.10756196826696396,-0.05659051612019539,-0.021800920367240906,-0.19356992840766907,-0.07688172906637192,0.03499092906713486,-0.0754975825548172,-0.05659051984548569,0.06629525870084763,-0.1615055352449417,-0.07688173651695251,0.028050923720002174,-0.05643007159233093,-0.1481182724237442,0.05935525521636009,-0.14243802428245544,-0.16840948164463043,-0.0600452646613121,-0.08849446475505829,-0.1481182724237442,-0.028740931302309036,-0.1745024174451828,-0.16840948164463043,0.24306795001029968,0.4375,-0.24306795001029968,0.24306795001029968,0.4375,-0.24306795001029968,0.24306795001029968,-0.4375,-0.24306795001029968,-0.24306795001029968,0.4375,0.24306795001029968,-0.24306795001029968,0.4375,0.24306795001029968,-0.24306795001029968,-0.4375,0.24306795001029968,0.24306795001029968,0.4375,-0.24306795001029968,-0.24306795001029968,0.4375,0.24306795001029968,-0.24306795001029968,-0.4375,0.24306795001029968,0.24306795001029968,-0.4375,-0.24306795001029968,0.24306795001029968,0.4375,-0.24306795001029968,-0.24306795001029968,0.4375,0.24306795001029968,-0.24306795001029968,-0.4375,0.24306795001029968,0.24306795001029968,-0.4375,-0.24306795001029968,0.06629525870084763,-0.08849446475505829,0.12936826050281525,0.03499092534184456,-0.1745024174451828,0.14965946972370148,0.05935525521636009,-0.10756196826696396,0.03784051910042763,0.028050923720002174,-0.19356992840766907,0.058131732046604156,-0.02874092571437359,-0.0754975825548172,0.03784051537513733,-0.060045260936021805,-0.1615055352449417,0.058131732046604156,-0.021800920367240906,-0.05643007159233093,0.12936826050281525,-0.05310525745153427,-0.14243802428245544,0.14965948462486267,-0.02874092571437359,-0.0754975825548172,0.03784051537513733,-0.021800920367240906,-0.05643007159233093,0.12936826050281525,0.05935525521636009,-0.10756196826696396,0.03784051910042763,0.06629525870084763,-0.08849446475505829,0.12936826050281525,-0.05310525745153427,-0.14243802428245544,0.14965948462486267,-0.060045260936021805,-0.1615055352449417,0.058131732046604156,0.03499092534184456,-0.1745024174451828,0.14965946972370148,0.028050923720002174,-0.19356992840766907,0.058131732046604156,-0.021800920367240906,-0.05643007159233093,0.12936826050281525,-0.05310525745153427,-0.14243802428245544,0.14965948462486267,0.06629525870084763,-0.08849446475505829,0.12936826050281525,0.03499092534184456,-0.1745024174451828,0.14965946972370148,0.05935525521636009,-0.10756196826696396,0.03784051910042763,0.028050923720002174,-0.19356992840766907,0.058131732046604156,-0.02874092571437359,-0.0754975825548172,0.03784051537513733,-0.060045260936021805,-0.1615055352449417,0.058131732046604156,0.12232300639152527,0.2042403221130371,0.02886778861284256,0.16444246470928192,0.13537484407424927,0.07653915882110596,0.14688175916671753,0.1633804738521576,-0.05185643956065178,0.18900121748447418,0.09451499581336975,-0.004185076802968979,0.06680753082036972,0.11462515592575073,-0.051539164036512375,0.10892698913812637,0.04575967788696289,-0.003867784747853875,0.04224878177046776,0.15548500418663025,0.029185069724917412,0.08436824381351471,0.08661952614784241,0.07685644924640656,0.06680753082036972,0.11462515592575073,-0.051539164036512375,0.04224878177046776,0.15548500418663025,0.029185069724917412,0.14688175916671753,0.1633804738521576,-0.05185643956065178,0.12232300639152527,0.2042403221130371,0.02886778861284256,0.08436824381351471,0.08661952614784241,0.07685644924640656,0.10892698913812637,0.04575967788696289,-0.003867784747853875,0.16444246470928192,0.13537484407424927,0.07653915882110596,0.18900121748447418,0.09451499581336975,-0.004185076802968979,0.04224878177046776,0.15548500418663025,0.029185069724917412,0.08436824381351471,0.08661952614784241,0.07685644924640656,0.12232300639152527,0.2042403221130371,0.02886778861284256,0.16444246470928192,0.13537484407424927,0.07653915882110596,0.14688175916671753,0.1633804738521576,-0.05185643956065178,0.18900121748447418,0.09451499581336975,-0.004185076802968979,0.06680753082036972,0.11462515592575073,-0.051539164036512375,0.10892698913812637,0.04575967788696289,-0.003867784747853875,-0.06680753082036972,0.11462515592575073,0.051539164036512375,-0.10892698913812637,0.04575967788696289,0.003867784747853875,-0.04224878177046776,0.15548500418663025,-0.029185069724917412,-0.08436824381351471,0.08661952614784241,-0.07685644924640656,-0.12232300639152527,0.2042403221130371,-0.02886778861284256,-0.16444246470928192,0.13537484407424927,-0.07653915882110596,-0.14688175916671753,0.1633804738521576,0.05185643956065178,-0.18900121748447418,0.09451499581336975,0.004185076802968979,-0.12232300639152527,0.2042403221130371,-0.02886778861284256,-0.14688175916671753,0.1633804738521576,0.05185643956065178,-0.04224878177046776,0.15548500418663025,-0.029185069724917412,-0.06680753082036972,0.11462515592575073,0.051539164036512375,-0.18900121748447418,0.09451499581336975,0.004185076802968979,-0.16444246470928192,0.13537484407424927,-0.07653915882110596,-0.10892698913812637,0.04575967788696289,0.003867784747853875,-0.08436824381351471,0.08661952614784241,-0.07685644924640656,-0.14688175916671753,0.1633804738521576,0.05185643956065178,-0.18900121748447418,0.09451499581336975,0.004185076802968979,-0.06680753082036972,0.11462515592575073,0.051539164036512375,-0.10892698913812637,0.04575967788696289,0.003867784747853875,-0.04224878177046776,0.15548500418663025,-0.029185069724917412,-0.08436824381351471,0.08661952614784241,-0.07685644924640656,-0.12232300639152527,0.2042403221130371,-0.02886778861284256,-0.16444246470928192,0.13537484407424927,-0.07653915882110596],