{"schemaVersion":1,"source":{"uri":"models/environment/Tropical/palm-bush.gltf","sha256":"c061d7eaa07c55f895706f21c13c4b092edffddaeb0ddd41377b93882d1e143d"},"animationNames":["idle"],"boundingBox":{"min":{"x":-0.9747350138403098,"y":0,"z":-0.9621750138403101},"max":{"x":0.9747350138403098,"y":1.4268770229731904,"z":0.9621750138403101}},"nodeNames":["cube","cube","cube","bone14","bone13","cube","cube","bone16","bone15","cube","cube","bone18","bone17","cube","cube","bone20","bone19","cube","cube","cube","bone3","bone2","bone","cube","cube","cube","bone12","bone11","bone10","cube","cube","cube","bone9","bone8","bone7","cube","cube","cube","bone6","bone5","bone4","cube","cube","cube","bone23","bone22","bone21","cube","cube","cube","bone26","bone25","bone24","root",""],"trimesh":{"vertices":[0.09375,-0.4009385108947754,0.09375,0.09375,-0.7134385108947754,0.09375,0.09375,-0.4009385108947754,-0.09375,0.09375,-0.7134385108947754,-0.09375,-0.09375,-0.4009385108947754,-0.09375,-0.09375,-0.7134385108947754,-0.09375,-0.09375,-0.4009385108947754,0.09375,-0.09375,-0.7134385108947754,0.09375,-0.09375,-0.4009385108947754,-0.09375,-0.09375,-0.4009385108947754,0.09375,0.09375,-0.4009385108947754,-0.09375,0.09375,-0.4009385108947754,0.09375,-0.09375,-0.7134385108947754,0.09375,-0.09375,-0.7134385108947754,-0.09375,0.09375,-0.7134385108947754,0.09375,0.09375,-0.7134385108947754,-0.09375,-0.09375,-0.4009385108947754,0.09375,-0.09375,-0.7134385108947754,0.09375,0.09375,-0.4009385108947754,0.09375,0.09375,-0.7134385108947754,0.09375,0.09375,-0.4009385108947754,-0.09375,0.09375,-0.7134385108947754,-0.09375,-0.09375,-0.4009385108947754,-0.09375,-0.09375,-0.7134385108947754,-0.09375,0,0.875,-0.34375,0,1.1875,-0.34375,0,1.1875,0.21875,0,0.875,0.21875,0,1.1875,0.21875,0,1.1875,0.21875,0,1.1875,-0.34375,0,1.1875,-0.34375,0,0.875,-0.34375,0,0.875,-0.34375,0,0.875,0.21875,0,0.875,0.21875,0,1.1875,-0.34375,0,1.1875,-0.34375,0,0.875,-0.34375,0,0.875,-0.34375,0,1.1875,0.21875,0,1.1875,0.21875,0,0.875,0.21875,0,0.875,-0.34375,0,1.1875,-0.34375,0,1.1875,0.21875,0,0.875,0.21875,0,1.1875,0.21875,0,1.1875,0.21875,0,1.1875,-0.34375,0,0.875,-0.34375,0,0.875,-0.34375,0,0.875,0.21875,0,1.1875,-0.34375,0,1.1875,-0.34375,0,0.875,-0.34375,0,0.875,0.21875,0,1.1875,-0.21875,0,1.1875,0.34375,0,0.875,0.34375,0,0.875,-0.21875,0,1.1875,-0.21875,0,1.1875,-0.21875,0,1.1875,0.34375,0,1.1875,0.34375,0,0.875,0.34375,0,0.875,0.34375,0,0.875,-0.21875,0,0.875,-0.21875,0,1.1875,0.34375,0,1.1875,0.34375,0,0.875,0.34375,0,0.875,0.34375,0,1.1875,-0.21875,0,1.1875,-0.21875,0,0.875,-0.21875,0,1.1875,-0.21875,0,1.1875,0.34375,0,0.875,0.34375,0,0.875,-0.21875,0,1.1875,-0.21875,0,1.1875,-0.21875,0,1.1875,0.34375,0,0.875,0.34375,0,0.875,0.34375,0,0.875,-0.21875,0,1.1875,0.34375,0,1.1875,0.34375,0,0.875,0.34375,0,0.875,-0.21875,0,1.1875,-0.21875,0,1.1875,0.34375,0,0.875,0.34375,0,0.875,-0.21875,0,1.1875,-0.21875,0,1.1875,-0.21875,0,1.1875,0.34375,0,1.1875,0.34375,0,0.875,0.34375,0,0.875,0.34375,0,0.875,-0.21875,0,0.875,-0.21875,0,1.1875,0.34375,0,1.1875,0.34375,0,0.875,0.34375,0,0.875,0.34375,0,1.1875,-0.21875,0,1.1875,-0.21875,0,0.875,-0.21875,0,1.1875,-0.21875,0,1.1875,0.34375,0,0.875,0.34375,0,0.875,-0.21875,0,1.1875,-0.21875,0,1.1875,-0.21875,0,1.1875,0.34375,0,0.875,0.34375,0,0.875,0.34375,0,0.875,-0.21875,0,1.1875,0.34375,0,1.1875,0.34375,0,0.875,0.34375,0,0.875,-0.21875,0,0.875,0.34375,0,1.1875,0.34375,0,1.1875,-0.21875,0,0.875,-0.21875,0,1.1875,-0.21875,0,1.1875,-0.21875,0,1.1875,0.34375,0,1.1875,0.34375,0,0.875,0.34375,0,0.875,0.34375,0,0.875,-0.21875,0,0.875,-0.21875,0,1.1875,0.34375,0,1.1875,0.34375,0,0.875,0.34375,0,0.875,0.34375,0,1.1875,-0.21875,0,1.1875,-0.21875,0,0.875,-0.21875,0,0.875,0.34375,0,1.1875,0.34375,0,1.1875,-0.21875,0,0.875,-0.21875,0,1.1875,-0.21875,0,1.1875,-0.21875,0,1.1875,0.34375,0,0.875,0.34375,0,0.875,0.34375,0,0.875,-0.21875,0,1.1875,0.34375,0,1.1875,0.34375,0,0.875,0.34375,0,0.875,-0.21875,0,0.3125,0.0625,0,0.9375,0.0625,0.0625,0.9375,0.40625,0.0625,0.3125,0.40625,0.0625,0.9375,-0.28125,0,0.9375,0.0625,0.0625,0.9375,0.40625,0.0625,0.3125,0.40625,0,0.3125,0.0625,0,0.3125,0.0625,0.03125,0.3125,0.40625,0.03125,0.9375,0.40625,0.0625,0.9375,0.40625,0.0625,0.3125,0.40625,0.03125,0.9375,-0.28125,0.0625,0.9375,-0.28125,0.0625,0.3125,-0.28125,0.03125,0.3125,-0.28125,0,0.9375,0.0625,0,0.3125,0.0625,0.0625,0.3125,-0.28125,0.03125,0.9375,-0.28125,0.03125,0.9375,-0.28125,0,0.9375,0.0625,0,0.9375,0.0625,0.03125,0.3125,-0.28125,0.0625,0.3125,-0.28125,0.0625,0.9375,0.40625,0.0625,0.3125,0.40625,0,0.3125,0.0625,0.03125,0.3125,0.40625,0.03125,0.9375,0.40625,0,1.1875,0.0625,0,0.875,0.0625,0.0625,0.875,-0.21875,0.0625,1.1875,-0.21875,0.0625,0.875,0.34375,0,0.875,0.0625,0.0625,0.875,-0.21875,0.03125,1.1875,0.34375,0.0625,1.1875,0.34375,0.0625,0.875,0.34375,0.03125,0.875,0.34375,0,0.875,0.0625,0,1.1875,0.0625,0.0625,1.1875,0.34375,0.03125,0.875,0.34375,0.03125,0.875,0.34375,0.03125,0.875,-0.21875,0.0625,1.1875,-0.21875,0,1.1875,0.0625,0.03125,1.1875,-0.21875,0.0625,0.875,-0.21875,0.0625,1.1875,-0.21875,0.03125,1.1875,-0.21875,0.03125,0.875,-0.21875,0.03125,1.1875,0.34375,0,1.1875,0.0625,0.0625,1.1875,0.34375,0,0.875,0.0625,0,0.875,0.0625,0.0625,0.875,-0.21875,0,1.1875,0.0625,0,1.1875,0.0625,0.03125,1.1875,-0.21875,0.0625,1.1875,0.34375,0.03125,0.875,-0.21875,0,0.875,0.0625,0,1.1875,0.0625,0.0625,1.1875,0.34375,0.0625,0.875,0.34375,0.0625,1.1875,-0.21875,0,1.1875,0.0625,0.0625,1.1875,0.34375,0.03125,1.1875,-0.21875,0,1.1875,0.0625,0,1.1875,0.0625,0.0625,0.875,0.34375,0,0.875,0.0625,0,0.875,0.0625,0.03125,0.875,0.34375,0.03125,1.1875,0.34375,0.0625,1.1875,0.34375,0.0625,0.875,0.34375,0.03125,1.1875,-0.21875,0.0625,1.1875,-0.21875,0.0625,0.875,-0.21875,0.03125,0.875,-0.21875,0.03125,0.875,-0.21875,0.0625,0.875,-0.21875,0,1.1875,0.0625,0,0.875,0.0625,0.0625,0.875,-0.21875,0.03125,1.1875,-0.21875,0.0625,1.1875,0.34375,0.0625,0.875,0.34375,0,0.875,0.0625,0.03125,0.875,0.34375,0.03125,1.1875,0.34375,-0.0625,0.9375,0.40625,0,0.9375,0.0625,0,0.3125,0.0625,-0.0625,0.3125,0.40625,0,0.9375,0.0625,-0.0625,0.9375,-0.28125,-0.0625,0.9375,0.40625,0,0.3125,0.0625,-0.0625,0.3125,0.40625,0,0.3125,0.0625,-0.0625,0.9375,0.40625,-0.03125,0.9375,0.40625,-0.03125,0.3125,0.40625,-0.0625,0.3125,0.40625,-0.0625,0.3125,-0.28125,-0.0625,0.9375,-0.28125,-0.03125,0.9375,-0.28125,-0.03125,0.3125,-0.28125,-0.0625,0.3125,-0.28125,0,0.3125,0.0625,0,0.9375,0.0625,-0.03125,0.9375,-0.28125,0,0.9375,0.0625,-0.03125,0.9375,-0.28125,0,0.9375,0.0625,0,0.3125,0.0625,-0.03125,0.3125,-0.28125,0,0.3125,0.0625,-0.0625,0.3125,-0.28125,0,0.9375,0.0625,0,0.9375,0.0625,-0.0625,0.9375,0.40625,0,0.3125,0.0625,-0.0625,0.3125,0.40625,-0.03125,0.3125,0.40625,-0.03125,0.9375,0.40625,-0.0625,0.875,-0.21875,0,0.875,0.0625,0,1.1875,0.0625,-0.0625,1.1875,-0.21875,0,0.875,0.0625,-0.0625,0.875,0.34375,-0.0625,0.875,-0.21875,-0.0625,0.875,0.34375,-0.0625,1.1875,0.34375,-0.03125,1.1875,0.34375,-0.03125,0.875,0.34375,-0.0625,1.1875,0.34375,0,1.1875,0.0625,0,0.875,0.0625,-0.03125,0.875,0.34375,-0.03125,0.875,0.34375,-0.03125,0.875,-0.21875,0,1.1875,0.0625,-0.0625,1.1875,-0.21875,-0.03125,1.1875,-0.21875,-0.03125,1.1875,-0.21875,-0.0625,1.1875,-0.21875,-0.0625,0.875,-0.21875,-0.03125,0.875,-0.21875,0,1.1875,0.0625,-0.03125,1.1875,0.34375,-0.0625,1.1875,0.34375,0,0.875,0.0625,0,0.875,0.0625,-0.0625,0.875,-0.21875,0,1.1875,0.0625,0,1.1875,0.0625,-0.03125,1.1875,-0.21875,0,1.1875,0.0625,0,1.1875,0.0625,-0.0625,1.1875,0.34375,-0.03125,0.875,-0.21875,-0.0625,1.1875,0.34375,0,1.1875,0.0625,0,0.875,0.0625,-0.0625,0.875,0.34375,0,1.1875,0.0625,-0.0625,1.1875,-0.21875,-0.0625,1.1875,0.34375,0,1.1875,0.0625,-0.03125,1.1875,-0.21875,0,1.1875,0.0625,0,0.875,0.0625,-0.0625,0.875,0.34375,0,0.875,0.0625,-0.0625,1.1875,0.34375,-0.03125,1.1875,0.34375,-0.03125,0.875,0.34375,-0.0625,0.875,0.34375,-0.0625,0.875,-0.21875,-0.0625,1.1875,-0.21875,-0.03125,1.1875,-0.21875,-0.03125,0.875,-0.21875,0,0.875,0.0625,-0.03125,0.875,-0.21875,0,0.875,0.0625,-0.0625,0.875,-0.21875,-0.0625,0.875,