{"schemaVersion":4,"source":{"uri":"models/environment/Plains/mushroom-purple-multiple.gltf","sha256":"d5fb26cabb73c07d8f0152619afd2824fbca60d91a8a78ca562917c570e16f8a"},"animationNames":[],"boundingBox":{"min":{"x":-0.2745455300400024,"y":-0.0007687331473164999,"z":-0.3995455300400024},"max":{"x":0.32454597631612725,"y":0.5625,"z":0.3221265741635968}},"nodeNames":["cube","cube","cube","cube","Purple-Mushroom2",""],"trimesh":{"vertices":[0.09999977797269821,-0.0933656319975853,-0.08629052340984344,0.09999977797269821,0.2816343605518341,-0.08629052340984344,0.09999977797269821,0.2816343605518341,0.16370947659015656,0.09999977797269821,-0.0933656319975853,0.16370947659015656,-0.15000022947788239,-0.0933656319975853,0.16370947659015656,-0.15000022947788239,0.2816343605518341,0.16370947659015656,-0.15000022947788239,0.2816343605518341,-0.08629052340984344,-0.15000022947788239,-0.0933656319975853,-0.08629052340984344,0.09999977797269821,0.2816343605518341,0.16370947659015656,0.09999977797269821,0.2816343605518341,-0.08629052340984344,-0.15000022947788239,0.2816343605518341,-0.08629052340984344,-0.15000022947788239,0.2816343605518341,0.16370947659015656,0.09999977797269821,-0.0933656319975853,-0.08629052340984344,0.09999977797269821,-0.0933656319975853,0.16370947659015656,-0.15000022947788239,-0.0933656319975853,0.16370947659015656,-0.15000022947788239,-0.0933656319975853,-0.08629052340984344,0.09999977797269821,-0.0933656319975853,0.16370947659015656,0.09999977797269821,0.2816343605518341,0.16370947659015656,-0.15000022947788239,0.2816343605518341,0.16370947659015656,-0.15000022947788239,-0.0933656319975853,0.16370947659015656,-0.15000022947788239,-0.0933656319975853,-0.08629052340984344,-0.15000022947788239,0.2816343605518341,-0.08629052340984344,0.09999977797269821,0.2816343605518341,-0.08629052340984344,0.09999977797269821,-0.0933656319975853,-0.08629052340984344,0.006249777041375637,-0.2808656394481659,0.038709476590156555,0.006249777041375637,-0.0933656319975853,0.038709476590156555,-0.05625022202730179,-0.0933656319975853,0.038709476590156555,-0.05625022202730179,-0.2808656394481659,0.038709476590156555,-0.025000223889946938,-0.2808656394481659,0.06995947659015656,-0.025000223889946938,-0.0933656319975853,0.06995947659015656,-0.025000223889946938,-0.0933656319975853,0.007459477987140417,-0.025000223889946938,-0.2808656394481659,0.007459477987140417,-0.12545469403266907,-0.1766989678144455,-0.2891389727592468,-0.12545469403266907,0.0316343680024147,-0.2891389727592468,-0.19715175032615662,0.0316343680024147,-0.18674498796463013,-0.19715175032615662,-0.1766989678144455,-0.18674498796463013,-0.2995457351207733,-0.1766989678144455,-0.2584420442581177,-0.2995457351207733,0.0316343680024147,-0.2584420442581177,-0.22784870862960815,0.0316343680024147,-0.3608360290527344,-0.22784870862960815,-0.1766989678144455,-0.3608360290527344,-0.19715175032615662,0.0316343680024147,-0.18674498796463013,-0.12545469403266907,0.0316343680024147,-0.2891389727592468,-0.22784870862960815,0.0316343680024147,-0.3608360290527344,-0.2995457351207733,0.0316343680024147,-0.2584420442581177,-0.12545469403266907,-0.1766989678144455,-0.2891389727592468,-0.19715175032615662,-0.1766989678144455,-0.18674498796463013,-0.2995457351207733,-0.1766989678144455,-0.2584420442581177,-0.22784870862960815,-0.1766989678144455,-0.3608360290527344,-0.19715175032615662,-0.1766989678144455,-0.18674498796463013,-0.19715175032615662,0.0316343680024147,-0.18674498796463013,-0.2995457351207733,0.0316343680024147,-0.2584420442581177,-0.2995457351207733,-0.1766989678144455,-0.2584420442581177,-0.22784870862960815,-0.1766989678144455,-0.3608360290527344,-0.22784870862960815,0.0316343680024147,-0.3608360290527344,-0.12545469403266907,0.0316343680024147,-0.2891389727592468,-0.12545469403266907,-0.1766989678144455,-0.2891389727592468,-0.1997009813785553,-0.2808656394481659,-0.2648283839225769,-0.1997009813785553,-0.1766989678144455,-0.2648283839225769,-0.22529947757720947,-0.1766989678144455,-0.2827526330947876,-0.22529947757720947,-0.2808656394481659,-0.2827526330947876,-0.22146235406398773,-0.2808656394481659,-0.26099124550819397,-0.22146235406398773,-0.1766989678144455,-0.26099124550819397,-0.20353810489177704,-0.1766989678144455,-0.28658977150917053,-0.20353810489177704,-0.2808656394481659,-0.28658977150917053,0.2874997854232788,-0.1802206188440323,-0.2759999930858612,0.2874997854232788,0.02779362164437771,-0.28752613067626953,0.2874997854232788,0.034709297120571136,-0.16271761059761047,0.2874997854232788,-0.173304945230484,-0.15119147300720215,0.16249977052211761,-0.173304945230484,-0.15119147300720215,0.16249977052211761,0.034709297120571136,-0.16271761059761047,0.16249977052211761,0.02779362164437771,-0.28752613067626953,0.16249977052211761,-0.1802206188440323,-0.2759999930858612,0.2874997854232788,0.034709297120571136,-0.16271761059761047,0.2874997854232788,0.02779362164437771,-0.28752613067626953,0.16249977052211761,0.02779362164437771,-0.28752613067626953,0.16249977052211761,0.034709297120571136,-0.16271761059761047,0.2874997854232788,-0.1802206188440323,-0.2759999930858612,0.2874997854232788,-0.173304945230484,-0.15119147300720215,0.16249977052211761,-0.173304945230484,-0.15119147300720215,0.16249977052211761,-0.1802206188440323,-0.2759999930858612,0.2874997854232788,-0.173304945230484,-0.15119147300720215,0.2874997854232788,0.034709297120571136,-0.16271761059761047,0.16249977052211761,0.034709297120571136,-0.16271761059761047,0.16249977052211761,-0.173304945230484,-0.15119147300720215,0.16249977052211761,-0.1802206188440323,-0.2759999930858612,0.16249977052211761,0.02779362164437771,-0.28752613067626953,0.2874997854232788,0.02779362164437771,-0.28752613067626953,0.2874997854232788,-0.1802206188440323,-0.2759999930858612,0.24062477052211761,-0.2807699143886566,-0.2078326791524887,0.24062477052211761,-0.17676278948783875,-0.21359576284885406,0.20937477052211761,-0.17676278948783875,-0.21359576284885406,0.20937477052211761,-0.2807699143886566,-0.2078326791524887,0.22499977052211761,-0.27990543842315674,-0.19223161041736603,0.22499977052211761,-0.17589832842350006,-0.1979946792125702,0.22499977052211761,-0.17762725055217743,-0.22919683158397675,0.22499977052211761,-0.2816343605518341,-0.2234337478876114,0.2995457649230957,-0.17413532733917236,0.3338225483894348,0.2995457649230957,0.033878929913043976,0.3222964107990265,0.17750874161720276,0.03537575155496597,0.3493099510669708,0.17750874161720276,-0.17263850569725037,0.36083605885505676,0.15045379102230072,-0.17939025163650513,0.23898597061634064,0.15045379102230072,0.028623996302485466,0.2274598330259323,0.27249079942703247,0.02712717466056347,0.20044632256031036,0.27249079942703247,-0.18088707327842712,0.2119724452495575,0.17750874161720276,0.03537575155496597,0.3493099510669708,0.2995457649230957,0.033878929913043976,0.3222964107990265,0.27249079942703247,0.02712717466056347,0.20044632256031036,0.15045379102230072,0.028623996302485466,0.2274598330259323,0.2995457649230957,-0.17413532733917236,0.3338225483894348,0.17750874161720276,-0.17263850569725037,0.36083605885505676,0.15045379102230072,-0.17939025163650513,0.23898597061634064,0.27249079942703247,-0.18088707327842712,0.2119724452495575,0.17750874161720276,-0.17263850569725037,0.36083605885505676,0.17750874161720276,0.03537575155496597,0.3493099510669708,0.15045379102230072,0.028623996302485466,0.2274598330259323,0.15045379102230072,-0.17939025163650513,0.23898597061634064,0.27249079942703247,-0.18088707327842712,0.2119724452495575,0.27249079942703247,0.02712717466056347,0.20044632256031036,0.2995457649230957,0.033878929913043976,0.3222964107990265,0.2995457649230957,-0.17413532733917236,0.3338225483894348,0.22838164865970612,-0.2799259424209595,0.30739858746528625,0.22838164865970612,-0.1759188175201416,0.3016355335712433,0.2216179072856903,-0.1776067465543747,0.27117300033569336,0.2216179072856903,-0.28161388635635376,0.27693605422973633,0.2097451388835907,-0.28058281540870667,