{"schemaVersion":2,"source":{"uri":"models/environment/Essentials/sleeping-bag-green.gltf","sha256":"d3db9e9b70449ff2811649d1b7a06b0d1ccc207d710131f7676d9e50ff0c15a0"},"animationNames":[],"boundingBox":{"min":{"x":-0.4000000059604645,"y":-7.450580569168253e-10,"z":-1.149999988079071},"max":{"x":0.4000000059604645,"y":0.10000000074505806,"z":0.49999998807907103}},"nodeNames":["cube","root",""],"trimesh":{"vertices":[0.4000000059604645,0.05000000074505806,0.824999988079071,0.4000000059604645,-0.05000000074505806,0.824999988079071,0.4000000059604645,0.05000000074505806,-0.824999988079071,0.4000000059604645,-0.05000000074505806,-0.824999988079071,-0.4000000059604645,0.05000000074505806,-0.824999988079071,-0.4000000059604645,-0.05000000074505806,-0.824999988079071,-0.4000000059604645,0.05000000074505806,0.824999988079071,-0.4000000059604645,-0.05000000074505806,0.824999988079071,-0.4000000059604645,0.05000000074505806,-0.824999988079071,-0.4000000059604645,0.05000000074505806,0.824999988079071,0.4000000059604645,0.05000000074505806,-0.824999988079071,0.4000000059604645,0.05000000074505806,0.824999988079071,-0.4000000059604645,-0.05000000074505806,0.824999988079071,-0.4000000059604645,-0.05000000074505806,-0.824999988079071,0.4000000059604645,-0.05000000074505806,0.824999988079071,0.4000000059604645,-0.05000000074505806,-0.824999988079071,-0.4000000059604645,0.05000000074505806,0.824999988079071,-0.4000000059604645,-0.05000000074505806,0.824999988079071,0.4000000059604645,0.05000000074505806,0.824999988079071,0.4000000059604645,-0.05000000074505806,0.824999988079071,0.4000000059604645,0.05000000074505806,-0.824999988079071,0.4000000059604645,-0.05000000074505806,-0.824999988079071,-0.4000000059604645,0.05000000074505806,-0.824999988079071,-0.4000000059604645,-0.05000000074505806,-0.824999988079071],"indices":[0,1,2,1,3,2,4,5,6,5,7,6,8,9,10,9,11,10,12,13,14,13,15,14,16,17,18,17,19,18,20,21,22,21,23,22]}}