{"schemaVersion":4,"source":{"uri":"models/vehicles/paddle.gltf","sha256":"8bf1379bdbced1bafe1cbe42a01cbce02ae7fe5c246f897226d655a0590efb69"},"animationNames":[],"boundingBox":{"min":{"x":-0.0859375,"y":-5.960464455334602e-9,"z":-0.03437500074505806},"max":{"x":0.0859375,"y":1.8562500059604643,"z":0.03437500074505806}},"nodeNames":["cube","cube","cube","paddle"],"trimesh":{"vertices":[0.03437500074505806,0.653124988079071,0.01718750037252903,0.03437500074505806,-0.653124988079071,0.01718750037252903,0.03437500074505806,0.653124988079071,-0.01718750037252903,0.03437500074505806,-0.653124988079071,-0.01718750037252903,-0.03437500074505806,0.653124988079071,-0.01718750037252903,-0.03437500074505806,-0.653124988079071,-0.01718750037252903,-0.03437500074505806,0.653124988079071,0.01718750037252903,-0.03437500074505806,-0.653124988079071,0.01718750037252903,-0.03437500074505806,0.653124988079071,-0.01718750037252903,-0.03437500074505806,0.653124988079071,0.01718750037252903,0.03437500074505806,0.653124988079071,-0.01718750037252903,0.03437500074505806,0.653124988079071,0.01718750037252903,-0.03437500074505806,-0.653124988079071,0.01718750037252903,-0.03437500074505806,-0.653124988079071,-0.01718750037252903,0.03437500074505806,-0.653124988079071,0.01718750037252903,0.03437500074505806,-0.653124988079071,-0.01718750037252903,-0.03437500074505806,0.653124988079071,0.01718750037252903,-0.03437500074505806,-0.653124988079071,0.01718750037252903,0.03437500074505806,0.653124988079071,0.01718750037252903,0.03437500074505806,-0.653124988079071,0.01718750037252903,0.03437500074505806,0.653124988079071,-0.01718750037252903,0.03437500074505806,-0.653124988079071,-0.01718750037252903,-0.03437500074505806,0.653124988079071,-0.01718750037252903,-0.03437500074505806,-0.653124988079071,-0.01718750037252903,0.0859375,0.9281249642372131,0.03437500074505806,0.0859375,0.653124988079071,0.03437500074505806,0.0859375,0.9281249642372131,-0.03437500074505806,0.0859375,0.653124988079071,-0.03437500074505806,-0.0859375,0.9281249642372131,-0.03437500074505806,-0.0859375,0.653124988079071,-0.03437500074505806,-0.0859375,0.9281249642372131,0.03437500074505806,-0.0859375,0.653124988079071,0.03437500074505806,-0.0859375,0.9281249642372131,-0.03437500074505806,-0.0859375,0.9281249642372131,0.03437500074505806,0.0859375,0.9281249642372131,-0.03437500074505806,0.0859375,0.9281249642372131,0.03437500074505806,-0.0859375,0.653124988079071,0.03437500074505806,-0.0859375,0.653124988079071,-0.03437500074505806,0.0859375,0.653124988079071,0.03437500074505806,0.0859375,0.653124988079071,-0.03437500074505806,-0.0859375,0.9281249642372131,0.03437500074505806,-0.0859375,0.653124988079071,0.03437500074505806,0.0859375,0.9281249642372131,0.03437500074505806,0.0859375,0.653124988079071,0.03437500074505806,0.0859375,0.9281249642372131,-0.03437500074505806,0.0859375,0.653124988079071,-0.03437500074505806,-0.0859375,0.9281249642372131,-0.03437500074505806,-0.0859375,0.653124988079071,-0.03437500074505806,0.0859375,-0.653124988079071,0.03437500074505806,0.0859375,-0.9281250238418579,0.03437500074505806,0.0859375,-0.653124988079071,-0.03437500074505806,0.0859375,-0.9281250238418579,-0.03437500074505806,-0.0859375,-0.653124988079071,-0.03437500074505806,-0.0859375,-0.9281250238418579,-0.03437500074505806,-0.0859375,-0.653124988079071,0.03437500074505806,-0.0859375,-0.9281250238418579,0.03437500074505806,-0.0859375,-0.653124988079071,-0.03437500074505806,-0.0859375,-0.653124988079071,0.03437500074505806,0.0859375,-0.653124988079071,-0.03437500074505806,0.0859375,-0.653124988079071,0.03437500074505806,-0.0859375,-0.9281250238418579,0.03437500074505806,-0.0859375,-0.9281250238418579,-0.03437500074505806,0.0859375,-0.9281250238418579,0.03437500074505806,0.0859375,-0.9281250238418579,-0.03437500074505806,-0.0859375,-0.653124988079071,0.03437500074505806,-0.0859375,-0.9281250238418579,0.03437500074505806,0.0859375,-0.653124988079071,0.03437500074505806,0.0859375,-0.9281250238418579,0.03437500074505806,0.0859375,-0.653124988079071,-0.03437500074505806,0.0859375,-0.9281250238418579,-0.03437500074505806,-0.0859375,-0.653124988079071,-0.03437500074505806,-0.0859375,-0.9281250238418579,-0.03437500074505806],"indices":[0,1,2,1,3,2,4,5,6,5,7,6,8,9,10,9,11,10,12,13,14,13,15,14,16,17,18,17,19,18,20,21,22,21,23,22,24,25,26,25,27,26,28,29,30,29,31,30,32,33,34,33,35,34,36,37,38,37,39,38,40,41,42,41,43,42,44,45,46,45,47,46,48,49,50,49,51,50,52,53,54,53,55,54,56,57,58,57,59,58,60,61,62,61,63,62,64,65,66,65,67,66,68,69,70,69,71,70]},"optimizedModelData":{"":{"meshCount":1},"-named-nodes":{"meshCount":3},"-no-animations":{"meshCount":1}}}