{"schemaVersion":1,"source":{"uri":"models/environment/House/sign-hanging-wood.gltf","sha256":"5c874019eacbb7af8e16b2bc6e6538613b92f908f875e0d393c6c041fa1d057b"},"animationNames":[],"boundingBox":{"min":{"x":-0.39374999403953553,"y":0.17499998807907113,"z":0.409374999627471},"max":{"x":0.39375,"y":0.9624999999999999,"z":0.496875}},"nodeNames":["cube","cube","cube","root2",""],"trimesh":{"vertices":[0.39375001192092896,5.9604645663569045e-9,0.04374999925494194,0.39375001192092896,-0.39375001192092896,0.04374999925494194,0.39375001192092896,5.9604645663569045e-9,-0.04374999925494194,0.39375001192092896,-0.39375001192092896,-0.04374999925494194,-0.39375001192092896,5.9604645663569045e-9,-0.04374999925494194,-0.39375001192092896,-0.39375001192092896,-0.04374999925494194,-0.39375001192092896,5.9604645663569045e-9,0.04374999925494194,-0.39375001192092896,-0.39375001192092896,0.04374999925494194,-0.39375001192092896,5.9604645663569045e-9,-0.04374999925494194,-0.39375001192092896,5.9604645663569045e-9,0.04374999925494194,0.39375001192092896,5.9604645663569045e-9,-0.04374999925494194,0.39375001192092896,5.9604645663569045e-9,0.04374999925494194,-0.39375001192092896,-0.39375001192092896,0.04374999925494194,-0.39375001192092896,-0.39375001192092896,-0.04374999925494194,0.39375001192092896,-0.39375001192092896,0.04374999925494194,0.39375001192092896,-0.39375001192092896,-0.04374999925494194,-0.39375001192092896,5.9604645663569045e-9,0.04374999925494194,-0.39375001192092896,-0.39375001192092896,0.04374999925494194,0.39375001192092896,5.9604645663569045e-9,0.04374999925494194,0.39375001192092896,-0.39375001192092896,0.04374999925494194,0.39375001192092896,5.9604645663569045e-9,-0.04374999925494194,0.39375001192092896,-0.39375001192092896,-0.04374999925494194,-0.39375001192092896,5.9604645663569045e-9,-0.04374999925494194,-0.39375001192092896,-0.39375001192092896,-0.04374999925494194,0.39375001192092896,0.3937499523162842,-2.7939677238464355e-9,0.39375001192092896,0.3937499523162842,-2.7939677238464355e-9,0.39375001192092896,5.9604645663569045e-9,-2.7939677238464355e-9,-0.39375001192092896,0.3937499523162842,-2.7939677238464355e-9,-0.39375001192092896,0.3937499523162842,-2.7939677238464355e-9,-0.39375001192092896,5.9604645663569045e-9,-2.7939677238464355e-9,0.39375001192092896,0.3937499523162842,-2.7939677238464355e-9,-0.39375001192092896,0.3937499523162842,-2.7939677238464355e-9,0.39375001192092896,0.3937499523162842,-2.7939677238464355e-9,0.39375001192092896,5.9604645663569045e-9,-2.7939677238464355e-9,-0.39375001192092896,5.9604645663569045e-9,-2.7939677238464355e-9,0.39375001192092896,5.9604645663569045e-9,-2.7939677238464355e-9,-0.39375001192092896,5.9604645663569045e-9,-2.7939677238464355e-9,-0.39375001192092896,0.3937499523162842,-2.7939677238464355e-9,0.39375001192092896,0.3937499523162842,-2.7939677238464355e-9,0.39375001192092896,5.9604645663569045e-9,-2.7939677238464355e-9,0.04374999552965164,0.3937499523162842,0.04374999925494194,0.04374999552965164,0.30625003576278687,0.04374999925494194,0.04374999552965164,0.3937499523162842,-0.04374999925494194,0.04374999552965164,0.30625003576278687,-0.04374999925494194,-0.04375000298023224,0.3937499523162842,-0.04374999925494194,-0.04375000298023224,0.30625003576278687,-0.04374999925494194,-0.04375000298023224,0.3937499523162842,0.04374999925494194,-0.04375000298023224,0.30625003576278687,0.04374999925494194,-0.04375000298023224,0.3937499523162842,-0.04374999925494194,-0.04375000298023224,0.3937499523162842,0.04374999925494194,0.04374999552965164,0.3937499523162842,-0.04374999925494194,0.04374999552965164,0.3937499523162842,0.04374999925494194,-0.04375000298023224,0.30625003576278687,0.04374999925494194,-0.04375000298023224,0.30625003576278687,-0.04374999925494194,0.04374999552965164,0.30625003576278687,0.04374999925494194,0.04374999552965164,0.30625003576278687,-0.04374999925494194,-0.04375000298023224,0.3937499523162842,0.04374999925494194,-0.04375000298023224,0.30625003576278687,0.04374999925494194,0.04374999552965164,0.3937499523162842,0.04374999925494194,0.04374999552965164,0.30625003576278687,0.04374999925494194,0.04374999552965164,0.3937499523162842,-0.04374999925494194,0.04374999552965164,0.30625003576278687,-0.04374999925494194,-0.04375000298023224,0.3937499523162842,-0.04374999925494194,-0.04375000298023224,0.30625003576278687,-0.04374999925494194],"indices":[0,1,2,1,3,2,4,5,6,5,7,6,8,9,10,9,11,10,12,13,14,13,15,14,16,17,18,17,19,18,20,21,22,21,23,22,24,25,26,24,26,26,27,28,29,27,29,29,30,31,32,30,32,31,33,34,35,33,35,34,36,37,38,36,38,39,40,41,42,41,43,42,44,45,46,45,47,46,48,49,50,49,51,50,52,53,54,53,55,54,56,57,58,57,59,58,60,61,62,61,63,62]}}