{"schemaVersion":4,"source":{"uri":"models/environment/Plains/grass-wild-clump.gltf","sha256":"8fbfd1bc73a179a2f2468a2fae3d96ced302bbfb9e98952e4ecaebff6f55c842"},"animationNames":["idle"],"boundingBox":{"min":{"x":-0.3959901769569677,"y":-0.001199085271450742,"z":-0.40557386818576385},"max":{"x":0.39593353271758747,"y":0.7500918609046936,"z":0.40563039423938024}},"nodeNames":["5a132e86-2183-45d2-2b66-69d69bb71b1c","cd6cbe4d-d1dc-48eb-d904-b340f8d91967","ae2dcdf7-f132-901b-b051-e8ee4fa8320b","e01157b8-a94f-4d3d-3975-43f8b38ea51c","5e948ca2-25fc-175a-1947-8f946d4abb83","53ad9735-ba32-9a38-029d-dc9a75ac7d93","wild-grass-clump","wild-grass-clump","bone2","wild-grass-clump","bone3","wild-grass-clump","wild-grass-clump","bone6","bone5","wild-grass-clump","wild-grass-clump","bone8","bone7","wild-grass-clump","wild-grass-clump","bone4","bone9","bone","wild-grass-clump","wild-grass-clump","bone11","bone10","root",""],"trimesh":{"vertices":[0.2500283122062683,0.3184393346309662,0.2245420515537262,0.2500283122062683,-0.3744702935218811,-0.06247052177786827,0.2500283122062683,0.3184632658958435,0.22448430955410004,0.2500283122062683,-0.37444639205932617,-0.06252826005220413,-0.2499716728925705,0.3184632658958435,0.22448430955410004,-0.2499716728925705,-0.37444639205932617,-0.06252826005220413,-0.2499716728925705,0.3184393346309662,0.2245420515537262,-0.2499716728925705,-0.3744702935218811,-0.06247052177786827,-0.2499716728925705,0.3184632658958435,0.22448430955410004,-0.2499716728925705,0.3184393346309662,0.2245420515537262,0.2500283122062683,0.3184632658958435,0.22448430955410004,0.2500283122062683,0.3184393346309662,0.2245420515537262,-0.2499716728925705,-0.3744702935218811,-0.06247052177786827,-0.2499716728925705,-0.37444639205932617,-0.06252826005220413,0.2500283122062683,-0.3744702935218811,-0.06247052177786827,0.2500283122062683,-0.37444639205932617,-0.06252826005220413,-0.2499716728925705,0.3184393346309662,0.2245420515537262,-0.2499716728925705,-0.3744702935218811,-0.06247052177786827,0.2500283122062683,0.3184393346309662,0.2245420515537262,0.2500283122062683,-0.3744702935218811,-0.06247052177786827,0.2500283122062683,0.3184632658958435,0.22448430955410004,0.2500283122062683,-0.37444639205932617,-0.06252826005220413,-0.2499716728925705,0.3184632658958435,0.22448430955410004,-0.2499716728925705,-0.37444639205932617,-0.06252826005220413,0.25,0.3251081109046936,0.16028624773025513,0.25,-0.4248918890953064,0.16028624773025513,0.25,0.3251081109046936,0.16022375226020813,0.25,-0.4248918890953064,0.16022375226020813,-0.25,0.3251081109046936,0.16022375226020813,-0.25,-0.4248918890953064,0.16022375226020813,-0.25,0.3251081109046936,0.16028624773025513,-0.25,-0.4248918890953064,0.16028624773025513,-0.25,0.3251081109046936,0.16022375226020813,-0.25,0.3251081109046936,0.16028624773025513,0.25,0.3251081109046936,0.16022375226020813,0.25,0.3251081109046936,0.16028624773025513,-0.25,-0.4248918890953064,0.16028624773025513,-0.25,-0.4248918890953064,0.16022375226020813,0.25,-0.4248918890953064,0.16028624773025513,0.25,-0.4248918890953064,0.16022375226020813,-0.25,0.3251081109046936,0.16028624773025513,-0.25,-0.4248918890953064,0.16028624773025513,0.25,0.3251081109046936,0.16028624773025513,0.25,-0.4248918890953064,0.16028624773025513,0.25,0.3251081109046936,0.16022375226020813,0.25,-0.4248918890953064,0.16022375226020813,-0.25,0.3251081109046936,0.16022375226020813,-0.25,-0.4248918890953064,0.16022375226020813,0.25,0.3251081109046936,0.16028624773025513,0.25,-0.4248918890953064,0.16028624773025513,0.25,0.3251081109046936,0.16022375226020813,0.25,-0.4248918890953064,0.16022375226020813,-0.25,0.3251081109046936,0.16022375226020813,-0.25,-0.4248918890953064,0.16022375226020813,-0.25,0.3251081109046936,0.16028624773025513,-0.25,-0.4248918890953064,0.16028624773025513,-0.25,0.3251081109046936,0.16022375226020813,-0.25,0.3251081109046936,0.16028624773025513,0.25,0.3251081109046936,0.16022375226020813,0.25,0.3251081109046936,0.16028624773025513,-0.25,-0.4248918890953064,0.16028624773025513,-0.25,-0.4248918890953064,0.16022375226020813,0.25,-0.4248918890953064,0.16028624773025513,0.25,-0.4248918890953064,0.16022375226020813,-0.25,0.3251081109046936,0.16028624773025513,-0.25,-0.4248918890953064,0.16028624773025513,0.25,0.3251081109046936,0.16028624773025513,0.25,-0.4248918890953064,0.16028624773025513,0.25,0.3251081109046936,0.16022375226020813,0.25,-0.4248918890953064,0.16022375226020813,-0.25,0.3251081109046936,0.16022375226020813,-0.25,-0.4248918890953064,0.16022375226020813,0.3125,0.375,0.0000625000029685907,0.3125,0,0.0000625000029685907,0.3125,0.375,0,0.3125,0,0,-0.1875,0.375,0,-0.1875,0,0,-0.1875,0.375,0.0000625000029685907,-0.1875,0,0.0000625000029685907,-0.1875,0.375,0,-0.1875,0.375,0.0000625000029685907,0.3125,0.375,0,0.3125,0.375,0.0000625000029685907,-0.1875,0,0.0000625000029685907,-0.1875,0,0,0.3125,0,0.0000625000029685907,0.3125,0,0,-0.1875,0.375,0.0000625000029685907,-0.1875,0,0.0000625000029685907,0.3125,0.375,0.0000625000029685907,0.3125,0,0.0000625000029685907,0.3125,0.375,0,0.3125,0,0,-0.1875,0.375,0,-0.1875,0,0,0.25,0,0.0000625000029685907,0.25,-0.25,0.0000625000029685907,0.25,0,0,0.25,-0.25,0,-0.25,0,0,-0.25,-0.25,0,-0.25,0,0.0000625000029685907,-0.25,-0.25,0.0000625000029685907,-0.25,0,0,-0.25,0,0.0000625000029685907,0.25,0,0,0.25,0,0.0000625000029685907,-0.25,-0.25,0.0000625000029685907,-0.25,-0.25,0,0.25,-0.25,0.0000625000029685907,0.25,-0.25,0,-0.25,0,0.0000625000029685907,-0.25,-0.25,0.0000625000029685907,0.25,0,0.0000625000029685907,0.25,-0.25,0.0000625000029685907,0.25,0,0,0.25,-0.25,0,-0.25,0,0,-0.25,-0.25,0,0.25,0.05878687649965286,-0.10396812856197357,0.25,-0.31621313095092773,-0.10396812856197357,0.25,0.05878687649965286,-0.10403062403202057,0.25,-0.31621313095092773,-0.10403062403202057,-0.25,0.05878687649965286,-0.10403062403202057,-0.25,-0.31621313095092773,-0.10403062403202057,-0.25,0.05878687649965286,-0.10396812856197357,-0.25,-0.31621313095092773,-0.10396812856197357,-0.25,0.05878687649965286,-0.10403062403202057,-0.25,0.05878687649965286,-0.10396812856197357,0.25,0.05878687649965286,-0.10403062403202057,0.25,0.05878687649965286,-0.10396812856197357,-0.25,-0.31621313095092773,-0.10396812856197357,-0.25,-0.31621313095092773,-0.10403062403202057,0.25,-0.31621313095092773,-0.10396812856197357,0.25,-0.31621313095092773,-0.10403062403202057,-0.25,0.05878687649965286,-0.10396812856197357,-0.25,-0.31621313095092773,-0.10396812856197357,0.25,0.05878687649965286,-0.10396812856197357,0.25,-0.31621313095092773,-0.10396812856197357,0.25,0.05878687649965286,-0.10403062403202057,0.25,-0.31621313095092773,-0.10403062403202057,-0.25,0.05878687649965286,-0.10403062403202057,-0.25,-0.31621313095092773,-0.10403062403202057,0.25,0.32992374897003174,-0.08877687156200409,0.25,0.07992374897003174,-0.08877687156200409,0.25,0.32992374897003174,-0.08883937448263168,0.25,0.07992374897003174,-0.08883937448263168,-0.25,0.32992374897003174,-0.08883937448263168,-0.25,0.07992374897003174,-0.08883937448263168,-0.25,0.32992374897003174,-0.08877687156200409,-0.25,0.07992374897003174,-0.08877687156200409,-0.25,0.32992374897003174,-0.08883937448263168,-0.25,0.32992374897003174,-0.08877687156200409,0.25,0.32992374897003174,-0.08883937448263168,0.25,0.32992374897003174,-0.08877687156200409,-0.25,0.07992374897003174,-0.08877687156200409,-0.25,0.07992374897003174,-0.08883937448263168,0.25,0.07992374897003174,-0.08877687156200409,0.25,0.07992374897003174,-0.08883937448263168,-0.25,0.32992374897003174,-0.08877687156200409,-0.25,0.07992374897003174,-0.08877687156200409,0.25,0.32992374897003174,-0.08877687156200409,0.25,0.07992374897003174,-0.08877687156200409,0.25,0.32992374897003174,-0.08883937448263168,0.25,0.07992374897003174,-0.08883937448263168,-0.25,0.32992374897003174,-0.08883937448263168,-0.25,0.07992374897003174,-0.08883937448263168,0.25,0.38085561990737915,0.004898750223219395,0.25,0.005855625029653311,0.004898750223219395,0.25,0.38085561990737915,0.0048362500965595245,