{"schemaVersion":4,"source":{"uri":"models/items/name-tag.gltf","sha256":"70672df4c38896a74c8af6cc58bee71d30a10a932111a3c8bc1a587b6d643469"},"animationNames":[],"boundingBox":{"min":{"x":-0.25,"y":0,"z":-0.125},"max":{"x":0.1875,"y":0.75,"z":0}},"nodeNames":["cube","cube",""],"trimesh":{"vertices":[0.21875,0.1875,0.00006249919533729553,0.21875,-0.375,0.00006249919533729553,0.21875,0.1875,0,0.21875,-0.375,0,-0.21875,0.1875,0,-0.21875,-0.375,0,-0.21875,0.1875,0.00006249919533729553,-0.21875,-0.375,0.00006249919533729553,-0.21875,0.1875,0,-0.21875,0.1875,0.00006249919533729553,0.21875,0.1875,0,0.21875,0.1875,0.00006249919533729553,-0.21875,-0.375,0.00006249919533729553,-0.21875,-0.375,0,0.21875,-0.375,0.00006249919533729553,0.21875,-0.375,0,-0.21875,0.1875,0.00006249919533729553,-0.21875,-0.375,0.00006249919533729553,0.21875,0.1875,0.00006249919533729553,0.21875,-0.375,0.00006249919533729553,0.21875,0.1875,0,0.21875,-0.375,0,-0.21875,0.1875,0,-0.21875,-0.375,0,0.03125,0.375,0.0625,0.03125,0.125,0.0625,0.03125,0.375,-0.0625,0.03125,0.125,-0.0625,-0.15625,0.375,-0.0625,-0.15625,0.125,-0.0625,-0.15625,0.375,0.0625,-0.15625,0.125,0.0625,-0.15625,0.375,-0.0625,-0.15625,0.375,0.0625,0.03125,0.375,-0.0625,0.03125,0.375,0.0625,-0.15625,0.125,0.0625,-0.15625,0.125,-0.0625,0.03125,0.125,0.0625,0.03125,0.125,-0.0625,-0.15625,0.375,0.0625,-0.15625,0.125,0.0625,0.03125,0.375,0.0625,0.03125,0.125,0.0625,0.03125,0.375,-0.0625,0.03125,0.125,-0.0625,-0.15625,0.375,-0.0625,-0.15625,0.125,-0.0625],"indices":[0,1,2,1,3,2,4,5,6,5,7,6,8,9,10,9,11,10,12,13,14,13,15,14,16,17,18,17,19,18,20,21,22,21,23,22,24,25,26,25,27,26,28,29,30,29,31,30,32,33,34,33,35,34,36,37,38,37,39,38,40,41,42,41,43,42,44,45,46,45,47,46]},"optimizedModelData":{"":{"meshCount":1},"-named-nodes":{"meshCount":2},"-no-animations":{"meshCount":1}}}