{"schemaVersion":4,"source":{"uri":"models/environment/Desert/pot-plant.gltf","sha256":"d73fb694075bde2138373e644901adce0ae0ef4efe45cab49c0be940e4d4a999"},"animationNames":["idle"],"boundingBox":{"min":{"x":-0.7317590896318823,"y":0,"z":-0.7213679773888982},"max":{"x":0.7140676820588712,"y":1.1091080637456296,"z":0.6780685127142732}},"nodeNames":["cube","cube","cube","cube","cube","cube","cube","cube","bone2","bone","cube","cube","bone10","bone9","cube","cube","bone4","bone3","cube","cube","bone6","bone5","cube","cube","bone12","bone11","cube","cube","bone8","bone7","root",""],"trimesh":{"vertices":[0.16509570181369781,-0.4920540452003479,0.17789973318576813,0.16509570181369781,-0.5545540452003479,0.17789973318576813,0.16509570181369781,-0.4920540452003479,-0.13460026681423187,0.16509570181369781,-0.5545540452003479,-0.13460026681423187,-0.14740429818630219,-0.4920540452003479,-0.13460026681423187,-0.14740429818630219,-0.5545540452003479,-0.13460026681423187,-0.14740429818630219,-0.4920540452003479,0.17789973318576813,-0.14740429818630219,-0.5545540452003479,0.17789973318576813,-0.14740429818630219,-0.4920540452003479,-0.13460026681423187,-0.14740429818630219,-0.4920540452003479,0.17789973318576813,0.16509570181369781,-0.4920540452003479,-0.13460026681423187,0.16509570181369781,-0.4920540452003479,0.17789973318576813,-0.14740429818630219,-0.5545540452003479,0.17789973318576813,-0.14740429818630219,-0.5545540452003479,-0.13460026681423187,0.16509570181369781,-0.5545540452003479,0.17789973318576813,0.16509570181369781,-0.5545540452003479,-0.13460026681423187,-0.14740429818630219,-0.4920540452003479,0.17789973318576813,-0.14740429818630219,-0.5545540452003479,0.17789973318576813,0.16509570181369781,-0.4920540452003479,0.17789973318576813,0.16509570181369781,-0.5545540452003479,0.17789973318576813,0.16509570181369781,-0.4920540452003479,-0.13460026681423187,0.16509570181369781,-0.5545540452003479,-0.13460026681423187,-0.14740429818630219,-0.4920540452003479,-0.13460026681423187,-0.14740429818630219,-0.5545540452003479,-0.13460026681423187,0.19634570181369781,-0.2108040302991867,0.20914973318576813,0.19634570181369781,-0.4920540452003479,0.20914973318576813,0.19634570181369781,-0.2108040302991867,-0.16585026681423187,0.19634570181369781,-0.4920540452003479,-0.16585026681423187,-0.17865429818630219,-0.2108040302991867,-0.16585026681423187,-0.17865429818630219,-0.4920540452003479,-0.16585026681423187,-0.17865429818630219,-0.2108040302991867,0.20914973318576813,-0.17865429818630219,-0.4920540452003479,0.20914973318576813,-0.17865429818630219,-0.2108040302991867,-0.16585026681423187,-0.17865429818630219,-0.2108040302991867,0.20914973318576813,0.19634570181369781,-0.2108040302991867,-0.16585026681423187,0.19634570181369781,-0.2108040302991867,0.20914973318576813,-0.17865429818630219,-0.4920540452003479,0.20914973318576813,-0.17865429818630219,-0.4920540452003479,-0.16585026681423187,0.19634570181369781,-0.4920540452003479,0.20914973318576813,0.19634570181369781,-0.4920540452003479,-0.16585026681423187,-0.17865429818630219,-0.2108040302991867,0.20914973318576813,-0.17865429818630219,-0.4920540452003479,0.20914973318576813,0.19634570181369781,-0.2108040302991867,0.20914973318576813,0.19634570181369781,-0.4920540452003479,0.20914973318576813,0.19634570181369781,-0.2108040302991867,-0.16585026681423187,0.19634570181369781,-0.4920540452003479,-0.16585026681423187,-0.17865429818630219,-0.2108040302991867,-0.16585026681423187,-0.17865429818630219,-0.4920540452003479,-0.16585026681423187,0.16509570181369781,-0.1795540302991867,0.17789973318576813,0.16509570181369781,-0.2108040302991867,0.17789973318576813,0.16509570181369781,-0.1795540302991867,-0.13460026681423187,0.16509570181369781,-0.2108040302991867,-0.13460026681423187,-0.14740429818630219,-0.1795540302991867,-0.13460026681423187,-0.14740429818630219,-0.2108040302991867,-0.13460026681423187,-0.14740429818630219,-0.1795540302991867,0.17789973318576813,-0.14740429818630219,-0.2108040302991867,0.17789973318576813,-0.14740429818630219,-0.1795540302991867,-0.13460026681423187,-0.14740429818630219,-0.1795540302991867,0.17789973318576813,0.16509570181369781,-0.1795540302991867,-0.13460026681423187,0.16509570181369781,-0.1795540302991867,0.17789973318576813,-0.14740429818630219,-0.2108040302991867,0.17789973318576813,-0.14740429818630219,-0.2108040302991867,-0.13460026681423187,0.16509570181369781,-0.2108040302991867,0.17789973318576813,0.16509570181369781,-0.2108040302991867,-0.13460026681423187,-0.14740429818630219,-0.1795540302991867,0.17789973318576813,-0.14740429818630219,-0.2108040302991867,0.17789973318576813,0.16509570181369781,-0.1795540302991867,0.17789973318576813,0.16509570181369781,-0.2108040302991867,0.17789973318576813,0.16509570181369781,-0.1795540302991867,-0.13460026681423187,0.16509570181369781,-0.2108040302991867,-0.13460026681423187,-0.14740429818630219,-0.1795540302991867,-0.13460026681423187,-0.14740429818630219,-0.2108040302991867,-0.13460026681423187,0.19634570181369781,-0.1170540302991867,0.20914973318576813,0.19634570181369781,-0.1795540302991867,0.20914973318576813,0.19634570181369781,-0.1170540302991867,-0.16585026681423187,0.19634570181369781,-0.1795540302991867,-0.16585026681423187,-0.17865429818630219,-0.1170540302991867,-0.16585026681423187,-0.17865429818630219,-0.1795540302991867,-0.16585026681423187,-0.17865429818630219,-0.1170540302991867,0.20914973318576813,-0.17865429818630219,-0.1795540302991867,0.20914973318576813,-0.17865429818630219,-0.1170540302991867,-0.16585026681423187,-0.17865429818630219,-0.1170540302991867,0.20914973318576813,0.19634570181369781,-0.1170540302991867,-0.16585026681423187,0.19634570181369781,-0.1170540302991867,0.20914973318576813,-0.17865429818630219,-0.1795540302991867,0.20914973318576813,-0.17865429818630219,-0.1795540302991867,-0.16585026681423187,0.19634570181369781,-0.1795540302991867,0.20914973318576813,0.19634570181369781,-0.1795540302991867,-0.16585026681423187,-0.17865429818630219,-0.1170540302991867,0.20914973318576813,-0.17865429818630219,-0.1795540302991867,0.20914973318576813,0.19634570181369781,-0.1170540302991867,0.20914973318576813,0.19634570181369781,-0.1795540302991867,0.20914973318576813,0.19634570181369781,-0.1170540302991867,-0.16585026681423187,0.19634570181369781,-0.1795540302991867,-0.16585026681423187,-0.17865429818630219,-0.1170540302991867,-0.16585026681423187,-0.17865429818630219,-0.1795540302991867,-0.16585026681423187,0.04009570553898811,-0.05455403029918671,0.05289973318576813,0.04009570553898811,-0.1170540302991867,0.05289973318576813,0.04009570553898811,-0.05455403029918671,-0.009600267745554447,0.04009570553898811,-0.1170540302991867,-0.009600267745554447,-0.022404296323657036,-0.05455403029918671,-0.009600267745554447,-0.022404296323657036,-0.1170540302991867,-0.009600267745554447,-0.022404296323657036,-0.05455403029918671,0.05289973318576813,-0.022404296323657036,-0.1170540302991867,0.05289973318576813,-0.022404296323657036,-0.05455403029918671,-0.009600267745554447,-0.022404296323657036,-0.05455403029918671,0.05289973318576813,0.04009570553898811,-0.05455403029918671,-0.009600267745554447,0.04009570553898811,-0.05455403029918671,0.05289973318576813,-0.022404296323657036,-0.1170540302991867,0.05289973318576813,-0.022404296323657036,-0.1170540302991867,-0.009600267745554447,0.04009570553898811,-0.1170540302991867,0.05289973318576813,0.04009570553898811,-0.1170540302991867,-0.009600267745554447,-0.022404296323657036,-0.05455403029918671,0.05289973318576813,-0.022404296323657036,-0.1170540302991867,0.05289973318576813,0.04009570553898811,-0.05455403029918671,0.05289973318576813,0.04009570553898811,-0.1170540302991867,0.05289973318576813,0.04009570553898811,-0.05455403029918671,-0.009600267745554447,0.04009570553898811,-0.1170540302991867,-0.009600267745554447,-0.022404296323657036,-0.05455403029918671,-0.009600267745554447,-0.022404296323657036,-0.1170540302991867,-0.009600267745554447,-0.058230750262737274,