{"schemaVersion":4,"source":{"uri":"models/environment/Farm/pumpkin-stage2.gltf","sha256":"8bd06f4b06e1ec3274af713361ca8bdbb46b7c27f4a7ace9325a5a9beafa8d61"},"animationNames":[],"boundingBox":{"min":{"x":-0.6213799486324474,"y":0,"z":-0.3464548246917325},"max":{"x":0.6838799486324474,"y":0.75,"z":0.6553041742217901}},"nodeNames":["cube","cube","cube","cube","cube","cube","root",""],"trimesh":{"vertices":[-0.23537878692150116,-0.02991393581032753,-0.34192466735839844,-0.21658466756343842,0.029693374410271645,-0.34192466735839844,-0.23537878692150116,-0.02991393581032753,0.033075325191020966,-0.21658466756343842,0.029693374410271645,0.033075325191020966,-0.6526299715042114,0.1016448512673378,0.033075325191020966,-0.6338358521461487,0.16125215590000153,0.033075325191020966,-0.6526299715042114,0.1016448512673378,-0.34192466735839844,-0.6338358521461487,0.16125215590000153,-0.34192466735839844,-0.6526299715042114,0.1016448512673378,0.033075325191020966,-0.6526299715042114,0.1016448512673378,-0.34192466735839844,-0.23537878692150116,-0.02991393581032753,0.033075325191020966,-0.23537878692150116,-0.02991393581032753,-0.34192466735839844,-0.6338358521461487,0.16125215590000153,-0.34192466735839844,-0.6338358521461487,0.16125215590000153,0.033075325191020966,-0.21658466756343842,0.029693374410271645,-0.34192466735839844,-0.21658466756343842,0.029693374410271645,0.033075325191020966,-0.6526299715042114,0.1016448512673378,-0.34192466735839844,-0.6338358521461487,0.16125215590000153,-0.34192466735839844,-0.23537878692150116,-0.02991393581032753,-0.34192466735839844,-0.21658466756343842,0.029693374410271645,-0.34192466735839844,-0.23537878692150116,-0.02991393581032753,0.033075325191020966,-0.21658466756343842,0.029693374410271645,0.033075325191020966,-0.6526299715042114,0.1016448512673378,0.033075325191020966,-0.6338358521461487,0.16125215590000153,0.033075325191020966,0.3437499701976776,0.3750000298023224,-0.15442466735839844,0.34375,-0.375,-0.15442466735839844,-0.40625,0.375,-0.15442466735839844,-0.40625,-0.375,-0.15442466735839844,0.3437499701976776,0.3750000298023224,-0.15442466735839844,-0.40625,0.375,-0.15442466735839844,0.3437499701976776,0.3750000298023224,-0.15442466735839844,0.34375,-0.375,-0.15442466735839844,-0.40625,-0.375,-0.15442466735839844,0.34375,-0.375,-0.15442466735839844,-0.40625,-0.375,-0.15442466735839844,-0.40625,0.375,-0.15442466735839844,0.3437499701976776,0.3750000298023224,-0.15442466735839844,0.34375,-0.375,-0.15442466735839844,0.3437499701976776,0.3750000298023224,-0.17004966735839844,0.34375,0.0624999925494194,-0.17004966735839844,0.0312500037252903,0.375,-0.17004966735839844,0.0312500074505806,0.0625,-0.17004966735839844,0.3437499701976776,0.3750000298023224,-0.17004966735839844,0.0312500037252903,0.375,-0.17004966735839844,0.3437499701976776,0.3750000298023224,-0.17004966735839844,0.34375,0.0624999925494194,-0.17004966735839844,0.0312500074505806,0.0625,-0.17004966735839844,0.34375,0.0624999925494194,-0.17004966735839844,0.0312500074505806,0.0625,-0.17004966735839844,0.0312500037252903,0.375,-0.17004966735839844,0.3437499701976776,0.3750000298023224,-0.17004966735839844,0.34375,0.0624999925494194,-0.17004966735839844,0.6526299715042114,-0.023355156183242798,-0.34192466735839844,0.6338357925415039,0.03625216707587242,-0.34192466735839844,0.6526299715042114,-0.023355156183242798,0.033075325191020966,0.6338357925415039,0.03625216707587242,0.033075325191020966,0.23537880182266235,-0.15491394698619843,0.033075325191020966,0.21658466756343842,-0.0953066274523735,0.033075325191020966,0.23537880182266235,-0.15491394698619843,-0.34192466735839844,0.21658466756343842,-0.0953066274523735,-0.34192466735839844,0.23537880182266235,-0.15491394698619843,0.033075325191020966,0.23537880182266235,-0.15491394698619843,-0.34192466735839844,0.6526299715042114,-0.023355156183242798,0.033075325191020966,0.6526299715042114,-0.023355156183242798,-0.34192466735839844,0.21658466756343842,-0.0953066274523735,-0.34192466735839844,0.21658466756343842,-0.0953066274523735,0.033075325191020966,0.6338357925415039,0.03625216707587242,-0.34192466735839844,0.6338357925415039,0.03625216707587242,0.033075325191020966,0.23537880182266235,-0.15491394698619843,-0.34192466735839844,0.21658466756343842,-0.0953066274523735,-0.34192466735839844,0.6526299715042114,-0.023355156183242798,-0.34192466735839844,0.6338357925415039,0.03625216707587242,-0.34192466735839844,0.6526299715042114,-0.023355156183242798,0.033075325191020966,0.6338357925415039,0.03625216707587242,0.033075325191020966,0.23537880182266235,-0.15491394698619843,0.033075325191020966,0.21658466756343842,-0.0953066274523735,0.033075325191020966,0.11225628852844238,0.375,0.1920301616191864,0.11225628107786179,-0.375,0.1920301616191864,-0.17475628852844238,0.375,-0.5008795261383057,-0.17475628852844238,-0.375,-0.5008795261383057,0.11225628852844238,0.375,0.1920301616191864,-0.17475628852844238,0.375,-0.5008795261383057,0.11225628852844238,0.375,0.1920301616191864,0.11225628107786179,-0.375,0.1920301616191864,-0.17475628852844238,-0.375,-0.5008795261383057,0.11225628107786179,-0.375,0.1920301616191864,-0.17475628852844238,-0.375,-0.5008795261383057,-0.17475628852844238,0.375,-0.5008795261383057,0.11225628852844238,0.375,0.1920301616191864,0.11225628107786179,-0.375,0.1920301616191864,-0.1399296224117279,0.1418209969997406,0.09688442200422287,-0.14105866849422455,0.2039766013622284,0.09043028205633163,0.20841708779335022,0.1337549388408661,-0.04173200577497482,0.20728804171085358,0.19591054320335388,-0.04818614572286606,0.37021690607070923,0.17864418029785156,0.3622630834579468,0.3690878450870514,0.24079978466033936,0.35580897331237793,0.021870195865631104,0.1867102086544037,0.5008795261383057,0.02074115350842476,0.24886584281921387,0.49442535638809204,0.37021690607070923,0.17864418029785156,0.3622630834579468,0.021870195865631104,0.1867102086544037,0.5008795261383057,0.20841708779335022,0.1337549388408661,-0.04173200577497482,-0.1399296224117279,0.1418209969997406,0.09688442200422287,0.02074115350842476,0.24886584281921387,0.49442535638809204,0.3690878450870514,0.24079978466033936,0.35580897331237793,-0.14105866849422455,0.2039766013622284,0.09043028205633163,0.20728804171085358,0.19591054320335388,-0.04818614572286606,0.021870195865631104,0.1867102086544037,0.5008795261383057,0.02074115350842476,0.24886584281921387,0.49442535638809204,-0.1399296224117279,0.1418209969997406,0.09688442200422287,-0.14105866849422455,0.2039766013622284,0.09043028205633163,0.20841708779335022,0.1337549388408661,-0.04173200577497482,0.20728804171085358,0.19591054320335388,-0.04818614572286606,0.37021690607070923,0.17864418029785156,0.3622630834579468,0.3690878450870514,0.24079978466033936,0.35580897331237793],"indices":[0,1,2,1,3,2,4,5,6,5,7,6,8,9,10,9,11,10,12,13,14,13,15,14,16,17,18,17,19,18,20,21,22,21,23,22,24,24,25,24,25,25,26,26,27,26,27,27,28,29,30,28,30,29,31,32,33,31,33,32,34,35,36,34,36,37,38,38,39,38,39,39,40,40,41,40,41,41,42,43,44,42,44,43,45,46,47,45,47,46,48,49,50,48,50,51,52,53,54,53,55,54,56,57,58,57,59,58,60,61,62,61,63,62,64,65,66,65,67,66,68,69,70,69,71,70,72,73,74,73,75,74,76,76,77,76,77,77,78,78,79,78,79,79,80,81,82,80,82,81,83,84,85,83,85,84,86,87,88,86,88,89,90,91,92,91,93,92,94,95,96,95,97,96,98,99,100,99,101,100,102,103,104,103,105,104,106,107,108,107,109,108,110,111,112,111,113,112]},"optimizedModelData":{"":{"meshCount":1},"-named-nodes":{"meshCount":6},"-no-animations":{"meshCount":1}}}