{"schemaVersion":4,"source":{"uri":"models/environment/Farm/corn/corn-stage2.gltf","sha256":"cab9555652768d5b75d6d53aab41fb4328c67f066d85278d354871ce34d7e798"},"animationNames":[],"boundingBox":{"min":{"x":-0.3875210561357156,"y":0,"z":-0.27294964191469506},"max":{"x":0.2937710561357156,"y":0.875,"z":0.22607464191469506}},"nodeNames":["cube","cube","cube","cube","root",""],"trimesh":{"vertices":[0.20155461132526398,0.4375,-0.13124211132526398,0.20155461132526398,-0.4375,-0.13124211132526398,-0.10780461132526398,0.4375,0.17811711132526398,-0.10780461132526398,-0.4375,0.17811711132526398,-0.10780461132526398,0.4375,0.17811711132526398,0.20155461132526398,0.4375,-0.13124211132526398,-0.10780461132526398,0.4375,0.17811711132526398,-0.10780461132526398,-0.4375,0.17811711132526398,0.20155461132526398,-0.4375,-0.13124211132526398,-0.10780461132526398,-0.4375,0.17811711132526398,0.20155461132526398,0.4375,-0.13124211132526398,-0.10780461132526398,0.4375,0.17811711132526398,-0.10780461132526398,-0.4375,0.17811711132526398,0.20155461132526398,-0.4375,-0.13124211132526398,0.20155461132526398,0.4375,0.17811711132526398,0.20155461132526398,-0.4375,0.17811711132526398,-0.10780461132526398,0.4375,-0.13124211132526398,-0.10780461132526398,-0.4375,-0.13124211132526398,0.20155461132526398,0.4375,0.17811711132526398,-0.10780461132526398,0.4375,-0.13124211132526398,0.20155461132526398,0.4375,0.17811711132526398,0.20155461132526398,-0.4375,0.17811711132526398,-0.10780461132526398,-0.4375,-0.13124211132526398,0.20155461132526398,-0.4375,0.17811711132526398,-0.10780461132526398,-0.4375,-0.13124211132526398,-0.10780461132526398,0.4375,-0.13124211132526398,0.20155461132526398,0.4375,0.17811711132526398,0.20155461132526398,-0.4375,0.17811711132526398,-0.048149529844522476,0.06769120693206787,0.10888714343309402,-0.23688147962093353,-0.14343072474002838,-0.023264389485120773,0.059396058320999146,0.06769120693206787,-0.04470386728644371,-0.1293358951807022,-0.14343072474002838,-0.1768554002046585,-0.04436852037906647,0.2059307098388672,-0.11736060678958893,-0.23310045897960663,-0.005191221833229065,-0.24951213598251343,-0.1519141048192978,0.2059307098388672,0.03623039647936821,-0.34064605832099915,-0.005191221833229065,-0.09592114388942719,-0.04436852037906647,0.2059307098388672,-0.11736060678958893,-0.1519141048192978,0.2059307098388672,0.03623039647936821,0.059396058320999146,0.06769120693206787,-0.04470386728644371,-0.048149529844522476,0.06769120693206787,0.10888714343309402,-0.34064605832099915,-0.005191221833229065,-0.09592114388942719,-0.23310045897960663,-0.005191221833229065,-0.24951213598251343,-0.23688147962093353,-0.14343072474002838,-0.023264389485120773,-0.1293358951807022,-0.14343072474002838,-0.1768554002046585,-0.1519141048192978,0.2059307098388672,0.03623039647936821,-0.34064605832099915,-0.005191221833229065,-0.09592114388942719,-0.048149529844522476,0.06769120693206787,0.10888714343309402,-0.23688147962093353,-0.14343072474002838,-0.023264389485120773,0.059396058320999146,0.06769120693206787,-0.04470386728644371,-0.1293358951807022,-0.14343072474002838,-0.1768554002046585,-0.04436852037906647,0.2059307098388672,-0.11736060678958893,-0.23310045897960663,-0.005191221833229065,-0.24951213598251343,0.04436852037906647,0.4246807098388672,0.11736060678958893,0.23310047388076782,0.21355879306793213,0.24951213598251343,0.1519141048192978,0.4246807098388672,-0.03623040020465851,0.34064605832099915,0.21355879306793213,0.09592113643884659,0.04814952611923218,0.28644120693206787,-0.10888714343309402,0.23688147962093353,0.07531929016113281,0.023264393210411072,-0.05939605087041855,0.28644120693206787,0.04470386356115341,0.1293358951807022,0.07531929016113281,0.1768554002046585,0.04814952611923218,0.28644120693206787,-0.10888714343309402,-0.05939605087041855,0.28644120693206787,0.04470386356115341,0.1519141048192978,0.4246807098388672,-0.03623040020465851,0.04436852037906647,0.4246807098388672,0.11736060678958893,0.1293358951807022,0.07531929016113281,0.1768554002046585,0.23688147962093353,0.07531929016113281,0.023264393210411072,0.23310047388076782,0.21355879306793213,0.24951213598251343,0.34064605832099915,0.21355879306793213,0.09592113643884659,-0.05939605087041855,0.28644120693206787,0.04470386356115341,0.1293358951807022,0.07531929016113281,0.1768554002046585,0.04436852037906647,0.4246807098388672,0.11736060678958893,0.23310047388076782,0.21355879306793213,0.24951213598251343,0.1519141048192978,0.4246807098388672,-0.03623040020465851,0.34064605832099915,0.21355879306793213,0.09592113643884659,0.04814952611923218,0.28644120693206787,-0.10888714343309402,0.23688147962093353,0.07531929016113281,0.023264393210411072],"indices":[0,0,1,0,1,1,2,2,3,2,3,3,4,5,5,4,5,6,7,8,8,7,8,9,10,11,12,10,12,13,14,14,15,14,15,15,16,16,17,16,17,17,18,19,20,18,20,19,21,22,23,21,23,22,24,25,26,24,26,27,28,29,30,29,31,30,32,33,34,33,35,34,36,37,38,37,39,38,40,41,42,41,43,42,44,45,46,45,47,46,48,49,50,49,51,50,52,53,54,53,55,54,56,57,58,57,59,58,60,61,62,61,63,62,64,65,66,65,67,66,68,69,70,69,71,70,72,73,74,73,75,74]},"optimizedModelData":{"":{"meshCount":1},"-named-nodes":{"meshCount":4},"-no-animations":{"meshCount":1}}}