{"schemaVersion":4,"source":{"uri":"models/eggs/epic/geminic-egg.gltf","sha256":"c7b5f26e77c7782461c21869440bb67989b842279572ffd6aa29b4b58afa1d9c"},"animationNames":[],"boundingBox":{"min":{"x":-0.53125,"y":-0.009374999999999994,"z":-0.4375},"max":{"x":0.53125,"y":0.875,"z":0.4375}},"nodeNames":["cube","cube","cube","cube","cube","cube","group2","cube","cube","cube","group"],"trimesh":{"vertices":[0.09375,-0.06718750298023224,-0.3125,0.09375,-0.31718748807907104,-0.3125,0.09375,-0.06718750298023224,-0.4375,0.09375,-0.31718748807907104,-0.4375,-0.09375,-0.06718750298023224,-0.4375,-0.09375,-0.31718748807907104,-0.4375,-0.09375,-0.06718750298023224,-0.3125,-0.09375,-0.31718748807907104,-0.3125,-0.09375,-0.06718750298023224,-0.4375,-0.09375,-0.06718750298023224,-0.3125,0.09375,-0.06718750298023224,-0.4375,0.09375,-0.06718750298023224,-0.3125,-0.09375,-0.31718748807907104,-0.3125,-0.09375,-0.31718748807907104,-0.4375,0.09375,-0.31718748807907104,-0.3125,0.09375,-0.31718748807907104,-0.4375,-0.09375,-0.06718750298023224,-0.3125,-0.09375,-0.31718748807907104,-0.3125,0.09375,-0.06718750298023224,-0.3125,0.09375,-0.31718748807907104,-0.3125,0.09375,-0.06718750298023224,-0.4375,0.09375,-0.31718748807907104,-0.4375,-0.09375,-0.06718750298023224,-0.4375,-0.09375,-0.31718748807907104,-0.4375,0.09375,-0.06718750298023224,0.4375,0.09375,-0.31718748807907104,0.4375,0.09375,-0.06718750298023224,0.3125,0.09375,-0.31718748807907104,0.3125,-0.09375,-0.06718750298023224,0.3125,-0.09375,-0.31718748807907104,0.3125,-0.09375,-0.06718750298023224,0.4375,-0.09375,-0.31718748807907104,0.4375,-0.09375,-0.06718750298023224,0.3125,-0.09375,-0.06718750298023224,0.4375,0.09375,-0.06718750298023224,0.3125,0.09375,-0.06718750298023224,0.4375,-0.09375,-0.31718748807907104,0.4375,-0.09375,-0.31718748807907104,0.3125,0.09375,-0.31718748807907104,0.4375,0.09375,-0.31718748807907104,0.3125,-0.09375,-0.06718750298023224,0.4375,-0.09375,-0.31718748807907104,0.4375,0.09375,-0.06718750298023224,0.4375,0.09375,-0.31718748807907104,0.4375,0.09375,-0.06718750298023224,0.3125,0.09375,-0.31718748807907104,0.3125,-0.09375,-0.06718750298023224,0.3125,-0.09375,-0.31718748807907104,0.3125,-0.09375,0.05781250074505806,-0.375,-0.09375,0.05781250074505806,-0.375,-0.09375,-0.44218748807907104,-0.375,-0.53125,0.05781250074505806,-0.375,-0.53125,0.05781250074505806,-0.375,-0.53125,-0.44218748807907104,-0.375,-0.09375,0.05781250074505806,-0.375,-0.53125,0.05781250074505806,-0.375,-0.09375,0.05781250074505806,-0.375,-0.09375,-0.44218748807907104,-0.375,-0.53125,-0.44218748807907104,-0.375,-0.09375,-0.44218748807907104,-0.375,-0.53125,-0.44218748807907104,-0.375,-0.53125,0.05781250074505806,-0.375,-0.09375,0.05781250074505806,-0.375,-0.09375,-0.44218748807907104,-0.375,0.53125,0.05781250074505806,-0.375,0.53125,0.05781250074505806,-0.375,0.53125,-0.44218748807907104,-0.375,0.09375,0.05781250074505806,-0.375,0.09375,0.05781250074505806,-0.375,0.09375,-0.44218748807907104,-0.375,0.53125,0.05781250074505806,-0.375,0.09375,0.05781250074505806,-0.375,0.53125,0.05781250074505806,-0.375,0.53125,-0.44218748807907104,-0.375,0.09375,-0.44218748807907104,-0.375,0.53125,-0.44218748807907104,-0.375,0.09375,-0.44218748807907104,-0.375,0.09375,0.05781250074505806,-0.375,0.53125,0.05781250074505806,-0.375,0.53125,-0.44218748807907104,-0.375,-0.09375,0.05781250074505806,0.375,-0.09375,0.05781250074505806,0.375,-0.09375,-0.44218748807907104,0.375,-0.53125,0.05781250074505806,0.375,-0.53125,0.05781250074505806,0.375,-0.53125,-0.44218748807907104,0.375,-0.09375,0.05781250074505806,0.375,-0.53125,0.05781250074505806,0.375,-0.09375,0.05781250074505806,0.375,-0.09375,-0.44218748807907104,0.375,-0.53125,-0.44218748807907104,0.375,-0.09375,-0.44218748807907104,0.375,-0.53125,-0.44218748807907104,0.375,-0.53125,0.05781250074505806,0.375,-0.09375,0.05781250074505806,0.375,-0.09375,-0.44218748807907104,0.375,0.53125,0.05781250074505806,0.375,0.53125,0.05781250074505806,0.375,0.53125,-0.44218748807907104,0.375,0.09375,0.05781250074505806,0.375,0.09375,0.05781250074505806,0.375,0.09375,-0.44218748807907104,0.375,0.53125,0.05781250074505806,0.375,0.09375,0.05781250074505806,0.375,0.53125,0.05781250074505806,0.375,0.53125,-0.44218748807907104,0.375,0.09375,-0.44218748807907104,0.375,0.53125,-0.44218748807907104,0.375,0.09375,-0.44218748807907104,0.375,0.09375,0.05781250074505806,0.375,0.53125,0.05781250074505806,0.375,0.53125,-0.44218748807907104,0.375,0.28125,0.44218748807907104,-0.28125,0.3125,0.44218748807907104,0,0.3125,0.19218750298023224,0,0.3125,0.19218750298023224,-0.3125,-0.3125,0.19218750298023224,-0.3125,-0.3125,0.19218750298023224,0,-0.3125,0.44218748807907104,0,-0.28125,0.44218748807907104,-0.28125,-0.28125,0.44218748807907104,-0.28125,-0.3125,0.44218748807907104,0,0,0.44218748807907104,0,0,0.44218748807907104,-0.3125,0,0.19218750298023224,-0.3125,0,0.19218750298023224,0,-0.3125,0.19218750298023224,0,-0.3125,0.19218750298023224,-0.3125,-0.3125,0.19218750298023224,0.3125,0,0.19218750298023224,0.3125,0,0.44218748807907104,0.3125,-0.28125,0.44218748807907104,0.28125,-0.28125,0.44218748807907104,-0.28125,0,0.44218748807907104,-0.3125,0,0.19218750298023224,-0.3125,-0.3125,0.19218750298023224,-0.3125,0.3125,0.44218748807907104,0,0.28125,0.44218748807907104,-0.28125,0.28125,0.44218748807907104,0.28125,0,0.44218748807907104,0.3125,0,0.19218750298023224,0.3125,0.3125,0.19218750298023224,0.3125,0.3125,0.19218750298023224,-0.3125,0.3125,0.19218750298023224,0,0.3125,0.19218750298023224,-0.3125,0,0.19218750298023224,-0.3125,0,0.44218748807907104,-0.3125,0.28125,0.44218748807907104,-0.28125,-0.28125,0.44218748807907104,0.28125,-0.3125,0.44218748807907104,0,-0.3125,0.19218750298023224,0,-0.3125,0.19218750298023224,0.3125,-0.3125,0.19218750298023224,0.3125,0,0.19218750298023224,0.3125,0.3125,0.19218750298023224,0.3125,0.3125,0.19218750298023224,0.3125,0.3125,0.19218750298023224,0,0.3125,0.44218748807907104,0,0.28125,0.44218748807907104,0.28125,0.28125,0.44218748807907104,0.28125,0,0.44218748807907104,0.3125,-0.28125,0.44218748807907104,0.28125,0.359375,-0.30781251192092896,-0.359375,0.375,-0.05781250074505806,-0.375,0.375,-0.05781250074505806,0.375,0.359375,-0.30781251192092896,0.359375,-0.359375,-0.30781251192092896,0.359375,-0.375,-0.05781250074505806,0.375,-0.375,-0.05781250074505806,-0.375,-0.359375,-0.30781251192092896,-0.359375,0.34375,0.19218750298023224,0.34375,0.34375,0.19218750298023224,-0.34375,-0.34375,0.19218750298023224,-0.34375,-0.34375,0.19218750298023224,0.34375,0.359375,-0.30781251192092896,-0.359375,0.359375,-0.30781251192092896,0.359375,-0.359375,-0.30781251192092896,0.359375,-0.359375,-0.30781251192092896,-0.359375,0.359375,-0.30781251192092896,0.359375,0.375,-0.05781250074505806,0.375,-0.375,-0.05781250074505806,0.375,-0.359375,-0.30781251192092896,0.359375,-0.359375,-0.30781251192092896,-0.359375,-0.375,-0.05781250074505806,-0.375,0.375,-0.05781250074505806,-0.375,0.359375,-0.30781251192092896,-0.359375,-0.34375,0.19218750298023224,-0.34375,-0.375,-0.05781250074505806,-0.375,-0.375,-0.05781250074505806,0.375,-0.34375,0.19218750298023224,0.34375,-0.34375,0.19218750298023224,0.34375,-0.375,-0.05781250074505806,0.375,0.375,-0.05781250074505806,0.375,0.34375,0.19218750298023224,0.34375,0.34375,0.19218750298023224,0.34375,0.375,-0.05781250074505806,0.375,0.375,-0.05781250074505806,-0.375,0.34375,0.19218750298023224,-0.34375,0.34375,0.19218750298023224,-0.34375,0.375,-0.05781250074505806,-0.375,-0.375,-0.05781250074505806,-0.375,-0.34375,0.19218750298023224,-0.34375,0.3125,-0.43281251192092896,-0.3125,0.34375,-0.30781251192092896,-0.34375,0.34375,-0.30781251192092896,0.34375,0.3125,-0.43281251192092896,0.3125,-0.3125,-0.43281251192092896,0.3125,-0.34375,-0.30781251192092896,0.34375,-0.34375,-0.30781251192092896,-0.34375,-0.3125,-0.43281251192092896,-0.3125,0.34375,-0.30781251192092896,0.34375,0.34375,-0.30781251192092896,-0.34375,-0.34375,-0.30781251192092896,-0.34375,-0.34375,-0.30781251192092896,0.34375,0.3125,