{"schemaVersion":4,"source":{"uri":"models/environment/Tropical/shell-starfish-group.gltf","sha256":"0d458bab00b844dff6441e9ba5c75e24994d6ae9d1dea6b63143daaee8104b43"},"animationNames":[],"boundingBox":{"min":{"x":-0.5,"y":0.0015624999999999944,"z":-0.48459939204618185},"max":{"x":0.4681615788407405,"y":0.2826815425661826,"z":0.5011564206957513}},"nodeNames":["cube","cube","cube","cube","cube","cube","cube","cube","cube","cube","cube","cube","root",""],"trimesh":{"vertices":[0.20085960626602173,0.10944047570228577,0.035699956119060516,0.20085960626602173,-0.14055952429771423,0.035699956119060516,0.09520503878593445,0.10944047570228577,-0.19087699055671692,0.09520503878593445,-0.14055952429771423,-0.19087699055671692,-0.07472766935825348,0.10944047570228577,-0.11163606494665146,-0.07472766935825348,-0.14055952429771423,-0.11163606494665146,0.030926896259188652,0.10944047570228577,0.11494088172912598,0.030926896259188652,-0.14055952429771423,0.11494088172912598,-0.07472766935825348,0.10944047570228577,-0.11163606494665146,0.030926896259188652,0.10944047570228577,0.11494088172912598,0.09520503878593445,0.10944047570228577,-0.19087699055671692,0.20085960626602173,0.10944047570228577,0.035699956119060516,0.030926896259188652,-0.14055952429771423,0.11494088172912598,-0.07472766935825348,-0.14055952429771423,-0.11163606494665146,0.20085960626602173,-0.14055952429771423,0.035699956119060516,0.09520503878593445,-0.14055952429771423,-0.19087699055671692,0.030926896259188652,0.10944047570228577,0.11494088172912598,0.030926896259188652,-0.14055952429771423,0.11494088172912598,0.20085960626602173,0.10944047570228577,0.035699956119060516,0.20085960626602173,-0.14055952429771423,0.035699956119060516,0.09520503878593445,0.10944047570228577,-0.19087699055671692,0.09520503878593445,-0.14055952429771423,-0.19087699055671692,-0.07472766935825348,0.10944047570228577,-0.11163606494665146,-0.07472766935825348,-0.14055952429771423,-0.11163606494665146,0.48408079147338867,0.10944047570228577,-0.09636825323104858,0.48408079147338867,-0.14055952429771423,-0.09636825323104858,0.29918530583381653,0.10944047570228577,-0.49287790060043335,0.29918530583381653,-0.14055952429771423,-0.49287790060043335,0.015964116901159286,0.10944047570228577,-0.36080971360206604,0.015964116901159286,-0.14055952429771423,-0.36080971360206604,0.20085960626602173,0.10944047570228577,0.035699956119060516,0.20085960626602173,-0.14055952429771423,0.035699956119060516,0.015964116901159286,0.10944047570228577,-0.36080971360206604,0.20085960626602173,0.10944047570228577,0.035699956119060516,0.29918530583381653,0.10944047570228577,-0.49287790060043335,0.48408079147338867,0.10944047570228577,-0.09636825323104858,0.20085960626602173,-0.14055952429771423,0.035699956119060516,0.015964116901159286,-0.14055952429771423,-0.36080971360206604,0.48408079147338867,-0.14055952429771423,-0.09636825323104858,0.29918530583381653,-0.14055952429771423,-0.49287790060043335,0.20085960626602173,0.10944047570228577,0.035699956119060516,0.20085960626602173,-0.14055952429771423,0.035699956119060516,0.48408079147338867,0.10944047570228577,-0.09636825323104858,0.48408079147338867,-0.14055952429771423,-0.09636825323104858,0.29918530583381653,0.10944047570228577,-0.49287790060043335,0.29918530583381653,-0.14055952429771423,-0.49287790060043335,0.015964116901159286,0.10944047570228577,-0.36080971360206604,0.015964116901159286,-0.14055952429771423,-0.36080971360206604,-0.04658077284693718,0.046940479427576065,0.4292214810848236,-0.04658077284693718,-0.14055952429771423,0.4292214810848236,-0.04658080264925957,0.046940479427576065,0.1792214959859848,-0.04658080264925957,-0.14055952429771423,0.1792214959859848,-0.29658079147338867,0.046940479427576065,0.1792214810848236,-0.29658079147338867,-0.14055952429771423,0.1792214810848236,-0.29658082127571106,0.046940479427576065,0.429221510887146,-0.29658082127571106,-0.14055952429771423,0.429221510887146,-0.29658079147338867,0.046940479427576065,0.1792214810848236,-0.29658082127571106,0.046940479427576065,0.429221510887146,-0.04658080264925957,0.046940479427576065,0.1792214959859848,-0.04658077284693718,0.046940479427576065,0.4292214810848236,-0.29658082127571106,-0.14055952429771423,0.429221510887146,-0.29658079147338867,-0.14055952429771423,0.1792214810848236,-0.04658077284693718,-0.14055952429771423,0.4292214810848236,-0.04658080264925957,-0.14055952429771423,0.1792214959859848,-0.29658082127571106,0.046940479427576065,0.429221510887146,-0.29658082127571106,-0.14055952429771423,0.429221510887146,-0.04658077284693718,0.046940479427576065,0.4292214810848236,-0.04658077284693718,-0.14055952429771423,0.4292214810848236,-0.04658080264925957,0.046940479427576065,0.1792214959859848,-0.04658080264925957,-0.14055952429771423,0.1792214959859848,-0.29658079147338867,0.046940479427576065,0.1792214810848236,-0.29658079147338867,-0.14055952429771423,0.1792214810848236,-0.07783079892396927,0.06880637258291245,0.49287790060043335,-0.07783079147338867,-0.0466785654425621,0.4450424909591675,-0.07783079147338867,0.14055952429771423,0.3196505010128021,-0.07783077657222748,0.025074578821659088,0.27181506156921387,-0.26533079147338867,0.14055952429771423,0.3196505010128021,-0.2653307616710663,0.025074578821659088,0.27181506156921387,-0.26533079147338867,0.06880637258291245,0.49287790060043335,-0.26533079147338867,-0.0466785654425621,0.4450424909591675,-0.26533079147338867,0.14055952429771423,0.3196505010128021,-0.26533079147338867,0.06880637258291245,0.49287790060043335,-0.07783079147338867,0.14055952429771423,0.3196505010128021,-0.07783079892396927,0.06880637258291245,0.49287790060043335,-0.26533079147338867,-0.0466785654425621,0.4450424909591675,-0.2653307616710663,0.025074578821659088,0.27181506156921387,-0.07783079147338867,-0.0466785654425621,0.4450424909591675,-0.07783077657222748,0.025074578821659088,0.27181506156921387,-0.26533079147338867,0.06880637258291245,0.49287790060043335,-0.26533079147338867,-0.0466785654425621,0.4450424909591675,-0.07783079892396927,0.06880637258291245,0.49287790060043335,-0.07783079147338867,-0.0466785654425621,0.4450424909591675,-0.07783079147338867,0.14055952429771423,0.3196505010128021,-0.07783077657222748,0.025074578821659088,0.27181506156921387,-0.26533079147338867,0.14055952429771423,0.3196505010128021,-0.2653307616710663,0.025074578821659088,0.27181506156921387,-0.23408079147338867,-0.07805952429771423,0.1479714959859848,-0.23408079147338867,-0.14055952429771423,0.1479714959859848,-0.23408077657222748,-0.07805952429771423,0.02297148108482361,-0.23408077657222748,-0.14055952429771423,0.02297148108482361,-0.3590807616710663,-0.07805952429771423,0.02297147922217846,-0.3590807616710663,-0.14055952429771423,0.02297147922217846,-0.35908079147338867,-0.07805952429771423,0.1479714810848236,-0.35908079147338867,-0.14055952429771423,0.1479714810848236,-0.3590807616710663,-0.07805952429771423,0.02297147922217846,-0.35908079147338867,-0.07805952429771423,0.1479714810848236,-0.23408077657222748,-0.07805952429771423,0.02297148108482361,-0.23408079147338867,-0.07805952429771423,0.1479714959859848,-0.35908079147338867,-0.14055952429771423,0.1479714810848236,-0.3590807616710663,-0.14055952429771423,0.02297147922217846,-0.23408079147338867,-0.14055952429771423,0.1479714959859848,-0.23408077657222748,-0.14055952429771423,0.02297148108482361,-0.35908079147338867,-0.07805952429771423,0.1479714810848236,-0.35908079147338867,-0.14055952429771423,0.1479714810848236,-0.23408079147338867,-0.07805952429771423,0.1479714959859848,-0.23408079147338867,-0.14055952429771423,0.1479714959859848,-0.23408077657222748,-0.07805952429771423,0.02297148108482361,-0.23408077657222748,-0.14055952429771423,0.02297148108482361,-0.3590807616710663,-0.07805952429771423,0.02297147922217846,-0.3590807616710663,-0.14055952429771423,0.02297147922217846,-0.1965898722410202,-0.08743452280759811,-0.05399709567427635,-0.1965898722410202,-0.13430951535701752,-0.05399709567427635,-0.1248367503285408,-0.08743452280759811,