{"schemaVersion":4,"source":{"uri":"models/environment/Portal/portal-gem.gltf","sha256":"0bcb035052395da8001fedacea3da44779c6a6d73a813254f6b6ea3ddd3acb48"},"animationNames":[],"boundingBox":{"min":{"x":-2.8125,"y":0,"z":-0.9375},"max":{"x":2.8125,"y":5.9375,"z":0.9375}},"nodeNames":["cube","cube","cube","cube","cube","cube","bone","cube","cube","cube","cube","cube","cube","cube","bone2","cube","cube","cube","cube","cube","cube","cube","cube","gem_portal","cube","bone3","gem_portal2"],"trimesh":{"vertices":[-1.625,-2.34375,0.375,-1.625,-2.96875,0.375,-1.625,-2.34375,-0.375,-1.625,-2.96875,-0.375,-2.375,-2.34375,-0.375,-2.375,-2.96875,-0.375,-2.375,-2.34375,0.375,-2.375,-2.96875,0.375,-2.375,-2.34375,-0.375,-2.375,-2.34375,0.375,-1.625,-2.34375,-0.375,-1.625,-2.34375,0.375,-2.375,-2.96875,0.375,-2.375,-2.96875,-0.375,-1.625,-2.96875,0.375,-1.625,-2.96875,-0.375,-2.375,-2.34375,0.375,-2.375,-2.96875,0.375,-1.625,-2.34375,0.375,-1.625,-2.96875,0.375,-1.625,-2.34375,-0.375,-1.625,-2.96875,-0.375,-2.375,-2.34375,-0.375,-2.375,-2.96875,-0.375,-1.8125,0.59375,0.25,-1.8125,-2.34375,0.25,-1.8125,0.59375,-0.25,-1.8125,-2.34375,-0.25,-2.3125,0.59375,-0.25,-2.3125,-2.34375,-0.25,-2.3125,0.59375,0.25,-2.3125,-2.34375,0.25,-2.3125,0.59375,-0.25,-2.3125,0.59375,0.25,-1.8125,0.59375,-0.25,-1.8125,0.59375,0.25,-2.3125,-2.34375,0.25,-2.3125,-2.34375,-0.25,-1.8125,-2.34375,0.25,-1.8125,-2.34375,-0.25,-2.3125,0.59375,0.25,-2.3125,-2.34375,0.25,-1.8125,0.59375,0.25,-1.8125,-2.34375,0.25,-1.8125,0.59375,-0.25,-1.8125,-2.34375,-0.25,-2.3125,0.59375,-0.25,-2.3125,-2.34375,-0.25,-1.75,1.84375,0.3125,-1.75,0.59375,0.3125,-1.75,1.84375,-0.3125,-1.75,0.59375,-0.3125,-2.375,1.84375,-0.3125,-2.375,0.59375,-0.3125,-2.375,1.84375,0.3125,-2.375,0.59375,0.3125,-2.375,1.84375,-0.3125,-2.375,1.84375,0.3125,-1.75,1.84375,-0.3125,-1.75,1.84375,0.3125,-2.375,0.59375,0.3125,-2.375,0.59375,-0.3125,-1.75,0.59375,0.3125,-1.75,0.59375,-0.3125,-2.375,1.84375,0.3125,-2.375,0.59375,0.3125,-1.75,1.84375,0.3125,-1.75,0.59375,0.3125,-1.75,1.84375,-0.3125,-1.75,0.59375,-0.3125,-2.375,1.84375,-0.3125,-2.375,0.59375,-0.3125,-2,-1.78125,-0.0625,-2,-2.96875,-0.0625,-2,-1.78125,-0.5625,-2,-2.96875,-0.5625,-2.5,-1.78125,-0.5625,-2.5,-2.96875,-0.5625,-2.5,-1.78125,-0.0625,-2.5,-2.96875,-0.0625,-2.5,-1.78125,-0.5625,-2.5,-1.78125,-0.0625,-2,-1.78125,-0.5625,-2,-1.78125,-0.0625,-2.5,-2.96875,-0.0625,-2.5,-2.96875,-0.5625,-2,-2.96875,-0.0625,-2,-2.96875,-0.5625,-2.5,-1.78125,-0.0625,-2.5,-2.96875,-0.0625,-2,-1.78125,-0.0625,-2,-2.96875,-0.0625,-2,-1.78125,-0.5625,-2,-2.96875,-0.5625,-2.5,-1.78125,-0.5625,-2.5,-2.96875,-0.5625,-2,-1.78125,0.5625,-2,-2.96875,0.5625,-2,-1.78125,0.0625,-2,-2.96875,0.0625,-2.5,-1.78125,0.0625,-2.5,-2.96875,0.0625,-2.5,-1.78125,0.5625,-2.5,-2.96875,0.5625,-2.5,-1.78125,0.0625,-2.5,-1.78125,0.5625,-2,-1.78125,0.0625,-2,-1.78125,0.5625,-2.5,-2.96875,0.5625,-2.5,-2.96875,0.0625,-2,-2.96875,0.5625,-2,-2.96875,0.0625,-2.5,-1.78125,0.5625,-2.5,-2.96875,0.5625,-2,-1.78125,0.5625,-2,-2.96875,0.5625,-2,-1.78125,0.0625,-2,-2.96875,0.0625,-2.5,-1.78125,0.0625,-2.5,-2.96875,0.0625,-1.5,-2.09375,0.1875,-1.5,-2.96875,0.1875,-1.5,-2.09375,-0.1875,-1.5,-2.96875,-0.1875,-1.875,-2.09375,-0.1875,-1.875,-2.96875,-0.1875,-1.875,-2.09375,0.1875,-1.875,-2.96875,0.1875,-1.875,-2.09375,-0.1875,-1.875,-2.09375,0.1875,-1.5,-2.09375,-0.1875,-1.5,-2.09375,0.1875,-1.875,-2.96875,0.1875,-1.875,-2.96875,-0.1875,-1.5,-2.96875,0.1875,-1.5,-2.96875,-0.1875,-1.875,-2.09375,0.1875,-1.875,-2.96875,0.1875,-1.5,-2.09375,0.1875,-1.5,-2.96875,0.1875,-1.5,-2.09375,-0.1875,-1.5,-2.96875,-0.1875,-1.875,-2.09375,-0.1875,-1.875,-2.96875,-0.1875,2.375,1.84375,0.3125,2.375,0.59375,0.3125,2.375,1.84375,-0.3125,2.375,0.59375,-0.3125,1.75,1.84375,-0.3125,1.75,0.59375,-0.3125,1.75,1.84375,0.3125,1.75,0.59375,0.3125,1.75,1.84375,-0.3125,1.75,1.84375,0.3125,2.375,1.84375,-0.3125,2.375,1.84375,0.3125,1.75,0.59375,0.3125,1.75,0.59375,-0.3125,2.375,0.59375,0.3125,2.375,0.59375,-0.3125,1.75,1.84375,0.3125,1.75,0.59375,0.3125,2.375,1.84375,0.3125,2.375,0.59375,0.3125,2.375,1.84375,-0.3125,2.375,0.59375,-0.3125,1.75,1.84375,-0.3125,1.75,0.59375,-0.3125,2.3125,0.59375,0.25,2.3125,-2.34375,0.25,2.3125,0.59375,-0.25,2.3125,-2.34375,-0.25,1.8125,0.59375,-0.25,1.8125,-2.34375,-0.25,1.8125,0.59375,0.25,1.8125,-2.34375,0.25,1.8125,0.59375,-0.25,1.8125,0.59375,0.25,2.3125,0.59375,-0.25,2.3125,0.59375,0.25,1.8125,-2.34375,0.25,1.8125,-2.34375,-0.25,2.3125,-2.34375,0.25,2.3125,-2.34375,-0.25,1.8125,0.59375,0.25,1.8125,-2.34375,0.25,2.3125,0.59375,0.25,2.3125,-2.34375,0.25,2.3125,0.59375,-0.25,2.3125,-2.34375,-0.25,1.8125,0.59375,-0.25,1.8125,-2.34375,-0.25,2.5,-1.78125,-0.0625,2.5,-2.96875,-0.0625,2.5,-1.78125,-0.5625,2.5,-2.96875,-0.5625,2,-1.78125,-0.5625,2,-2.96875,-0.5625,2,-1.78125,-0.0625,2,-2.96875,-0.0625,2,-1.78125,-0.5625,2,-1.78125,-0.0625,2.5,-1.78125,-0.5625,2.5,-1.78125,-0.0625,2,-2.96875,-0.0625,2,-2.96875,-0.5625,2.5,-2.96875,-0.0625,2.5,-2.96875,-0.5625,2,-1.78125,-0.0625,2,-2.96875,-0.0625,2.5,-1.78125,-0.0625,2.5,-2.96875,-0.0625,2.5,-1.78125,-0.5625,2.5,-2.96875,-0.5625,2,-1.78125,-0.5625,2,-2.96875,-0.5625,2.5,-1.78125,0.5625,2.5,-2.96875,0.5625,2.5,-1.78125,0.0625,2.5,-2.96875,0.0625,2,-1.78125,0.0625,2,-2.96875,0.0625,2,-1.78125,0.5625,2,-2.96875,0.5625,2,-1.78125,0.0625,2,-1.78125,0.5625,2.5,-1.78125,0.0625,2.5,-1.78125,0.5625,2,-2.96875,0.5625,2,-2.96875,0.0625,2.5,-2.96875,0.5625,2.5,-2.96875,0.0625,2,-1.78125,0.5625,2,-2.96875,0.5625,2.5,-1.78125,0.5625,2.5,-2.96875,0.5625,2.5,-1.78125,0.0625,2.5,-2.96875,0.0625,2,-1.78125,0.0625,2,-2.96875,0.0625,2.375,-2.34375,0.375,2.375,-2.96875,0.375,2.375,-2.34375,-0.375,2.375,-2.96875,-0.375,1.625,-2.34375,-0.375,1.625,-2.96875,-0.375,1.625,-2.34375,0.375,1.625,-2.96875,0.375,1.625,-2.34375,-0.375,1.625,-2.34375,0.375,2.375,-2.34375,-0.375,2.375,-2.34375,0.375,1.625,-2.96875,0.375,1.625,-2.96875,-0.375,2.375,-2.96875,0.375,2.375,-2.96875,-0.375,1.625,-2.34375,0.375,1.625,-2.96875,0.375,2.375,-2.34375,0.375,2.375,-2.96875,0.375,2.375,-2.34375,-0.375,2.375,-2.96875,-0.375,1.625,-2.34375,-0.375,1.625,-2.96875,-0.375,1.875,-2.09375,0.1875,1.875,-2.96875,0.1875,1.875,-2.09375,-0.1875,1.875,-2.96875,-0.1875,1.5,-2.09375,-0.1875,1.5,-2.96875,-0.1875,1.5,-2.09375,0.1875,1.5,-2.96875,0.1875,1.5,-2.09375,-0.1875,1.5,-2.09375,0.1875,1.875,-2.09375,-0.1875,1.875,-2.09375,0.1875,1.5,-2.96875,0.1875,1.5,-2.96875,-0.1875,1.875,-2.96875,0.1875,1.875,-2.96875,-0.1875,1.5,-2.09375,0.1875,1.5,-2.96875,0.1875,1.875,-2.09375,0.1875,1.875,-2.96875,0.1875,1.875,-2.09375,-0.1875,1.875,-2.96875,-0.1875,1.5,-2.09375,-0.1875,1.5,-2.96875,-0.1875,2,2.65625,0.4375,2,2.03125,0.4375,2,2.65625,-0.4375,2,2.03125,-0.4375,-2,2.65625,-0.4375,-2,2.03125,-0.4375,-2,2.65625,0.4375,-2,2.03125,0.4375,-2,2.65625,-0.4375,-2,2.65625,0.4375,2,2.65625,-0.4375,2,2.65625,0.4375,-2,2.03125,0.4375,-2,2.03125,-0.4375,2,2.03125,0.4375,2,2.03125,-0.4375,-2,2.65625,0.4375,-2,2.03125,0.4375,2,2.65625,0.4375,2,2.03125,0.4375,2,2.65625,-0.4375,2,2.03125,-0.4375,-2,2.65625,-0.4375,-2,2.03125,-0.4375,0.5625,2.96875,-0.1875,0.5625,1.34375,-0.1875,0.5625,2.96875,-0.9375,0.5625,1.34375,-0.9375,-0.5625,2.96875,-0.9375,-0.5625,1.34375,-0.9375,-0.5625,2.96875,-0.1875,-0.5625,1.34375,-0.1875,-0.5625,2.96875,-0.9375,-0.5625,2.96875,-0.1875,0.5625,2.96875,-0.9375,0.5625,2.96875,-0.1875,-0.5625,1.34375,-0.1875,-0.5625,1.34375,-0.9375,0.5625,1.34375,-0.1875,0.5625,1.34375,-0.9375,-0.5625,2.96875,-0.1875,-0.5625,1.34375,-0.1875,0.5625,2.96875,-0.1875,0.5625,1.34375,-0.1875,0.5625,2.96875,-0.9375,0.5625,1.34375,-0.9375,-0.5625,2.96875,-0.9375,-0.5625,1.34375,-0.9375,-0.875,2.78125,-0.1875,-0.875,1.53125,-0.1875,-0.875,2.78125,-0.625,-0.875,1.53125,-0.625,-1.5,2.78125,-0.625,-1.5,1.53125,-0.625,-1.5,2.78125,-0.1875,-1.5,1.53125,-0.1875,-1.5,2.78125,-0.625,-1.5,2.78125,-0.1875,-0.875,2.78125,-0.625,-0.875,2.78125,-0.1875,-1.5,1.53125,-0.1875,-1.5,1.53125,-0.625,-0.875,1.53125,-0.1875,-0.875,1.53125,-0.625,-1.5,2.78125,-0.1875,-1.5,1.53125,-0.1875,-0.875,