{"schemaVersion":4,"source":{"uri":"models/environment/Dungeon/cobweb-2.gltf","sha256":"5e4e45ec847cc6ad017064eb5af63dc81ebd411315ba6f1cc7148d625dbd3428"},"animationNames":[],"boundingBox":{"min":{"x":-0.5,"y":0,"z":0.49375},"max":{"x":0.5,"y":1,"z":0.49375}},"nodeNames":["cube","cobweb2","root",""],"trimesh":{"vertices":[0.5,0.5,0,0.5,0.5,0,0.5,-0.5,0,-0.5,0.5,0,-0.5,0.5,0,-0.5,-0.5,0,0.5,0.5,0,0.5,-0.5,0,-0.5,-0.5,0,0.5,-0.5,0,-0.5,-0.5,0,-0.5,0.5,0,0.5,0.5,0,0.5,-0.5,0],"indices":[0,1,2,0,2,2,3,4,5,3,5,5,0,3,6,0,6,3,7,8,9,7,9,8,10,11,12,10,12,13]},"optimizedModelData":{"":{"meshCount":1},"-named-nodes":{"meshCount":1},"-no-animations":{"meshCount":1}}}