{"schemaVersion":4,"source":{"uri":"models/environment/Farm/blueberry/blueberry-seeds.gltf","sha256":"171d390ce8e4cec56651ff5bcf142e483474ee9e69c9da044677c7ee31a151df"},"animationNames":[],"boundingBox":{"min":{"x":-0.28248237688944167,"y":-0.027670976316127263,"z":-0.27735967825986235},"max":{"x":0.15748237688944167,"y":0.12142097631612726,"z":0.27735967825986235}},"nodeNames":["cube","cube","cube","root",""],"trimesh":{"vertices":[0.13826575875282288,0.0745459794998169,0.07736708968877792,0.16226379573345184,-0.04749102517962456,0.08985967934131622,0.195984348654747,0.0745459794998169,-0.033509261906147,0.21998237073421478,-0.04749102517962456,-0.021016675978899002,0.08773619681596756,0.04749102517962456,-0.08985967934131622,0.11173423379659653,-0.0745459794998169,-0.07736708968877792,0.03001762367784977,0.04749102517962456,0.021016675978899002,0.05401565879583359,-0.0745459794998169,0.033509261906147,0.08773619681596756,0.04749102517962456,-0.08985967934131622,0.03001762367784977,0.04749102517962456,0.021016675978899002,0.195984348654747,0.0745459794998169,-0.033509261906147,0.13826575875282288,0.0745459794998169,0.07736708968877792,0.05401565879583359,-0.0745459794998169,0.033509261906147,0.11173423379659653,-0.0745459794998169,-0.07736708968877792,0.16226379573345184,-0.04749102517962456,0.08985967934131622,0.21998237073421478,-0.04749102517962456,-0.021016675978899002,0.03001762367784977,0.04749102517962456,0.021016675978899002,0.05401565879583359,-0.0745459794998169,0.033509261906147,0.13826575875282288,0.0745459794998169,0.07736708968877792,0.16226379573345184,-0.04749102517962456,0.08985967934131622,0.195984348654747,0.0745459794998169,-0.033509261906147,0.21998237073421478,-0.04749102517962456,-0.021016675978899002,0.08773619681596756,0.04749102517962456,-0.08985967934131622,0.11173423379659653,-0.0745459794998169,-0.07736708968877792,-0.030017616227269173,0.04749102517962456,0.2085166573524475,-0.054015662521123886,-0.0745459794998169,0.2210092693567276,-0.08773620426654816,0.04749102145433426,0.09764032065868378,-0.11173424124717712,-0.0745459794998169,0.11013291031122208,-0.195984348654747,0.0745459720492363,0.1539907455444336,-0.21998238563537598,-0.04749102517962456,0.1664833277463913,-0.13826577365398407,0.0745459720492363,0.2648670971393585,-0.16226379573345184,-0.04749102517962456,0.2773596942424774,-0.195984348654747,0.0745459720492363,0.1539907455444336,-0.13826577365398407,0.0745459720492363,0.2648670971393585,-0.08773620426654816,0.04749102145433426,0.09764032065868378,-0.030017616227269173,0.04749102517962456,0.2085166573524475,-0.16226379573345184,-0.04749102517962456,0.2773596942424774,-0.21998238563537598,-0.04749102517962456,0.1664833277463913,-0.054015662521123886,-0.0745459794998169,0.2210092693567276,-0.11173424124717712,-0.0745459794998169,0.11013291031122208,-0.13826577365398407,0.0745459720492363,0.2648670971393585,-0.16226379573345184,-0.04749102517962456,0.2773596942424774,-0.030017616227269173,0.04749102517962456,0.2085166573524475,-0.054015662521123886,-0.0745459794998169,0.2210092693567276,-0.08773620426654816,0.04749102145433426,0.09764032065868378,-0.11173424124717712,-0.0745459794998169,0.11013291031122208,-0.195984348654747,0.0745459720492363,0.1539907455444336,-0.21998238563537598,-0.04749102517962456,0.1664833277463913,-0.08773619681596756,0.04749102517962456,-0.09764032065868378,-0.11173424124717712,-0.0745459794998169,-0.11013291031122208,-0.030017618089914322,0.04749102517962456,-0.2085166722536087,-0.054015666246414185,-0.0745459794998169,-0.2210092693567276,-0.13826577365398407,0.0745459794998169,-0.2648670971393585,-0.16226379573345184,-0.04749102517962456,-0.27735966444015503,-0.195984348654747,0.0745459794998169,-0.1539907455444336,-0.21998237073421478,-0.04749102517962456,-0.1664833277463913,-0.13826577365398407,0.0745459794998169,-0.2648670971393585,-0.195984348654747,0.0745459794998169,-0.1539907455444336,-0.030017618089914322,0.04749102517962456,-0.2085166722536087,-0.08773619681596756,0.04749102517962456,-0.09764032065868378,-0.21998237073421478,-0.04749102517962456,-0.1664833277463913,-0.16226379573345184,-0.04749102517962456,-0.27735966444015503,-0.11173424124717712,-0.0745459794998169,-0.11013291031122208,-0.054015666246414185,-0.0745459794998169,-0.2210092693567276,-0.195984348654747,0.0745459794998169,-0.1539907455444336,-0.21998237073421478,-0.04749102517962456,-0.1664833277463913,-0.08773619681596756,0.04749102517962456,-0.09764032065868378,-0.11173424124717712,-0.0745459794998169,-0.11013291031122208,-0.030017618089914322,0.04749102517962456,-0.2085166722536087,-0.054015666246414185,-0.0745459794998169,-0.2210092693567276,-0.13826577365398407,0.0745459794998169,-0.2648670971393585,-0.16226379573345184,-0.04749102517962456,-0.27735966444015503],"indices":[0,1,2,1,3,2,4,5,6,5,7,6,8,9,10,9,11,10,12,13,14,13,15,14,16,17,18,17,19,18,20,21,22,21,23,22,24,25,26,25,27,26,28,29,30,29,31,30,32,33,34,33,35,34,36,37,38,37,39,38,40,41,42,41,43,42,44,45,46,45,47,46,48,49,50,49,51,50,52,53,54,53,55,54,56,57,58,57,59,58,60,61,62,61,63,62,64,65,66,65,67,66,68,69,70,69,71,70]},"optimizedModelData":{"":{"meshCount":1},"-named-nodes":{"meshCount":3},"-no-animations":{"meshCount":1}}}