{"schemaVersion":4,"source":{"uri":"models/environment/Farm/corn-seeds.gltf","sha256":"9e99fbd900015b02aede0599590de8870c86476ee442322196d8efb2d04b888b"},"animationNames":[],"boundingBox":{"min":{"x":-0.16652893902429217,"y":0,"z":-0.15625},"max":{"x":0.16652893902429217,"y":0.0625,"z":0.10402893902429217}},"nodeNames":["cube","cube","cube","cube","root",""],"trimesh":{"vertices":[0.03125,0.03125,0.05736052989959717,0.03125,-0.03125,0.05736052989959717,0.03125,0.03125,-0.005139469634741545,0.03125,-0.03125,-0.005139469634741545,-0.03125,0.03125,-0.005139469634741545,-0.03125,-0.03125,-0.005139469634741545,-0.03125,0.03125,0.05736052989959717,-0.03125,-0.03125,0.05736052989959717,-0.03125,0.03125,-0.005139469634741545,-0.03125,0.03125,0.05736052989959717,0.03125,0.03125,-0.005139469634741545,0.03125,0.03125,0.05736052989959717,-0.03125,-0.03125,0.05736052989959717,-0.03125,-0.03125,-0.005139469634741545,0.03125,-0.03125,0.05736052989959717,0.03125,-0.03125,-0.005139469634741545,-0.03125,0.03125,0.05736052989959717,-0.03125,-0.03125,0.05736052989959717,0.03125,0.03125,0.05736052989959717,0.03125,-0.03125,0.05736052989959717,0.03125,0.03125,-0.005139469634741545,0.03125,-0.03125,-0.005139469634741545,-0.03125,0.03125,-0.005139469634741545,-0.03125,-0.03125,-0.005139469634741545,-0.08347105979919434,0.03125,-0.021274171769618988,-0.08347105979919434,-0.03125,-0.021274171769618988,-0.10988470166921616,0.03125,-0.0779184103012085,-0.10988470166921616,-0.03125,-0.0779184103012085,-0.16652894020080566,0.03125,-0.051504768431186676,-0.16652894020080566,-0.03125,-0.051504768431186676,-0.14011529088020325,0.03125,0.005139470566064119,-0.14011529088020325,-0.03125,0.005139470566064119,-0.16652894020080566,0.03125,-0.051504768431186676,-0.14011529088020325,0.03125,0.005139470566064119,-0.10988470166921616,0.03125,-0.0779184103012085,-0.08347105979919434,0.03125,-0.021274171769618988,-0.14011529088020325,-0.03125,0.005139470566064119,-0.16652894020080566,-0.03125,-0.051504768431186676,-0.08347105979919434,-0.03125,-0.021274171769618988,-0.10988470166921616,-0.03125,-0.0779184103012085,-0.14011529088020325,0.03125,0.005139470566064119,-0.14011529088020325,-0.03125,0.005139470566064119,-0.08347105979919434,0.03125,-0.021274171769618988,-0.08347105979919434,-0.03125,-0.021274171769618988,-0.10988470166921616,0.03125,-0.0779184103012085,-0.10988470166921616,-0.03125,-0.0779184103012085,-0.16652894020080566,0.03125,-0.051504768431186676,-0.16652894020080566,-0.03125,-0.051504768431186676,0.16652894020080566,0.03125,0.10372582077980042,0.16652894020080566,-0.03125,0.10372582077980042,0.14011529088020325,0.03125,0.047081589698791504,0.14011529088020325,-0.03125,0.047081589698791504,0.08347105979919434,0.03125,0.07349523156881332,0.08347105979919434,-0.03125,0.07349523156881332,0.10988470911979675,0.03125,0.13013947010040283,0.10988470911979675,-0.03125,0.13013947010040283,0.08347105979919434,0.03125,0.07349523156881332,0.10988470911979675,0.03125,0.13013947010040283,0.14011529088020325,0.03125,0.047081589698791504,0.16652894020080566,0.03125,0.10372582077980042,0.10988470911979675,-0.03125,0.13013947010040283,0.08347105979919434,-0.03125,0.07349523156881332,0.16652894020080566,-0.03125,0.10372582077980042,0.14011529088020325,-0.03125,0.047081589698791504,0.10988470911979675,0.03125,0.13013947010040283,0.10988470911979675,-0.03125,0.13013947010040283,0.16652894020080566,0.03125,0.10372582077980042,0.16652894020080566,-0.03125,0.10372582077980042,0.14011529088020325,0.03125,0.047081589698791504,0.14011529088020325,-0.03125,0.047081589698791504,0.08347105979919434,0.03125,0.07349523156881332,0.08347105979919434,-0.03125,0.07349523156881332,0.09375,0.03125,-0.06763947010040283,0.09375,-0.03125,-0.06763947010040283,0.09375,0.03125,-0.13013947010040283,0.09375,-0.03125,-0.13013947010040283,0.03125,0.03125,-0.13013947010040283,0.03125,-0.03125,-0.13013947010040283,0.03125,0.03125,-0.06763947010040283,0.03125,-0.03125,-0.06763947010040283,0.03125,0.03125,-0.13013947010040283,0.03125,0.03125,-0.06763947010040283,0.09375,0.03125,-0.13013947010040283,0.09375,0.03125,-0.06763947010040283,0.03125,-0.03125,-0.06763947010040283,0.03125,-0.03125,-0.13013947010040283,0.09375,-0.03125,-0.06763947010040283,0.09375,-0.03125,-0.13013947010040283,0.03125,0.03125,-0.06763947010040283,0.03125,-0.03125,-0.06763947010040283,0.09375,0.03125,-0.06763947010040283,0.09375,-0.03125,-0.06763947010040283,0.09375,0.03125,-0.13013947010040283,0.09375,-0.03125,-0.13013947010040283,0.03125,0.03125,-0.13013947010040283,0.03125,-0.03125,-0.13013947010040283],"indices":[0,1,2,1,3,2,4,5,6,5,7,6,8,9,10,9,11,10,12,13,14,13,15,14,16,17,18,17,19,18,20,21,22,21,23,22,24,25,26,25,27,26,28,29,30,29,31,30,32,33,34,33,35,34,36,37,38,37,39,38,40,41,42,41,43,42,44,45,46,45,47,46,48,49,50,49,51,50,52,53,54,53,55,54,56,57,58,57,59,58,60,61,62,61,63,62,64,65,66,65,67,66,68,69,70,69,71,70,72,73,74,73,75,74,76,77,78,77,79,78,80,81,82,81,83,82,84,85,86,85,87,86,88,89,90,89,91,90,92,93,94,93,95,94]},"optimizedModelData":{"":{"meshCount":1},"-named-nodes":{"meshCount":3},"-no-animations":{"meshCount":1}}}