{"schemaVersion":4,"source":{"uri":"models/environment/Tropical/tiki-block-stack.gltf","sha256":"bfc341dd0631aff04d35b275cba580210c0ce635c4fe90b8d53b4da98d84301d"},"animationNames":[],"boundingBox":{"min":{"x":-0.7071067811865475,"y":0,"z":-0.7071067811865475},"max":{"x":0.7071067811865475,"y":2.4375,"z":0.7071067811865475}},"nodeNames":["cube","cube","cube","cube","cube","tiki_block","cube","cube","cube","cube","cube","cube","cube","tiki_block2",""],"trimesh":{"vertices":[0.5,-1.03125,0.5,0.5,-1.21875,0.5,0.5,-1.03125,-0.5,0.5,-1.21875,-0.5,-0.5,-1.03125,-0.5,-0.5,-1.21875,-0.5,-0.5,-1.03125,0.5,-0.5,-1.21875,0.5,-0.5,-1.03125,-0.5,-0.5,-1.03125,0.5,0.5,-1.03125,-0.5,0.5,-1.03125,0.5,-0.5,-1.21875,0.5,-0.5,-1.21875,-0.5,0.5,-1.21875,0.5,0.5,-1.21875,-0.5,-0.5,-1.03125,0.5,-0.5,-1.21875,0.5,0.5,-1.03125,0.5,0.5,-1.21875,0.5,0.5,-1.03125,-0.5,0.5,-1.21875,-0.5,-0.5,-1.03125,-0.5,-0.5,-1.21875,-0.5,0.5,-0.09375,0.5,0.5,-0.21875,0.5,0.5,-0.09375,-0.5,0.5,-0.21875,-0.5,-0.5,-0.09375,-0.5,-0.5,-0.21875,-0.5,-0.5,-0.09375,0.5,-0.5,-0.21875,0.5,-0.5,-0.09375,-0.5,-0.5,-0.09375,0.5,0.5,-0.09375,-0.5,0.5,-0.09375,0.5,-0.5,-0.21875,0.5,-0.5,-0.21875,-0.5,0.5,-0.21875,0.5,0.5,-0.21875,-0.5,-0.5,-0.09375,0.5,-0.5,-0.21875,0.5,0.5,-0.09375,0.5,0.5,-0.21875,0.5,0.5,-0.09375,-0.5,0.5,-0.21875,-0.5,-0.5,-0.09375,-0.5,-0.5,-0.21875,-0.5,0.4375,-0.21875,0.4375,0.4375,-1.03125,0.4375,0.4375,-0.21875,-0.4375,0.4375,-1.03125,-0.4375,-0.4375,-0.21875,-0.4375,-0.4375,-1.03125,-0.4375,-0.4375,-0.21875,0.4375,-0.4375,-1.03125,0.4375,-0.4375,-0.21875,-0.4375,-0.4375,-0.21875,0.4375,0.4375,-0.21875,-0.4375,0.4375,-0.21875,0.4375,-0.4375,-1.03125,0.4375,-0.4375,-1.03125,-0.4375,0.4375,-1.03125,0.4375,0.4375,-1.03125,-0.4375,-0.4375,-0.21875,0.4375,-0.4375,-1.03125,0.4375,0.4375,-0.21875,0.4375,0.4375,-1.03125,0.4375,0.4375,-0.21875,-0.4375,0.4375,-1.03125,-0.4375,-0.4375,-0.21875,-0.4375,-0.4375,-1.03125,-0.4375,0.125,-0.40625,-0.375,0.125,-0.65625,-0.375,0.125,-0.40625,-0.5,0.125,-0.65625,-0.5,-0.125,-0.40625,-0.5,-0.125,-0.65625,-0.5,-0.125,-0.40625,-0.375,-0.125,-0.65625,-0.375,-0.125,-0.40625,-0.5,-0.125,-0.40625,-0.375,0.125,-0.40625,-0.5,0.125,-0.40625,-0.375,-0.125,-0.65625,-0.375,-0.125,-0.65625,-0.5,0.125,-0.65625,-0.375,0.125,-0.65625,-0.5,-0.125,-0.40625,-0.375,-0.125,-0.65625,-0.375,0.125,-0.40625,-0.375,0.125,-0.65625,-0.375,0.125,-0.40625,-0.5,0.125,-0.65625,-0.5,-0.125,-0.40625,-0.5,-0.125,-0.65625,-0.5,0.1875,-0.65625,-0.3125,0.1875,-0.78125,-0.3125,0.1875,-0.65625,-0.5,0.1875,-0.78125,-0.5,-0.1875,-0.65625,-0.5,-0.1875,-0.78125,-0.5,-0.1875,-0.65625,-0.3125,-0.1875,-0.78125,-0.3125,-0.1875,-0.65625,-0.5,-0.1875,-0.65625,-0.3125,0.1875,-0.65625,-0.5,0.1875,-0.65625,-0.3125,-0.1875,-0.78125,-0.3125,-0.1875,-0.78125,-0.5,0.1875,-0.78125,-0.3125,0.1875,-0.78125,-0.5,-0.1875,-0.65625,-0.3125,-0.1875,-0.78125,-0.3125,0.1875,-0.65625,-0.3125,0.1875,-0.78125,-0.3125,0.1875,-0.65625,-0.5,0.1875,-0.78125,-0.5,-0.1875,-0.65625,-0.5,-0.1875,-0.78125,-0.5,0.7071067690849304,0.09375,-5.551115123125783e-17,0.7071067690849304,-0.09375,-5.551115123125783e-17,-5.551115123125783e-17,0.09375,-0.7071067690849304,-5.551115123125783e-17,-0.09375,-0.7071067690849304,-0.7071067690849304,0.09375,5.551115123125783e-17,-0.7071067690849304,-0.09375,5.551115123125783e-17,5.551115123125783e-17,0.09375,0.7071067690849304,5.551115123125783e-17,-0.09375,0.7071067690849304,-0.7071067690849304,0.09375,5.551115123125783e-17,5.551115123125783e-17,0.09375,0.7071067690849304,-5.551115123125783e-17,0.09375,-0.7071067690849304,0.7071067690849304,0.09375,-5.551115123125783e-17,5.551115123125783e-17,-0.09375,0.7071067690849304,-0.7071067690849304,-0.09375,5.551115123125783e-17,0.7071067690849304,-0.09375,-5.551115123125783e-17,-5.551115123125783e-17,-0.09375,-0.7071067690849304,5.551115123125783e-17,0.09375,0.7071067690849304,5.551115123125783e-17,-0.09375,0.7071067690849304,0.7071067690849304,0.09375,-5.551115123125783e-17,0.7071067690849304,-0.09375,-5.551115123125783e-17,-5.551115123125783e-17,0.09375,-0.7071067690849304,-5.551115123125783e-17,-0.09375,-0.7071067690849304,-0.7071067690849304,0.09375,5.551115123125783e-17,-0.7071067690849304,-0.09375,5.551115123125783e-17,0.7071067690849304,0.96875,-5.551115123125783e-17,0.7071067690849304,0.71875,-5.551115123125783e-17,-5.551115123125783e-17,0.96875,-0.7071067690849304,-5.551115123125783e-17,0.71875,-0.7071067690849304,-0.7071067690849304,0.96875,5.551115123125783e-17,-0.7071067690849304,0.71875,5.551115123125783e-17,5.551115123125783e-17,0.96875,0.7071067690849304,5.551115123125783e-17,0.71875,0.7071067690849304,-0.7071067690849304,0.96875,5.551115123125783e-17,5.551115123125783e-17,0.96875,0.7071067690849304,-5.551115123125783e-17,0.96875,-0.7071067690849304,0.7071067690849304,0.96875,-5.551115123125783e-17,5.551115123125783e-17,0.71875,0.7071067690849304,-0.7071067690849304,0.71875,5.551115123125783e-17,0.7071067690849304,0.71875,-5.551115123125783e-17,-5.551115123125783e-17,0.71875,-0.7071067690849304,5.551115123125783e-17,0.96875,0.7071067690849304,5.551115123125783e-17,0.71875,0.7071067690849304,0.7071067690849304,0.96875,-5.551115123125783e-17,0.7071067690849304,0.71875,-5.551115123125783e-17,-5.551115123125783e-17,0.96875,-0.7071067690849304,-5.551115123125783e-17,0.71875,-0.7071067690849304,-0.7071067690849304,0.96875,5.551115123125783e-17,-0.7071067690849304,0.71875,5.551115123125783e-17,0.6187184453010559,1.21875,-5.551115123125783e-17,0.6187184453010559,0.09375,-5.551115123125783e-17,-5.551115123125783e-17,1.21875,-0.6187184453010559,-5.551115123125783e-17,0.09375,-0.6187184453010559,-0.6187184453010559,1.21875,5.551115123125783e-17,-0.6187184453010559,0.09375,5.551115123125783e-17,5.551115123125783e-17,1.21875,0.6187184453010559,5.551115123125783e-17,0.09375,0.6187184453010559,-0.6187184453010559,1.21875,5.551115123125783e-17,5.551115123125783e-17,1.21875,0.6187184453010559,-5.551115123125783e-17,1.21875,-0.6187184453010559,0.6187184453010559,1.21875,-5.551115123125783e-17,5.551115123125783e-17,0.09375,0.6187184453010559,-0.6187184453010559,0.09375,5.551115123125783e-17,0.6187184453010559,0.09375,-5.551115123125783e-17,-5.551115123125783e-17,0.09375,-0.6187184453010559,5.551115123125783e-17,1.21875,0.6187184453010559,5.551115123125783e-17,0.09375,0.6187184453010559,0.6187184453010559,1.21875,-5.551115123125783e-17,0.6187184453010559,0.09375,-5.551115123125783e-17,-5.551115123125783e-17,1.21875,-0.6187184453010559,-5.551115123125783e-17,0.09375,-0.6187184453010559,-0.6187184453010559,1.21875,5.551115123125783e-17,-0.6187184453010559,0.09375,5.551115123125783e-17,-0.1767766922712326,0.71875,-0.3535533845424652,-0.1767766922712326,0.46875,-0.3535533845424652,-0.2651650309562683,0.71875,-0.4419417381286621,-0.2651650309562683,0.46875,-0.4419417381286621,-0.4419417381286621,0.71875,-0.2651650309562683,-0.4419417381286621,0.46875,-0.2651650309562683,-0.3535533845424652,0.71875,-0.1767766922712326,-0.3535533845424652,0.46875,-0.1767766922712326,-0.4419417381286621,0.71875,-0.2651650309562683,-0.3535533845424652,0.71875,-0.1767766922712326,-0.2651650309562683,0.71875,-0.4419417381286621,-0.1767766922712326,0.71875,-0.3535533845424652,-0.3535533845424652,0.46875,-0.1767766922712326,-0.4419417381286621,0.46875,-0.2651650309562683,-0.1767766922712326,0.46875,-0.3535533845424652,-0.2651650309562683,0.46875,-0.4419417381286621,-0.3535533845424652,0.71875,-0.1767766922712326,-0.3535533845424652,0.46875,-0.1767766922712326,-0.1767766922712326,0.71875,-0.3535533845424652,-0.1767766922712326,0.46875,-0.3535533845424652,-0.2651650309562683,0.71875,-0.4419417381286621,-0.2651650309562683,0.46875,-0.4419417381286621,-0.4419417381286621,0.71875,-0.2651650309562683,-0.4419417381286621,0.46875,-0.2651650309562683,-0.0883883461356163,0.46875,-0.3535533845424652,-0.0883883461356163,0.34375,-0.3535533845424652,-0.22097086906433105,0.46875,-0.48613590002059937,-0.22097086906433105,0.34375,-0.48613590002059937,-0.48613590002059937,0.46875,-0.22097086906433105,