{"schemaVersion":4,"source":{"uri":"models/environment/X-Mas/christmas-wreath.gltf","sha256":"fd573964256b433d760f9a4415b6cf6143c56f6ec1500e27ea4b28545bc6d746"},"animationNames":[],"boundingBox":{"min":{"x":-0.5000000000000001,"y":0.004269411425693426,"z":0.3374999985098839},"max":{"x":0.5000000000000001,"y":0.9957305885743064,"z":0.5028250614168048}},"nodeNames":["cube","cube","cube","cube","cube","cube","cube","bone",""],"trimesh":{"vertices":[0.4000000059604645,-0.20000000298023224,0.06733746826648712,0.4000000059604645,-0.4000000059604645,0.06733746826648712,0.4000000059604645,-0.20000000298023224,-0.0326625294983387,0.4000000059604645,-0.4000000059604645,-0.0326625294983387,-0.4000000059604645,-0.20000000298023224,-0.0326625294983387,-0.4000000059604645,-0.4000000059604645,-0.0326625294983387,-0.4000000059604645,-0.20000000298023224,0.06733746826648712,-0.4000000059604645,-0.4000000059604645,0.06733746826648712,-0.4000000059604645,-0.20000000298023224,-0.0326625294983387,-0.4000000059604645,-0.20000000298023224,0.06733746826648712,0.4000000059604645,-0.20000000298023224,-0.0326625294983387,0.4000000059604645,-0.20000000298023224,0.06733746826648712,-0.4000000059604645,-0.4000000059604645,0.06733746826648712,-0.4000000059604645,-0.4000000059604645,-0.0326625294983387,0.4000000059604645,-0.4000000059604645,0.06733746826648712,0.4000000059604645,-0.4000000059604645,-0.0326625294983387,-0.4000000059604645,-0.20000000298023224,0.06733746826648712,-0.4000000059604645,-0.4000000059604645,0.06733746826648712,0.4000000059604645,-0.20000000298023224,0.06733746826648712,0.4000000059604645,-0.4000000059604645,0.06733746826648712,0.4000000059604645,-0.20000000298023224,-0.0326625294983387,0.4000000059604645,-0.4000000059604645,-0.0326625294983387,-0.4000000059604645,-0.20000000298023224,-0.0326625294983387,-0.4000000059604645,-0.4000000059604645,-0.0326625294983387,0.4000000059604645,0.4000000059604645,0.06733746826648712,0.4000000059604645,0.20000001788139343,0.06733746826648712,0.4000000059604645,0.4000000059604645,-0.0326625294983387,0.4000000059604645,0.20000001788139343,-0.0326625294983387,-0.4000000059604645,0.4000000059604645,-0.0326625294983387,-0.4000000059604645,0.20000001788139343,-0.0326625294983387,-0.4000000059604645,0.4000000059604645,0.06733746826648712,-0.4000000059604645,0.20000001788139343,0.06733746826648712,-0.4000000059604645,0.4000000059604645,-0.0326625294983387,-0.4000000059604645,0.4000000059604645,0.06733746826648712,0.4000000059604645,0.4000000059604645,-0.0326625294983387,0.4000000059604645,0.4000000059604645,0.06733746826648712,-0.4000000059604645,0.20000001788139343,0.06733746826648712,-0.4000000059604645,0.20000001788139343,-0.0326625294983387,0.4000000059604645,0.20000001788139343,0.06733746826648712,0.4000000059604645,0.20000001788139343,-0.0326625294983387,-0.4000000059604645,0.4000000059604645,0.06733746826648712,-0.4000000059604645,0.20000001788139343,0.06733746826648712,0.4000000059604645,0.4000000059604645,0.06733746826648712,0.4000000059604645,0.20000001788139343,0.06733746826648712,0.4000000059604645,0.4000000059604645,-0.0326625294983387,0.4000000059604645,0.20000001788139343,-0.0326625294983387,-0.4000000059604645,0.4000000059604645,-0.0326625294983387,-0.4000000059604645,0.20000001788139343,-0.0326625294983387,0.4000000059604645,0.20000001788139343,0.06733746826648712,0.4000000059604645,-0.20000000298023224,0.06733746826648712,0.4000000059604645,0.20000001788139343,-0.0326625294983387,0.4000000059604645,-0.20000000298023224,-0.0326625294983387,0.20000000298023224,0.20000001788139343,-0.0326625294983387,0.20000000298023224,-0.20000000298023224,-0.0326625294983387,0.20000000298023224,0.20000001788139343,0.06733746826648712,0.20000000298023224,-0.20000000298023224,0.06733746826648712,0.20000000298023224,0.20000001788139343,-0.0326625294983387,0.20000000298023224,0.20000001788139343,0.06733746826648712,0.4000000059604645,0.20000001788139343,-0.0326625294983387,0.4000000059604645,0.20000001788139343,0.06733746826648712,0.20000000298023224,-0.20000000298023224,0.06733746826648712,0.20000000298023224,-0.20000000298023224,-0.0326625294983387,0.4000000059604645,-0.20000000298023224,0.06733746826648712,0.4000000059604645,-0.20000000298023224,-0.0326625294983387,0.20000000298023224,0.20000001788139343,0.06733746826648712,0.20000000298023224,-0.20000000298023224,0.06733746826648712,0.4000000059604645,0.20000001788139343,0.06733746826648712,0.4000000059604645,-0.20000000298023224,0.06733746826648712,0.4000000059604645,0.20000001788139343,-0.0326625294983387,0.4000000059604645,-0.20000000298023224,-0.0326625294983387,0.20000000298023224,0.20000001788139343,-0.0326625294983387,0.20000000298023224,-0.20000000298023224,-0.0326625294983387,-0.20000000298023224,0.20000001788139343,0.06733746826648712,-0.20000000298023224,-0.20000000298023224,0.06733746826648712,-0.20000000298023224,0.20000001788139343,-0.0326625294983387,-0.20000000298023224,-0.20000000298023224,-0.0326625294983387,-0.4000000059604645,0.20000001788139343,-0.0326625294983387,-0.4000000059604645,-0.20000000298023224,-0.0326625294983387,-0.4000000059604645,0.20000001788139343,0.06733746826648712,-0.4000000059604645,-0.20000000298023224,0.06733746826648712,-0.4000000059604645,0.20000001788139343,-0.0326625294983387,-0.4000000059604645,0.20000001788139343,0.06733746826648712,-0.20000000298023224,0.20000001788139343,-0.0326625294983387,-0.20000000298023224,0.20000001788139343,0.06733746826648712,-0.4000000059604645,-0.20000000298023224,0.06733746826648712,-0.4000000059604645,-0.20000000298023224,-0.0326625294983387,-0.20000000298023224,-0.20000000298023224,0.06733746826648712,-0.20000000298023224,-0.20000000298023224,-0.0326625294983387,-0.4000000059604645,0.20000001788139343,0.06733746826648712,-0.4000000059604645,-0.20000000298023224,0.06733746826648712,-0.20000000298023224,0.20000001788139343,0.06733746826648712,-0.20000000298023224,-0.20000000298023224,0.06733746826648712,-0.20000000298023224,0.20000001788139343,-0.0326625294983387,-0.20000000298023224,-0.20000000298023224,-0.0326625294983387,-0.4000000059604645,0.20000001788139343,-0.0326625294983387,-0.4000000059604645,-0.20000000298023224,-0.0326625294983387,0.5,0.49573060870170593,-0.047863662242889404,0.5,-0.4957142770290375,0.08266253024339676,0.5,0.4957224428653717,-0.04792562127113342,0.5,-0.4957224428653717,0.08260056376457214,-0.5,0.4957224428653717,-0.04792562127113342,-0.5,-0.4957224428653717,0.08260056376457214,-0.5,0.49573060870170593,-0.047863662242889404,-0.5,-0.4957142770290375,0.08266253024339676,-0.5,0.4957224428653717,-0.04792562127113342,-0.5,0.49573060870170593,-0.047863662242889404,0.5,0.4957224428653717,-0.04792562127113342,0.5,0.49573060870170593,-0.047863662242889404,-0.5,-0.4957142770290375,0.08266253024339676,-0.5,-0.4957224428653717,0.08260056376457214,0.5,-0.4957142770290375,0.08266253024339676,0.5,-0.4957224428653717,0.08260056376457214,-0.5,0.49573060870170593,-0.047863662242889404,-0.5,-0.4957142770290375,0.08266253024339676,0.5,0.49573060870170593,-0.047863662242889404,0.5,-0.4957142770290375,0.08266253024339676,0.5,0.4957224428653717,-0.04792562127113342,0.5,-0.4957224428653717,0.08260056376457214,-0.5,0.4957224428653717,-0.04792562127113342,-0.5,-0.4957224428653717,0.08260056376457214,0.4000000059604645,0.45000001788139343,-0.08266253024339676,0.4000000059604645,0.45000001788139343,-0.08266253024339676,0.4000000059604645,-0.20000000298023224,-0.08266253024339676,-0.4000000059604645,0.45000001788139343,-0.08266253024339676,-0.4000000059604645,0.45000001788139343,-0.08266253024339676,-0.4000000059604645,-0.20000000298023224,-0.08266253024339676,0.4000000059604645,0.45000001788139343,-0.08266253024339676,-0.4000000059604645,0.45000001788139343,-0.08266253024339676,0.4000000059604645,0.45000001788139343,-0.08266253024339676,0.4000000059604645,-0.20000000298023224,-0.08266253024339676,-0.4000000059604645,-0.20000000298023224,-0.08266253024339676,0.4000000059604645,-0.20000000298023224,