{"schemaVersion":4,"source":{"uri":"models/environment/Dungeon/candles-2.gltf","sha256":"7a46b5d5c71ef4ba85dab95324f76cce967ef830dc6d6dcaa39e4fe6b8f2d362"},"animationNames":[],"boundingBox":{"min":{"x":-0.40625,"y":0,"z":-0.453125},"max":{"x":0.46875,"y":0.78125,"z":0.421875}},"nodeNames":["cube","cube","cube","cube","cube","cube","cube","cube","cube","cube","cube","cube","cube","cube","cube","cube","candles_2","root",""],"trimesh":{"vertices":[0.15625,0.046875,0.078125,0.15625,-0.390625,0.078125,0.15625,0.046875,-0.171875,0.15625,-0.390625,-0.171875,-0.09375,0.046875,-0.171875,-0.09375,-0.390625,-0.171875,-0.09375,0.046875,0.078125,-0.09375,-0.390625,0.078125,-0.09375,0.046875,-0.171875,-0.09375,0.046875,0.078125,0.15625,0.046875,-0.171875,0.15625,0.046875,0.078125,-0.09375,-0.390625,0.078125,-0.09375,-0.390625,-0.171875,0.15625,-0.390625,0.078125,0.15625,-0.390625,-0.171875,-0.09375,0.046875,0.078125,-0.09375,-0.390625,0.078125,0.15625,0.046875,0.078125,0.15625,-0.390625,0.078125,0.15625,0.046875,-0.171875,0.15625,-0.390625,-0.171875,-0.09375,0.046875,-0.171875,-0.09375,-0.390625,-0.171875,0.1875,0.078125,0.109375,0.1875,-0.234375,0.109375,0.1875,0.078125,-0.203125,0.1875,-0.234375,-0.203125,-0.125,0.078125,-0.203125,-0.125,-0.234375,-0.203125,-0.125,0.078125,0.109375,-0.125,-0.234375,0.109375,-0.125,0.078125,-0.203125,-0.125,0.078125,0.109375,0.1875,0.078125,-0.203125,0.1875,0.078125,0.109375,-0.125,-0.234375,0.109375,-0.125,-0.234375,-0.203125,0.1875,-0.234375,0.109375,0.1875,-0.234375,-0.203125,-0.125,0.078125,0.109375,-0.125,-0.234375,0.109375,0.1875,0.078125,0.109375,0.1875,-0.234375,0.109375,0.1875,0.078125,-0.203125,0.1875,-0.234375,-0.203125,-0.125,0.078125,-0.203125,-0.125,-0.234375,-0.203125,0.03125,0.140625,-0.078125,0.03125,0.140625,-0.078125,0.03125,0.015625,-0.078125,0.03125,0.140625,-0.015625,0.03125,0.140625,-0.015625,0.03125,0.015625,-0.015625,0.03125,0.140625,-0.078125,0.03125,0.140625,-0.078125,0.03125,0.015625,-0.078125,0.03125,0.015625,-0.015625,0.03125,0.015625,-0.078125,0.03125,0.015625,-0.015625,0.03125,0.140625,-0.015625,0.03125,0.140625,-0.078125,0.03125,0.015625,-0.078125,-0.28125,0.078125,-0.25,-0.28125,0.078125,-0.25,-0.28125,-0.046875,-0.25,-0.28125,0.078125,-0.3125,-0.28125,0.078125,-0.3125,-0.28125,-0.046875,-0.3125,-0.28125,0.078125,-0.25,-0.28125,0.078125,-0.25,-0.28125,-0.046875,-0.25,-0.28125,-0.046875,-0.3125,-0.28125,-0.046875,-0.25,-0.28125,-0.046875,-0.3125,-0.28125,0.078125,-0.3125,-0.28125,0.078125,-0.25,-0.28125,-0.046875,-0.25,-0.15625,-0.140625,-0.15625,-0.15625,-0.390625,-0.15625,-0.15625,-0.140625,-0.40625,-0.15625,-0.390625,-0.40625,-0.40625,-0.140625,-0.40625,-0.40625,-0.390625,-0.40625,-0.40625,-0.140625,-0.15625,-0.40625,-0.390625,-0.15625,-0.40625,-0.140625,-0.40625,-0.40625,-0.140625,-0.15625,-0.15625,-0.140625,-0.40625,-0.15625,-0.140625,-0.15625,-0.40625,-0.390625,-0.15625,-0.40625,-0.390625,-0.40625,-0.15625,-0.390625,-0.15625,-0.15625,-0.390625,-0.40625,-0.40625,-0.140625,-0.15625,-0.40625,-0.390625,-0.15625,-0.15625,-0.140625,-0.15625,-0.15625,-0.390625,-0.15625,-0.15625,-0.140625,-0.40625,-0.15625,-0.390625,-0.40625,-0.40625,-0.140625,-0.40625,-0.40625,-0.390625,-0.40625,-0.125,-0.046875,-0.125,-0.125,-0.359375,-0.125,-0.125,-0.046875,-0.4375,-0.125,-0.359375,-0.4375,-0.4375,-0.046875,-0.4375,-0.4375,-0.359375,-0.4375,-0.4375,-0.046875,-0.125,-0.4375,-0.359375,-0.125,-0.4375,-0.046875,-0.4375,-0.4375,-0.046875,-0.125,-0.125,-0.046875,-0.4375,-0.125,-0.046875,-0.125,-0.4375,-0.359375,-0.125,-0.4375,-0.359375,-0.4375,-0.125,-0.359375,-0.125,-0.125,-0.359375,-0.4375,-0.4375,-0.046875,-0.125,-0.4375,-0.359375,-0.125,-0.125,-0.046875,-0.125,-0.125,-0.359375,-0.125,-0.125,-0.046875,-0.4375,-0.125,-0.359375,-0.4375,-0.4375,-0.046875,-0.4375,-0.4375,-0.359375,-0.4375,0.40625,-0.140625,0.40625,0.40625,-0.390625,0.40625,0.40625,-0.140625,0.15625,0.40625,-0.390625,0.15625,0.15625,-0.140625,0.15625,0.15625,-0.390625,0.15625,0.15625,-0.140625,0.40625,0.15625,-0.390625,0.40625,0.15625,-0.140625,0.15625,0.15625,-0.140625,0.40625,0.40625,-0.140625,0.15625,0.40625,-0.140625,0.40625,0.15625,-0.390625,0.40625,0.15625,-0.390625,0.15625,0.40625,-0.390625,0.40625,0.40625,-0.390625,0.15625,0.15625,-0.140625,0.40625,0.15625,-0.390625,0.40625,0.40625,-0.140625,0.40625,0.40625,-0.390625,0.40625,0.40625,-0.140625,0.15625,0.40625,-0.390625,0.15625,0.15625,-0.140625,0.15625,0.15625,-0.390625,0.15625,0.4375,-0.046875,0.4375,0.4375,-0.359375,0.4375,0.4375,-0.046875,0.125,0.4375,-0.359375,0.125,0.125,-0.046875,0.125,0.125,-0.359375,0.125,0.125,-0.046875,0.4375,0.125,-0.359375,0.4375,0.125,-0.046875,0.125,0.125,-0.046875,0.4375,0.4375,-0.046875,0.125,0.4375,-0.046875,0.4375,0.125,-0.359375,0.4375,0.125,-0.359375,0.125,0.4375,-0.359375,0.4375,0.4375,-0.359375,0.125,0.125,-0.046875,0.4375,0.125,-0.359375,0.4375,0.4375,-0.046875,0.4375,0.4375,-0.359375,0.4375,0.4375,-0.046875,0.125,0.4375,-0.359375,0.125,0.125,-0.046875,0.125,0.125,-0.359375,0.125,0.28125,0.078125,0.3125,0.28125,0.078125,0.3125,0.28125,-0.046875,0.3125,0.28125,0.078125,0.25,0.28125,0.078125,0.25,0.28125,-0.046875,0.25,0.28125,0.078125,0.3125,0.28125,0.078125,0.25,0.28125,-0.046875,0.25,0.28125,-0.046875,0.3125,0.28125,0.078125,0.3125,0.28125,0.078125,0.25,0.28125,-0.046875,0.25,0.28125,-0.046875,0.3125,-0.15625,0.234375,0.265625,-0.15625,-0.390625,0.265625,-0.15625,0.234375,0.015625,-0.15625,-0.390625,0.015625,-0.40625,0.234375,0.015625,-0.40625,-0.390625,0.015625,-0.40625,0.234375,0.265625,-0.40625,-0.390625,0.265625,-0.40625,0.234375,0.015625,-0.40625,0.234375,0.265625,-0.15625,0.234375,0.015625,-0.15625,0.234375,0.265625,-0.40625,-0.390625,0.265625,-0.40625,-0.390625,0.015625,-0.15625,-0.390625,0.265625,-0.15625,-0.390625,0.015625,-0.40625,0.234375,0.265625,-0.40625,-0.390625,0.265625,-0.15625,0.234375,0.265625,-0.15625,-0.390625,0.265625,-0.15625,0.234375,0.015625,-0.15625,-0.390625,0.015625,-0.40625,0.234375,0.015625,-0.40625,-0.390625,0.015625,-0.28125,0.390625,0.109375,-0.28125,0.390625,0.109375,-0.28125,0.265625,0.109375,-0.28125,0.390625,0.171875,-0.28125,0.390625,0.171875,-0.28125,0.265625,0.171875,-0.28125,0.390625,0.109375,-0.28125,0.390625,0.109375,-0.28125,0.265625,0.109375,-0.28125,0.265625,0.171875,-0.28125,0.265625,0.109375,-0.28125,0.265625,0.171875,-0.28125,0.390625,0.171875,-0.28125,0.390625,0.109375,-0.28125,0.265625,0.109375,-0.125,0.265625,0.296875,-0.125,-0.046875,0.296875,-0.125,0.265625,-0.015625,-0.125,-0.046875,-0.015625,-0.4375,0.265625,-0.015625,-0.4375,-0.046875,-0.015625,-0.4375,0.265625,0.296875,-0.4375,-0.046875,0.296875,-0.4375,0.265625,-0.015625,-0.4375,0.265625,0.296875,-0.125,0.265625,-0.015625,-0.125,0.265625,0.296875,-0.4375,-0.046875,0.296875,-0.4375,-0.046875,-0.015625,-0.125,-0.046875,0.296875,-0.125,-0.046875,-0.015625,-0.4375,0.265625,0.296875,-0.4375,-0.046875,0.296875,-0.125,0.265625,0.296875,-0.125,-0.046875,0.296875,-0.125,0.265625,-0.015625,-0.125,-0.046875,-0.015625,-0.4375,0.265625,-0.015625,-0.4375,-0.046875,-0.015625,-0.25,0.390625,0.140625,-0.25,0.390625,0.140625,-0.25,0.265625,0.140625,-0.3125,0.390625,0.140625,-0.3125,0.390625,0.140625,-0.3125,0.265625,0.140625,-0.25,0.390625,0.140625,-0.25,0.390625,0.140625,-0.25,0.265625,0.140625,-0.3125,0.265625,0.140625,-0.25,0.265625,0.140625,-0.3125,0.265625,0.140625,-0.3125,0.390625,0.140625,-0.25,0.390625,0.140625,-0.25,0.265625,0.140625,0.0625,0.140625,-0.046875,0.0625,0.140625,-0.046875,0.0625,0.015625,-0.046875,0,0.140625,-0.046875,0,0.140625,-0.046875,0,0.015625,-0.046875,0.0625,0.140625,-0.046875,0.0625,0.140625,-0.046875,0.0625,0.015625,-0.046875,0,0.015625,-0.046875,0.0625,0.015625,-0.046875,0,0.015625,-0.046875,0,0.140625,-0.046875,0.0625,0.140625,-0.046875,0.0625,0.015625,-0.046875,0.25,0.078125,0.28125,0.25,0.078125,0.28125,0.25,-0.046875,0.28125,0.3125,0.078125,0.28125,0.3125,0.078125,0.28125,0.3125,-0.046875,0.28125,0.25,0.078125,0.28125,0.3125,0.078125,0.28125,0.3125,-0.046875,0.28125,0.25,-0.046875,0.28125,0.25,0.078125,0.28125,0.3125,0.078125,