{"schemaVersion":1,"source":{"uri":"models/items/sword.gltf","sha256":"845e0791e9357f0cb72bdcbc8575bb3dff0970bfa9b5a0d3e4483939f8ad3175"},"animationNames":[],"boundingBox":{"min":{"x":-0.34375000016169954,"y":0.0015625000000001332,"z":-0.0937500005472906},"max":{"x":0.3437500001368226,"y":2.25,"z":0.0937500005472906}},"nodeNames":["cube","cube","cube","cube","cube","sword",""],"trimesh":{"vertices":[0.15625,0.936718761920929,0.0625,0.15625,-0.25078123807907104,0.0625,0.15625,0.936718761920929,-0.0625,0.15625,-0.25078123807907104,-0.0625,-0.15625,0.936718761920929,-0.0625,-0.15625,-0.25078123807907104,-0.0625,-0.15625,0.936718761920929,0.0625,-0.15625,-0.25078123807907104,0.0625,-0.15625,0.936718761920929,-0.0625,-0.15625,0.936718761920929,0.0625,0.15625,0.936718761920929,-0.0625,0.15625,0.936718761920929,0.0625,-0.15625,-0.25078123807907104,0.0625,-0.15625,-0.25078123807907104,-0.0625,0.15625,-0.25078123807907104,0.0625,0.15625,-0.25078123807907104,-0.0625,-0.15625,0.936718761920929,0.0625,-0.15625,-0.25078123807907104,0.0625,0.15625,0.936718761920929,0.0625,0.15625,-0.25078123807907104,0.0625,0.15625,0.936718761920929,-0.0625,0.15625,-0.25078123807907104,-0.0625,-0.15625,0.936718761920929,-0.0625,-0.15625,-0.25078123807907104,-0.0625,0.0625,-0.43828123807907104,0.0625,0.0625,-0.875781238079071,0.0625,0.0625,-0.43828123807907104,-0.0625,0.0625,-0.875781238079071,-0.0625,-0.0625,-0.43828123807907104,-0.0625,-0.0625,-0.875781238079071,-0.0625,-0.0625,-0.43828123807907104,0.0625,-0.0625,-0.875781238079071,0.0625,-0.0625,-0.43828123807907104,-0.0625,-0.0625,-0.43828123807907104,0.0625,0.0625,-0.43828123807907104,-0.0625,0.0625,-0.43828123807907104,0.0625,-0.0625,-0.875781238079071,0.0625,-0.0625,-0.875781238079071,-0.0625,0.0625,-0.875781238079071,0.0625,0.0625,-0.875781238079071,-0.0625,-0.0625,-0.43828123807907104,0.0625,-0.0625,-0.875781238079071,0.0625,0.0625,-0.43828123807907104,0.0625,0.0625,-0.875781238079071,0.0625,0.0625,-0.43828123807907104,-0.0625,0.0625,-0.875781238079071,-0.0625,-0.0625,-0.43828123807907104,-0.0625,-0.0625,-0.875781238079071,-0.0625,0.125,-0.874218761920929,0.09375,0.125,-1.1242187023162842,0.09375,0.125,-0.874218761920929,-0.09375,0.125,-1.1242187023162842,-0.09375,-0.125,-0.874218761920929,-0.09375,-0.125,-1.1242187023162842,-0.09375,-0.125,-0.874218761920929,0.09375,-0.125,-1.1242187023162842,0.09375,-0.125,-0.874218761920929,-0.09375,-0.125,-0.874218761920929,0.09375,0.125,-0.874218761920929,-0.09375,0.125,-0.874218761920929,0.09375,-0.125,-1.1242187023162842,0.09375,-0.125,-1.1242187023162842,-0.09375,0.125,-1.1242187023162842,0.09375,0.125,-1.1242187023162842,-0.09375,-0.125,-0.874218761920929,0.09375,-0.125,-1.1242187023162842,0.09375,0.125,-0.874218761920929,0.09375,0.125,-1.1242187023162842,0.09375,0.125,-0.874218761920929,-0.09375,0.125,-1.1242187023162842,-0.09375,-0.125,-0.874218761920929,-0.09375,-0.125,-1.1242187023162842,-0.09375,0.15625,1.1242187023162842,0.00006249894795473665,0.15625,0.936718761920929,0.00006249894795473665,0.15625,1.1242187023162842,-2.4876845028387606e-10,0.15625,0.936718761920929,-2.4876845028387606e-10,-0.15625,1.1242187023162842,2.4876845028387606e-10,-0.15625,0.936718761920929,2.4876845028387606e-10,-0.15625,1.1242187023162842,0.00006249944271985441,-0.15625,0.936718761920929,0.00006249944271985441,-0.15625,1.1242187023162842,2.4876845028387606e-10,-0.15625,1.1242187023162842,0.00006249944271985441,0.15625,1.1242187023162842,-2.4876845028387606e-10,0.15625,1.1242187023162842,0.00006249894795473665,-0.15625,0.936718761920929,0.00006249944271985441,-0.15625,0.936718761920929,2.4876845028387606e-10,0.15625,0.936718761920929,0.00006249894795473665,0.15625,0.936718761920929,-2.4876845028387606e-10,-0.15625,1.1242187023162842,0.00006249944271985441,-0.15625,0.936718761920929,0.00006249944271985441,0.15625,1.1242187023162842,0.00006249894795473665,0.15625,0.936718761920929,0.00006249894795473665,0.15625,1.1242187023162842,-2.4876845028387606e-10,0.15625,0.936718761920929,-2.4876845028387606e-10,-0.15625,1.1242187023162842,2.4876845028387606e-10,-0.15625,0.936718761920929,2.4876845028387606e-10,0.34375,-0.25078123807907104,0.09375,0.34375,-0.43828123807907104,0.09375,0.34375,-0.25078123807907104,-0.09375,0.34375,-0.43828123807907104,-0.09375,-0.34375,-0.25078123807907104,-0.09375,-0.34375,-0.43828123807907104,-0.09375,-0.34375,-0.25078123807907104,0.09375,-0.34375,-0.43828123807907104,0.09375,-0.34375,-0.25078123807907104,-0.09375,-0.34375,-0.25078123807907104,0.09375,0.34375,-0.25078123807907104,-0.09375,0.34375,-0.25078123807907104,0.09375,-0.34375,-0.43828123807907104,0.09375,-0.34375,-0.43828123807907104,-0.09375,0.34375,-0.43828123807907104,0.09375,0.34375,-0.43828123807907104,-0.09375,-0.34375,-0.25078123807907104,0.09375,-0.34375,-0.43828123807907104,0.09375,0.34375,-0.25078123807907104,0.09375,0.34375,-0.43828123807907104,0.09375,0.34375,-0.25078123807907104,-0.09375,0.34375,-0.43828123807907104,-0.09375,-0.34375,-0.25078123807907104,-0.09375,-0.34375,-0.43828123807907104,-0.09375],"indices":[0,1,2,1,3,2,4,5,6,5,7,6,8,9,10,9,11,10,12,13,14,13,15,14,16,17,18,17,19,18,20,21,22,21,23,22,24,25,26,25,27,26,28,29,30,29,31,30,32,33,34,33,35,34,36,37,38,37,39,38,40,41,42,41,43,42,44,45,46,45,47,46,48,49,50,49,51,50,52,53,54,53,55,54,56,57,58,57,59,58,60,61,62,61,63,62,64,65,66,65,67,66,68,69,70,69,71,70,72,73,74,73,75,74,76,77,78,77,79,78,80,81,82,81,83,82,84,85,86,85,87,86,88,89,90,89,91,90,92,93,94,93,95,94,96,97,98,97,99,98,100,101,102,101,103,102,104,105,106,105,107,106,108,109,110,109,111,110,112,113,114,113,115,114,116,117,118,117,119,118]}}