{"schemaVersion":1,"source":{"uri":"models/environment/Plains/leafy-leafblock.gltf","sha256":"bf0c47cab06479639de34fe7559363dd63f9a64942fb4e514a8710acdb657a41"},"animationNames":[],"boundingBox":{"min":{"x":-0.5529580026075931,"y":-0.24375000000000002,"z":-0.5066926557117453},"max":{"x":0.5529580026075931,"y":1.25625,"z":0.5066926557117453}},"nodeNames":["cube","plane","bone","plane","bone2","leafy-leafblock",""],"trimesh":{"vertices":[0.5,0.5,0.5,0.5,-0.5,0.5,0.5,0.5,-0.5,0.5,-0.5,-0.5,-0.5,0.5,-0.5,-0.5,-0.5,-0.5,-0.5,0.5,0.5,-0.5,-0.5,0.5,-0.5,0.5,-0.5,-0.5,0.5,0.5,0.5,0.5,-0.5,0.5,0.5,0.5,-0.5,-0.5,0.5,-0.5,-0.5,-0.5,0.5,-0.5,0.5,0.5,-0.5,-0.5,-0.5,0.5,0.5,-0.5,-0.5,0.5,0.5,0.5,0.5,0.5,-0.5,0.5,0.5,0.5,-0.5,0.5,-0.5,-0.5,-0.5,0.5,-0.5,-0.5,-0.5,-0.5,0.5529580116271973,0.75,0.50669264793396,-0.5529580116271973,0.75,-0.50669264793396,-0.5529580116271973,-0.75,-0.50669264793396,0.5529580116271973,-0.75,0.50669264793396,0.5529580116271973,-0.75,-0.50669264793396,-0.5529580116271973,-0.75,0.50669264793396,-0.5529580116271973,0.75,0.50669264793396,0.5529580116271973,0.75,-0.50669264793396],"indices":[0,1,2,1,3,2,4,5,6,5,7,6,8,9,10,9,11,10,12,13,14,13,15,14,16,17,18,17,19,18,20,21,22,21,23,22,24,25,26,24,26,27,28,29,30,28,30,31]}}