{"schemaVersion":4,"source":{"uri":"models/environment/Plains/leafy-leafblock.gltf","sha256":"1f76c8c1d4afa3b0754e92005b660bd0705c0e44a1bc84a3233d3b6c19fbdb30"},"animationNames":["idle"],"boundingBox":{"min":{"x":-0.5529580026075931,"y":-0.24375000000000013,"z":-0.5066926557117453},"max":{"x":0.5529580026075931,"y":1.25625,"z":0.5066926557117453}},"nodeNames":["cube","plane","bone","plane","bone2","leafy-leafblock"],"trimesh":{"vertices":[-0.9375,5.75,0.5625,-0.9375,4.75,0.5625,-0.9375,5.75,-0.4375,-0.9375,4.75,-0.4375,-1.9375,5.75,-0.4375,-1.9375,4.75,-0.4375,-1.9375,5.75,0.5625,-1.9375,4.75,0.5625,-1.9375,5.75,-0.4375,-1.9375,5.75,0.5625,-0.9375,5.75,-0.4375,-0.9375,5.75,0.5625,-1.9375,4.75,0.5625,-1.9375,4.75,-0.4375,-0.9375,4.75,0.5625,-0.9375,4.75,-0.4375,-1.9375,5.75,0.5625,-1.9375,4.75,0.5625,-0.9375,5.75,0.5625,-0.9375,4.75,0.5625,-0.9375,5.75,-0.4375,-0.9375,4.75,-0.4375,-1.9375,5.75,-0.4375,-1.9375,4.75,-0.4375,0.75,0,0.75,0.75,0,-0.75,-0.75,0,-0.75,-0.75,0,0.75,0.75,0,0.75,0.75,0,-0.75,-0.75,0,-0.75,-0.75,0,0.75],"indices":[0,1,2,1,3,2,4,5,6,5,7,6,8,9,10,9,11,10,12,13,14,13,15,14,16,17,18,17,19,18,20,21,22,21,23,22,24,25,26,24,26,27,28,29,30,28,30,31]},"optimizedModelData":{"":{"meshCount":2},"-named-nodes":{"meshCount":2},"-no-animations":{"meshCount":1}}}