{"schemaVersion":4,"source":{"uri":"models/items/potion-water.gltf","sha256":"a94177a0f9a6d46d8652214e016841b5d14a7bcccffb6159630a933f1f774aed"},"animationNames":[],"boundingBox":{"min":{"x":-0.25,"y":0,"z":-0.25},"max":{"x":0.25,"y":0.6875,"z":0.25}},"nodeNames":["cube","cube","cube","cube",""],"trimesh":{"vertices":[0.25,0.03125,0.25,0.25,-0.34375,0.25,0.25,0.03125,-0.25,0.25,-0.34375,-0.25,-0.25,0.03125,-0.25,-0.25,-0.34375,-0.25,-0.25,0.03125,0.25,-0.25,-0.34375,0.25,-0.25,0.03125,-0.25,-0.25,0.03125,0.25,0.25,0.03125,-0.25,0.25,0.03125,0.25,-0.25,-0.34375,0.25,-0.25,-0.34375,-0.25,0.25,-0.34375,0.25,0.25,-0.34375,-0.25,-0.25,0.03125,0.25,-0.25,-0.34375,0.25,0.25,0.03125,0.25,0.25,-0.34375,0.25,0.25,0.03125,-0.25,0.25,-0.34375,-0.25,-0.25,0.03125,-0.25,-0.25,-0.34375,-0.25,0.1875,0.21875,0.1875,0.1875,0.09375,0.1875,0.1875,0.21875,-0.1875,0.1875,0.09375,-0.1875,-0.1875,0.21875,-0.1875,-0.1875,0.09375,-0.1875,-0.1875,0.21875,0.1875,-0.1875,0.09375,0.1875,-0.1875,0.21875,-0.1875,-0.1875,0.21875,0.1875,0.1875,0.21875,-0.1875,0.1875,0.21875,0.1875,-0.1875,0.09375,0.1875,-0.1875,0.09375,-0.1875,0.1875,0.09375,0.1875,0.1875,0.09375,-0.1875,-0.1875,0.21875,0.1875,-0.1875,0.09375,0.1875,0.1875,0.21875,0.1875,0.1875,0.09375,0.1875,0.1875,0.21875,-0.1875,0.1875,0.09375,-0.1875,-0.1875,0.21875,-0.1875,-0.1875,0.09375,-0.1875,0.125,0.34375,0.125,0.125,0.03125,0.125,0.125,0.34375,-0.125,0.125,0.03125,-0.125,-0.125,0.34375,-0.125,-0.125,0.03125,-0.125,-0.125,0.34375,0.125,-0.125,0.03125,0.125,-0.125,0.34375,-0.125,-0.125,0.34375,0.125,0.125,0.34375,-0.125,0.125,0.34375,0.125,-0.125,0.03125,0.125,-0.125,0.03125,-0.125,0.125,0.03125,0.125,0.125,0.03125,-0.125,-0.125,0.34375,0.125,-0.125,0.03125,0.125,0.125,0.34375,0.125,0.125,0.03125,0.125,0.125,0.34375,-0.125,0.125,0.03125,-0.125,-0.125,0.34375,-0.125,-0.125,0.03125,-0.125,0.21875,-0.015625,0.21875,0.21875,-0.328125,0.21875,0.21875,-0.015625,-0.21875,0.21875,-0.328125,-0.21875,-0.21875,-0.015625,-0.21875,-0.21875,-0.328125,-0.21875,-0.21875,-0.015625,0.21875,-0.21875,-0.328125,0.21875,-0.21875,-0.015625,-0.21875,-0.21875,-0.015625,0.21875,0.21875,-0.015625,-0.21875,0.21875,-0.015625,0.21875,-0.21875,-0.328125,0.21875,-0.21875,-0.328125,-0.21875,0.21875,-0.328125,0.21875,0.21875,-0.328125,-0.21875,-0.21875,-0.015625,0.21875,-0.21875,-0.328125,0.21875,0.21875,-0.015625,0.21875,0.21875,-0.328125,0.21875,0.21875,-0.015625,-0.21875,0.21875,-0.328125,-0.21875,-0.21875,-0.015625,-0.21875,-0.21875,-0.328125,-0.21875],"indices":[0,1,2,1,3,2,4,5,6,5,7,6,8,9,10,9,11,10,12,13,14,13,15,14,16,17,18,17,19,18,20,21,22,21,23,22,24,25,26,25,27,26,28,29,30,29,31,30,32,33,34,33,35,34,36,37,38,37,39,38,40,41,42,41,43,42,44,45,46,45,47,46,48,49,50,49,51,50,52,53,54,53,55,54,56,57,58,57,59,58,60,61,62,61,63,62,64,65,66,65,67,66,68,69,70,69,71,70,72,73,74,73,75,74,76,77,78,77,79,78,80,81,82,81,83,82,84,85,86,85,87,86,88,89,90,89,91,90,92,93,94,93,95,94]},"optimizedModelData":{"":{"meshCount":1},"-named-nodes":{"meshCount":4},"-no-animations":{"meshCount":1}}}