{"schemaVersion":4,"source":{"uri":"models/eggs/rare/present-egg.gltf","sha256":"22df7b66c058af67f9b3a24a7e63578a9e6c1ab7eaa61d90a20b789a0d45a57d"},"animationNames":[],"boundingBox":{"min":{"x":-0.390625,"y":0,"z":-0.390625},"max":{"x":0.390625,"y":1.4,"z":0.390625}},"nodeNames":["cube","cube","cube","cube","cube","cube","group"],"trimesh":{"vertices":[0.28125,0.17499999701976776,-0.28125,0.3125,0.17499999701976776,0,0.3125,-0.07500000298023224,0,0.3125,-0.07500000298023224,-0.3125,-0.3125,-0.07500000298023224,-0.3125,-0.3125,-0.07500000298023224,0,-0.3125,0.17499999701976776,0,-0.28125,0.17499999701976776,-0.28125,-0.28125,0.17499999701976776,-0.28125,-0.3125,0.17499999701976776,0,0,0.17499999701976776,0,0,0.17499999701976776,-0.3125,0,-0.07500000298023224,-0.3125,0,-0.07500000298023224,0,-0.3125,-0.07500000298023224,0,-0.3125,-0.07500000298023224,-0.3125,-0.3125,-0.07500000298023224,0.3125,0,-0.07500000298023224,0.3125,0,0.17499999701976776,0.3125,-0.28125,0.17499999701976776,0.28125,-0.28125,0.17499999701976776,-0.28125,0,0.17499999701976776,-0.3125,0,-0.07500000298023224,-0.3125,-0.3125,-0.07500000298023224,-0.3125,0.3125,0.17499999701976776,0,0.28125,0.17499999701976776,-0.28125,0.28125,0.17499999701976776,0.28125,0,0.17499999701976776,0.3125,0,-0.07500000298023224,0.3125,0.3125,-0.07500000298023224,0.3125,0.3125,-0.07500000298023224,-0.3125,0.3125,-0.07500000298023224,0,0.3125,-0.07500000298023224,-0.3125,0,-0.07500000298023224,-0.3125,0,0.17499999701976776,-0.3125,0.28125,0.17499999701976776,-0.28125,-0.28125,0.17499999701976776,0.28125,-0.3125,0.17499999701976776,0,-0.3125,-0.07500000298023224,0,-0.3125,-0.07500000298023224,0.3125,-0.3125,-0.07500000298023224,0.3125,0,-0.07500000298023224,0.3125,0.3125,-0.07500000298023224,0.3125,0.3125,-0.07500000298023224,0.3125,0.3125,-0.07500000298023224,0,0.3125,0.17499999701976776,0,0.28125,0.17499999701976776,0.28125,0.28125,0.17499999701976776,0.28125,0,0.17499999701976776,0.3125,-0.28125,0.17499999701976776,0.28125,0.359375,-0.574999988079071,-0.359375,0.375,-0.32499998807907104,-0.375,0.375,-0.32499998807907104,0.375,0.359375,-0.574999988079071,0.359375,-0.359375,-0.574999988079071,0.359375,-0.375,-0.32499998807907104,0.375,-0.375,-0.32499998807907104,-0.375,-0.359375,-0.574999988079071,-0.359375,0.34375,-0.07500000298023224,0.34375,0.34375,-0.07500000298023224,-0.34375,-0.34375,-0.07500000298023224,-0.34375,-0.34375,-0.07500000298023224,0.34375,0.359375,-0.574999988079071,-0.359375,0.359375,-0.574999988079071,0.359375,-0.359375,-0.574999988079071,0.359375,-0.359375,-0.574999988079071,-0.359375,0.359375,-0.574999988079071,0.359375,0.375,-0.32499998807907104,0.375,-0.375,-0.32499998807907104,0.375,-0.359375,-0.574999988079071,0.359375,-0.359375,-0.574999988079071,-0.359375,-0.375,-0.32499998807907104,-0.375,0.375,-0.32499998807907104,-0.375,0.359375,-0.574999988079071,-0.359375,-0.34375,-0.07500000298023224,-0.34375,-0.375,-0.32499998807907104,-0.375,-0.375,-0.32499998807907104,0.375,-0.34375,-0.07500000298023224,0.34375,-0.34375,-0.07500000298023224,0.34375,-0.375,-0.32499998807907104,0.375,0.375,-0.32499998807907104,0.375,0.34375,-0.07500000298023224,0.34375,0.34375,-0.07500000298023224,0.34375,0.375,-0.32499998807907104,0.375,0.375,-0.32499998807907104,-0.375,0.34375,-0.07500000298023224,-0.34375,0.34375,-0.07500000298023224,-0.34375,0.375,-0.32499998807907104,-0.375,-0.375,-0.32499998807907104,-0.375,-0.34375,-0.07500000298023224,-0.34375,0.3125,-0.699999988079071,-0.3125,0.34375,-0.574999988079071,-0.34375,0.34375,-0.574999988079071,0.34375,0.3125,-0.699999988079071,0.3125,-0.3125,-0.699999988079071,0.3125,-0.34375,-0.574999988079071,0.34375,-0.34375,-0.574999988079071,-0.34375,-0.3125,-0.699999988079071,-0.3125,0.34375,-0.574999988079071,0.34375,0.34375,-0.574999988079071,-0.34375,-0.34375,-0.574999988079071,-0.34375,-0.34375,-0.574999988079071,0.34375,0.3125,-0.699999988079071,-0.3125,0.3125,-0.699999988079071,0.3125,-0.3125,-0.699999988079071,0.3125,-0.3125,-0.699999988079071,-0.3125,0.3125,-0.699999988079071,0.3125,0.34375,-0.574999988079071,0.34375,-0.34375,-0.574999988079071,0.34375,-0.3125,-0.699999988079071,0.3125,-0.3125,-0.699999988079071,-0.3125,-0.34375,-0.574999988079071,-0.34375,0.34375,-0.574999988079071,-0.34375,0.3125,-0.699999988079071,-0.3125,0.390625,-0.08125002682209015,-0.390625,0.375,0.23124997317790985,-0.375,0.375,0.23124997317790985,0.375,0.390625,-0.08125002682209015,0.390625,-0.390625,-0.08125002682209015,0.390625,-0.375,0.23124997317790985,0.375,-0.375,0.23124997317790985,-0.375,-0.390625,-0.08125002682209015,-0.390625,0.375,0.23124997317790985,0.375,0.375,0.23124997317790985,-0.375,-0.375,0.23124997317790985,-0.375,-0.375,0.23124997317790985,0.375,0.390625,-0.08125002682209015,-0.390625,0.390625,-0.08125002682209015,0.390625,-0.390625,-0.08125002682209015,0.390625,-0.390625,-0.08125002682209015,-0.390625,0.390625,-0.08125002682209015,0.390625,0.375,0.23124997317790985,0.375,-0.375,0.23124997317790985,0.375,-0.390625,-0.08125002682209015,0.390625,-0.390625,-0.08125002682209015,-0.390625,-0.375,0.23124997317790985,-0.375,0.375,0.23124997317790985,-0.375,0.390625,-0.08125002682209015,-0.390625,-0.23201940953731537,0.699999988079071,0.23201940953731537,-0.23201940953731537,0.699999988079071,0.23201940953731537,-0.23201940953731537,0.19999997317790985,0.23201940953731537,0.23201940953731537,0.699999988079071,-0.23201940953731537,0.23201940953731537,0.699999988079071,-0.23201940953731537,0.23201940953731537,0.19999997317790985,-0.23201940953731537,0.23201940953731537,0.699999988079071,-0.23201940953731537,-0.23201940953731537,0.699999988079071,0.23201940953731537,0.23201940953731537,0.699999988079071,-0.23201940953731537,0.23201940953731537,0.19999997317790985,-0.23201940953731537,-0.23201940953731537,0.19999997317790985,0.23201940953731537,0.23201940953731537,0.19999997317790985,-0.23201940953731537,-0.23201940953731537,0.699999988079071,0.23201940953731537,0.23201940953731537,0.699999988079071,-0.23201940953731537,0.23201940953731537,0.19999997317790985,-0.23201940953731537,-0.23201940953731537,0.19999997317790985,0.23201940953731537,0.23201940953731537,0.699999988079071,0.23201940953731537,0.23201940953731537,0.699999988079071,0.23201940953731537,0.23201940953731537,0.19999997317790985,0.23201940953731537,-0.23201940953731537,0.699999988079071,-0.23201940953731537,-0.23201940953731537,0.699999988079071,-0.23201940953731537,-0.23201940953731537,0.19999997317790985,-0.23201940953731537,-0.23201940953731537,0.699999988079071,-0.23201940953731537,0.23201940953731537,0.699999988079071,0.23201940953731537,-0.23201940953731537,0.699999988079071,-0.23201940953731537,-0.23201940953731537,0.19999997317790985,-0.23201940953731537,0.23201940953731537,0.19999997317790985,0.23201940953731537,-0.23201940953731537,0.19999997317790985,-0.23201940953731537,0.23201940953731537,0.699999988079071,0.23201940953731537,-0.23201940953731537,0.699999988079071,-0.23201940953731537,-0.23201940953731537,0.19999997317790985,-0.23201940953731537,0.23201940953731537,0.19999997317790985,0.23201940953731537],