{"schemaVersion":4,"source":{"uri":"models/environment/Farm/pumpkin/pumpkin-stage4.gltf","sha256":"116d4963e7f4814e25f0043da777f9c4ec3bab9276f0965828f9cce1d9a9f8b3"},"animationNames":[],"boundingBox":{"min":{"x":-0.375,"y":0,"z":-0.375},"max":{"x":1.1418683944728931,"y":1.0751230360451653,"z":0.9587395076369261}},"nodeNames":["root2","cube","cube","cube","cube","cube","cube","cube","cube","cube","root",""],"trimesh":{"vertices":[0.4074678122997284,0.21243847906589508,-0.013875613920390606,0.4074678122997284,-0.5375615358352661,-0.013875613920390606,-0.3078199028968811,0.21243847906589508,0.21165373921394348,-0.3078199028968811,-0.5375615358352661,0.21165373921394348,0.4074678122997284,0.21243847906589508,-0.013875613920390606,-0.3078199028968811,0.21243847906589508,0.21165373921394348,0.4074678122997284,0.21243847906589508,-0.013875613920390606,0.4074678122997284,-0.5375615358352661,-0.013875613920390606,-0.3078199028968811,-0.5375615358352661,0.21165373921394348,0.4074678122997284,-0.5375615358352661,-0.013875613920390606,-0.3078199028968811,-0.5375615358352661,0.21165373921394348,-0.3078199028968811,0.21243847906589508,0.21165373921394348,0.4074678122997284,0.21243847906589508,-0.013875613920390606,0.4074678122997284,-0.5375615358352661,-0.013875613920390606,0.07998797297477722,0.4624384641647339,0.17800785601139069,0.07998797297477722,-0.2875615060329437,0.17800785601139069,-0.4503421187400818,0.4624384641647339,-0.35232222080230713,-0.4503421187400818,-0.2875615060329437,-0.35232222080230713,0.07998797297477722,0.4624384641647339,0.17800785601139069,-0.4503421187400818,0.4624384641647339,-0.35232222080230713,0.07998797297477722,0.4624384641647339,0.17800785601139069,0.07998797297477722,-0.2875615060329437,0.17800785601139069,-0.4503421187400818,-0.2875615060329437,-0.35232222080230713,0.07998797297477722,-0.2875615060329437,0.17800785601139069,-0.4503421187400818,-0.2875615060329437,-0.35232222080230713,-0.4503421187400818,0.4624384641647339,-0.35232222080230713,0.07998797297477722,0.4624384641647339,0.17800785601139069,0.07998797297477722,-0.2875615060329437,0.17800785601139069,0.216621533036232,0.21243847906589508,0.4445001482963562,0.216621533036232,-0.5375615358352661,0.4445001482963562,0.05429182946681976,0.21243847906589508,-0.2877218425273895,0.05429182946681976,-0.5375615358352661,-0.2877218425273895,0.216621533036232,0.21243847906589508,0.4445001482963562,0.216621533036232,0.21243847906589508,0.4445001482963562,0.05429182946681976,0.21243847906589508,-0.2877218425273895,0.216621533036232,-0.5375615358352661,0.4445001482963562,0.216621533036232,-0.5375615358352661,0.4445001482963562,0.05429182946681976,-0.5375615358352661,-0.2877218425273895,0.05429182946681976,-0.5375615358352661,-0.2877218425273895,0.05429182946681976,0.21243847906589508,-0.2877218425273895,0.216621533036232,0.21243847906589508,0.4445001482963562,0.216621533036232,-0.5375615358352661,0.4445001482963562,-0.4552101194858551,-0.12956655025482178,0.06478159874677658,-0.4385395348072052,-0.06995924562215805,0.05610343813896179,-0.10433837026357651,-0.21270540356636047,0.1677474081516266,-0.0876677930355072,-0.15309807658195496,0.1590692549943924,-0.20543745160102844,-0.1238255649805069,0.5840232968330383,-0.18876691162586212,-0.06421825289726257,0.5753450989723206,-0.5563092231750488,-0.040686726570129395,0.48105746507644653,-0.5396385788917542,0.01892058178782463,0.47237929701805115,-0.20543745160102844,-0.1238255649805069,0.5840232968330383,-0.5563092231750488,-0.040686726570129395,0.48105746507644653,-0.10433837026357651,-0.21270540356636047,0.1677474081516266,-0.4552101194858551,-0.12956655025482178,0.06478159874677658,-0.5396385788917542,0.01892058178782463,0.47237929701805115,-0.18876691162586212,-0.06421825289726257,0.5753450989723206,-0.4385395348072052,-0.06995924562215805,0.05610343813896179,-0.0876677930355072,-0.15309807658195496,0.1590692549943924,-0.5563092231750488,-0.040686726570129395,0.48105746507644653,-0.5396385788917542,0.01892058178782463,0.47237929701805115,-0.4552101194858551,-0.12956655025482178,0.06478159874677658,-0.4385395348072052,-0.06995924562215805,0.05610343813896179,-0.10433837026357651,-0.21270540356636047,0.1677474081516266,-0.0876677930355072,-0.15309807658195496,0.1590692549943924,-0.20543745160102844,-0.1238255649805069,0.5840232968330383,-0.18876691162586212,-0.06421825289726257,0.5753450989723206,-0.027945395559072495,0.022571217268705368,0.24091602861881256,-0.027936527505517006,0.08472682535648346,0.23436389863491058,0.3391796350479126,0.014505158178508282,0.16489526629447937,0.33918848633766174,0.07666076719760895,0.1583431363105774,0.42836835980415344,0.05939439311623573,0.590848982334137,0.4283771812915802,0.12154999375343323,0.5842968225479126,0.061243314296007156,0.06746044754981995,0.6668697595596313,0.0612521767616272,0.12961605191230774,0.660317599773407,0.42836835980415344,0.05939439311623573,0.590848982334137,0.061243314296007156,0.06746044754981995,0.6668697595596313,0.3391796350479126,0.014505158178508282,0.16489526629447937,-0.027945395559072495,0.022571217268705368,0.24091602861881256,0.0612521767616272,0.12961605191230774,0.660317599773407,0.4283771812915802,0.12154999375343323,0.5842968225479126,-0.027936527505517006,0.08472682535648346,0.23436389863491058,0.33918848633766174,0.07666076719760895,0.1583431363105774,0.061243314296007156,0.06746044754981995,0.6668697595596313,0.0612521767616272,0.12961605191230774,0.660317599773407,-0.027945395559072495,0.022571217268705368,0.24091602861881256,-0.027936527505517006,0.08472682535648346,0.23436389863491058,0.3391796350479126,0.014505158178508282,0.16489526629447937,0.33918848633766174,0.07666076719760895,0.1583431363105774,0.42836835980415344,0.05939439311623573,0.590848982334137,0.4283771812915802,0.12154999375343323,0.5842968225479126,-0.31669342517852783,0.3786519765853882,0.014286410994827747,-0.318347692489624,0.4394388198852539,-0.00015226473624352366,0.031691547483205795,0.3556314706802368,-0.12254548817873001,0.03003726340830326,0.41641828417778015,-0.13698416948318481,0.19315750896930695,0.453754186630249,0.2720516622066498,0.19150322675704956,0.5145410299301147,0.25761300325393677,-0.15522746741771698,0.4767746925354004,0.40888357162475586,-0.15688174962997437,0.5375615358352661,0.39444488286972046,0.19315750896930695,0.453754186630249,0.2720516622066498,-0.15522746741771698,0.4767746925354004,0.40888357162475586,0.031691547483205795,0.3556314706802368,-0.12254548817873001,-0.31669342517852783,0.3786519765853882,0.014286410994827747,-0.15688174962997437,0.5375615358352661,0.39444488286972046,0.19150322675704956,0.5145410299301147,0.25761300325393677,-0.318347692489624,0.4394388198852539,-0.00015226473624352366,0.03003726340830326,0.41641828417778015,-0.13698416948318481,-0.15522746741771698,0.4767746925354004,0.40888357162475586,-0.15688174962997437,0.5375615358352661,0.39444488286972046,-0.31669342517852783,0.3786519765853882,0.014286410994827747,-0.318347692489624,0.4394388198852539,-0.00015226473624352366,0.031691547483205795,0.3556314706802368,-0.12254548817873001,0.03003726340830326,0.41641828417778015,-0.13698416948318481,0.19315750896930695,0.453754186630249,0.2720516622066498,0.19150322675704956,0.5145410299301147,0.25761300325393677,0.6456695199012756,-0.18591667711734772,-0.2855795621871948,0.6277452707290649,-0.1263093501329422,-0.279928058385849,0.7584341764450073,-0.18591667711734772,0.07206431031227112,0.7405099272727966,-0.1263093501329422,0.07771580666303635,0.3604946732521057,-0.31747546792030334,0.19753415882587433,0.34257039427757263,-0.2578681409358978,0.20318566262722015,0.24772998690605164,-0.31747546792030334,-0.16010969877243042,0.22980573773384094,-0.2578681409358978,-0.1544582098722458,0.3604946732521057,-0.31747546792030334,0.19753415882587433,0.24772998690605164,-0.31747546792030334,-0.16010969877243042,0.7584341764450073,-0.18591667711734772,0.07206431031227112,0.6456695199012756,-0.18591667711734772,-0.2855795621871948,