{"schemaVersion":4,"source":{"uri":"models/environment/Halloween/stacked-pumpkin.gltf","sha256":"822cdc1ff4981e625b90e8441aefed005b382eaf3373fc4631a98cdbe9d992bc"},"animationNames":[],"boundingBox":{"min":{"x":-0.7742505883835447,"y":-0.04548203773109849,"z":-0.8860093676847489},"max":{"x":0.7742505883835447,"y":1.375,"z":0.8860093676847489}},"nodeNames":["cube","cube","cube","cube","cube","cube","cube","cube","cube","cube","cube","cube","cube","cube","cube","stacked_pumpkin",""],"trimesh":{"vertices":[0.375,0.08524101972579956,0.375,0.375,-0.6647589802742004,0.375,0.375,0.08524101972579956,-0.375,0.375,-0.6647589802742004,-0.375,-0.375,0.08524101972579956,-0.375,-0.375,-0.6647589802742004,-0.375,-0.375,0.08524101972579956,0.375,-0.375,-0.6647589802742004,0.375,-0.375,0.08524101972579956,-0.375,-0.375,0.08524101972579956,0.375,0.375,0.08524101972579956,-0.375,0.375,0.08524101972579956,0.375,-0.375,-0.6647589802742004,0.375,-0.375,-0.6647589802742004,-0.375,0.375,-0.6647589802742004,0.375,0.375,-0.6647589802742004,-0.375,-0.375,0.08524101972579956,0.375,-0.375,-0.6647589802742004,0.375,0.375,0.08524101972579956,0.375,0.375,-0.6647589802742004,0.375,0.375,0.08524101972579956,-0.375,0.375,-0.6647589802742004,-0.375,-0.375,0.08524101972579956,-0.375,-0.375,-0.6647589802742004,-0.375,-0.1007494106888771,-0.1429700255393982,-0.39452826976776123,-0.08062738925218582,-0.641067385673523,-0.355874240398407,-0.3307451605796814,-0.1865479052066803,-0.8363460302352905,-0.3106231391429901,-0.6846452951431274,-0.7976920008659363,-0.7742505669593811,-0.1865479052066803,-0.6054717302322388,-0.7541285753250122,-0.6846452951431274,-0.5668177008628845,-0.5442548394203186,-0.1429700255393982,-0.16365396976470947,-0.5241327881813049,-0.641067385673523,-0.12499993294477463,-0.7742505669593811,-0.1865479052066803,-0.6054717302322388,-0.5442548394203186,-0.1429700255393982,-0.16365396976470947,-0.3307451605796814,-0.1865479052066803,-0.8363460302352905,-0.1007494106888771,-0.1429700255393982,-0.39452826976776123,-0.5241327881813049,-0.641067385673523,-0.12499993294477463,-0.7541285753250122,-0.6846452951431274,-0.5668177008628845,-0.08062738925218582,-0.641067385673523,-0.355874240398407,-0.3106231391429901,-0.6846452951431274,-0.7976920008659363,-0.5442548394203186,-0.1429700255393982,-0.16365396976470947,-0.5241327881813049,-0.641067385673523,-0.12499993294477463,-0.1007494106888771,-0.1429700255393982,-0.39452826976776123,-0.08062738925218582,-0.641067385673523,-0.355874240398407,-0.3307451605796814,-0.1865479052066803,-0.8363460302352905,-0.3106231391429901,-0.6846452951431274,-0.7976920008659363,-0.7742505669593811,-0.1865479052066803,-0.6054717302322388,-0.7541285753250122,-0.6846452951431274,-0.5668177008628845,0.5368063449859619,0.013793944381177425,-0.1297154426574707,0.5087167024612427,-0.6017109155654907,-0.02488340064883232,0.696110725402832,-0.09473615884780884,-0.7242474555969238,0.6680210828781128,-0.7102410197257996,-0.6194154024124146,0.09240709245204926,-0.09473615884780884,-0.8860093951225281,0.06431743502616882,-0.7102410197257996,-0.7811773419380188,-0.06689728796482086,0.013793944381177425,-0.29147735238075256,-0.0949869453907013,-0.6017109155654907,-0.1866452991962433,0.09240709245204926,-0.09473615884780884,-0.8860093951225281,-0.06689728796482086,0.013793944381177425,-0.29147735238075256,0.696110725402832,-0.09473615884780884,-0.7242474555969238,0.5368063449859619,0.013793944381177425,-0.1297154426574707,-0.0949869453907013,-0.6017109155654907,-0.1866452991962433,0.06431743502616882,-0.7102410197257996,-0.7811773419380188,0.5087167024612427,-0.6017109155654907,-0.02488340064883232,0.6680210828781128,-0.7102410197257996,-0.6194154024124146,-0.06689728796482086,0.013793944381177425,-0.29147735238075256,-0.0949869453907013,-0.6017109155654907,-0.1866452991962433,0.5368063449859619,0.013793944381177425,-0.1297154426574707,0.5087167024612427,-0.6017109155654907,-0.02488340064883232,0.696110725402832,-0.09473615884780884,-0.7242474555969238,0.6680210828781128,-0.7102410197257996,-0.6194154024124146,0.09240709245204926,-0.09473615884780884,-0.8860093951225281,0.06431743502616882,-0.7102410197257996,-0.7811773419380188,-0.36085811257362366,0.02747476100921631,-0.48812735080718994,-0.35331234335899353,-0.15931177139282227,-0.4736320674419403,-0.4183570444583893,0.016580283641815186,-0.5985817909240723,-0.41081130504608154,-0.170206218957901,-0.5840864777565002,-0.5292333960533142,0.016580283641815186,-0.5408632159233093,-0.5216876268386841,-0.170206218957901,-0.5263679027557373,-0.4717344641685486,0.02747476100921631,-0.4304087460041046,-0.46418869495391846,-0.15931177139282227,-0.41591349244117737,-0.5292333960533142,0.016580283641815186,-0.5408632159233093,-0.4717344641685486,0.02747476100921631,-0.4304087460041046,-0.4183570444583893,0.016580283641815186,-0.5985817909240723,-0.36085811257362366,0.02747476100921631,-0.48812735080718994,-0.46418869495391846,-0.15931177139282227,-0.41591349244117737,-0.5216876268386841,-0.170206218957901,-0.5263679027557373,-0.35331234335899353,-0.15931177139282227,-0.4736320674419403,-0.41081130504608154,-0.170206218957901,-0.5840864777565002,-0.4717344641685486,0.02747476100921631,-0.4304087460041046,-0.46418869495391846,-0.15931177139282227,-0.41591349244117737,-0.36085811257362366,0.02747476100921631,-0.48812735080718994,-0.35331234335899353,-0.15931177139282227,-0.4736320674419403,-0.4183570444583893,0.016580283641815186,-0.5985817909240723,-0.41081130504608154,-0.170206218957901,-0.5840864777565002,-0.5292333960533142,0.016580283641815186,-0.5408632159233093,-0.5216876268386841,-0.170206218957901,-0.5263679027557373,0.3674735426902771,0.15503334999084473,-0.463682621717453,0.3590466380119324,-0.02961808443069458,-0.4322330057621002,0.3993344306945801,0.13332730531692505,-0.5825890302658081,0.39090752601623535,-0.05132412910461426,-0.5511394143104553,0.27859368920326233,0.13332730531692505,-0.614941418170929,0.2701667845249176,-0.05132412910461426,-0.5834918022155762,0.24673281610012054,0.15503334999084473,-0.49603500962257385,0.238305926322937,-0.02961808443069458,-0.46458539366722107,0.27859368920326233,0.13332730531692505,-0.614941418170929,0.24673281610012054,0.15503334999084473,-0.49603500962257385,0.3993344306945801,0.13332730531692505,-0.5825890302658081,0.3674735426902771,0.15503334999084473,-0.463682621717453,0.238305926322937,-0.02961808443069458,-0.46458539366722107,0.2701667845249176,-0.05132412910461426,-0.5834918022155762,0.3590466380119324,-0.02961808443069458,-0.4322330057621002,0.39090752601623535,-0.05132412910461426,-0.5511394143104553,0.24673281610012054,0.15503334999084473,-0.49603500962257385,0.238305926322937,-0.02961808443069458,-0.46458539366722107,0.3674735426902771,0.15503334999084473,-0.463682621717453,0.3590466380119324,-0.02961808443069458,-0.4322330057621002,0.3993344306945801,0.13332730531692505,-0.5825890302658081,0.39090752601623535,-0.05132412910461426,-0.5511394143104553,0.27859368920326233,0.13332730531692505,-0.614941418170929,0.2701667845249176,-0.05132412910461426,-0.5834918022155762,0.09375,0.39774101972579956,0.09375,0.09375,0.08524101972579956,0.09375,0.09375,0.39774101972579956,-0.09375,0.09375,0.08524101972579956,-0.09375,-0.09375,0.39774101972579956,-0.09375,-0.09375,0.08524101972579956,-0.09375,-0.09375,0.39774101972579956,0.09375,-0.09375,0.08524101972579956,0.09375,-0.09375,0.39774101972579956,-0.09375,-0.09375,0.39774101972579956,0.09375,0.09375,0.39774101972579956,-0.09375,0.09375,0.39774101972579956,0.09375,-0.09375,0.08524101972579956,0.09375,-0.09375,0.08524101972579956,-0.09375,0.09375,0.08524101972579956,0.09375,0.09375,0.08524101972579956,-0.09375,-0.09375,0.39774101972579956,0.09375,-0.09375,0.08524101972579956,0.09375,0.09375,0.39774101972579956,0.09375,0.09375,0.08524101972579956,0.09375,0.09375,0.39774101972579956,-0.09375,0.09375,0.08524101972579956,-0.09375,-0.09375,0.39774101972579956,-0.09375,-0.09375,0.08524101972579956,-0.09375,0.5292333960533142,