{"schemaVersion":1,"source":{"uri":"models/items/compass.gltf","sha256":"6384832bee30088caf69c0ec8b0f005783f428d778afe1218d468b2e5d910ec8"},"animationNames":[],"boundingBox":{"min":{"x":-0.25,"y":0,"z":-0.25},"max":{"x":0.25,"y":0.1875,"z":0.25}},"nodeNames":["cube",""],"trimesh":{"vertices":[0.25,0.09375,0.25,0.25,-0.09375,0.25,0.25,0.09375,-0.25,0.25,-0.09375,-0.25,-0.25,0.09375,-0.25,-0.25,-0.09375,-0.25,-0.25,0.09375,0.25,-0.25,-0.09375,0.25,-0.25,0.09375,-0.25,-0.25,0.09375,0.25,0.25,0.09375,-0.25,0.25,0.09375,0.25,-0.25,-0.09375,0.25,-0.25,-0.09375,-0.25,0.25,-0.09375,0.25,0.25,-0.09375,-0.25,-0.25,0.09375,0.25,-0.25,-0.09375,0.25,0.25,0.09375,0.25,0.25,-0.09375,0.25,0.25,0.09375,-0.25,0.25,-0.09375,-0.25,-0.25,0.09375,-0.25,-0.25,-0.09375,-0.25],"indices":[0,1,2,1,3,2,4,5,6,5,7,6,8,9,10,9,11,10,12,13,14,13,15,14,16,17,18,17,19,18,20,21,22,21,23,22]}}