{"schemaVersion":4,"source":{"uri":"models/eggs/rare/terra-egg.gltf","sha256":"3ffc82aedb03a3588beacc47e57491bf86805e99d27da32f948b93f13599ee83"},"animationNames":[],"boundingBox":{"min":{"x":-0.4375,"y":-0.0062500000931322575,"z":-0.4375},"max":{"x":0.9465562629171171,"y":0.9178810191762544,"z":0.375}},"nodeNames":["cube","cube","cube","cube","cube","group2","cube","cube","cube","group"],"trimesh":{"vertices":[-0.31702813506126404,-0.46206551790237427,-0.40625,-0.37952813506126404,-0.14956550300121307,-0.34375,-0.37952813506126404,-0.14956550300121307,-0.09375,-0.37952813506126404,-0.46206551790237427,-0.09375,-0.6920281052589417,-0.46206551790237427,-0.09375,-0.6295281052589417,-0.14956550300121307,-0.09375,-0.6295281052589417,-0.14956550300121307,-0.34375,-0.6920281052589417,-0.46206551790237427,-0.40625,-0.37952813506126404,-0.14956550300121307,-0.09375,-0.37952813506126404,-0.14956550300121307,-0.34375,-0.6295281052589417,-0.14956550300121307,-0.34375,-0.6295281052589417,-0.14956550300121307,-0.09375,-0.31702813506126404,-0.46206551790237427,-0.40625,-0.37952813506126404,-0.46206551790237427,-0.09375,-0.6920281052589417,-0.46206551790237427,-0.09375,-0.6920281052589417,-0.46206551790237427,-0.40625,-0.37952813506126404,-0.46206551790237427,-0.09375,-0.37952813506126404,-0.14956550300121307,-0.09375,-0.6295281052589417,-0.14956550300121307,-0.09375,-0.6920281052589417,-0.46206551790237427,-0.09375,-0.6920281052589417,-0.46206551790237427,-0.40625,-0.6295281052589417,-0.14956550300121307,-0.34375,-0.37952813506126404,-0.14956550300121307,-0.34375,-0.31702813506126404,-0.46206551790237427,-0.40625,-0.12952813506126404,-0.46206551790237427,-0.34375,-0.19202813506126404,-0.21206550300121307,-0.34375,-0.12952813506126404,-0.21206550300121307,-0.21875,-0.12952813506126404,-0.46206551790237427,-0.21875,-0.37952813506126404,-0.46206551790237427,-0.21875,-0.37952813506126404,-0.21206550300121307,-0.21875,-0.37952813506126404,-0.21206550300121307,-0.34375,-0.37952813506126404,-0.46206551790237427,-0.34375,-0.12952813506126404,-0.21206550300121307,-0.21875,-0.19202813506126404,-0.21206550300121307,-0.34375,-0.37952813506126404,-0.21206550300121307,-0.34375,-0.37952813506126404,-0.21206550300121307,-0.21875,-0.12952813506126404,-0.46206551790237427,-0.34375,-0.12952813506126404,-0.46206551790237427,-0.21875,-0.37952813506126404,-0.46206551790237427,-0.21875,-0.37952813506126404,-0.46206551790237427,-0.34375,-0.12952813506126404,-0.46206551790237427,-0.21875,-0.12952813506126404,-0.21206550300121307,-0.21875,-0.37952813506126404,-0.21206550300121307,-0.21875,-0.37952813506126404,-0.46206551790237427,-0.21875,-0.37952813506126404,-0.46206551790237427,-0.34375,-0.37952813506126404,-0.21206550300121307,-0.34375,-0.19202813506126404,-0.21206550300121307,-0.34375,-0.12952813506126404,-0.46206551790237427,-0.34375,0.32165560126304626,0.36639460921287537,0.09375,0.0346430279314518,-0.3265150189399719,0.09375,0.32165560126304626,0.36639460921287537,-0.15625,0.0346430279314518,-0.3265150189399719,-0.15625,0.09068569540977478,0.4620654881000519,-0.15625,-0.19632688164710999,-0.2308441400527954,-0.15625,0.09068569540977478,0.4620654881000519,0.09375,-0.19632688164710999,-0.2308441400527954,0.09375,0.09068569540977478,0.4620654881000519,-0.15625,0.09068569540977478,0.4620654881000519,0.09375,0.32165560126304626,0.36639460921287537,-0.15625,0.32165560126304626,0.36639460921287537,0.09375,-0.19632688164710999,-0.2308441400527954,0.09375,-0.19632688164710999,-0.2308441400527954,-0.15625,0.0346430279314518,-0.3265150189399719,0.09375,0.0346430279314518,-0.3265150189399719,-0.15625,0.09068569540977478,0.4620654881000519,0.09375,-0.19632688164710999,-0.2308441400527954,0.09375,0.32165560126304626,0.36639460921287537,0.09375,0.0346430279314518,-0.3265150189399719,0.09375,0.32165560126304626,0.36639460921287537,-0.15625,0.0346430279314518,-0.3265150189399719,-0.15625,0.09068569540977478,0.4620654881000519,-0.15625,-0.19632688164710999,-0.2308441400527954,-0.15625,-0.5045281052589417,-0.21206550300121307,0.15625,-0.6295281052589417,-0.21206550300121307,0.09375,-0.6295281052589417,-0.46206551790237427,0.15625,-0.5045281052589417,-0.46206551790237427,0.15625,-0.6295281052589417,-0.21206550300121307,-0.09375,-0.5045281052589417,-0.21206550300121307,-0.09375,-0.5045281052589417,-0.46206551790237427,-0.09375,-0.6295281052589417,-0.46206551790237427,-0.09375,-0.6295281052589417,-0.21206550300121307,-0.09375,-0.6295281052589417,-0.21206550300121307,0.09375,-0.5045281052589417,-0.21206550300121307,0.15625,-0.5045281052589417,-0.21206550300121307,-0.09375,-0.5045281052589417,-0.46206551790237427,-0.09375,-0.5045281052589417,-0.46206551790237427,0.15625,-0.6295281052589417,-0.46206551790237427,0.15625,-0.6295281052589417,-0.46206551790237427,-0.09375,-0.5045281052589417,-0.21206550300121307,-0.09375,-0.5045281052589417,-0.21206550300121307,0.15625,-0.5045281052589417,-0.46206551790237427,0.15625,-0.5045281052589417,-0.46206551790237427,-0.09375,-0.6295281052589417,-0.21206550300121307,0.09375,-0.6295281052589417,-0.21206550300121307,-0.09375,-0.6295281052589417,-0.46206551790237427,-0.09375,-0.6295281052589417,-0.46206551790237427,0.15625,0.6920281052589417,0.28063079714775085,-0.03125,0.6920281052589417,0.28063079714775085,-0.03125,0.5006864666938782,-0.18130894005298615,-0.03125,0.3455732762813568,0.42413708567619324,-0.03125,0.3455732762813568,0.42413708567619324,-0.03125,0.15423157811164856,-0.03780265152454376,-0.03125,0.6920281052589417,0.28063079714775085,-0.03125,0.3455732762813568,0.42413708567619324,-0.03125,0.6920281052589417,0.28063079714775085,-0.03125,0.5006864666938782,-0.18130894005298615,-0.03125,0.15423157811164856,-0.03780265152454376,-0.03125,0.5006864666938782,-0.18130894005298615,-0.03125,0.15423157811164856,-0.03780265152454376,-0.03125,0.3455732762813568,0.42413708567619324,-0.03125,0.6920281052589417,0.28063079714775085,-0.03125,0.5006864666938782,-0.18130894005298615,-0.03125,0.02672186866402626,0.41918447613716125,-0.25,0.05797186866402626,0.41918447613716125,0.03125,0.05797186866402626,0.16918449103832245,0.03125,0.05797186866402626,0.16918449103832245,-0.28125,-0.5670281052589417,0.16918449103832245,-0.28125,-0.5670281052589417,0.16918449103832245,0.03125,-0.5670281052589417,0.41918447613716125,0.03125,-0.5357781052589417,0.41918447613716125,-0.25,-0.5357781052589417,0.41918447613716125,-0.25,-0.5670281052589417,0.41918447613716125,0.03125,-0.25452813506126404,0.41918447613716125,0.03125,-0.25452813506126404,0.41918447613716125,-0.28125,-0.25452813506126404,0.16918449103832245,-0.28125,-0.25452813506126404,0.16918449103832245,0.03125,-0.5670281052589417,0.16918449103832245,0.03125,-0.5670281052589417,0.16918449103832245,-0.28125,-0.5670281052589417,0.16918449103832245,0.34375,-0.25452813506126404,0.16918449103832245,0.34375,-0.25452813506126404,0.41918447613716125,0.34375,-0.5357781052589417,0.41918447613716125,0.3125,-0.5357781052589417,0.41918447613716125,-0.25,-0.25452813506126404,0.41918447613716125,-0.28125,-0.25452813506126404,0.16918449103832245,-0.28125,-0.5670281052589417,0.16918449103832245,-0.28125,0.05797186866402626,0.41918447613716125,0.03125,0.02672186866402626,0.41918447613716125,-0.25,0.02672186866402626,0.41918447613716125,0.3125,-0.25452813506126404,0.41918447613716125,0.34375,-0.25452813506126404,0.16918449103832245,0.34375,0.05797186866402626,0.16918449103832245,0.34375,0.05797186866402626,0.16918449103832245,-0.28125,0.05797186866402626,0.16918449103832245,0.03125,0.05797186866402626,0.16918449103832245,-0.28125,-0.25452813506126404,0.16918449103832245,-0.28125,-0.25452813506126404,0.41918447613716125,-0.28125,0.02672186866402626,0.41918447613716125,-0.25,-0.5357781052589417,0.41918447613716125,0.3125,-0.5670281052589417,0.41918447613716125,0.03125,-0.5670281052589417,0.16918449103832245,0.03125,-0.5670281052589417,0.16918449103832245,0.34375,-0.5670281052589417,0.16918449103832245,0.34375,-0.25452813506126404,0.16918449103832245,