{"schemaVersion":4,"source":{"uri":"models/tools/axe/iron-axe.gltf","sha256":"e6117594411a3d2ba9d3c35ce9ce472bc0d1185bb0b81a8936cd0ca0e9e0c4e4"},"animationNames":[],"boundingBox":{"min":{"x":-0.0625,"y":0,"z":-0.0625},"max":{"x":0.3125,"y":0.90625,"z":0.0625}},"nodeNames":["cube","cube","cube","cube","cube","axe"],"trimesh":{"vertices":[-0.09375,0.234375,0.03125,-0.09375,-0.359375,0.03125,-0.09375,0.234375,-0.03125,-0.09375,-0.359375,-0.03125,-0.15625,0.234375,-0.03125,-0.15625,-0.359375,-0.03125,-0.15625,0.234375,0.03125,-0.15625,-0.359375,0.03125,-0.15625,0.234375,-0.03125,-0.15625,0.234375,0.03125,-0.09375,0.234375,-0.03125,-0.09375,0.234375,0.03125,-0.15625,-0.359375,0.03125,-0.15625,-0.359375,-0.03125,-0.09375,-0.359375,0.03125,-0.09375,-0.359375,-0.03125,-0.15625,0.234375,0.03125,-0.15625,-0.359375,0.03125,-0.09375,0.234375,0.03125,-0.09375,-0.359375,0.03125,-0.09375,0.234375,-0.03125,-0.09375,-0.359375,-0.03125,-0.15625,0.234375,-0.03125,-0.15625,-0.359375,-0.03125,-0.0625,0.421875,0.0625,-0.0625,0.234375,0.0625,-0.0625,0.421875,-0.0625,-0.0625,0.234375,-0.0625,-0.1875,0.421875,-0.0625,-0.1875,0.234375,-0.0625,-0.1875,0.421875,0.0625,-0.1875,0.234375,0.0625,-0.1875,0.421875,-0.0625,-0.1875,0.421875,0.0625,-0.0625,0.421875,-0.0625,-0.0625,0.421875,0.0625,-0.1875,0.234375,0.0625,-0.1875,0.234375,-0.0625,-0.0625,0.234375,0.0625,-0.0625,0.234375,-0.0625,-0.1875,0.421875,0.0625,-0.1875,0.234375,0.0625,-0.0625,0.421875,0.0625,-0.0625,0.234375,0.0625,-0.0625,0.421875,-0.0625,-0.0625,0.234375,-0.0625,-0.1875,0.421875,-0.0625,-0.1875,0.234375,-0.0625,0.09375,0.390625,0.03125,0.09375,0.265625,0.03125,0.09375,0.390625,-0.03125,0.09375,0.265625,-0.03125,-0.0625,0.390625,-0.03125,-0.0625,0.265625,-0.03125,-0.0625,0.390625,0.03125,-0.0625,0.265625,0.03125,-0.0625,0.390625,-0.03125,-0.0625,0.390625,0.03125,0.09375,0.390625,-0.03125,0.09375,0.390625,0.03125,-0.0625,0.265625,0.03125,-0.0625,0.265625,-0.03125,0.09375,0.265625,0.03125,0.09375,0.265625,-0.03125,-0.0625,0.390625,0.03125,-0.0625,0.265625,0.03125,0.09375,0.390625,0.03125,0.09375,0.265625,0.03125,0.09375,0.390625,-0.03125,0.09375,0.265625,-0.03125,-0.0625,0.390625,-0.03125,-0.0625,0.265625,-0.03125,0.1875,0.453125,0,0.1875,0.453125,0,0.1875,0.078125,0,0,0.453125,0,0,0.453125,0,0,0.078125,0,0.1875,0.453125,0,0.1875,0.453125,0,0.1875,0.078125,0,0,0.078125,0,0.1875,0.078125,0,0,0.078125,0,0,0.453125,0,0.1875,0.453125,0,0.1875,0.078125,0,-0.0625,-0.328125,0.0625,-0.0625,-0.453125,0.0625,-0.0625,-0.328125,-0.0625,-0.0625,-0.453125,-0.0625,-0.1875,-0.328125,-0.0625,-0.1875,-0.453125,-0.0625,-0.1875,-0.328125,0.0625,-0.1875,-0.453125,0.0625,-0.1875,-0.328125,-0.0625,-0.1875,-0.328125,0.0625,-0.0625,-0.328125,-0.0625,-0.0625,-0.328125,0.0625,-0.1875,-0.453125,0.0625,-0.1875,-0.453125,-0.0625,-0.0625,-0.453125,0.0625,-0.0625,-0.453125,-0.0625,-0.1875,-0.328125,0.0625,-0.1875,-0.453125,0.0625,-0.0625,-0.328125,0.0625,-0.0625,-0.453125,0.0625,-0.0625,-0.328125,-0.0625,-0.0625,-0.453125,-0.0625,-0.1875,-0.328125,-0.0625,-0.1875,-0.453125,-0.0625],"indices":[0,1,2,1,3,2,4,5,6,5,7,6,8,9,10,9,11,10,12,13,14,13,15,14,16,17,18,17,19,18,20,21,22,21,23,22,24,25,26,25,27,26,28,29,30,29,31,30,32,33,34,33,35,34,36,37,38,37,39,38,40,41,42,41,43,42,44,45,46,45,47,46,48,49,50,49,51,50,52,53,54,53,55,54,56,57,58,57,59,58,60,61,62,61,63,62,64,65,66,65,67,66,68,69,70,69,71,70,72,73,74,72,74,74,75,76,77,75,77,77,78,75,79,78,79,75,80,81,82,80,82,81,83,84,85,83,85,86,87,88,89,88,90,89,91,92,93,92,94,93,95,96,97,96,98,97,99,100,101,100,102,101,103,104,105,104,106,105,107,108,109,108,110,109]},"optimizedModelData":{"":{"meshCount":1},"-named-nodes":{"meshCount":5},"-no-animations":{"meshCount":1}}}