{"schemaVersion":4,"source":{"uri":"models/environment/Desert/sarcophagus.gltf","sha256":"bed8f921d00fd18e4a2fd3caca95d5c81ac504a33ec9b8556081faf216eb2a91"},"animationNames":[],"boundingBox":{"min":{"x":-0.5625,"y":0,"z":-0.90625},"max":{"x":0.5625,"y":0.8739583333333335,"z":0.90625}},"nodeNames":["cube","cube","cube","root2","cube","cube","root",""],"trimesh":{"vertices":[0.375,0.06197916716337204,0.7197916507720947,0.375,0.06197916716337204,-0.5927083492279053,0.375,0.31197917461395264,0.7197916507720947,0.375,0.31197917461395264,-0.5927083492279053,-0.375,0.31197917461395264,0.7197916507720947,-0.375,0.31197917461395264,-0.5927083492279053,-0.375,0.06197916716337204,0.7197916507720947,-0.375,0.06197916716337204,-0.5927083492279053,-0.375,0.31197917461395264,0.7197916507720947,-0.375,0.06197916716337204,0.7197916507720947,0.375,0.31197917461395264,0.7197916507720947,0.375,0.06197916716337204,0.7197916507720947,-0.375,0.06197916716337204,-0.5927083492279053,-0.375,0.31197917461395264,-0.5927083492279053,0.375,0.06197916716337204,-0.5927083492279053,0.375,0.31197917461395264,-0.5927083492279053,-0.375,0.06197916716337204,0.7197916507720947,-0.375,0.06197916716337204,-0.5927083492279053,0.375,0.06197916716337204,0.7197916507720947,0.375,0.06197916716337204,-0.5927083492279053,0.375,0.31197917461395264,0.7197916507720947,0.375,0.31197917461395264,-0.5927083492279053,-0.375,0.31197917461395264,0.7197916507720947,-0.375,0.31197917461395264,-0.5927083492279053,0.4375,-0.0005208333604969084,-0.5927083492279053,0.4375,-0.0005208333604969084,-0.7177083492279053,0.4375,0.43697917461395264,-0.5927083492279053,0.4375,0.43697917461395264,-0.7177083492279053,-0.4375,0.43697917461395264,-0.5927083492279053,-0.4375,0.43697917461395264,-0.7177083492279053,-0.4375,-0.0005208333604969084,-0.5927083492279053,-0.4375,-0.0005208333604969084,-0.7177083492279053,-0.4375,0.43697917461395264,-0.5927083492279053,-0.4375,-0.0005208333604969084,-0.5927083492279053,0.4375,0.43697917461395264,-0.5927083492279053,0.4375,-0.0005208333604969084,-0.5927083492279053,-0.4375,-0.0005208333604969084,-0.7177083492279053,-0.4375,0.43697917461395264,-0.7177083492279053,0.4375,-0.0005208333604969084,-0.7177083492279053,0.4375,0.43697917461395264,-0.7177083492279053,-0.4375,-0.0005208333604969084,-0.5927083492279053,-0.4375,-0.0005208333604969084,-0.7177083492279053,0.4375,-0.0005208333604969084,-0.5927083492279053,0.4375,-0.0005208333604969084,-0.7177083492279053,0.4375,0.43697917461395264,-0.5927083492279053,0.4375,0.43697917461395264,-0.7177083492279053,-0.4375,0.43697917461395264,-0.5927083492279053,-0.4375,0.43697917461395264,-0.7177083492279053,0.25,0.12447916716337204,0.5947916507720947,0.25,0.12447916716337204,-0.03020833246409893,0.25,0.43697917461395264,0.5947916507720947,0.25,0.43697917461395264,-0.03020833246409893,-0.25,0.43697917461395264,0.5947916507720947,-0.25,0.43697917461395264,-0.03020833246409893,-0.25,0.12447916716337204,0.5947916507720947,-0.25,0.12447916716337204,-0.03020833246409893,-0.25,0.43697917461395264,0.5947916507720947,-0.25,0.12447916716337204,0.5947916507720947,0.25,0.43697917461395264,0.5947916507720947,0.25,0.12447916716337204,0.5947916507720947,-0.25,0.12447916716337204,-0.03020833246409893,-0.25,0.43697917461395264,-0.03020833246409893,0.25,0.12447916716337204,-0.03020833246409893,0.25,0.43697917461395264,-0.03020833246409893,-0.25,0.12447916716337204,0.5947916507720947,-0.25,0.12447916716337204,-0.03020833246409893,0.25,0.12447916716337204,0.5947916507720947,0.25,0.12447916716337204,-0.03020833246409893,0.25,0.43697917461395264,0.5947916507720947,0.25,0.43697917461395264,-0.03020833246409893,-0.25,0.43697917461395264,0.5947916507720947,-0.25,0.43697917461395264,-0.03020833246409893,0.5625,-0.24947917461395264,0.90625,0.5625,-0.43697917461395264,0.90625,0.5625,-0.24947917461395264,-0.90625,0.5625,-0.43697917461395264,-0.90625,-0.5625,-0.24947917461395264,-0.90625,-0.5625,-0.43697917461395264,-0.90625,-0.5625,-0.24947917461395264,0.90625,-0.5625,-0.43697917461395264,0.90625,-0.5625,-0.24947917461395264,-0.90625,-0.5625,-0.24947917461395264,0.90625,0.5625,-0.24947917461395264,-0.90625,0.5625,-0.24947917461395264,0.90625,-0.5625,-0.43697917461395264,0.90625,-0.5625,-0.43697917461395264,-0.90625,0.5625,-0.43697917461395264,0.90625,0.5625,-0.43697917461395264,-0.90625,-0.5625,-0.24947917461395264,0.90625,-0.5625,-0.43697917461395264,0.90625,0.5625,-0.24947917461395264,0.90625,0.5625,-0.43697917461395264,0.90625,0.5625,-0.24947917461395264,-0.90625,0.5625,-0.43697917461395264,-0.90625,-0.5625,-0.24947917461395264,-0.90625,-0.5625,-0.43697917461395264,-0.90625,0.5,0.06302084773778915,0.84375,0.5,-0.24947917461395264,0.84375,0.5,0.06302084773778915,-0.84375,0.5,-0.24947917461395264,-0.84375,-0.5,0.06302084773778915,-0.84375,-0.5,-0.24947917461395264,-0.84375,-0.5,0.06302084773778915,0.84375,-0.5,-0.24947917461395264,0.84375,-0.5,0.06302084773778915,-0.84375,-0.5,0.06302084773778915,0.84375,0.5,0.06302084773778915,-0.84375,0.5,0.06302084773778915,0.84375,-0.5,-0.24947917461395264,0.84375,-0.5,-0.24947917461395264,-0.84375,0.5,-0.24947917461395264,0.84375,0.5,-0.24947917461395264,-0.84375,-0.5,0.06302084773778915,0.84375,-0.5,-0.24947917461395264,0.84375,0.5,0.06302084773778915,0.84375,0.5,-0.24947917461395264,0.84375,0.5,0.06302084773778915,-0.84375,0.5,-0.24947917461395264,-0.84375,-0.5,0.06302084773778915,-0.84375,-0.5,-0.24947917461395264,-0.84375],"indices":[0,1,2,1,3,2,4,5,6,5,7,6,8,9,10,9,11,10,12,13,14,13,15,14,16,17,18,17,19,18,20,21,22,21,23,22,24,25,26,25,27,26,28,29,30,29,31,30,32,33,34,33,35,34,36,37,38,37,39,38,40,41,42,41,43,42,44,45,46,45,47,46,48,49,50,49,51,50,52,53,54,53,55,54,56,57,58,57,59,58,60,61,62,61,63,62,64,65,66,65,67,66,68,69,70,69,71,70,72,73,74,73,75,74,76,77,78,77,79,78,80,81,82,81,83,82,84,85,86,85,87,86,88,89,90,89,91,90,92,93,94,93,95,94,96,97,98,97,99,98,100,101,102,101,103,102,104,105,106,105,107,106,108,109,110,109,111,110,112,113,114,113,115,114,116,117,118,117,119,118]},"optimizedModelData":{"":{"meshCount":1},"-named-nodes":{"meshCount":5},"-no-animations":{"meshCount":1}}}