{"schemaVersion":4,"source":{"uri":"models/tools/shovel/diamond-shovel.gltf","sha256":"7496370a0ea3d8f2b15730545b1c88e32aeafd62a147e2146af0ace9252071c0"},"animationNames":[],"boundingBox":{"min":{"x":-0.265625,"y":0.005361652351681567,"z":-0.0625},"max":{"x":0.265625,"y":1.1304166596609502,"z":0.0625}},"nodeNames":["cube","cube","cube","cube","cube","cube","cube","cube","cube","cube","cube","shovel"],"trimesh":{"vertices":[0.03125,0.15086084604263306,0.03125,0.03125,-0.44288915395736694,0.03125,0.03125,0.15086084604263306,-0.03125,0.03125,-0.44288915395736694,-0.03125,-0.03125,0.15086084604263306,-0.03125,-0.03125,-0.44288915395736694,-0.03125,-0.03125,0.15086084604263306,0.03125,-0.03125,-0.44288915395736694,0.03125,-0.03125,0.15086084604263306,-0.03125,-0.03125,0.15086084604263306,0.03125,0.03125,0.15086084604263306,-0.03125,0.03125,0.15086084604263306,0.03125,-0.03125,-0.44288915395736694,0.03125,-0.03125,-0.44288915395736694,-0.03125,0.03125,-0.44288915395736694,0.03125,0.03125,-0.44288915395736694,-0.03125,-0.03125,0.15086084604263306,0.03125,-0.03125,-0.44288915395736694,0.03125,0.03125,0.15086084604263306,0.03125,0.03125,-0.44288915395736694,0.03125,0.03125,0.15086084604263306,-0.03125,0.03125,-0.44288915395736694,-0.03125,-0.03125,0.15086084604263306,-0.03125,-0.03125,-0.44288915395736694,-0.03125,0.0625,0.30711084604263306,0.0625,0.0625,0.15086084604263306,0.0625,0.0625,0.30711084604263306,-0.0625,0.0625,0.15086084604263306,-0.0625,-0.0625,0.30711084604263306,-0.0625,-0.0625,0.15086084604263306,-0.0625,-0.0625,0.30711084604263306,0.0625,-0.0625,0.15086084604263306,0.0625,-0.0625,0.30711084604263306,-0.0625,-0.0625,0.30711084604263306,0.0625,0.0625,0.30711084604263306,-0.0625,0.0625,0.30711084604263306,0.0625,-0.0625,0.15086084604263306,0.0625,-0.0625,0.15086084604263306,-0.0625,0.0625,0.15086084604263306,0.0625,0.0625,0.15086084604263306,-0.0625,-0.0625,0.30711084604263306,0.0625,-0.0625,0.15086084604263306,0.0625,0.0625,0.30711084604263306,0.0625,0.0625,0.15086084604263306,0.0625,0.0625,0.30711084604263306,-0.0625,0.0625,0.15086084604263306,-0.0625,-0.0625,0.30711084604263306,-0.0625,-0.0625,0.15086084604263306,-0.0625,0.15625,0.27586084604263306,0.03125,0.15625,0.24461084604263306,0.03125,0.15625,0.27586084604263306,-0.03125,0.15625,0.24461084604263306,-0.03125,-0.15625,0.27586084604263306,-0.03125,-0.15625,0.24461084604263306,-0.03125,-0.15625,0.27586084604263306,0.03125,-0.15625,0.24461084604263306,0.03125,-0.15625,0.27586084604263306,-0.03125,-0.15625,0.27586084604263306,0.03125,0.15625,0.27586084604263306,-0.03125,0.15625,0.27586084604263306,0.03125,-0.15625,0.24461084604263306,0.03125,-0.15625,0.24461084604263306,-0.03125,0.15625,0.24461084604263306,0.03125,0.15625,0.24461084604263306,-0.03125,-0.15625,0.27586084604263306,0.03125,-0.15625,0.24461084604263306,0.03125,0.15625,0.27586084604263306,0.03125,0.15625,0.24461084604263306,0.03125,0.15625,0.27586084604263306,-0.03125,0.15625,0.24461084604263306,-0.03125,-0.15625,0.27586084604263306,-0.03125,-0.15625,0.24461084604263306,-0.03125,0.0625,-0.38038915395736694,0.0625,0.0625,-0.41163915395736694,0.0625,0.0625,-0.38038915395736694,-0.0625,0.0625,-0.41163915395736694,-0.0625,-0.0625,-0.38038915395736694,-0.0625,-0.0625,-0.41163915395736694,-0.0625,-0.0625,-0.38038915395736694,0.0625,-0.0625,-0.41163915395736694,0.0625,-0.0625,-0.38038915395736694,-0.0625,-0.0625,-0.38038915395736694,0.0625,0.0625,-0.38038915395736694,-0.0625,0.0625,-0.38038915395736694,0.0625,-0.0625,-0.41163915395736694,0.0625,-0.0625,-0.41163915395736694,-0.0625,0.0625,-0.41163915395736694,0.0625,0.0625,-0.41163915395736694,-0.0625,-0.0625,-0.38038915395736694,0.0625,-0.0625,-0.41163915395736694,0.0625,0.0625,-0.38038915395736694,0.0625,0.0625,-0.41163915395736694,0.0625,0.0625,-0.38038915395736694,-0.0625,0.0625,-0.41163915395736694,-0.0625,-0.0625,-0.38038915395736694,-0.0625,-0.0625,-0.41163915395736694,-0.0625,0.125,0.49461084604263306,0.03125,0.125,0.27586084604263306,0.03125,0.125,0.49461084604263306,-0.03125,0.125,0.27586084604263306,-0.03125,-0.125,0.49461084604263306,-0.03125,-0.125,0.27586084604263306,-0.03125,-0.125,0.49461084604263306,0.03125,-0.125,0.27586084604263306,0.03125,-0.125,0.49461084604263306,-0.03125,-0.125,0.49461084604263306,0.03125,0.125,0.49461084604263306,-0.03125,0.125,0.49461084604263306,0.03125,-0.125,0.27586084604263306,0.03125,-0.125,0.27586084604263306,-0.03125,0.125,0.27586084604263306,0.03125,0.125,0.27586084604263306,-0.03125,-0.125,0.49461084604263306,0.03125,-0.125,0.27586084604263306,0.03125,0.125,0.49461084604263306,0.03125,0.125,0.27586084604263306,0.03125,0.125,0.49461084604263306,-0.03125,0.125,0.27586084604263306,-0.03125,-0.125,0.49461084604263306,-0.03125,-0.125,0.27586084604263306,-0.03125,-1.5273690223693848e-7,0.36938995122909546,0.062343746423721313,0.06227894127368927,0.30711084604263306,0.062343746423721313,-1.5273690223693848e-7,0.36938995122909546,-0.06234375014901161,0.06227894127368927,0.30711084604263306,-0.06234375014901161,-0.062279023230075836,0.30711108446121216,-0.06234375014901161,6.705522537231445e-8,0.24483197927474976,-0.06234375014901161,-0.062279023230075836,0.30711108446121216,0.062343746423721313,6.705522537231445e-8,0.24483197927474976,0.062343746423721313,-0.062279023230075836,0.30711108446121216,-0.06234375014901161,-0.062279023230075836,0.30711108446121216,0.062343746423721313,-1.5273690223693848e-7,0.36938995122909546,-0.06234375014901161,-1.5273690223693848e-7,0.36938995122909546,0.062343746423721313,6.705522537231445e-8,0.24483197927474976,0.062343746423721313,6.705522537231445e-8,0.24483197927474976,-0.06234375014901161,0.06227894127368927,0.30711084604263306,0.062343746423721313,0.06227894127368927,0.30711084604263306,-0.06234375014901161,-0.062279023230075836,0.30711108446121216,0.062343746423721313,6.705522537231445e-8,0.24483197927474976,0.062343746423721313,-1.5273690223693848e-7,0.36938995122909546,0.062343746423721313,0.06227894127368927,0.30711084604263306,0.062343746423721313,-1.5273690223693848e-7,0.36938995122909546,-0.06234375014901161,0.06227894127368927,0.30711084604263306,-0.06234375014901161,-0.062279023230075836,0.30711108446121216,-0.06234375014901161,6.705522537231445e-8,0.24483197927474976,-0.06234375014901161,0,-0.38575080037117004,0.0546875,0.0883883461356163,-0.47413915395736694,0.0546875,0,-0.38575080037117004,-0.0546875,0.0883883461356163,-0.47413915395736694,-0.0546875,-0.0883883461356163,-0.47413915395736694,-0.0546875,0,-0.5625274777412415,-0.0546875,-0.0883883461356163,-0.47413915395736694,0.0546875,0,-0.5625274777412415,0.0546875,-0.0883883461356163,-0.47413915395736694,-0.0546875,-0.0883883461356163,-0.47413915395736694,0.0546875,0,-0.38575080037117004,-0.0546875,0,-0.38575080037117004,0.0546875,0,-0.5625274777412415,0.0546875,0,-0.5625274777412415,-0.0546875,0.0883883461356163,-0.47413915395736694,0.0546875,0.0883883461356163,-0.47413915395736694,-0.0546875,-0.0883883461356163,-0.47413915395736694,0.0546875,0,-0.5625274777412415,0.0546875,0,-0.38575080037117004,0.0546875,0.0883883461356163,-0.47413915395736694,0.0546875,0,-0.38575080037117004,-0.0546875,0.0883883461356163,-0.47413915395736694,-0.0546875,-0.0883883461356163,-0.47413915395736694,-0.0546875,0,-0.5625274777412415,-0.0546875,0.06227894127368927,0.15086084604263306,0.062343746423721313,-1.5273690223693848e-7,0.08858174085617065,0.062343746423721313,0.06227894127368927,0.15086084604263306,-0.06234375014901161,-1.5273690223693848e-7,0.08858174085617065,-0.06234375014901161,6.705522537231445e-8,0.21313971281051636,-0.06234375014901161,-0.062279023230075836,0.15086060762405396,-0.06234375014901161,6.705522537231445e-8,0.21313971281051636,0.062343746423721313,-0.062279023230075836,0.15086060762405396,0.062343746423721313,6.705522537231445e-8,0.21313971281051636,-0.06234375014901161,6.705522537231445e-8,0.21313971281051636,0.062343746423721313,0.06227894127368927,0.15086084604263306,-0.06234375014901161,0.06227894127368927,0.15086084604263306,