{"schemaVersion":4,"source":{"uri":"models/environment/Volcano/burned-bush.gltf","sha256":"152b1d6848201d206e5cf94e9037fa8352dfe3dfcdb8cc1b95d8f8a74841c464"},"animationNames":[],"boundingBox":{"min":{"x":-0.5088190427370213,"y":0,"z":-0.5088190451025207},"max":{"x":0.5088190427370213,"y":1,"z":0.5088190451025207}},"nodeNames":["cube","cube","cube","cube","cube","cube","root",""],"trimesh":{"vertices":[0.3535533845424652,0.5,0.3535533845424652,0.3535533845424652,0.5,0.3535533845424652,0.3535533845424652,-0.5,0.3535533845424652,-0.3535533845424652,0.5,-0.3535533845424652,-0.3535533845424652,0.5,-0.3535533845424652,-0.3535533845424652,-0.5,-0.3535533845424652,0.3535533845424652,0.5,0.3535533845424652,0.3535533845424652,-0.5,0.3535533845424652,-0.3535533845424652,-0.5,-0.3535533845424652,0.3535533845424652,-0.5,0.3535533845424652,-0.3535533845424652,-0.5,-0.3535533845424652,-0.3535533845424652,0.5,-0.3535533845424652,0.3535533845424652,0.5,0.3535533845424652,0.3535533845424652,-0.5,0.3535533845424652,0.3535533845424652,0.5,-0.3535533845424652,0.3535533845424652,0.5,-0.3535533845424652,0.3535533845424652,-0.5,-0.3535533845424652,-0.3535533845424652,0.5,0.3535533845424652,-0.3535533845424652,0.5,0.3535533845424652,-0.3535533845424652,-0.5,0.3535533845424652,-0.3535533845424652,0.5,0.3535533845424652,-0.3535533845424652,-0.5,0.3535533845424652,0.3535533845424652,-0.5,-0.3535533845424652,-0.3535533845424652,-0.5,0.3535533845424652,0.3535533845424652,0.5,-0.3535533845424652,-0.3535533845424652,0.5,0.3535533845424652,-0.3535533845424652,-0.5,0.3535533845424652,0.3535533845424652,-0.5,-0.3535533845424652,0.5,0.46592581272125244,-0.508819043636322,0.5,0.46592581272125244,-0.508819043636322,0.4999999701976776,-0.5,-0.2499999850988388,-0.5,0.46592581272125244,-0.508819043636322,-0.5,0.46592581272125244,-0.508819043636322,-0.4999999701976776,-0.5,-0.2499999850988388,-0.5,0.46592581272125244,-0.508819043636322,-0.4999999701976776,-0.5,-0.2499999850988388,0.4999999701976776,-0.5,-0.2499999850988388,-0.4999999701976776,-0.5,-0.2499999850988388,0.5,0.46592581272125244,-0.508819043636322,-0.5,0.46592581272125244,-0.508819043636322,-0.4999999701976776,-0.5,-0.2499999850988388,0.4999999701976776,-0.5,-0.2499999850988388,0.5,0.46592581272125244,0.508819043636322,0.5,0.46592581272125244,0.508819043636322,0.4999999701976776,-0.5,0.2499999850988388,-0.5,0.46592581272125244,0.508819043636322,-0.5,0.46592581272125244,0.508819043636322,-0.4999999701976776,-0.5,0.2499999850988388,0.5,0.46592581272125244,0.508819043636322,0.4999999701976776,-0.5,0.2499999850988388,-0.4999999701976776,-0.5,0.2499999850988388,0.4999999701976776,-0.5,0.2499999850988388,-0.4999999701976776,-0.5,0.2499999850988388,-0.5,0.46592581272125244,0.508819043636322,0.5,0.46592581272125244,0.508819043636322,0.4999999701976776,-0.5,0.2499999850988388,0.508819043636322,0.46592584252357483,0.5,0.508819043636322,0.46592584252357483,0.5,0.2499999850988388,-0.5,0.4999999701976776,0.508819043636322,0.46592584252357483,-0.5,0.508819043636322,0.46592584252357483,-0.5,0.2499999850988388,-0.5,-0.4999999701976776,0.508819043636322,0.46592584252357483,-0.5,0.2499999850988388,-0.5,-0.4999999701976776,0.2499999850988388,-0.5,0.4999999701976776,0.2499999850988388,-0.5,-0.4999999701976776,0.508819043636322,0.46592584252357483,0.5,0.508819043636322,0.46592584252357483,-0.5,0.2499999850988388,-0.5,-0.4999999701976776,0.2499999850988388,-0.5,0.4999999701976776,-0.508819043636322,0.46592584252357483,0.5,-0.508819043636322,0.46592584252357483,0.5,-0.2499999850988388,-0.5,0.4999999701976776,-0.508819043636322,0.46592584252357483,-0.5,-0.508819043636322,0.46592584252357483,-0.5,-0.2499999850988388,-0.5,-0.4999999701976776,-0.508819043636322,0.46592584252357483,0.5,-0.2499999850988388,-0.5,0.4999999701976776,-0.2499999850988388,-0.5,-0.4999999701976776,-0.2499999850988388,-0.5,0.4999999701976776],"indices":[0,1,2,0,2,2,3,4,5,3,5,5,0,3,6,0,6,3,7,8,9,7,9,8,10,11,12,10,12,13,14,15,16,14,16,16,17,18,19,17,19,19,17,14,14,17,14,20,21,22,22,21,22,23,24,25,26,24,26,27,28,29,30,28,30,30,31,32,33,31,33,33,31,28,28,31,28,34,35,36,36,35,36,37,38,39,40,38,40,41,42,43,44,42,44,44,45,46,47,45,47,47,42,45,48,42,48,45,49,50,51,49,51,50,52,53,54,52,54,55,56,57,58,56,58,58,59,60,61,59,61,61,59,56,56,59,56,62,63,64,64,63,64,65,66,67,68,66,68,69,70,71,72,70,72,72,73,74,75,73,75,75,70,73,76,70,76,73,77,78,79,77,79,78,75,73,70,75,70,72]},"optimizedModelData":{"":{"meshCount":1},"-named-nodes":{"meshCount":6},"-no-animations":{"meshCount":1}}}