{"schemaVersion":4,"source":{"uri":"models/tools/hoe/sapphire-hoe.gltf","sha256":"b536a9941ab66fe0300151121cdd095a79948360b69ba3edbfb870ab46bbec47"},"animationNames":[],"boundingBox":{"min":{"x":-0.17666959764831844,"y":0.0006741523516815562,"z":-0.140625},"max":{"x":0.36563186277794,"y":1.021875,"z":0.140625}},"nodeNames":["cube","cube","cube","cube","cube","cube","cube","cube","cube","cube","hoe"],"trimesh":{"vertices":[-0.06323113292455673,0.22935041785240173,0.03125,-0.06323113292455673,-0.36439958214759827,0.03125,-0.06323113292455673,0.22935041785240173,-0.03125,-0.06323113292455673,-0.36439958214759827,-0.03125,-0.12573112547397614,0.22935041785240173,-0.03125,-0.12573112547397614,-0.36439958214759827,-0.03125,-0.12573112547397614,0.22935041785240173,0.03125,-0.12573112547397614,-0.36439958214759827,0.03125,-0.12573112547397614,0.22935041785240173,-0.03125,-0.12573112547397614,0.22935041785240173,0.03125,-0.06323113292455673,0.22935041785240173,-0.03125,-0.06323113292455673,0.22935041785240173,0.03125,-0.12573112547397614,-0.36439958214759827,0.03125,-0.12573112547397614,-0.36439958214759827,-0.03125,-0.06323113292455673,-0.36439958214759827,0.03125,-0.06323113292455673,-0.36439958214759827,-0.03125,-0.12573112547397614,0.22935041785240173,0.03125,-0.12573112547397614,-0.36439958214759827,0.03125,-0.06323113292455673,0.22935041785240173,0.03125,-0.06323113292455673,-0.36439958214759827,0.03125,-0.06323113292455673,0.22935041785240173,-0.03125,-0.06323113292455673,-0.36439958214759827,-0.03125,-0.12573112547397614,0.22935041785240173,-0.03125,-0.12573112547397614,-0.36439958214759827,-0.03125,-0.09448113292455673,0.4869329631328583,0.0546875,0.03810138255357742,0.35435041785240173,0.0546875,-0.09448113292455673,0.4869329631328583,-0.0546875,0.03810138255357742,0.35435041785240173,-0.0546875,-0.22706365585327148,0.35435041785240173,-0.0546875,-0.09448113292455673,0.2217678725719452,-0.0546875,-0.22706365585327148,0.35435041785240173,0.0546875,-0.09448113292455673,0.2217678725719452,0.0546875,-0.22706365585327148,0.35435041785240173,-0.0546875,-0.22706365585327148,0.35435041785240173,0.0546875,-0.09448113292455673,0.4869329631328583,-0.0546875,-0.09448113292455673,0.4869329631328583,0.0546875,-0.09448113292455673,0.2217678725719452,0.0546875,-0.09448113292455673,0.2217678725719452,-0.0546875,0.03810138255357742,0.35435041785240173,0.0546875,0.03810138255357742,0.35435041785240173,-0.0546875,-0.22706365585327148,0.35435041785240173,0.0546875,-0.09448113292455673,0.2217678725719452,0.0546875,-0.09448113292455673,0.4869329631328583,0.0546875,0.03810138255357742,0.35435041785240173,0.0546875,-0.09448113292455673,0.4869329631328583,-0.0546875,0.03810138255357742,0.35435041785240173,-0.0546875,-0.22706365585327148,0.35435041785240173,-0.0546875,-0.09448113292455673,0.2217678725719452,-0.0546875,0.12426886707544327,0.40122541785240173,0.046875,0.12426886707544327,0.30747541785240173,0.046875,0.12426886707544327,0.40122541785240173,-0.046875,0.12426886707544327,0.30747541785240173,-0.046875,-0.09448113292455673,0.40122541785240173,-0.046875,-0.09448113292455673,0.30747541785240173,-0.046875,-0.09448113292455673,0.40122541785240173,0.046875,-0.09448113292455673,0.30747541785240173,0.046875,-0.09448113292455673,0.40122541785240173,-0.046875,-0.09448113292455673,0.40122541785240173,0.046875,0.12426886707544327,0.40122541785240173,-0.046875,0.12426886707544327,0.40122541785240173,0.046875,-0.09448113292455673,0.30747541785240173,0.046875,-0.09448113292455673,0.30747541785240173,-0.046875,0.12426886707544327,0.30747541785240173,0.046875,0.12426886707544327,0.30747541785240173,-0.046875,-0.09448113292455673,0.40122541785240173,0.046875,-0.09448113292455673,0.30747541785240173,0.046875,0.12426886707544327,0.40122541785240173,0.046875,0.12426886707544327,0.30747541785240173,0.046875,0.12426886707544327,0.40122541785240173,-0.046875,0.12426886707544327,0.30747541785240173,-0.046875,-0.09448113292455673,0.40122541785240173,-0.046875,-0.09448113292455673,0.30747541785240173,-0.046875,-0.09448113292455673,-0.3338237404823303,0.0546875,-0.006092786323279142,-0.42221206426620483,0.0546875,-0.09448113292455673,-0.3338237404823303,-0.0546875,-0.006092786323279142,-0.42221206426620483,-0.0546875,-0.18286947906017303,-0.42221206426620483,-0.0546875,-0.09448113292455673,-0.5106004476547241,-0.0546875,-0.18286947906017303,-0.42221206426620483,0.0546875,-0.09448113292455673,-0.5106004476547241,0.0546875,-0.18286947906017303,-0.42221206426620483,-0.0546875,-0.18286947906017303,-0.42221206426620483,0.0546875,-0.09448113292455673,-0.3338237404823303,-0.0546875,-0.09448113292455673,-0.3338237404823303,0.0546875,-0.09448113292455673,-0.5106004476547241,0.0546875,-0.09448113292455673,-0.5106004476547241,-0.0546875,-0.006092786323279142,-0.42221206426620483,0.0546875,-0.006092786323279142,-0.42221206426620483,-0.0546875,-0.18286947906017303,-0.42221206426620483,0.0546875,-0.09448113292455673,-0.5106004476547241,0.0546875,-0.09448113292455673,-0.3338237404823303,0.0546875,-0.006092786323279142,-0.42221206426620483,0.0546875,-0.09448113292455673,-0.3338237404823303,-0.0546875,-0.006092786323279142,-0.42221206426620483,-0.0546875,-0.18286947906017303,-0.42221206426620483,-0.0546875,-0.09448113292455673,-0.5106004476547241,-0.0546875,0.27115070819854736,0.29100486636161804,-0.140625,0.27115070819854736,0.29100486636161804,0.140625,0.27115070819854736,0.29100486636161804,-0.140625,-0.000515915104188025,0.36379769444465637,0.140625,-0.000515915104188025,0.36379769444465637,-0.140625,-0.000515915104188025,0.36379769444465637,0.140625,0.27115070819854736,0.29100486636161804,-0.140625,0.27115070819854736,0.29100486636161804,0.140625,-0.000515915104188025,0.36379769444465637,0.140625,-0.000515915104188025,0.36379769444465637,-0.140625,0.27115070819854736,0.29100486636161804,0.140625,-0.000515915104188025,0.36379769444465637,0.140625,0.27115070819854736,0.29100486636161804,0.140625,0.27115070819854736,0.29100486636161804,-0.140625,-0.000515915104188025,0.36379769444465637,-0.140625,-0.03198113292455673,0.26060041785240173,0.0625,-0.03198113292455673,0.19810041785240173,0.0625,-0.03198113292455673,0.26060041785240173,-0.0625,-0.03198113292455673,0.19810041785240173,-0.0625,-0.15698112547397614,0.26060041785240173,-0.0625,-0.15698112547397614,0.19810041785240173,-0.0625,-0.15698112547397614,0.26060041785240173,0.0625,-0.15698112547397614,0.19810041785240173,0.0625,-0.15698112547397614,0.26060041785240173,-0.0625,-0.15698112547397614,0.26060041785240173,0.0625,-0.03198113292455673,0.26060041785240173,-0.0625,-0.03198113292455673,0.26060041785240173,0.0625,-0.15698112547397614,0.19810041785240173,0.0625,-0.15698112547397614,0.19810041785240173,-0.0625,-0.03198113292455673,0.19810041785240173,0.0625,-0.03198113292455673,0.19810041785240173,-0.0625,-0.15698112547397614,0.26060041785240173,0.0625,-0.15698112547397614,0.19810041785240173,0.0625,-0.03198113292455673,0.26060041785240173,0.0625,-0.03198113292455673,0.19810041785240173,0.0625,-0.03198113292455673,0.26060041785240173,-0.0625,-0.03198113292455673,0.19810041785240173,-0.0625,-0.15698112547397614,0.26060041785240173,-0.0625,-0.15698112547397614,0.19810041785240173,-0.0625,-0.05541863292455673,0.04185042530298233,0.0390625,-0.05541863292455673,-0.17689958214759827,0.0390625,-0.05541863292455673,0.04185042530298233,-0.0390625,-0.05541863292455673,-0.17689958214759827,-0.0390625,-0.13354362547397614,0.04185042530298233,-0.0390625,-0.13354362547397614,-0.17689958214759827,-0.0390625,-0.13354362547397614,0.04185042530298233,0.0390625,-0.13354362547397614,-0.17689958214759827,0.0390625,-0.13354362547397614,0.04185042530298233,-0.0390625,-0.13354362547397614,0.04185042530298233,0.0390625,-0.05541863292455673,0.04185042530298233,-0.0390625,-0.05541863292455673,0.04185042530298233,0.0390625,-0.13354362547397614,-0.17689958214759827,0.0390625,-0.13354362547397614,-0.17689958214759827,-0.0390625,-0.05541863292455673,-0.17689958214759827,0.0390625,