{"schemaVersion":2,"source":{"uri":"models/projectiles/laser-bullet-green-small.gltf","sha256":"3126ba9cb5a5255b213849709a0f8777bafe82dc465fef6ee10174abe83782da"},"animationNames":[],"boundingBox":{"min":{"x":-0.125,"y":-0.125,"z":-0.375},"max":{"x":0.125,"y":0.125,"z":0.375}},"nodeNames":["plane","plane","plane","backup_bullet",""],"trimesh":{"vertices":[2.7755575615628914e-17,0.125,0.375,2.7755575615628914e-17,0.125,-0.375,-2.7755575615628914e-17,-0.125,-0.375,-2.7755575615628914e-17,-0.125,0.375,0.125,0,0.375,0.125,0,-0.375,-0.125,0,-0.375,-0.125,0,0.375,0.06406249850988388,0.06875000149011612,1.5265566919468147e-17,0.06406249850988388,-0.06875000149011612,-1.5265566919468147e-17,-0.0678124949336052,-0.06875000149011612,-1.5265566919468147e-17,-0.0678124949336052,0.06875000149011612,1.5265566919468147e-17],"indices":[0,1,2,0,2,3,4,5,6,4,6,7,8,9,10,8,10,11]}}