{"schemaVersion":4,"source":{"uri":"models/projectiles/laser-bullet-green-small.gltf","sha256":"274e7dfff04bf6a633c74e95610e1fb82e5a451caa61f8afae136468d6a28554"},"animationNames":[],"boundingBox":{"min":{"x":-0.125,"y":-0.125,"z":-0.375},"max":{"x":0.125,"y":0.125,"z":0.375}},"nodeNames":["plane","plane","plane","backup_bullet",""],"trimesh":{"vertices":[2.7755575615628914e-17,0.125,0.375,2.7755575615628914e-17,0.125,-0.375,-2.7755575615628914e-17,-0.125,-0.375,-2.7755575615628914e-17,-0.125,0.375,0.125,0,0.375,0.125,0,-0.375,-0.125,0,-0.375,-0.125,0,0.375,0.06406249850988388,0.06875000149011612,1.5265566919468147e-17,0.06406249850988388,-0.06875000149011612,-1.5265566919468147e-17,-0.0678124949336052,-0.06875000149011612,-1.5265566919468147e-17,-0.0678124949336052,0.06875000149011612,1.5265566919468147e-17],"indices":[0,1,2,0,2,3,4,5,6,4,6,7,8,9,10,8,10,11]},"optimizedModelData":{"":{"meshCount":1},"-named-nodes":{"meshCount":2},"-no-animations":{"meshCount":1}}}