{"schemaVersion":4,"source":{"uri":"models/environment/Farm/sunflower/sunflower-stage1.gltf","sha256":"25f494f491707ddaade340bbeac6b2eb599f52102bdd9c60ea284d7f20d9451a"},"animationNames":[],"boundingBox":{"min":{"x":-0.125,"y":0,"z":-0.15625},"max":{"x":0.30177669529663687,"y":0.375,"z":0.09375}},"nodeNames":["cube","cube","root",""],"trimesh":{"vertices":[0.0366116538643837,0.1875,0.03125,0.0366116538643837,0.1875,0.03125,0.0366116538643837,-0.1875,0.03125,-0.2133883535861969,0.1875,0.03125,-0.2133883535861969,0.1875,0.03125,-0.2133883535861969,-0.1875,0.03125,0.0366116538643837,0.1875,0.03125,0.0366116538643837,0.1875,0.03125,0.0366116538643837,-0.1875,0.03125,-0.2133883535861969,-0.1875,0.03125,0.0366116538643837,-0.1875,0.03125,-0.2133883535861969,-0.1875,0.03125,-0.2133883535861969,0.1875,0.03125,0.0366116538643837,0.1875,0.03125,0.0366116538643837,-0.1875,0.03125,0.2133883535861969,-0.1142766922712326,-0.125,0.2133883535861969,-0.1142766922712326,0.125,0.2133883535861969,-0.1142766922712326,-0.125,0.0366116538643837,0.0625,0.125,0.0366116538643837,0.0625,-0.125,0.0366116538643837,0.0625,0.125,0.2133883535861969,-0.1142766922712326,-0.125,0.2133883535861969,-0.1142766922712326,0.125,0.0366116538643837,0.0625,0.125,0.0366116538643837,0.0625,-0.125,0.2133883535861969,-0.1142766922712326,0.125,0.0366116538643837,0.0625,0.125,0.2133883535861969,-0.1142766922712326,0.125,0.2133883535861969,-0.1142766922712326,-0.125,0.0366116538643837,0.0625,-0.125],"indices":[0,1,2,0,2,2,3,4,5,3,5,5,6,3,7,6,7,3,8,9,10,8,10,9,11,12,13,11,13,14,15,16,17,15,17,16,18,19,20,18,20,19,21,22,23,21,23,24,25,26,27,25,27,26,19,28,29,19,29,28]},"optimizedModelData":{"":{"meshCount":1},"-named-nodes":{"meshCount":2},"-no-animations":{"meshCount":1}}}