{"schemaVersion":4,"source":{"uri":"models/environment/Essentials/weapon-bench.gltf","sha256":"dfbf644d98a50f0540dc703b9f99ef2564a73f9047bc495cf9d766cc12eca735"},"animationNames":[],"boundingBox":{"min":{"x":-0.7999999523162842,"y":0,"z":-0.45000000596046447},"max":{"x":0.699999988079071,"y":0.949999988079071,"z":0.3500000059604645}},"nodeNames":["cube","cube","paper_2","cube","cube","paper","cube","cube","hammer","cube","cube","cube","cube","cube","cube","root",""],"trimesh":{"vertices":[-0.7200000286102295,-0.19999998807907104,-0.10000000149011612,-0.7200000286102295,0.2500000298023224,-0.10000000149011612,-0.7200000286102295,0.2500000298023224,0.20000000298023224,-0.7200000286102295,-0.19999998807907104,0.20000000298023224,-0.7225000858306885,-0.19999998807907104,0.20000000298023224,-0.7225000858306885,0.2500000298023224,0.20000000298023224,-0.7225000858306885,0.2500000298023224,-0.10000000149011612,-0.7225000858306885,-0.19999998807907104,-0.10000000149011612,-0.7200000286102295,0.2500000298023224,0.20000000298023224,-0.7200000286102295,0.2500000298023224,-0.10000000149011612,-0.7225000858306885,0.2500000298023224,-0.10000000149011612,-0.7225000858306885,0.2500000298023224,0.20000000298023224,-0.7200000286102295,-0.19999998807907104,-0.10000000149011612,-0.7200000286102295,-0.19999998807907104,0.20000000298023224,-0.7225000858306885,-0.19999998807907104,0.20000000298023224,-0.7225000858306885,-0.19999998807907104,-0.10000000149011612,-0.7200000286102295,-0.19999998807907104,0.20000000298023224,-0.7200000286102295,0.2500000298023224,0.20000000298023224,-0.7225000858306885,0.2500000298023224,0.20000000298023224,-0.7225000858306885,-0.19999998807907104,0.20000000298023224,-0.7225000858306885,-0.19999998807907104,-0.10000000149011612,-0.7225000858306885,0.2500000298023224,-0.10000000149011612,-0.7200000286102295,0.2500000298023224,-0.10000000149011612,-0.7200000286102295,-0.19999998807907104,-0.10000000149011612,-0.7000000476837158,0.20000001788139343,0.10000000149011612,-0.7000000476837158,0.09999999403953552,0.10000000149011612,-0.7000000476837158,0.20000001788139343,-1.3877787807814457e-17,-0.7000000476837158,0.09999999403953552,-1.3877787807814457e-17,-0.75,0.20000001788139343,-1.3877787807814457e-17,-0.75,0.09999999403953552,-1.3877787807814457e-17,-0.75,0.20000001788139343,0.10000000149011612,-0.75,0.09999999403953552,0.10000000149011612,-0.75,0.20000001788139343,-1.3877787807814457e-17,-0.75,0.20000001788139343,0.10000000149011612,-0.7000000476837158,0.20000001788139343,-1.3877787807814457e-17,-0.7000000476837158,0.20000001788139343,0.10000000149011612,-0.75,0.09999999403953552,0.10000000149011612,-0.75,0.09999999403953552,-1.3877787807814457e-17,-0.7000000476837158,0.09999999403953552,0.10000000149011612,-0.7000000476837158,0.09999999403953552,-1.3877787807814457e-17,-0.75,0.20000001788139343,0.10000000149011612,-0.75,0.09999999403953552,0.10000000149011612,-0.7000000476837158,0.20000001788139343,0.10000000149011612,-0.7000000476837158,0.09999999403953552,0.10000000149011612,-0.7000000476837158,0.20000001788139343,-1.3877787807814457e-17,-0.7000000476837158,0.09999999403953552,-1.3877787807814457e-17,-0.75,0.20000001788139343,-1.3877787807814457e-17,-0.75,0.09999999403953552,-1.3877787807814457e-17,-0.2588864862918854,0.33000001311302185,0.39877617359161377,-0.2588864862918854,0.22999998927116394,0.39877617359161377,-0.12494727969169617,0.33000001311302185,0.07541835308074951,-0.12494727969169617,0.22999998927116394,0.07541835308074951,-0.2635292112827301,0.33000001311302185,0.018015842884778976,-0.2635292112827301,0.22999998927116394,0.018015842884778976,-0.3974684178829193,0.33000001311302185,0.3413736820220947,-0.3974684178829193,0.22999998927116394,0.3413736820220947,-0.2635292112827301,0.33000001311302185,0.018015842884778976,-0.3974684178829193,0.33000001311302185,0.3413736820220947,-0.12494727969169617,0.33000001311302185,0.07541835308074951,-0.2588864862918854,0.33000001311302185,0.39877617359161377,-0.3974684178829193,0.22999998927116394,0.3413736820220947,-0.2635292112827301,0.22999998927116394,0.018015842884778976,-0.2588864862918854,0.22999998927116394,0.39877617359161377,-0.12494727969169617,0.22999998927116394,0.07541835308074951,-0.3974684178829193,0.33000001311302185,0.3413736820220947,-0.3974684178829193,0.22999998927116394,0.3413736820220947,-0.2588864862918854,0.33000001311302185,0.39877617359161377,-0.2588864862918854,0.22999998927116394,0.39877617359161377,-0.12494727969169617,0.33000001311302185,0.07541835308074951,-0.12494727969169617,0.22999998927116394,0.07541835308074951,-0.2635292112827301,0.33000001311302185,0.018015842884778976,-0.2635292112827301,0.22999998927116394,0.018015842884778976,-0.12494727969169617,0.22999998927116394,0.07541835308074951,-0.12494727969169617,0.23249998688697815,0.07541835308074951,-0.2588864862918854,0.23249998688697815,0.39877617359161377,-0.2588864862918854,0.22999998927116394,0.39877617359161377,-0.6746323108673096,0.22999998927116394,0.22656863927841187,-0.6746323108673096,0.23249998688697815,0.22656863927841187,-0.5406930446624756,0.23249998688697815,-0.09678918868303299,-0.5406930446624756,0.22999998927116394,-0.09678918868303299,-0.2588864862918854,0.23249998688697815,0.39877617359161377,-0.12494727969169617,0.23249998688697815,0.07541835308074951,-0.5406930446624756,0.23249998688697815,-0.09678918868303299,-0.6746323108673096,0.23249998688697815,0.22656863927841187,-0.12494727969169617,0.22999998927116394,0.07541835308074951,-0.2588864862918854,0.22999998927116394,0.39877617359161377,-0.6746323108673096,0.22999998927116394,0.22656863927841187,-0.5406930446624756,0.22999998927116394,-0.09678918868303299,-0.2588864862918854,0.22999998927116394,0.39877617359161377,-0.2588864862918854,0.23249998688697815,0.39877617359161377,-0.6746323108673096,0.23249998688697815,0.22656863927841187,-0.6746323108673096,0.22999998927116394,0.22656863927841187,-0.5406930446624756,0.22999998927116394,-0.09678918868303299,-0.5406930446624756,0.23249998688697815,-0.09678918868303299,-0.12494727969169617,0.23249998688697815,0.07541835308074951,-0.12494727969169617,0.22999998927116394,0.07541835308074951,0.07896280288696289,0.32500001788139343,0.10576106607913971,0.07896280288696289,0.22499999403953552,0.10576106607913971,0.11723114550113678,0.32500001788139343,0.013373108580708504,0.11723114550113678,0.22499999403953552,0.013373108580708504,-0.15993273258209229,0.32500001788139343,-0.10143192112445831,-0.15993273258209229,0.22499999403953552,-0.10143192112445831,-0.19820106029510498,0.32500001788139343,-0.009043969213962555,-0.19820106029510498,0.22499999403953552,-0.009043969213962555,-0.15993273258209229,0.32500001788139343,-0.10143192112445831,-0.19820106029510498,0.32500001788139343,-0.009043969213962555,0.11723114550113678,0.32500001788139343,0.013373108580708504,0.07896280288696289,0.32500001788139343,0.10576106607913971,-0.19820106029510498,0.22499999403953552,-0.009043969213962555,-0.15993273258209229,0.22499999403953552,-0.10143192112445831,0.07896280288696289,0.22499999403953552,0.10576106607913971,0.11723114550113678,0.22499999403953552,0.013373108580708504,-0.19820106029510498,0.32500001788139343,-0.009043969213962555,-0.19820106029510498,0.22499999403953552,-0.009043969213962555,0.07896280288696289,0.32500001788139343,0.10576106607913971,0.07896280288696289,0.22499999403953552,0.10576106607913971,0.11723114550113678,0.32500001788139343,0.013373108580708504,0.11723114550113678,0.22499999403953552,0.013373108580708504,-0.15993273258209229,0.32500001788139343,-0.10143192112445831,-0.15993273258209229,0.22499999403953552,-0.10143192112445831,0.22547036409378052,0.3750000298023224,0.27468571066856384,0.22547036409378052,0.22499999403953552,0.27468571066856384,0.340275377035141,0.3750000298023224,-0.0024781653191894293,0.340275377035141,0.22499999403953552,-0.0024781653191894293,0.15549948811531067,0.3750000298023224,-0.079014852643013,0.15549948811531067,0.22499999403953552,-0.079014852643013,