{"schemaVersion":4,"source":{"uri":"models/players/player-fp.gltf","sha256":"8e46e159539e7dd7d60c7c012d31247254ada48dd9ef37842a2d35374eac13ec"},"animationNames":[],"boundingBox":{"min":{"x":-0.5021884963800161,"y":0.8451102077505017,"z":-0.5234374999999999},"max":{"x":0.47650464721107905,"y":1.0739222627027645,"z":0.0859375}},"nodeNames":["hand-left-anchor","hand-left-shield-anchor","hand-left-geo","hand-left-fp","arm-left-anchor","arm-left-geo","arm-left-fp","hand-right-weapon-anchor","hand-right-anchor","hand-right-geo","hand-right-fp","arm-right-anchor","arm-right-geo","arm-right-fp","first-person","root",""],"trimesh":{"vertices":[-0.33369114995002747,-0.046696629375219345,-0.2421875,-0.33369114995002747,-0.046696629375219345,-0.3046875,-0.3282439112663269,0.01556554064154625,-0.2421875,-0.3282439112663269,0.01556554064154625,-0.3046875,-0.3905060887336731,0.021012773737311363,-0.2421875,-0.3905060887336731,0.021012773737311363,-0.3046875,-0.39595332741737366,-0.04124939441680908,-0.2421875,-0.39595332741737366,-0.04124939441680908,-0.3046875,-0.3905060887336731,0.021012773737311363,-0.2421875,-0.39595332741737366,-0.04124939441680908,-0.2421875,-0.3282439112663269,0.01556554064154625,-0.2421875,-0.33369114995002747,-0.046696629375219345,-0.2421875,-0.39595332741737366,-0.04124939441680908,-0.3046875,-0.3905060887336731,0.021012773737311363,-0.3046875,-0.33369114995002747,-0.046696629375219345,-0.3046875,-0.3282439112663269,0.01556554064154625,-0.3046875,-0.39595332741737366,-0.04124939441680908,-0.2421875,-0.39595332741737366,-0.04124939441680908,-0.3046875,-0.33369114995002747,-0.046696629375219345,-0.2421875,-0.33369114995002747,-0.046696629375219345,-0.3046875,-0.3282439112663269,0.01556554064154625,-0.2421875,-0.3282439112663269,0.01556554064154625,-0.3046875,-0.3905060887336731,0.021012773737311363,-0.2421875,-0.3905060887336731,0.021012773737311363,-0.3046875,-0.42708441615104675,-0.0385257788002491,-0.1640625,-0.42708441615104675,-0.0385257788002491,-0.2265625,-0.4216371774673462,0.023736391216516495,-0.1640625,-0.4216371774673462,0.023736391216516495,-0.2265625,-0.48389932513237,0.029183626174926758,-0.1640625,-0.48389932513237,0.029183626174926758,-0.2265625,-0.48934656381607056,-0.03307854384183884,-0.1640625,-0.48934656381607056,-0.03307854384183884,-0.2265625,-0.48389932513237,0.029183626174926758,-0.1640625,-0.48934656381607056,-0.03307854384183884,-0.1640625,-0.4216371774673462,0.023736391216516495,-0.1640625,-0.42708441615104675,-0.0385257788002491,-0.1640625,-0.48934656381607056,-0.03307854384183884,-0.2265625,-0.48389932513237,0.029183626174926758,-0.2265625,-0.42708441615104675,-0.0385257788002491,-0.2265625,-0.4216371774673462,0.023736391216516495,-0.2265625,-0.48934656381607056,-0.03307854384183884,-0.1640625,-0.48934656381607056,-0.03307854384183884,-0.2265625,-0.42708441615104675,-0.0385257788002491,-0.1640625,-0.42708441615104675,-0.0385257788002491,-0.2265625,-0.4216371774673462,0.023736391216516495,-0.1640625,-0.4216371774673462,0.023736391216516495,-0.2265625,-0.48389932513237,0.029183626174926758,-0.1640625,-0.48389932513237,0.029183626174926758,-0.2265625,-0.27687621116638184,-0.1144060268998146,-0.1015625,-0.27687621116638184,-0.1144060268998146,-0.2734375,-0.26053452491760254,0.07238047569990158,-0.1015625,-0.26053452491760254,0.07238047569990158,-0.2734375,-0.4473210275173187,0.08872217684984207,-0.1015625,-0.4473210275173187,0.08872217684984207,-0.2734375,-0.463662713766098,-0.09806432574987411,-0.1015625,-0.463662713766098,-0.09806432574987411,-0.2734375,-0.4473210275173187,0.08872217684984207,-0.1015625,-0.463662713766098,-0.09806432574987411,-0.1015625,-0.26053452491760254,0.07238047569990158,-0.1015625,-0.27687621116638184,-0.1144060268998146,-0.1015625,-0.463662713766098,-0.09806432574987411,-0.2734375,-0.4473210275173187,0.08872217684984207,-0.2734375,-0.27687621116638184,-0.1144060268998146,-0.2734375,-0.26053452491760254,0.07238047569990158,-0.2734375,-0.463662713766098,-0.09806432574987411,-0.1015625,-0.463662713766098,-0.09806432574987411,-0.2734375,-0.27687621116638184,-0.1144060268998146,-0.1015625,-0.27687621116638184,-0.1144060268998146,-0.2734375,-0.26053452491760254,0.07238047569990158,-0.1015625,-0.26053452491760254,0.07238047569990158,-0.2734375,-0.4473210275173187,0.08872217684984207,-0.1015625,-0.4473210275173187,0.08872217684984207,-0.2734375,-0.33369114995002747,-0.046696629375219345,0.3046875,-0.33369114995002747,-0.046696629375219345,0.2421875,-0.3282439112663269,0.01556554064154625,0.3046875,-0.3282439112663269,0.01556554064154625,0.2421875,-0.3905060887336731,0.021012773737311363,0.3046875,-0.3905060887336731,0.021012773737311363,0.2421875,-0.39595332741737366,-0.04124939441680908,0.3046875,-0.39595332741737366,-0.04124939441680908,0.2421875,-0.3905060887336731,0.021012773737311363,0.3046875,-0.39595332741737366,-0.04124939441680908,0.3046875,-0.3282439112663269,0.01556554064154625,0.3046875,-0.33369114995002747,-0.046696629375219345,0.3046875,-0.39595332741737366,-0.04124939441680908,0.2421875,-0.3905060887336731,0.021012773737311363,0.2421875,-0.33369114995002747,-0.046696629375219345,0.2421875,-0.3282439112663269,0.01556554064154625,0.2421875,-0.39595332741737366,-0.04124939441680908,0.3046875,-0.39595332741737366,-0.04124939441680908,0.2421875,-0.33369114995002747,-0.046696629375219345,0.3046875,-0.33369114995002747,-0.046696629375219345,0.2421875,-0.3282439112663269,0.01556554064154625,0.3046875,-0.3282439112663269,0.01556554064154625,0.2421875,-0.3905060887336731,0.021012773737311363,0.3046875,-0.3905060887336731,0.021012773737311363,0.2421875,-0.29818180203437805,-0.08901500701904297,0.2734375,-0.29818180203437805,-0.08901500701904297,-0.1328125,-0.2859255373477936,0.05107487365603447,0.2734375,-0.2859255373477936,0.05107487365603447,-0.1328125,-0.4260154068470001,0.06333114951848984,0.2734375,-0.4260154068470001,0.06333114951848984,-0.1328125,-0.438271701335907,-0.0767587274312973,0.2734375,-0.438271701335907,-0.0767587274312973,-0.1328125,-0.4260154068470001,0.06333114951848984,0.2734375,-0.438271701335907,-0.0767587274312973,0.2734375,-0.2859255373477936,0.05107487365603447,0.2734375,-0.29818180203437805,-0.08901500701904297,0.2734375,-0.438271701335907,-0.0767587274312973,-0.1328125,-0.4260154068470001,0.06333114951848984,-0.1328125,-0.29818180203437805,-0.08901500701904297,-0.1328125,-0.2859255373477936,0.05107487365603447,-0.1328125,-0.438271701335907,-0.0767587274312973,0.2734375,-0.438271701335907,-0.0767587274312973,-0.1328125,-0.29818180203437805,-0.08901500701904297,0.2734375,-0.29818180203437805,-0.08901500701904297,-0.1328125,-0.2859255373477936,0.05107487365603447,0.2734375,-0.2859255373477936,0.05107487365603447,-0.1328125,-0.4260154068470001,0.06333114951848984,0.2734375,-0.4260154068470001,0.06333114951848984,-0.1328125,0.41346630454063416,0.05214385688304901,-0.1640625,0.41346630454063416,0.05214385688304901,-0.2265625,0.408019095659256,0.11440601944923401,-0.1640625,0.408019095659256,0.11440601944923401,-0.2265625,0.3457568883895874,0.10895878821611404,-0.1640625,0.3457568883895874,0.10895878821611404,-0.2265625,0.35120418667793274,0.04669662192463875,-0.1640625,0.35120418667793274,0.04669662192463875,-0.2265625,0.3457568883895874,0.10895878821611404,-0.1640625,0.35120418667793274,0.04669662192463875,-0.1640625,0.408019095659256,0.11440601944923401,-0.1640625,0.41346630454063416,0.05214385688304901,-0.1640625,0.35120418667793274,0.04669662192463875,-0.2265625,0.3457568883895874,0.10895878821611404,-0.2265625,0.41346630454063416,0.05214385688304901,-0.2265625,0.408019095659256,0.11440601944923401,-0.2265625,0.35120418667793274,0.04669662192463875,-0.1640625,0.35120418667793274,0.04669662192463875,-0.2265625,0.41346630454063416,0.05214385688304901,-0.1640625,0.41346630454063416,0.05214385688304901,-0.2265625,0.408019095659256,0.11440601944923401,-0.1640625,0.408019095659256,0.11440601944923401,-0.2265625,0.3457568883895874,0.10895878821611404,-0.1640625,