{"schemaVersion":1,"source":{"uri":"models/items/iron-ingot.gltf","sha256":"9f8eda14c6159367ea29464c142b5f63da80ef5467a106c7d1ef5b98cacda1f1"},"animationNames":[],"boundingBox":{"min":{"x":-0.1875,"y":0,"z":-0.375},"max":{"x":0.25,"y":0.25,"z":0.375}},"nodeNames":["cube",""],"trimesh":{"vertices":[0.21875,0.125,0.375,0.21875,-0.125,0.375,0.21875,0.125,-0.375,0.21875,-0.125,-0.375,-0.21875,0.125,-0.375,-0.21875,-0.125,-0.375,-0.21875,0.125,0.375,-0.21875,-0.125,0.375,-0.21875,0.125,-0.375,-0.21875,0.125,0.375,0.21875,0.125,-0.375,0.21875,0.125,0.375,-0.21875,-0.125,0.375,-0.21875,-0.125,-0.375,0.21875,-0.125,0.375,0.21875,-0.125,-0.375,-0.21875,0.125,0.375,-0.21875,-0.125,0.375,0.21875,0.125,0.375,0.21875,-0.125,0.375,0.21875,0.125,-0.375,0.21875,-0.125,-0.375,-0.21875,0.125,-0.375,-0.21875,-0.125,-0.375],"indices":[0,1,2,1,3,2,4,5,6,5,7,6,8,9,10,9,11,10,12,13,14,13,15,14,16,17,18,17,19,18,20,21,22,21,23,22]}}