{"schemaVersion":4,"source":{"uri":"models/environment/X-Mas/bells.gltf","sha256":"4ffcb7d5fd1eff7cb585516aa28d51b571446c74ce851956a6d1820856c791df"},"animationNames":[],"boundingBox":{"min":{"x":-0.2949119646966888,"y":0.34306876095194466,"z":0.25},"max":{"x":0.2949119646966888,"y":0.84375,"z":0.5}},"nodeNames":["cube","cube","cube","cube","cube","cube","cube","cube","cube","bone",""],"trimesh":{"vertices":[0.25,0.25034061074256897,-0.109375,0.25,0.25034061074256897,-0.109375,0.25,-0.15590937435626984,-0.109375,-0.25,0.25034061074256897,-0.109375,-0.25,0.25034061074256897,-0.109375,-0.25,-0.15590937435626984,-0.109375,0.25,0.25034061074256897,-0.109375,0.25,0.25034061074256897,-0.109375,0.25,-0.15590937435626984,-0.109375,-0.25,-0.15590937435626984,-0.109375,0.25,-0.15590937435626984,-0.109375,-0.25,-0.15590937435626984,-0.109375,-0.25,0.25034061074256897,-0.109375,0.25,0.25034061074256897,-0.109375,0.25,-0.15590937435626984,-0.109375,-0.006946095731109381,0.1327521651983261,0.09375,-0.061055999249219894,-0.1113218441605568,0.09375,-0.006946095731109381,0.1327521651983261,-0.09375,-0.061055999249219894,-0.1113218441605568,-0.09375,-0.19000159204006195,0.17333458364009857,-0.09375,-0.24411149322986603,-0.07073941081762314,-0.09375,-0.19000159204006195,0.17333458364009857,0.09375,-0.24411149322986603,-0.07073941081762314,0.09375,-0.19000159204006195,0.17333458364009857,-0.09375,-0.19000159204006195,0.17333458364009857,0.09375,-0.006946095731109381,0.1327521651983261,-0.09375,-0.006946095731109381,0.1327521651983261,0.09375,-0.24411149322986603,-0.07073941081762314,0.09375,-0.24411149322986603,-0.07073941081762314,-0.09375,-0.061055999249219894,-0.1113218441605568,0.09375,-0.061055999249219894,-0.1113218441605568,-0.09375,-0.19000159204006195,0.17333458364009857,0.09375,-0.24411149322986603,-0.07073941081762314,0.09375,-0.006946095731109381,0.1327521651983261,0.09375,-0.061055999249219894,-0.1113218441605568,0.09375,-0.006946095731109381,0.1327521651983261,-0.09375,-0.061055999249219894,-0.1113218441605568,-0.09375,-0.19000159204006195,0.17333458364009857,-0.09375,-0.24411149322986603,-0.07073941081762314,-0.09375,-0.030546749010682106,-0.1180855855345726,0.125,-0.050837963819503784,-0.20961332321166992,0.125,-0.030546749010682106,-0.1180855855345726,-0.125,-0.050837963819503784,-0.20961332321166992,-0.125,-0.27462074160575867,-0.06397568434476852,-0.125,-0.2949119508266449,-0.15550342202186584,-0.125,-0.27462074160575867,-0.06397568434476852,0.125,-0.2949119508266449,-0.15550342202186584,0.125,-0.27462074160575867,-0.06397568434476852,-0.125,-0.27462074160575867,-0.06397568434476852,0.125,-0.030546749010682106,-0.1180855855345726,-0.125,-0.030546749010682106,-0.1180855855345726,0.125,-0.2949119508266449,-0.15550342202186584,0.125,-0.2949119508266449,-0.15550342202186584,-0.125,-0.050837963819503784,-0.20961332321166992,0.125,-0.050837963819503784,-0.20961332321166992,-0.125,-0.27462074160575867,-0.06397568434476852,0.125,-0.2949119508266449,-0.15550342202186584,0.125,-0.030546749010682106,-0.1180855855345726,0.125,-0.050837963819503784,-0.20961332321166992,0.125,-0.030546749010682106,-0.1180855855345726,-0.125,-0.050837963819503784,-0.20961332321166992,-0.125,-0.27462074160575867,-0.06397568434476852,-0.125,-0.2949119508266449,-0.15550342202186584,-0.125,-0.1423657089471817,-0.1893221139907837,0.03125,-0.15589319169521332,-0.25034061074256897,0.03125,-0.1423657089471817,-0.1893221139907837,-0.03125,-0.15589319169521332,-0.25034061074256897,-0.03125,-0.20338422060012817,-0.17579463124275208,-0.03125,-0.2169116884469986,-0.23681314289569855,-0.03125,-0.20338422060012817,-0.17579463124275208,0.03125,-0.2169116884469986,-0.23681314289569855,0.03125,-0.20338422060012817,-0.17579463124275208,-0.03125,-0.20338422060012817,-0.17579463124275208,0.03125,-0.1423657089471817,-0.1893221139907837,-0.03125,-0.1423657089471817,-0.1893221139907837,0.03125,-0.2169116884469986,-0.23681314289569855,0.03125,-0.2169116884469986,-0.23681314289569855,-0.03125,-0.15589319169521332,-0.25034061074256897,0.03125,-0.15589319169521332,-0.25034061074256897,-0.03125,-0.20338422060012817,-0.17579463124275208,0.03125,-0.2169116884469986,-0.23681314289569855,0.03125,-0.1423657089471817,-0.1893221139907837,0.03125,-0.15589319169521332,-0.25034061074256897,0.03125,-0.1423657089471817,-0.1893221139907837,-0.03125,-0.15589319169521332,-0.25034061074256897,-0.03125,-0.20338422060012817,-0.17579463124275208,-0.03125,-0.2169116884469986,-0.23681314289569855,-0.03125,0.25,0.25034061074256897,0.109375,0.25,0.25034061074256897,0.109375,0.25,-0.15590937435626984,0.109375,-0.25,0.25034061074256897,0.109375,-0.25,0.25034061074256897,0.109375,-0.25,-0.15590937435626984,0.109375,0.25,0.25034061074256897,0.109375,-0.25,0.25034061074256897,0.109375,-0.25,-0.15590937435626984,0.109375,0.25,-0.15590937435626984,0.109375,0.25,0.25034061074256897,0.109375,-0.25,0.25034061074256897,0.109375,-0.25,-0.15590937435626984,0.109375,0.25,-0.15590937435626984,0.109375,0.20338422060012817,-0.17579463124275208,0.03125,0.2169116884469986,-0.23681314289569855,0.03125,0.20338422060012817,-0.17579463124275208,-0.03125,0.2169116884469986,-0.23681314289569855,-0.03125,0.1423657089471817,-0.1893221139907837,-0.03125,0.15589319169521332,-0.25034061074256897,-0.03125,0.1423657089471817,-0.1893221139907837,0.03125,0.15589319169521332,-0.25034061074256897,0.03125,0.1423657089471817,-0.1893221139907837,-0.03125,0.1423657089471817,-0.1893221139907837,0.03125,0.20338422060012817,-0.17579463124275208,-0.03125,0.20338422060012817,-0.17579463124275208,0.03125,0.15589319169521332,-0.25034061074256897,0.03125,0.15589319169521332,-0.25034061074256897,-0.03125,0.2169116884469986,-0.23681314289569855,0.03125,0.2169116884469986,-0.23681314289569855,-0.03125,0.1423657089471817,-0.1893221139907837,0.03125,0.15589319169521332,-0.25034061074256897,0.03125,0.20338422060012817,-0.17579463124275208,0.03125,0.2169116884469986,-0.23681314289569855,0.03125,0.20338422060012817,-0.17579463124275208,-0.03125,0.2169116884469986,-0.23681314289569855,-0.03125,0.1423657089471817,-0.1893221139907837,-0.03125,0.15589319169521332,-0.25034061074256897,-0.03125,0.27462074160575867,-0.06397568434476852,0.125,0.2949119508266449,-0.15550342202186584,0.125,0.27462074160575867,-0.06397568434476852,-0.125,0.2949119508266449,-0.15550342202186584,-0.125,0.030546749010682106,-0.1180855855345726,-0.125,0.050837963819503784,-0.20961332321166992,-0.125,0.030546749010682106,-0.1180855855345726,0.125,0.050837963819503784,-0.20961332321166992,0.125,0.030546749010682106,-0.1180855855345726,-0.125,0.030546749010682106,-0.1180855855345726,0.125,0.27462074160575867,-0.06397568434476852,-0.125,0.27462074160575867,-0.06397568434476852,0.125,0.050837963819503784,-0.20961332321166992,0.125,0.050837963819503784,-0.20961332321166992,-0.125,0.2949119508266449,-0.15550342202186584,0.125,0.2949119508266449,-0.15550342202186584,-0.125,0.030546749010682106,-0.1180855855345726,0.125,0.050837963819503784,-0.20961332321166992,0.125,0.27462074160575867,-0.06397568434476852,0.125,0.2949119508266449,-0.15550342202186584,0.125,0.27462074160575867,-0.06397568434476852,-0.125,0.2949119508266449,-0.15550342202186584,-0.125,0.030546749010682106,-0.1180855855345726,-0.125,0.050837963819503784,-0.20961332321166992,-0.125,0.19000159204006195,0.17333458364009857,0.09375,0.24411149322986603,-0.07073941081762314,0.09375,0.19000159204006195,0.17333458364009857,-0.09375,0.24411149322986603,-0.07073941081762314,-0.09375,0.006946095731109381,0.1327521651983261,-0.09375,0.061055999249219894,-0.1113218441605568,-0.09375,0.006946095731109381,0.1327521651983261,0.09375,0.061055999249219894,-0.1113218441605568,0.09375,0.006946095731109381,0.1327521651983261,-0.09375,0.006946095731109381,0.1327521651983261,0.09375,0.19000159204006195,0.17333458364009857,-0.09375,0.19000159204006195,0.17333458364009857,0.09375,0.061055999249219894,-0.1113218441605568,0.09375,0.061055999249219894,-0.1113218441605568,-0.09375,