{"schemaVersion":2,"source":{"uri":"models/environment/Dungeon/magic-circle-red.gltf","sha256":"75fb64c404951c8af661295fbfeab5a9094b8f5bede5e37bfee4d58da869b5a0"},"animationNames":[],"boundingBox":{"min":{"x":-1.4375,"y":0.00625,"z":-1.5},"max":{"x":1.4375,"y":0.00625,"z":1.5}},"nodeNames":["cube","root",""],"trimesh":{"vertices":[1.4375,0,-1.5,1.4375,0,1.5,1.4375,0,-1.5,-1.4375,0,1.5,-1.4375,0,-1.5,-1.4375,0,1.5,1.4375,0,1.5,1.4375,0,1.5,-1.4375,0,-1.5,1.4375,0,1.5,1.4375,0,-1.5,-1.4375,0,-1.5,-1.4375,0,1.5],"indices":[0,1,2,0,2,1,3,4,5,3,5,4,6,3,7,6,7,3,4,0,8,4,8,0,9,10,11,9,11,12]}}