{"schemaVersion":4,"source":{"uri":"models/environment/Dungeon/iron-wooden-door.gltf","sha256":"4df10ec65e64631dcc2d795e76f1cf0b199bf92eda5745c82162d31e9026be82"},"animationNames":["idle","idle2","interact","interact2"],"boundingBox":{"min":{"x":-0.5,"y":0,"z":-0.1875},"max":{"x":0.53125,"y":2.25,"z":0.1875}},"nodeNames":["cube","cube","cube","cube","cube","cube","cube","bone","cube","bone2","root",""],"trimesh":{"vertices":[0.1875,1.75,0.0625,0.1875,1.25,0.0625,-0.3125,1.75,0.0625,-0.3125,1.25,0.0625,0.1875,1.75,0.0625,-0.3125,1.75,0.0625,0.1875,1.75,0.0625,0.1875,1.25,0.0625,-0.3125,1.25,0.0625,0.1875,1.25,0.0625,-0.3125,1.25,0.0625,-0.3125,1.75,0.0625,0.1875,1.75,0.0625,0.1875,1.25,0.0625,0.46875,1.125,0.171875,0.46875,0.125,0.171875,0.46875,1.125,-0.046875,0.46875,0.125,-0.046875,0.25,1.125,-0.046875,0.25,0.125,-0.046875,0.25,1.125,0.171875,0.25,0.125,0.171875,0.25,1.125,-0.046875,0.25,1.125,0.171875,0.46875,1.125,-0.046875,0.46875,1.125,0.171875,0.25,0.125,0.171875,0.25,0.125,-0.046875,0.46875,0.125,0.171875,0.46875,0.125,-0.046875,0.25,1.125,0.171875,0.25,0.125,0.171875,0.46875,1.125,0.171875,0.46875,0.125,0.171875,0.46875,1.125,-0.046875,0.46875,0.125,-0.046875,0.25,1.125,-0.046875,0.25,0.125,-0.046875,0.46875,2.046875,0.15625,0.46875,1.828125,0.15625,0.46875,2.046875,-0.03125,0.46875,1.828125,-0.03125,0.25,2.046875,-0.03125,0.25,1.828125,-0.03125,0.25,2.046875,0.15625,0.25,1.828125,0.15625,0.25,2.046875,-0.03125,0.25,2.046875,0.15625,0.46875,2.046875,-0.03125,0.46875,2.046875,0.15625,0.25,1.828125,0.15625,0.25,1.828125,-0.03125,0.46875,1.828125,0.15625,0.46875,1.828125,-0.03125,0.25,2.046875,0.15625,0.25,1.828125,0.15625,0.46875,2.046875,0.15625,0.46875,1.828125,0.15625,0.46875,2.046875,-0.03125,0.46875,1.828125,-0.03125,0.25,2.046875,-0.03125,0.25,1.828125,-0.03125,-0.3125,1.1875,0,-0.3125,1.0625,0,-0.3125,1.1875,-0.125,-0.3125,1.0625,-0.125,-0.4375,1.1875,-0.125,-0.4375,1.0625,-0.125,-0.4375,1.1875,0,-0.4375,1.0625,0,-0.4375,1.1875,-0.125,-0.4375,1.1875,0,-0.3125,1.1875,-0.125,-0.3125,1.1875,0,-0.4375,1.0625,0,-0.4375,1.0625,-0.125,-0.3125,1.0625,0,-0.3125,1.0625,-0.125,-0.4375,1.1875,0,-0.4375,1.0625,0,-0.3125,1.1875,0,-0.3125,1.0625,0,-0.3125,1.1875,-0.125,-0.3125,1.0625,-0.125,-0.4375,1.1875,-0.125,-0.4375,1.0625,-0.125,-0.3125,1.25,0,-0.3125,1.75,0,-0.3125,1.75,0.125,-0.3125,1.25,0.125,-0.5625,1.25,0.125,-0.5625,1.75,0.125,-0.5625,1.75,0,-0.5625,1.25,0,-0.3125,1.75,0.125,-0.3125,1.75,0,-0.5625,1.75,0,-0.5625,1.75,0.125,-0.3125,1.25,0,-0.3125,1.25,0.125,-0.5625,1.25,0.125,-0.5625,1.25,0,-0.3125,1.25,0.125,-0.3125,1.75,0.125,-0.5625,1.75,0.125,-0.5625,1.25,0.125,-0.5625,1.25,0,-0.5625,1.75,0,-0.3125,1.75,0,-0.3125,1.25,0,0.4375,1.75,0,0.4375,2.25,0,0.4375,2.25,0.125,0.4375,1.75,0.125,-0.5625,1.75,0.125,-0.5625,2.25,0.125,-0.5625,2.25,0,-0.5625,1.75,0,0.4375,2.25,0.125,0.4375,2.25,0,-0.5625,2.25,0,-0.5625,2.25,0.125,0.4375,1.75,0,0.4375,1.75,0.125,-0.5625,1.75,0.125,-0.5625,1.75,0,0.4375,1.75,0.125,0.4375,2.25,0.125,-0.5625,2.25,0.125,-0.5625,1.75,0.125,-0.5625,1.75,0,-0.5625,2.25,0,0.4375,2.25,0,0.4375,1.75,0,0.4375,1.25,0,0.4375,1.75,0,0.4375,1.75,0.125,0.4375,1.25,0.125,0.1875,1.25,0.125,0.1875,1.75,0.125,0.1875,1.75,0,0.1875,1.25,0,0.4375,1.75,0.125,0.4375,1.75,0,0.1875,1.75,0,0.1875,1.75,0.125,0.4375,1.25,0,0.4375,1.25,0.125,0.1875,1.25,0.125,0.1875,1.25,0,0.4375,1.25,0.125,0.4375,1.75,0.125,0.1875,1.75,0.125,0.1875,1.25,0.125,0.1875,1.25,0,0.1875,1.75,0,0.4375,1.75,0,0.4375,1.25,0,0.4375,0,0,0.4375,1.25,0,0.4375,1.25,0.125,0.4375,0,0.125,-0.5625,0,0.125,-0.5625,1.25,0.125,-0.5625,1.25,0,-0.5625,0,0,0.4375,1.25,0.125,0.4375,1.25,0,-0.5625,1.25,0,-0.5625,1.25,0.125,0.4375,0,0,0.4375,0,0.125,-0.5625,0,0.125,-0.5625,0,0,0.4375,0,0.125,0.4375,1.25,0.125,-0.5625,1.25,0.125,-0.5625,0,0.125,-0.5625,0,0,-0.5625,1.25,0,0.4375,1.25,0,0.4375,0,0,-0.3125,1.1875,0.25,-0.3125,1.0625,0.25,-0.3125,1.1875,0.125,-0.3125,1.0625,0.125,-0.4375,1.1875,0.125,-0.4375,1.0625,0.125,-0.4375,1.1875,0.25,-0.4375,1.0625,0.25,-0.4375,1.1875,0.125,-0.4375,1.1875,0.25,-0.3125,1.1875,0.125,-0.3125,1.1875,0.25,-0.4375,1.0625,0.25,-0.4375,1.0625,0.125,-0.3125,1.0625,0.25,-0.3125,1.0625,0.125,-0.4375,1.1875,0.25,-0.4375,1.0625,0.25,-0.3125,1.1875,0.25,-0.3125,1.0625,0.25,-0.3125,1.1875,0.125,-0.3125,1.0625,0.125,-0.4375,1.1875,0.125,-0.4375,1.0625,0.125,-0.0625,1.1875,-0.0625,-0.0625,1.1875,-0.0625,-0.0625,0.8125,-0.0625,-0.4375,1.1875,-0.0625,-0.4375,1.1875,-0.0625,-0.4375,0.8125,-0.0625,-0.0625,1.1875,-0.0625,-0.4375,1.1875,-0.0625,-0.0625,1.1875,-0.0625,-0.0625,0.8125,-0.0625,-0.4375,0.8125,-0.0625,-0.0625,0.8125,-0.0625,-0.4375,0.8125,-0.0625,-0.4375,1.1875,-0.0625,-0.0625,1.1875,-0.0625,-0.0625,0.8125,-0.0625,0.1875,0.0625,0,0.1875,0.0625,0,0.1875,-0.3125,0,-0.1875,0.0625,0,-0.1875,0.0625,0,-0.1875,-0.3125,0,0.1875,0.0625,0,-0.1875,0.0625,0,0.1875,0.0625,0,0.1875,-0.3125,0,-0.1875,-0.3125,0,0.1875,-0.3125,0,-0.1875,-0.3125,0,-0.1875,0.0625,0,0.1875,0.0625,0,0.1875,-0.3125,0],"indices":[0,0,1,0,1,1,2,2,3,2,3,3,4,5,6,4,6,5,7,8,9,7,9,8,10,11,12,10,12,13,14,15,16,15,17,16,18,19,20,19,21,20,22,23,24,23,25,24,26,27,28,27,29,28,30,31,32,31,33,32,34,35,36,35,37,36,38,39,40,39,41,40,42,43,44,43,45,44,46,47,48,47,49,48,50,51,52,51,53,52,54,55,56,55,57,56,58,59,60,59,61,60,62,63,64,63,65,64,66,67,68,67,69,68,70,71,72,71,73,72,74,75,76,75,77,76,78,79,80,79,81,80,82,83,84,83,85,84,86,87,88,86,88,89,90,91,92,90,92,93,94,95,96,94,96,97,98,99,100,98,100,101,102,103,104,102,104,105,106,107,108,106,108,109,110,111,112,110,112,113,114,115,116,114,116,117,118,119,120,118,120,121,122,123,124,122,124,125,126,127,128,126,128,129,130,131,132,130,132,133,134,135,136,134,136,137,138,139,140,138,140,141,142,143,144,142,144,145,146,147,148,146,148,149,150,151,152,150,152,153,154,155,156,154,156,157,158,159,160,158,160,161,162,163,164,162,164,165,166,167,168,166,168,169,170,171,172,170,172,173,174,175,176,174,176,177,178,179,180,178,180,181,182,183,184,183,185,184,186,187,188,187,189,188,190,191,192,191,193,192,194,195,196,195,197,196,198,199,200,199,201,200,202,203,204,203,205,204,206,207,208,206,208,208,209,210,211,209,211,211,212,213,214,212,214,213,215,216,217,215,217,216,218,219,220,218,220,221,222,223,224,222,224,224,225,226,227,225,227,227,228,229,230,228,230,229,231,232,233,231,233,232,234,235,236,234,236,237]},"optimizedModelData":{"":{"meshCount":3},"-named-nodes":{"meshCount":8},"-no-animations":{"meshCount":1}}}