{"schemaVersion":4,"source":{"uri":"models/environment/Snow/icicle-cluster.gltf","sha256":"de39bbb050c4c85dd6dccfa0f58085d19ab191ca11e8858ae474a795f56afa7f"},"animationNames":[],"boundingBox":{"min":{"x":-0.516735434560398,"y":0,"z":-0.4100412607362388},"max":{"x":0.39173543456039805,"y":1,"z":0.45423543456039805}},"nodeNames":["cube","cube","cube","cube","cube","cube","cube","cube","cube","cube","cube","cube","root",""],"trimesh":{"vertices":[-0.10826456546783447,0.5,-0.005361652467399836,-0.10826456546783447,0.5,-0.005361652467399836,-0.10826456546783447,-0.3125,-0.005361652467399836,-0.3292354345321655,0.5,-0.22633251547813416,-0.3292354345321655,0.5,-0.22633251547813416,-0.3292354345321655,-0.3125,-0.22633251547813416,-0.10826456546783447,0.5,-0.005361652467399836,-0.10826456546783447,0.5,-0.005361652467399836,-0.10826456546783447,-0.3125,-0.005361652467399836,-0.3292354345321655,-0.3125,-0.22633251547813416,-0.10826456546783447,-0.3125,-0.005361652467399836,-0.3292354345321655,-0.3125,-0.22633251547813416,-0.3292354345321655,0.5,-0.22633251547813416,-0.10826456546783447,0.5,-0.005361652467399836,-0.10826456546783447,-0.3125,-0.005361652467399836,-0.08995874226093292,0.5,0.26294416189193726,-0.08995874226093292,0.5,0.26294416189193726,-0.08995874226093292,0,0.26294416189193726,-0.22254125773906708,0.5,0.1303616464138031,-0.22254125773906708,0.5,0.1303616464138031,-0.22254125773906708,0,0.1303616464138031,-0.08995874226093292,0.5,0.26294416189193726,-0.08995874226093292,0.5,0.26294416189193726,-0.08995874226093292,0,0.26294416189193726,-0.22254125773906708,0,0.1303616464138031,-0.08995874226093292,0,0.26294416189193726,-0.22254125773906708,0,0.1303616464138031,-0.22254125773906708,0.5,0.1303616464138031,-0.08995874226093292,0.5,0.26294416189193726,-0.08995874226093292,0,0.26294416189193726,0.31092962622642517,0.5,0.16383254528045654,0.31092962622642517,0.5,0.16383254528045654,0.31092962622642517,-0.1875,0.16383254528045654,0.0015703851822763681,0.5,-0.1455266922712326,0.0015703851822763681,0.5,-0.1455266922712326,0.0015703851822763681,-0.1875,-0.1455266922712326,0.31092962622642517,0.5,0.16383254528045654,0.31092962622642517,0.5,0.16383254528045654,0.31092962622642517,-0.1875,0.16383254528045654,0.0015703851822763681,-0.1875,-0.1455266922712326,0.31092962622642517,-0.1875,0.16383254528045654,0.0015703851822763681,-0.1875,-0.1455266922712326,0.0015703851822763681,0.5,-0.1455266922712326,0.31092962622642517,0.5,0.16383254528045654,0.31092962622642517,-0.1875,0.16383254528045654,-0.22254127264022827,0.5,0.26294416189193726,-0.22254127264022827,0.5,0.26294416189193726,-0.22254127264022827,0,0.26294416189193726,-0.08995874226093292,0.5,0.1303616464138031,-0.08995874226093292,0.5,0.1303616464138031,-0.08995874226093292,0,0.1303616464138031,-0.22254127264022827,0.5,0.26294416189193726,-0.08995874226093292,0.5,0.1303616464138031,-0.08995874226093292,0,0.1303616464138031,-0.22254127264022827,0,0.26294416189193726,-0.22254127264022827,0.5,0.26294416189193726,-0.08995874226093292,0.5,0.1303616464138031,-0.08995874226093292,0,0.1303616464138031,-0.22254127264022827,0,0.26294416189193726,-0.3292354345321655,0.5,-0.005361652467399836,-0.3292354345321655,0.5,-0.005361652467399836,-0.3292354345321655,-0.3125,-0.005361652467399836,-0.10826456546783447,0.5,-0.22633251547813416,-0.10826456546783447,0.5,-0.22633251547813416,-0.10826456546783447,-0.3125,-0.22633251547813416,-0.3292354345321655,0.5,-0.005361652467399836,-0.10826456546783447,0.5,-0.22633251547813416,-0.10826456546783447,-0.3125,-0.22633251547813416,-0.3292354345321655,-0.3125,-0.005361652467399836,-0.3292354345321655,0.5,-0.005361652467399836,-0.10826456546783447,0.5,-0.22633251547813416,-0.10826456546783447,-0.3125,-0.22633251547813416,-0.3292354345321655,-0.3125,-0.005361652467399836,0.0015703878598287702,0.5,0.16383251547813416,0.0015703878598287702,0.5,0.16383251547813416,0.0015703878598287702,-0.1875,0.16383251547813416,0.31092962622642517,0.5,-0.1455267071723938,0.31092962622642517,0.5,-0.1455267071723938,0.31092962622642517,-0.1875,-0.1455267071723938,0.0015703878598287702,0.5,0.16383251547813416,0.31092962622642517,0.5,-0.1455267071723938,0.31092962622642517,-0.1875,-0.1455267071723938,0.0015703878598287702,-0.1875,0.16383251547813416,0.0015703878598287702,0.5,0.16383251547813416,0.31092962622642517,0.5,-0.1455267071723938,0.31092962622642517,-0.1875,-0.1455267071723938,0.0015703878598287702,-0.1875,0.16383251547813416,0.4542354345321655,0.5,0.4321383535861969,0.4542354345321655,0.5,0.4321383535861969,0.4542354345321655,-0.3125,0.4321383535861969,0.23326455056667328,0.5,0.21116746962070465,0.23326455056667328,0.5,0.21116746962070465,0.23326455056667328,-0.3125,0.21116746962070465,0.4542354345321655,0.5,0.4321383535861969,0.4542354345321655,0.5,0.4321383535861969,0.4542354345321655,-0.3125,0.4321383535861969,0.23326455056667328,-0.3125,0.21116746962070465,0.4542354345321655,-0.3125,0.4321383535861969,0.23326455056667328,-0.3125,0.21116746962070465,0.23326455056667328,0.5,0.21116746962070465,0.4542354345321655,0.5,0.4321383535861969,0.4542354345321655,-0.3125,0.4321383535861969,0.23326455056667328,0.5,0.4321383535861969,0.23326455056667328,0.5,0.4321383535861969,0.23326455056667328,-0.3125,0.4321383535861969,0.4542354345321655,0.5,0.21116746962070465,0.4542354345321655,0.5,0.21116746962070465,0.4542354345321655,-0.3125,0.21116746962070465,0.23326455056667328,0.5,0.4321383535861969,0.4542354345321655,0.5,0.21116746962070465,0.4542354345321655,-0.3125,0.21116746962070465,0.23326455056667328,-0.3125,0.4321383535861969,0.23326455056667328,0.5,0.4321383535861969,0.4542354345321655,0.5,0.21116746962070465,0.4542354345321655,-0.3125,0.21116746962070465,0.23326455056667328,-0.3125,0.4321383535861969,0.41004127264022827,0.5,-0.29955583810806274,0.41004127264022827,0.5,-0.29955583810806274,0.41004127264022827,0,-0.29955583810806274,0.2774587571620941,0.5,-0.4321383535861969,0.2774587571620941,0.5,-0.4321383535861969,0.2774587571620941,0,-0.4321383535861969,0.41004127264022827,0.5,-0.29955583810806274,0.41004127264022827,0.5,-0.29955583810806274,0.41004127264022827,0,-0.29955583810806274,0.2774587571620941,0,-0.4321383535861969,0.41004127264022827,0,-0.29955583810806274,0.2774587571620941,0,-0.4321383535861969,0.2774587571620941,0.5,-0.4321383535861969,0.41004127264022827,0.5,-0.29955583810806274,0.41004127264022827,0,-0.29955583810806274,0.27745872735977173,0.5,-0.29955580830574036,0.27745872735977173,0.5,-0.29955580830574036,0.27745872735977173,0,-0.29955580830574036,0.41004127264022827,0.5,-0.4321383535861969,0.41004127264022827,0.5,-0.4321383535861969,0.41004127264022827,0,-0.4321383535861969,0.27745872735977173,0.5,-0.29955580830574036,0.41004127264022827,0.5,-0.4321383535861969,0.41004127264022827,0,-0.4321383535861969,0.27745872735977173,0,-0.29955580830574036,0.27745872735977173,0.5,-0.29955580830574036,0.41004127264022827,0.5,-0.4321383535861969,0.41004127264022827,0,-0.4321383535861969,0.27745872735977173,0,-0.29955580830574036,-0.4542354345321655,0.5,0.4321383535861969,-0.4542354345321655,0.5,0.4321383535861969,-0.4542354345321655,-0.5,0.4321383535861969,-0.23326456546783447,0.5,0.21116746962070465,-0.23326456546783447,0.5,0.21116746962070465,-0.23326456546783447,-0.5,0.21116746962070465,-0.4542354345321655,0.5,0.4321383535861969,-0.23326456546783447,0.5,0.21116746962070465,-0.23326456546783447,-0.5,0.21116746962070465,-0.4542354345321655,-0.5,0.4321383535861969,-0.4542354345321655,0.5,0.4321383535861969,-0.23326456546783447,0.5,0.21116746962070465,-0.23326456546783447,-0.5,0.21116746962070465,-0.4542354345321655,-0.5,0.4321383535861969,-0.23326458036899567,0.5,0.4321383535861969,-0.23326458036899567,0.5,0.4321383535861969,-0.23326458036899567,-0.5,0.4321383535861969,-0.4542354345321655,0.5,0.21116748452186584,-0.4542354345321655,0.5,0.21116748452186584,-0.4542354345321655,-0.5,0.21116748452186584,-0.23326458036899567,0.5,0.4321383535861969,-0.23326458036899567,0.5,0.4321383535861969,