{"schemaVersion":4,"source":{"uri":"models/eggs/rare/idol-egg.gltf","sha256":"e5944b1b8ce5e93a25be2bce4c2edc887cbab6bb892765ee6e49da3077bbc09e"},"animationNames":[],"boundingBox":{"min":{"x":-0.4375,"y":0,"z":-0.4375},"max":{"x":0.4375,"y":0.875,"z":0.4375}},"nodeNames":["cube","cube","cube","cube","cube","cube","cube","cube","cube","cube","cube","cube","group"],"trimesh":{"vertices":[0.28125,0.4375,-0.28125,0.3125,0.4375,0,0.3125,0.1875,0,0.3125,0.1875,-0.3125,-0.3125,0.1875,-0.3125,-0.3125,0.1875,0,-0.3125,0.4375,0,-0.28125,0.4375,-0.28125,-0.28125,0.4375,-0.28125,-0.3125,0.4375,0,0,0.4375,0,0,0.4375,-0.3125,0,0.1875,-0.3125,0,0.1875,0,-0.3125,0.1875,0,-0.3125,0.1875,-0.3125,-0.3125,0.1875,0.3125,0,0.1875,0.3125,0,0.4375,0.3125,-0.28125,0.4375,0.28125,-0.28125,0.4375,-0.28125,0,0.4375,-0.3125,0,0.1875,-0.3125,-0.3125,0.1875,-0.3125,0.3125,0.4375,0,0.28125,0.4375,-0.28125,0.28125,0.4375,0.28125,0,0.4375,0.3125,0,0.1875,0.3125,0.3125,0.1875,0.3125,0.3125,0.1875,-0.3125,0.3125,0.1875,0,0.3125,0.1875,-0.3125,0,0.1875,-0.3125,0,0.4375,-0.3125,0.28125,0.4375,-0.28125,-0.28125,0.4375,0.28125,-0.3125,0.4375,0,-0.3125,0.1875,0,-0.3125,0.1875,0.3125,-0.3125,0.1875,0.3125,0,0.1875,0.3125,0.3125,0.1875,0.3125,0.3125,0.1875,0.3125,0.3125,0.1875,0,0.3125,0.4375,0,0.28125,0.4375,0.28125,0.28125,0.4375,0.28125,0,0.4375,0.3125,-0.28125,0.4375,0.28125,0.359375,-0.3125,-0.359375,0.375,-0.0625,-0.375,0.375,-0.0625,0.375,0.359375,-0.3125,0.359375,-0.359375,-0.3125,0.359375,-0.375,-0.0625,0.375,-0.375,-0.0625,-0.375,-0.359375,-0.3125,-0.359375,0.34375,0.1875,0.34375,0.34375,0.1875,-0.34375,-0.34375,0.1875,-0.34375,-0.34375,0.1875,0.34375,0.359375,-0.3125,-0.359375,0.359375,-0.3125,0.359375,-0.359375,-0.3125,0.359375,-0.359375,-0.3125,-0.359375,0.359375,-0.3125,0.359375,0.375,-0.0625,0.375,-0.375,-0.0625,0.375,-0.359375,-0.3125,0.359375,-0.359375,-0.3125,-0.359375,-0.375,-0.0625,-0.375,0.375,-0.0625,-0.375,0.359375,-0.3125,-0.359375,-0.34375,0.1875,-0.34375,-0.375,-0.0625,-0.375,-0.375,-0.0625,0.375,-0.34375,0.1875,0.34375,-0.34375,0.1875,0.34375,-0.375,-0.0625,0.375,0.375,-0.0625,0.375,0.34375,0.1875,0.34375,0.34375,0.1875,0.34375,0.375,-0.0625,0.375,0.375,-0.0625,-0.375,0.34375,0.1875,-0.34375,0.34375,0.1875,-0.34375,0.375,-0.0625,-0.375,-0.375,-0.0625,-0.375,-0.34375,0.1875,-0.34375,0.3125,-0.4375,-0.3125,0.34375,-0.3125,-0.34375,0.34375,-0.3125,0.34375,0.3125,-0.4375,0.3125,-0.3125,-0.4375,0.3125,-0.34375,-0.3125,0.34375,-0.34375,-0.3125,-0.34375,-0.3125,-0.4375,-0.3125,0.34375,-0.3125,0.34375,0.34375,-0.3125,-0.34375,-0.34375,-0.3125,-0.34375,-0.34375,-0.3125,0.34375,0.3125,-0.4375,-0.3125,0.3125,-0.4375,0.3125,-0.3125,-0.4375,0.3125,-0.3125,-0.4375,-0.3125,0.3125,-0.4375,0.3125,0.34375,-0.3125,0.34375,-0.34375,-0.3125,0.34375,-0.3125,-0.4375,0.3125,-0.3125,-0.4375,-0.3125,-0.34375,-0.3125,-0.34375,0.34375,-0.3125,-0.34375,0.3125,-0.4375,-0.3125,0.40625,0.09375,0.40625,0.40625,-0.21875,0.40625,0.40625,0.09375,-0.40625,0.40625,-0.21875,-0.40625,-0.40625,0.09375,-0.40625,-0.40625,-0.21875,-0.40625,-0.40625,0.09375,0.40625,-0.40625,-0.21875,0.40625,-0.40625,0.09375,-0.40625,-0.40625,0.09375,0.40625,0.40625,0.09375,-0.40625,0.40625,0.09375,0.40625,-0.40625,-0.21875,0.40625,-0.40625,-0.21875,-0.40625,0.40625,-0.21875,0.40625,0.40625,-0.21875,-0.40625,-0.40625,0.09375,0.40625,-0.40625,-0.21875,0.40625,0.40625,0.09375,0.40625,0.40625,-0.21875,0.40625,0.40625,0.09375,-0.40625,0.40625,-0.21875,-0.40625,-0.40625,0.09375,-0.40625,-0.40625,-0.21875,-0.40625,0.09375,0.03125,-0.375,0.09375,-0.15625,-0.375,0.09375,0.03125,-0.4375,0.09375,-0.15625,-0.4375,-0.09375,0.03125,-0.4375,-0.09375,-0.15625,-0.4375,-0.09375,0.03125,-0.375,-0.09375,-0.15625,-0.375,-0.09375,0.03125,-0.4375,-0.09375,0.03125,-0.375,0.09375,0.03125,-0.4375,0.09375,0.03125,-0.375,-0.09375,-0.15625,-0.375,-0.09375,-0.15625,-0.4375,0.09375,-0.15625,-0.375,0.09375,-0.15625,-0.4375,-0.09375,0.03125,-0.375,-0.09375,-0.15625,-0.375,0.09375,0.03125,-0.375,0.09375,-0.15625,-0.375,0.09375,0.03125,-0.4375,0.09375,-0.15625,-0.4375,-0.09375,0.03125,-0.4375,-0.09375,-0.15625,-0.4375,-0.25,0.03125,-0.25,-0.25,-0.15625,-0.25,-0.25,0.03125,-0.4375,-0.25,-0.15625,-0.4375,-0.4375,0.03125,-0.4375,-0.4375,-0.15625,-0.4375,-0.4375,0.03125,-0.25,-0.4375,-0.15625,-0.25,-0.4375,0.03125,-0.4375,-0.4375,0.03125,-0.25,-0.25,0.03125,-0.4375,-0.25,0.03125,-0.25,-0.4375,-0.15625,-0.25,-0.4375,-0.15625,-0.4375,-0.25,-0.15625,-0.25,-0.25,-0.15625,-0.4375,-0.4375,0.03125,-0.25,-0.4375,-0.15625,-0.25,-0.25,0.03125,-0.25,-0.25,-0.15625,-0.25,-0.25,0.03125,-0.4375,-0.25,-0.15625,-0.4375,-0.4375,0.03125,-0.4375,-0.4375,-0.15625,-0.4375,0.4375,0.03125,-0.25,0.4375,-0.15625,-0.25,0.4375,0.03125,-0.4375,0.4375,-0.15625,-0.4375,0.25,0.03125,-0.4375,0.25,-0.15625,-0.4375,0.25,0.03125,-0.25,0.25,-0.15625,-0.25,0.25,0.03125,-0.4375,0.25,0.03125,-0.25,0.4375,0.03125,-0.4375,0.4375,0.03125,-0.25,0.25,-0.15625,-0.25,0.25,-0.15625,-0.4375,0.4375,-0.15625,-0.25,0.4375,-0.15625,-0.4375,0.25,0.03125,-0.25,0.25,-0.15625,-0.25,0.4375,0.03125,-0.25,0.4375,-0.15625,-0.25,0.4375,0.03125,-0.4375,0.4375,-0.15625,-0.4375,0.25,0.03125,-0.4375,0.25,-0.15625,-0.4375,0.4375,0.03125,0.4375,0.4375,-0.15625,0.4375,0.4375,0.03125,0.25,0.4375,-0.15625,0.25,0.25,0.03125,0.25,0.25,-0.15625,0.25,0.25,0.03125,0.4375,0.25,-0.15625,0.4375,0.25,0.03125,0.25,0.25,0.03125,0.4375,0.4375,0.03125,0.25,0.4375,0.03125,0.4375,0.25,-0.15625,0.4375,0.25,-0.15625,0.25,0.4375,-0.15625,0.4375,0.4375,-0.15625,0.25,0.25,0.03125,0.4375,0.25,-0.15625,0.4375,0.4375,0.03125,0.4375,0.4375,-0.15625,0.4375,0.4375,0.03125,0.25,0.4375,-0.15625,0.25,0.25,0.03125,0.25,0.25,-0.15625,0.25,0.4375,0.03125,0.09375,0.4375,-0.15625,0.09375,0.4375,0.03125,-0.09375,0.4375,-0.15625,-0.09375,0.375,0.03125,-0.09375,0.375,-0.15625,-0.09375,0.375,0.03125,0.09375,0.375,-0.15625,0.09375,0.375,0.03125,-0.09375,0.375,0.03125,0.09375,0.4375,0.03125,-0.09375,0.4375,0.03125,0.09375,0.375,-0.15625,0.09375,0.375,-0.15625,-0.09375,0.4375,-0.15625,0.09375,0.4375,-0.15625,-0.09375,0.375,0.03125,0.09375,0.375,-0.15625,0.09375,0.4375,0.03125,0.09375,0.4375,-0.15625,0.09375,0.4375,0.03125,-0.09375,0.4375,-0.15625,-0.09375,0.375,0.03125,-0.09375,0.375,-0.15625,-0.09375,-0.25,0.03125,0.4375,-0.25,-0.15625,0.4375,-0.25,0.03125,0.25,-0.25,-0.15625,0.25,-0.4375,0.03125,0.25,-0.4375,-0.15625,0.25,-0.4375,0.03125,0.4375,-0.4375,-0.15625,0.4375,-0.4375,0.03125,0.25,-0.4375,0.03125,0.4375,-0.25,0.03125,0.25,-0.25,0.03125,0.4375,-0.4375,-0.15625,0.4375,-0.4375,-0.15625,0.25,-0.25,-0.15625,0.4375,-0.25,-0.15625,0.25,-0.4375,0.03125,0.4375,-0.4375,-0.15625,0.4375,-0.25,0.03125,0.4375,-0.25,-0.15625,0.4375,-0.25,0.03125,0.25,-0.25,-0.15625,0.25,-0.4375,0.03125,0.25,-0.4375,-0.15625,0.25,0.09375,0.03125,0.4375,0.09375,-0.15625,0.4375,0.09375,0.03125,0.375,0.09375,-0.15625,0.375,-0.09375,0.03125,0.375,-0.09375,-0.15625,0.375,-0.09375,0.03125,0.4375,-0.09375,-0.15625,0.4375,-0.09375,0.03125,0.375,-0.09375,0.03125,0.4375,0.09375,0.03125,0.375,0.09375,0.03125,0.4375,-0.09375,-0.15625,0.4375,-0.09375,-0.15625,0.375,0.09375,-0.15625,0.4375,0.09375,-0.15625,0.375,-0.09375,0.03125,0.4375,-0.09375,-0.15625,0.4375,0.09375,0.03125,0.4375,0.09375,-0.15625,0.4375,0.09375,0.03125,0.375,0.09375,-0.15625,0.375,-0.09375,0.03125,0.375,-0.09375,-0.15625,0.375,-0.375,0.03125,0.09375,-0.375,-0.15625,0.09375,-0.375,0.03125,-0.09375,-0.375,-0.15625,-0.09375,-0.4375,0.03125,-0.09375,-0.4375,-0.15625,-0.09375,-0.4375,0.03125,0.09375,-0.4375,-0.15625,0.09375,-0.4375,0.03125,-0.09375,-0.4375,0.03125,0.09375,-0.375,0.03125,-0.09375,-0.375,0.03125,0.09375,-0.4375,-0.15625,0.09375,-0.4375,-0.15625,-0.09375,-0.375,-0.15625,0.09375,-0.375,-0.15625,-0.09375,-0.4375,0.03125,0.09375,-0.4375,-0.15625,0.09375,-0.375,0.03125,0.09375,-0.375,-0.15625,0.09375,-0.375,0.03125,-0.09375,-0.375,-0.15625,-0.09375,-0.4375,0.03125,-0.09375,-0.4375,-0.15625,-0.09375],