{"schemaVersion":4,"source":{"uri":"models/tools/shovel/emerald-shovel.gltf","sha256":"49665f7d64e7c7a0b1a9f34224836bf489724f8be440451b64de8d0810bc8bc0"},"animationNames":[],"boundingBox":{"min":{"x":-0.265625,"y":0,"z":-0.0625},"max":{"x":0.265625,"y":1.3100902192127606,"z":0.0625}},"nodeNames":["cube","cube","cube","cube","cube","cube","cube","cube","cube","cube","cube","shovel"],"trimesh":{"vertices":[0.03125,0.12620489299297333,0.03125,0.03125,-0.46754512190818787,0.03125,0.03125,0.12620489299297333,-0.03125,0.03125,-0.46754512190818787,-0.03125,-0.03125,0.12620489299297333,-0.03125,-0.03125,-0.46754512190818787,-0.03125,-0.03125,0.12620489299297333,0.03125,-0.03125,-0.46754512190818787,0.03125,-0.03125,0.12620489299297333,-0.03125,-0.03125,0.12620489299297333,0.03125,0.03125,0.12620489299297333,-0.03125,0.03125,0.12620489299297333,0.03125,-0.03125,-0.46754512190818787,0.03125,-0.03125,-0.46754512190818787,-0.03125,0.03125,-0.46754512190818787,0.03125,0.03125,-0.46754512190818787,-0.03125,-0.03125,0.12620489299297333,0.03125,-0.03125,-0.46754512190818787,0.03125,0.03125,0.12620489299297333,0.03125,0.03125,-0.46754512190818787,0.03125,0.03125,0.12620489299297333,-0.03125,0.03125,-0.46754512190818787,-0.03125,-0.03125,0.12620489299297333,-0.03125,-0.03125,-0.46754512190818787,-0.03125,0.140625,0.28245487809181213,0.0625,0.140625,0.25120487809181213,0.0625,0.140625,0.28245487809181213,-0.0625,0.140625,0.25120487809181213,-0.0625,-0.140625,0.28245487809181213,-0.0625,-0.140625,0.25120487809181213,-0.0625,-0.140625,0.28245487809181213,0.0625,-0.140625,0.25120487809181213,0.0625,-0.140625,0.28245487809181213,-0.0625,-0.140625,0.28245487809181213,0.0625,0.140625,0.28245487809181213,-0.0625,0.140625,0.28245487809181213,0.0625,-0.140625,0.25120487809181213,0.0625,-0.140625,0.25120487809181213,-0.0625,0.140625,0.25120487809181213,0.0625,0.140625,0.25120487809181213,-0.0625,-0.140625,0.28245487809181213,0.0625,-0.140625,0.25120487809181213,0.0625,0.140625,0.28245487809181213,0.0625,0.140625,0.25120487809181213,0.0625,0.140625,0.28245487809181213,-0.0625,0.140625,0.25120487809181213,-0.0625,-0.140625,0.28245487809181213,-0.0625,-0.140625,0.25120487809181213,-0.0625,0.0625,-0.37379512190818787,0.0625,0.0625,-0.43629512190818787,0.0625,0.0625,-0.37379512190818787,-0.0625,0.0625,-0.43629512190818787,-0.0625,-0.0625,-0.37379512190818787,-0.0625,-0.0625,-0.43629512190818787,-0.0625,-0.0625,-0.37379512190818787,0.0625,-0.0625,-0.43629512190818787,0.0625,-0.0625,-0.37379512190818787,-0.0625,-0.0625,-0.37379512190818787,0.0625,0.0625,-0.37379512190818787,-0.0625,0.0625,-0.37379512190818787,0.0625,-0.0625,-0.43629512190818787,0.0625,-0.0625,-0.43629512190818787,-0.0625,0.0625,-0.43629512190818787,0.0625,0.0625,-0.43629512190818787,-0.0625,-0.0625,-0.37379512190818787,0.0625,-0.0625,-0.43629512190818787,0.0625,0.0625,-0.37379512190818787,0.0625,0.0625,-0.43629512190818787,0.0625,0.0625,-0.37379512190818787,-0.0625,0.0625,-0.43629512190818787,-0.0625,-0.0625,-0.37379512190818787,-0.0625,-0.0625,-0.43629512190818787,-0.0625,0.125,0.5311145782470703,0.03125,0.125,0.2811145484447479,0.03125,0.125,0.5311145782470703,-0.03125,0.125,0.2811145484447479,-0.03125,-0.125,0.5311145782470703,-0.03125,-0.125,0.2811145484447479,-0.03125,-0.125,0.5311145782470703,0.03125,-0.125,0.2811145484447479,0.03125,-0.125,0.5311145782470703,-0.03125,-0.125,0.5311145782470703,0.03125,0.125,0.5311145782470703,-0.03125,0.125,0.5311145782470703,0.03125,-0.125,0.2811145484447479,0.03125,-0.125,0.2811145484447479,-0.03125,0.125,0.2811145484447479,0.03125,0.125,0.2811145484447479,-0.03125,-0.125,0.5311145782470703,0.03125,-0.125,0.2811145484447479,0.03125,0.125,0.5311145782470703,0.03125,0.125,0.2811145484447479,0.03125,0.125,0.5311145782470703,-0.03125,0.125,0.2811145484447479,-0.03125,-0.125,0.5311145782470703,-0.03125,-0.125,0.2811145484447479,-0.03125,0,-0.41040676832199097,0.0546875,0.0883883461356163,-0.49879512190818787,0.0546875,0,-0.41040676832199097,-0.0546875,0.0883883461356163,-0.49879512190818787,-0.0546875,-0.0883883461356163,-0.49879512190818787,-0.0546875,0,-0.5871834754943848,-0.0546875,-0.0883883461356163,-0.49879512190818787,0.0546875,0,-0.5871834754943848,0.0546875,-0.0883883461356163,-0.49879512190818787,-0.0546875,-0.0883883461356163,-0.49879512190818787,0.0546875,0,-0.41040676832199097,-0.0546875,0,-0.41040676832199097,0.0546875,0,-0.5871834754943848,0.0546875,0,-0.5871834754943848,-0.0546875,0.0883883461356163,-0.49879512190818787,0.0546875,0.0883883461356163,-0.49879512190818787,-0.0546875,-0.0883883461356163,-0.49879512190818787,0.0546875,0,-0.5871834754943848,0.0546875,0,-0.41040676832199097,0.0546875,0.0883883461356163,-0.49879512190818787,0.0546875,0,-0.41040676832199097,-0.0546875,0.0883883461356163,-0.49879512190818787,-0.0546875,-0.0883883461356163,-0.49879512190818787,-0.0546875,0,-0.5871834754943848,-0.0546875,-0.046875,0.21995489299297333,0,-0.046875,0.21995489299297333,0,-0.046875,0.09495489299297333,0,-0.265625,0.21995489299297333,0,-0.265625,0.21995489299297333,0,-0.265625,0.09495489299297333,0,-0.046875,0.21995489299297333,0,-0.046875,0.21995489299297333,0,-0.046875,0.09495489299297333,0,-0.265625,0.09495489299297333,0,-0.046875,0.09495489299297333,0,-0.265625,0.09495489299297333,0,-0.265625,0.21995489299297333,0,-0.046875,0.21995489299297333,0,-0.046875,0.09495489299297333,0,0.265625,0.21995489299297333,0,0.265625,0.21995489299297333,0,0.265625,0.09495489299297333,0,0.046875,0.21995489299297333,0,0.046875,0.21995489299297333,0,0.046875,0.09495489299297333,0,0.046875,0.21995489299297333,0,0.265625,0.21995489299297333,0,0.265625,0.09495489299297333,0,0.046875,0.09495489299297333,0,0.046875,0.09495489299297333,0,0.046875,0.21995489299297333,0,0.265625,0.21995489299297333,0,0.265625,0.09495489299297333,0,0.078125,0.25120487809181213,0.0625,0.078125,0.09495489299297333,0.0625,0.078125,0.25120487809181213,-0.0625,0.078125,0.09495489299297333,-0.0625,-0.078125,0.25120487809181213,-0.0625,-0.078125,0.09495489299297333,-0.0625,-0.078125,0.25120487809181213,0.0625,-0.078125,0.09495489299297333,0.0625,-0.078125,0.25120487809181213,-0.0625,-0.078125,0.25120487809181213,0.0625,0.078125,0.25120487809181213,-0.0625,0.078125,0.25120487809181213,0.0625,-0.078125,0.09495489299297333,0.0625,-0.078125,0.09495489299297333,-0.0625,0.078125,0.09495489299297333,0.0625,0.078125,0.09495489299297333,-0.0625,-0.078125,0.25120487809181213,0.0625,-0.078125,0.09495489299297333,0.0625,0.078125,0.25120487809181213,0.0625,0.078125,0.09495489299297333,0.0625,0.078125,0.25120487809181213,-0.0625,0.078125,0.09495489299297333,-0.0625,-0.078125,0.25120487809181213,-0.0625,-0.078125,0.09495489299297333,-0.0625,0.15611624717712402,0.6550450921058655,-0.027016926556825638,0.15611624717712402,0.6550450921058655,-0.027016926556825638,0.15611624717712402,0.4381665289402008,0.0015356764197349548,-0.15638375282287598,0.6550450921058655,-0.027016926556825638,-0.15638375282287598,0.6550450921058655,-0.027016926556825638,-0.15638375282287598,0.4381665289402008,0.0015356764197349548,0.15611624717712402,0.6550450921058655,-0.027016926556825638,0.15611624717712402,0.6550450921058655,-0.027016926556825638,0.15611624717712402,0.4381665289402008,0.0015356764197349548,-0.15638375282287598,0.4381665289402008,0.0015356764197349548,0.15611624717712402,0.4381665289402008,0.0015356764197349548,-0.15638375282287598,0.4381665289402008,0.0015356764197349548,-0.15638375282287598,0.6550450921058655,-0.027016926556825638,0.15611624717712402,0.6550450921058655,-0.027016926556825638,0.15611624717712402,0.4381665289402008,0.0015356764197349548,0.0390625,-0.09254510700702667,0.0390625,0.0390625,-0.31129512190818787,0.0390625,0.0390625,-0.09254510700702667,-0.0390625,0.0390625,-0.31129512190818787,-0.0390625,-0.0390625,-0.09254510700702667,-0.0390625,-0.0390625,-0.31129512190818787,-0.0390625,-0.0390625,-0.09254510700702667,0.0390625,-0.0390625,-0.31129512190818787,0.0390625,-0.0390625,-0.09254510700702667,-0.0390625,-0.0390625,