{"schemaVersion":3,"source":{"uri":"models/environment/Essentials/sleeping-bag-purple-rolled.gltf","sha256":"a76f92656e73c117625f2b787fd1967bad20ee0dceccf8e595e82ab3212414e3"},"animationNames":[],"boundingBox":{"min":{"x":-0.4000000059604645,"y":-5.960464455334602e-9,"z":-0.15000000596046442},"max":{"x":0.4000000059604645,"y":0.3000000059604645,"z":0.15000000596046453}},"nodeNames":["cube","root",""],"trimesh":{"vertices":[0.4000000059604645,0.15000000596046448,0.15000000596046448,0.4000000059604645,-0.15000000596046448,0.15000000596046448,0.4000000059604645,0.15000000596046448,-0.15000000596046448,0.4000000059604645,-0.15000000596046448,-0.15000000596046448,-0.4000000059604645,0.15000000596046448,-0.15000000596046448,-0.4000000059604645,-0.15000000596046448,-0.15000000596046448,-0.4000000059604645,0.15000000596046448,0.15000000596046448,-0.4000000059604645,-0.15000000596046448,0.15000000596046448,-0.4000000059604645,0.15000000596046448,-0.15000000596046448,-0.4000000059604645,0.15000000596046448,0.15000000596046448,0.4000000059604645,0.15000000596046448,-0.15000000596046448,0.4000000059604645,0.15000000596046448,0.15000000596046448,-0.4000000059604645,-0.15000000596046448,0.15000000596046448,-0.4000000059604645,-0.15000000596046448,-0.15000000596046448,0.4000000059604645,-0.15000000596046448,0.15000000596046448,0.4000000059604645,-0.15000000596046448,-0.15000000596046448,-0.4000000059604645,0.15000000596046448,0.15000000596046448,-0.4000000059604645,-0.15000000596046448,0.15000000596046448,0.4000000059604645,0.15000000596046448,0.15000000596046448,0.4000000059604645,-0.15000000596046448,0.15000000596046448,0.4000000059604645,0.15000000596046448,-0.15000000596046448,0.4000000059604645,-0.15000000596046448,-0.15000000596046448,-0.4000000059604645,0.15000000596046448,-0.15000000596046448,-0.4000000059604645,-0.15000000596046448,-0.15000000596046448],"indices":[0,1,2,1,3,2,4,5,6,5,7,6,8,9,10,9,11,10,12,13,14,13,15,14,16,17,18,17,19,18,20,21,22,21,23,22]}}