{"schemaVersion":4,"source":{"uri":"models/environment/Farm/cranberry-stage3.gltf","sha256":"03b5dfb2fa60555c12554eed5d569f33888b5196e47f26f878c18932ae8cdc4b"},"animationNames":[],"boundingBox":{"min":{"x":-0.17187006606421829,"y":0,"z":-0.2805179258852787},"max":{"x":0.22114292588527873,"y":1.0625,"z":0.17403007268578186}},"nodeNames":["cube","cube","cube","cube","cube","cube","cube","cube","root",""],"trimesh":{"vertices":[0.1300431787967682,0.40625,0.2079235315322876,0.1300431787967682,0.40625,0.2079235315322876,0.1300431787967682,-0.53125,0.2079235315322876,-0.17931604385375977,0.40625,-0.10143568366765976,-0.17931604385375977,0.40625,-0.10143568366765976,-0.17931604385375977,-0.53125,-0.10143568366765976,0.1300431787967682,0.40625,0.2079235315322876,0.1300431787967682,0.40625,0.2079235315322876,0.1300431787967682,-0.53125,0.2079235315322876,-0.17931604385375977,-0.53125,-0.10143568366765976,0.1300431787967682,-0.53125,0.2079235315322876,-0.17931604385375977,-0.53125,-0.10143568366765976,-0.17931604385375977,0.40625,-0.10143568366765976,0.1300431787967682,0.40625,0.2079235315322876,0.1300431787967682,-0.53125,0.2079235315322876,-0.016934972256422043,0.53125,0.0433589406311512,-0.016934972256422043,0.53125,0.0433589406311512,-0.016934972256422043,0.21875,0.0433589406311512,0.13931502401828766,0.53125,-0.22727398574352264,0.13931502401828766,0.53125,-0.22727398574352264,0.13931502401828766,0.21875,-0.22727398574352264,-0.016934972256422043,0.53125,0.0433589406311512,0.13931502401828766,0.53125,-0.22727398574352264,0.13931502401828766,0.21875,-0.22727398574352264,-0.016934972256422043,0.21875,0.0433589406311512,-0.016934972256422043,0.53125,0.0433589406311512,0.13931502401828766,0.53125,-0.22727398574352264,0.13931502401828766,0.21875,-0.22727398574352264,-0.016934972256422043,0.21875,0.0433589406311512,0.037858638912439346,-0.19292254745960236,-0.012948262505233288,0.017567424103617668,-0.2813315689563751,-0.036637384444475174,-0.004404177889227867,-0.162349671125412,-0.09084701538085938,-0.024695388972759247,-0.25075870752334595,-0.11453615128993988,-0.08559028059244156,-0.15616843104362488,-0.04437476396560669,-0.10588149726390839,-0.24457745254039764,-0.0680638924241066,-0.04332746937870979,-0.18674130737781525,0.03352399915456772,-0.06361868232488632,-0.275150328874588,0.009834875352680683,-0.08559028059244156,-0.15616843104362488,-0.04437476396560669,-0.04332746937870979,-0.18674130737781525,0.03352399915456772,-0.004404177889227867,-0.162349671125412,-0.09084701538085938,0.037858638912439346,-0.19292254745960236,-0.012948262505233288,-0.06361868232488632,-0.275150328874588,0.009834875352680683,-0.10588149726390839,-0.24457745254039764,-0.0680638924241066,0.017567424103617668,-0.2813315689563751,-0.036637384444475174,-0.024695388972759247,-0.25075870752334595,-0.11453615128993988,-0.04332746937870979,-0.18674130737781525,0.03352399915456772,-0.06361868232488632,-0.275150328874588,0.009834875352680683,0.037858638912439346,-0.19292254745960236,-0.012948262505233288,0.017567424103617668,-0.2813315689563751,-0.036637384444475174,-0.004404177889227867,-0.162349671125412,-0.09084701538085938,-0.024695388972759247,-0.25075870752334595,-0.11453615128993988,-0.08559028059244156,-0.15616843104362488,-0.04437476396560669,-0.10588149726390839,-0.24457745254039764,-0.0680638924241066,0.1300431787967682,0.40625,-0.10143568366765976,0.1300431787967682,0.40625,-0.10143568366765976,0.1300431787967682,-0.53125,-0.10143568366765976,-0.17931604385375977,0.40625,0.2079235315322876,-0.17931604385375977,0.40625,0.2079235315322876,-0.17931604385375977,-0.53125,0.2079235315322876,0.1300431787967682,0.40625,-0.10143568366765976,-0.17931604385375977,0.40625,0.2079235315322876,-0.17931604385375977,-0.53125,0.2079235315322876,0.1300431787967682,-0.53125,-0.10143568366765976,0.1300431787967682,0.40625,-0.10143568366765976,-0.17931604385375977,0.40625,0.2079235315322876,-0.17931604385375977,-0.53125,0.2079235315322876,0.1300431787967682,-0.53125,-0.10143568366765976,-0.010654175654053688,-0.162349671125412,0.20358486473560333,-0.030945386737585068,-0.25075870752334595,0.22727400064468384,0.03160863742232323,-0.19292254745960236,0.12568610906600952,0.011317423544824123,-0.2813315689563751,0.14937524497509003,-0.04957747086882591,-0.18674130737781525,0.07921385765075684,-0.06986868381500244,-0.275150328874588,0.10290297865867615,-0.09184028208255768,-0.15616843104362488,0.15711261332035065,-0.1121314987540245,-0.24457745254039764,0.18080173432826996,-0.04957747086882591,-0.18674130737781525,0.07921385765075684,-0.09184028208255768,-0.15616843104362488,0.15711261332035065,0.03160863742232323,-0.19292254745960236,0.12568610906600952,-0.010654175654053688,-0.162349671125412,0.20358486473560333,-0.1121314987540245,-0.24457745254039764,0.18080173432826996,-0.06986868381500244,-0.275150328874588,0.10290297865867615,-0.030945386737585068,-0.25075870752334595,0.22727400064468384,0.011317423544824123,-0.2813315689563751,0.14937524497509003,-0.09184028208255768,-0.15616843104362488,0.15711261332035065,-0.1121314987540245,-0.24457745254039764,0.18080173432826996,-0.010654175654053688,-0.162349671125412,0.20358486473560333,-0.030945386737585068,-0.25075870752334595,0.22727400064468384,0.03160863742232323,-0.19292254745960236,0.12568610906600952,0.011317423544824123,-0.2813315689563751,0.14937524497509003,-0.04957747086882591,-0.18674130737781525,0.07921385765075684,-0.06986868381500244,-0.275150328874588,0.10290297865867615,0.10497082769870758,0.025150328874588013,0.10358487814664841,0.08467961102724075,-0.06325869262218475,0.12727400660514832,0.14723363518714905,-0.005422532558441162,0.02568610943853855,0.12694242596626282,-0.09383156895637512,0.04937523603439331,0.0660475343465805,0.0007587075233459473,-0.020786147564649582,0.04575631767511368,-0.08765032887458801,0.0029029787983745337,0.023784717544913292,0.03133156895637512,0.057112615555524826,0.003493504598736763,-0.05707746744155884,0.08080174028873444,0.0660475343465805,0.0007587075233459473,-0.020786147564649582,0.023784717544913292,0.03133156895637512,0.057112615555524826,0.14723363518714905,-0.005422532558441162,0.02568610943853855,0.10497082769870758,0.025150328874588013,0.10358487814664841,0.003493504598736763,-0.05707746744155884,0.08080174028873444,0.04575631767511368,-0.08765032887458801,0.0029029787983745337,0.08467961102724075,-0.06325869262218475,0.12727400660514832,0.12694242596626282,-0.09383156895637512,0.04937523603439331,0.023784717544913292,0.03133156895637512,0.057112615555524826,0.003493504598736763,-0.05707746744155884,0.08080174028873444,0.10497082769870758,0.025150328874588013,0.10358487814664841,0.08467961102724075,-0.06325869262218475,0.12727400660514832,0.14723363518714905,-0.005422532558441162,0.02568610943853855,0.12694242596626282,-0.09383156895637512,0.04937523603439331,0.0660475343465805,0.0007587075233459473,-0.020786147564649582,0.04575631767511368,-0.08765032887458801,0.0029029787983745337,-0.07305757701396942,0.15633156895637512,0.057112615555524826,-0.05276636406779289,0.06792253255844116,0.08080174028873444,-0.11532039195299149,0.12575870752334595,-0.020786147564649582,-0.09502917528152466,0.03734967112541199,0.00290297856554389,-0.19650650024414062,0.11957746744155884,0.02568610943853855,-0.1762152910232544,0.031168431043624878,0.04937523603439331,-0.15424367785453796,0.150150328874588,0.10358487814664841,-0.13395246863365173,0.06174129247665405,0.12727399170398712,-0.19650650024414062,0.11957746744155884,0.02568610943853855,-0.15424367785453796,0.150150328874588,0.10358487814664841,-0.11532039195299149,0.12575870752334595,-0.020786147564649582,-0.07305757701396942,0.15633156895637512,0.057112615555524826,-0.13395246863365173,0.06174129247665405,0.12727399170398712,-0.1762152910232544,0.031168431043624878,0.04937523603439331,-0.05276636406779289,0.06792253255844116,0.08080174028873444,-0.09502917528152466,0.03734967112541199,0.00290297856554389,-0.15424367785453796,0.150150328874588,