{"schemaVersion":1,"source":{"uri":"models/environment/Gameplay/coin.gltf","sha256":"f6f08c59e7b89e59aef4c8abbcad64a3f8079c23de63ba16369de3281d1ca5c3"},"animationNames":["idle"],"boundingBox":{"min":{"x":-0.21875,"y":2.980232227667301e-9,"z":-0.08749999850988388},"max":{"x":0.21875,"y":0.43749998807907103,"z":0.08749999850988388}},"nodeNames":["cube","bone","coin",""],"trimesh":{"vertices":[0.21875,0.26249998807907104,0.08749999850988388,0.21875,-0.17499999701976776,0.08749999850988388,0.21875,0.26249998807907104,-0.08749999850988388,0.21875,-0.17499999701976776,-0.08749999850988388,-0.21875,0.26249998807907104,-0.08749999850988388,-0.21875,-0.17499999701976776,-0.08749999850988388,-0.21875,0.26249998807907104,0.08749999850988388,-0.21875,-0.17499999701976776,0.08749999850988388,-0.21875,0.26249998807907104,-0.08749999850988388,-0.21875,0.26249998807907104,0.08749999850988388,0.21875,0.26249998807907104,-0.08749999850988388,0.21875,0.26249998807907104,0.08749999850988388,-0.21875,-0.17499999701976776,0.08749999850988388,-0.21875,-0.17499999701976776,-0.08749999850988388,0.21875,-0.17499999701976776,0.08749999850988388,0.21875,-0.17499999701976776,-0.08749999850988388,-0.21875,0.26249998807907104,0.08749999850988388,-0.21875,-0.17499999701976776,0.08749999850988388,0.21875,0.26249998807907104,0.08749999850988388,0.21875,-0.17499999701976776,0.08749999850988388,0.21875,0.26249998807907104,-0.08749999850988388,0.21875,-0.17499999701976776,-0.08749999850988388,-0.21875,0.26249998807907104,-0.08749999850988388,-0.21875,-0.17499999701976776,-0.08749999850988388],"indices":[0,1,2,1,3,2,4,5,6,5,7,6,8,9,10,9,11,10,12,13,14,13,15,14,16,17,18,17,19,18,20,21,22,21,23,22]}}