{"schemaVersion":4,"source":{"uri":"models/environment/Gameplay/coin.gltf","sha256":"bd4a336360e5feafa0104b09d995732c87cb352a43cefc83ac27a54c2252a8c1"},"animationNames":["idle"],"boundingBox":{"min":{"x":-0.21875,"y":2.980232227667301e-9,"z":-0.08749999850988388},"max":{"x":0.21875,"y":0.43749998807907103,"z":0.08749999850988388}},"nodeNames":["cube","bone","coin",""],"trimesh":{"vertices":[0.21875,0.26249998807907104,0.08749999850988388,0.21875,-0.17499999701976776,0.08749999850988388,0.21875,0.26249998807907104,-0.08749999850988388,0.21875,-0.17499999701976776,-0.08749999850988388,-0.21875,0.26249998807907104,-0.08749999850988388,-0.21875,-0.17499999701976776,-0.08749999850988388,-0.21875,0.26249998807907104,0.08749999850988388,-0.21875,-0.17499999701976776,0.08749999850988388,-0.21875,0.26249998807907104,-0.08749999850988388,-0.21875,0.26249998807907104,0.08749999850988388,0.21875,0.26249998807907104,-0.08749999850988388,0.21875,0.26249998807907104,0.08749999850988388,-0.21875,-0.17499999701976776,0.08749999850988388,-0.21875,-0.17499999701976776,-0.08749999850988388,0.21875,-0.17499999701976776,0.08749999850988388,0.21875,-0.17499999701976776,-0.08749999850988388,-0.21875,0.26249998807907104,0.08749999850988388,-0.21875,-0.17499999701976776,0.08749999850988388,0.21875,0.26249998807907104,0.08749999850988388,0.21875,-0.17499999701976776,0.08749999850988388,0.21875,0.26249998807907104,-0.08749999850988388,0.21875,-0.17499999701976776,-0.08749999850988388,-0.21875,0.26249998807907104,-0.08749999850988388,-0.21875,-0.17499999701976776,-0.08749999850988388],"indices":[0,1,2,1,3,2,4,5,6,5,7,6,8,9,10,9,11,10,12,13,14,13,15,14,16,17,18,17,19,18,20,21,22,21,23,22]},"optimizedModelData":{"":{"meshCount":1},"-named-nodes":{"meshCount":1},"-no-animations":{"meshCount":1}}}