{"schemaVersion":4,"source":{"uri":"models/players/hair/hair-0006.gltf","sha256":"5ed5bcfb1ffb733b9cb5a924dfb2569987496f0224533160585b67b32f4d9ec6"},"animationNames":[],"boundingBox":{"min":{"x":-0.2265625,"y":1.0078125,"z":-0.2421875},"max":{"x":0.2265625,"y":1.5078125,"z":0.2265625}},"nodeNames":["hair-0006-geo","hair-0006-extra-geo","hair-0006-extra-geo","hair-0006-extra-geo","head-anchor"],"trimesh":{"vertices":[0.2109375,-0.234375,-0.203125,0.2109375,0.1875,-0.203125,0.2109375,0.1875,0.21875,0.2109375,-0.234375,0.21875,-0.2109375,-0.234375,0.21875,-0.2109375,0.1875,0.21875,-0.2109375,0.1875,-0.203125,-0.2109375,-0.234375,-0.203125,0.2109375,0.1875,0.21875,0.2109375,0.1875,-0.203125,-0.2109375,0.1875,-0.203125,-0.2109375,0.1875,0.21875,0.2109375,-0.234375,-0.203125,0.2109375,-0.234375,0.21875,-0.2109375,-0.234375,0.21875,-0.2109375,-0.234375,-0.203125,0.2109375,-0.234375,0.21875,0.2109375,0.1875,0.21875,-0.2109375,0.1875,0.21875,-0.2109375,-0.234375,0.21875,-0.2109375,-0.234375,-0.203125,-0.2109375,0.1875,-0.203125,0.2109375,0.1875,-0.203125,0.2109375,-0.234375,-0.203125,0.1796875,0.21875,-0.171875,0.1796875,0.125,-0.171875,0.1796875,0.21875,-0.234375,0.1796875,0.125,-0.234375,-0.14687499403953552,0.21875,-0.234375,-0.14687499403953552,0.125,-0.234375,-0.14687499403953552,0.21875,-0.171875,-0.14687499403953552,0.125,-0.171875,-0.14687499403953552,0.21875,-0.234375,-0.14687499403953552,0.21875,-0.171875,0.1796875,0.21875,-0.234375,0.1796875,0.21875,-0.171875,-0.14687499403953552,0.125,-0.171875,-0.14687499403953552,0.125,-0.234375,0.1796875,0.125,-0.171875,0.1796875,0.125,-0.234375,-0.14687499403953552,0.21875,-0.171875,-0.14687499403953552,0.125,-0.171875,0.1796875,0.21875,-0.171875,0.1796875,0.125,-0.171875,0.1796875,0.21875,-0.234375,0.1796875,0.125,-0.234375,-0.14687499403953552,0.21875,-0.234375,-0.14687499403953552,0.125,-0.234375,0.14750000834465027,0.25,-0.203125,0.14750000834465027,0.21875,-0.203125,0.14750000834465027,0.25,-0.234375,0.14750000834465027,0.21875,-0.234375,0.01640625298023224,0.25,-0.234375,0.01640625298023224,0.21875,-0.234375,0.01640625298023224,0.25,-0.203125,0.01640625298023224,0.21875,-0.203125,0.01640625298023224,0.25,-0.234375,0.01640625298023224,0.25,-0.203125,0.14750000834465027,0.25,-0.234375,0.14750000834465027,0.25,-0.203125,0.01640625298023224,0.21875,-0.203125,0.01640625298023224,0.21875,-0.234375,0.14750000834465027,0.21875,-0.203125,0.14750000834465027,0.21875,-0.234375,0.01640625298023224,0.25,-0.203125,0.01640625298023224,0.21875,-0.203125,0.14750000834465027,0.25,-0.203125,0.14750000834465027,0.21875,-0.203125,0.14750000834465027,0.25,-0.234375,0.14750000834465027,0.21875,-0.234375,0.01640625298023224,0.25,-0.234375,0.01640625298023224,0.21875,-0.234375,0.2265625,-0.25,-0.21875,0.2265625,0.203125,-0.21875,0.2265625,0.203125,0.234375,0.2265625,-0.25,0.234375,-0.2265625,-0.25,0.234375,-0.2265625,0.203125,0.234375,-0.2265625,0.203125,-0.21875,-0.2265625,-0.25,-0.21875,0.2265625,0.203125,0.234375,0.2265625,0.203125,-0.21875,-0.2265625,0.203125,-0.21875,-0.2265625,0.203125,0.234375,0.2265625,-0.25,-0.21875,0.2265625,-0.25,0.234375,-0.2265625,-0.25,0.234375,-0.2265625,-0.25,-0.21875,0.2265625,-0.25,0.234375,0.2265625,0.203125,0.234375,-0.2265625,0.203125,0.234375,-0.2265625,-0.25,0.234375,-0.2265625,-0.25,-0.21875,-0.2265625,0.203125,-0.21875,0.2265625,0.203125,-0.21875,0.2265625,-0.25,-0.21875],"indices":[0,1,2,0,2,3,4,5,6,4,6,7,8,9,10,8,10,11,12,13,14,12,14,15,16,17,18,16,18,19,20,21,22,20,22,23,24,25,26,25,27,26,28,29,30,29,31,30,32,33,34,33,35,34,36,37,38,37,39,38,40,41,42,41,43,42,44,45,46,45,47,46,48,49,50,49,51,50,52,53,54,53,55,54,56,57,58,57,59,58,60,61,62,61,63,62,64,65,66,65,67,66,68,69,70,69,71,70,72,73,74,72,74,75,76,77,78,76,78,79,80,81,82,80,82,83,84,85,86,84,86,87,88,89,90,88,90,91,92,93,94,92,94,95]},"optimizedModelData":{"":{"meshCount":1},"-named-nodes":{"meshCount":4},"-no-animations":{"meshCount":1}}}