{"schemaVersion":4,"source":{"uri":"models/environment/Farm/sunflower-seeds.gltf","sha256":"3874e9cd253f6c4911d3f9b7060231fe869fad8746eb41208c683d07f209e790"},"animationNames":[],"boundingBox":{"min":{"x":-0.0625,"y":-0.06361043456039805,"z":-0.11048543456039805},"max":{"x":0.0625,"y":0.15736043456039805,"z":0.11048543456039805}},"nodeNames":["cube","root",""],"trimesh":{"vertices":[0.0625,0.11048543453216553,0.022097086533904076,0.0625,0.022097086533904076,0.11048543453216553,0.0625,-0.022097086533904076,-0.11048543453216553,0.0625,-0.11048543453216553,-0.022097086533904076,-0.0625,-0.022097086533904076,-0.11048543453216553,-0.0625,-0.11048543453216553,-0.022097086533904076,-0.0625,0.11048543453216553,0.022097086533904076,-0.0625,0.022097086533904076,0.11048543453216553,-0.0625,-0.022097086533904076,-0.11048543453216553,-0.0625,0.11048543453216553,0.022097086533904076,0.0625,-0.022097086533904076,-0.11048543453216553,0.0625,0.11048543453216553,0.022097086533904076,-0.0625,0.022097086533904076,0.11048543453216553,-0.0625,-0.11048543453216553,-0.022097086533904076,0.0625,0.022097086533904076,0.11048543453216553,0.0625,-0.11048543453216553,-0.022097086533904076,-0.0625,0.11048543453216553,0.022097086533904076,-0.0625,0.022097086533904076,0.11048543453216553,0.0625,0.11048543453216553,0.022097086533904076,0.0625,0.022097086533904076,0.11048543453216553,0.0625,-0.022097086533904076,-0.11048543453216553,0.0625,-0.11048543453216553,-0.022097086533904076,-0.0625,-0.022097086533904076,-0.11048543453216553,-0.0625,-0.11048543453216553,-0.022097086533904076],"indices":[0,1,2,1,3,2,4,5,6,5,7,6,8,9,10,9,11,10,12,13,14,13,15,14,16,17,18,17,19,18,20,21,22,21,23,22]},"optimizedModelData":{"":{"meshCount":1},"-named-nodes":{"meshCount":1},"-no-animations":{"meshCount":1}}}