{"schemaVersion":4,"source":{"uri":"models/projectiles/hitscan_bullet_yellow.gltf","sha256":"cb5532efd5405c093921a38f723a67bb0d289ee75514739e433bd397286e5b45"},"animationNames":[],"boundingBox":{"min":{"x":-0.0625,"y":0,"z":-1.8125},"max":{"x":0,"y":0.0625,"z":1.8125}},"nodeNames":["cube",""],"trimesh":{"vertices":[0.03125,0.03125,1.8125,0.03125,-0.03125,1.8125,0.03125,0.03125,-1.8125,0.03125,-0.03125,-1.8125,-0.03125,0.03125,-1.8125,-0.03125,-0.03125,-1.8125,-0.03125,0.03125,1.8125,-0.03125,-0.03125,1.8125,-0.03125,0.03125,-1.8125,-0.03125,0.03125,1.8125,0.03125,0.03125,-1.8125,0.03125,0.03125,1.8125,-0.03125,-0.03125,1.8125,-0.03125,-0.03125,-1.8125,0.03125,-0.03125,1.8125,0.03125,-0.03125,-1.8125,-0.03125,0.03125,1.8125,-0.03125,-0.03125,1.8125,0.03125,0.03125,1.8125,0.03125,-0.03125,1.8125,0.03125,0.03125,-1.8125,0.03125,-0.03125,-1.8125,-0.03125,0.03125,-1.8125,-0.03125,-0.03125,-1.8125],"indices":[0,1,2,1,3,2,4,5,6,5,7,6,8,9,10,9,11,10,12,13,14,13,15,14,16,17,18,17,19,18,20,21,22,21,23,22]},"optimizedModelData":{"":{"meshCount":1},"-named-nodes":{"meshCount":1},"-no-animations":{"meshCount":1}}}