{"schemaVersion":1,"source":{"uri":"models/projectiles/hitscan_bullet_yellow.gltf","sha256":"c74848409426988ed22402cb4f3a3581ca3ca3dfb5e857071ccac927b75da478"},"animationNames":[],"boundingBox":{"min":{"x":-0.0625,"y":0,"z":-1.8125},"max":{"x":0,"y":0.0625,"z":1.8125}},"nodeNames":["cube",""],"trimesh":{"vertices":[0.03125,0.03125,1.8125,0.03125,-0.03125,1.8125,0.03125,0.03125,-1.8125,0.03125,-0.03125,-1.8125,-0.03125,0.03125,-1.8125,-0.03125,-0.03125,-1.8125,-0.03125,0.03125,1.8125,-0.03125,-0.03125,1.8125,-0.03125,0.03125,-1.8125,-0.03125,0.03125,1.8125,0.03125,0.03125,-1.8125,0.03125,0.03125,1.8125,-0.03125,-0.03125,1.8125,-0.03125,-0.03125,-1.8125,0.03125,-0.03125,1.8125,0.03125,-0.03125,-1.8125,-0.03125,0.03125,1.8125,-0.03125,-0.03125,1.8125,0.03125,0.03125,1.8125,0.03125,-0.03125,1.8125,0.03125,0.03125,-1.8125,0.03125,-0.03125,-1.8125,-0.03125,0.03125,-1.8125,-0.03125,-0.03125,-1.8125],"indices":[0,1,2,1,3,2,4,5,6,5,7,6,8,9,10,9,11,10,12,13,14,13,15,14,16,17,18,17,19,18,20,21,22,21,23,22]}}