{"schemaVersion":4,"source":{"uri":"models/environment/Plains/fallen-fruit.gltf","sha256":"0636697fe6c5be0444443a5e5e974be759f4e7e9a5c79657943f934db1f09173"},"animationNames":[],"boundingBox":{"min":{"x":-0.4375,"y":-0.0028003669245085794,"z":-0.4375},"max":{"x":0.48279655446197434,"y":0.5625,"z":0.47708741400871457}},"nodeNames":["pear1","pear1","pear2","pear2","apple1","apple1","apple2","apple2","apple3","root",""],"trimesh":{"vertices":[0.4030059278011322,-0.00853654369711876,-0.20729370415210724,0.42479485273361206,-0.25758522748947144,-0.20729370415210724,0.4030059278011322,-0.00853654369711876,-0.45729371905326843,0.42479485273361206,-0.25758522748947144,-0.45729371905326843,0.15395724773406982,-0.030325479805469513,-0.45729371905326843,0.17574618756771088,-0.2793741524219513,-0.45729371905326843,0.15395724773406982,-0.030325479805469513,-0.20729370415210724,0.17574618756771088,-0.2793741524219513,-0.20729370415210724,0.15395724773406982,-0.030325479805469513,-0.45729371905326843,0.15395724773406982,-0.030325479805469513,-0.20729370415210724,0.4030059278011322,-0.00853654369711876,-0.45729371905326843,0.4030059278011322,-0.00853654369711876,-0.20729370415210724,0.17574618756771088,-0.2793741524219513,-0.20729370415210724,0.17574618756771088,-0.2793741524219513,-0.45729371905326843,0.42479485273361206,-0.25758522748947144,-0.20729370415210724,0.42479485273361206,-0.25758522748947144,-0.45729371905326843,0.15395724773406982,-0.030325479805469513,-0.20729370415210724,0.17574618756771088,-0.2793741524219513,-0.20729370415210724,0.4030059278011322,-0.00853654369711876,-0.20729370415210724,0.42479485273361206,-0.25758522748947144,-0.20729370415210724,0.4030059278011322,-0.00853654369711876,-0.45729371905326843,0.42479485273361206,-0.25758522748947144,-0.45729371905326843,0.15395724773406982,-0.030325479805469513,-0.45729371905326843,0.17574618756771088,-0.2793741524219513,-0.45729371905326843,0.1566808670759201,-0.06145656481385231,-0.23854370415210724,0.1730225682258606,-0.2482430636882782,-0.23854370415210724,0.1566808670759201,-0.06145656481385231,-0.42604371905326843,0.1730225682258606,-0.2482430636882782,-0.42604371905326843,-0.09236780554056168,-0.08324550092220306,-0.42604371905326843,-0.07602610439062119,-0.27003201842308044,-0.42604371905326843,-0.09236780554056168,-0.08324550092220306,-0.23854370415210724,-0.07602610439062119,-0.27003201842308044,-0.23854370415210724,-0.09236780554056168,-0.08324550092220306,-0.42604371905326843,-0.09236780554056168,-0.08324550092220306,-0.23854370415210724,0.1566808670759201,-0.06145656481385231,-0.42604371905326843,0.1566808670759201,-0.06145656481385231,-0.23854370415210724,-0.07602610439062119,-0.27003201842308044,-0.23854370415210724,-0.07602610439062119,-0.27003201842308044,-0.42604371905326843,0.1730225682258606,-0.2482430636882782,-0.23854370415210724,0.1730225682258606,-0.2482430636882782,-0.42604371905326843,-0.09236780554056168,-0.08324550092220306,-0.23854370415210724,-0.07602610439062119,-0.27003201842308044,-0.23854370415210724,0.1566808670759201,-0.06145656481385231,-0.23854370415210724,0.1730225682258606,-0.2482430636882782,-0.23854370415210724,0.1566808670759201,-0.06145656481385231,-0.42604371905326843,0.1730225682258606,-0.2482430636882782,-0.42604371905326843,-0.09236780554056168,-0.08324550092220306,-0.42604371905326843,-0.07602610439062119,-0.27003201842308044,-0.42604371905326843,-0.11139354109764099,-0.06391358375549316,0.20329533517360687,-0.12773524224758148,-0.25070008635520935,0.20329533517360687,-0.16756130754947662,-0.05899954214692116,0.38211724162101746,-0.18390300869941711,-0.24578604102134705,0.38211724162101746,0.06996062397956848,-0.07978001981973648,0.45729371905326843,0.05361891910433769,-0.26656651496887207,0.45729371905326843,0.1261284053325653,-0.08469406515359879,0.2784717381000519,0.10978670418262482,-0.2714805603027344,0.2784717381000519,0.06996062397956848,-0.07978001981973648,0.45729371905326843,0.1261284053325653,-0.08469406515359879,0.2784717381000519,-0.16756130754947662,-0.05899954214692116,0.38211724162101746,-0.11139354109764099,-0.06391358375549316,0.20329533517360687,0.10978670418262482,-0.2714805603027344,0.2784717381000519,0.05361891910433769,-0.26656651496887207,0.45729371905326843,-0.12773524224758148,-0.25070008635520935,0.20329533517360687,-0.18390300869941711,-0.24578604102134705,0.38211724162101746,0.1261284053325653,-0.08469406515359879,0.2784717381000519,0.10978670418262482,-0.2714805603027344,0.2784717381000519,-0.11139354109764099,-0.06391358375549316,0.20329533517360687,-0.12773524224758148,-0.25070008635520935,0.20329533517360687,-0.16756130754947662,-0.05899954214692116,0.38211724162101746,-0.18390300869941711,-0.24578604102134705,0.38211724162101746,0.06996062397956848,-0.07978001981973648,0.45729371905326843,0.05361891910433769,-0.26656651496887207,0.45729371905326843,-0.3368305563926697,-0.012821025215089321,0.09831522405147552,-0.3586195111274719,-0.2618696987628937,0.09831522405147552,-0.41172096133232117,-0.006268968340009451,0.3367444574832916,-0.43350985646247864,-0.25531765818595886,0.3367444574832916,-0.17419901490211487,-0.02704944647848606,0.4119208753108978,-0.19598793983459473,-0.2760981321334839,0.4119208753108978,-0.09930861741304398,-0.03360150381922722,0.1734917014837265,-0.12109754234552383,-0.2826501727104187,0.1734917014837265,-0.17419901490211487,-0.02704944647848606,0.4119208753108978,-0.09930861741304398,-0.03360150381922722,0.1734917014837265,-0.41172096133232117,-0.006268968340009451,0.3367444574832916,-0.3368305563926697,-0.012821025215089321,0.09831522405147552,-0.12109754234552383,-0.2826501727104187,0.1734917014837265,-0.19598793983459473,-0.2760981321334839,0.4119208753108978,-0.3586195111274719,-0.2618696987628937,0.09831522405147552,-0.43350985646247864,-0.25531765818595886,0.3367444574832916,-0.09930861741304398,-0.03360150381922722,0.1734917014837265,-0.12109754234552383,-0.2826501727104187,0.1734917014837265,-0.3368305563926697,-0.012821025215089321,0.09831522405147552,-0.3586195111274719,-0.2618696987628937,0.09831522405147552,-0.41172096133232117,-0.006268968340009451,0.3367444574832916,-0.43350985646247864,-0.25531765818595886,0.3367444574832916,-0.17419901490211487,-0.02704944647848606,0.4119208753108978,-0.19598793983459473,-0.2760981321334839,0.4119208753108978,0.10235172510147095,-0.029849823564291,0.10520629584789276,0.10235171765089035,-0.2798498272895813,0.10520629584789276,0.10235172510147095,-0.029849823564291,-0.14479370415210724,0.10235171765089035,-0.2798498272895813,-0.14479370415210724,-0.14764827489852905,-0.029849819839000702,-0.14479370415210724,-0.14764827489852905,-0.2798498272895813,-0.14479370415210724,-0.14764827489852905,-0.029849819839000702,0.10520629584789276,-0.14764827489852905,-0.2798498272895813,0.10520629584789276,-0.14764827489852905,-0.029849819839000702,-0.14479370415210724,-0.14764827489852905,-0.029849819839000702,0.10520629584789276,0.10235172510147095,-0.029849823564291,-0.14479370415210724,0.10235172510147095,-0.029849823564291,0.10520629584789276,-0.14764827489852905,-0.2798498272895813,0.10520629584789276,-0.14764827489852905,-0.2798498272895813,-0.14479370415210724,0.10235171765089035,-0.2798498272895813,0.10520629584789276,0.10235171765089035,-0.2798498272895813,-0.14479370415210724,-0.14764827489852905,-0.029849819839000702,0.10520629584789276,-0.14764827489852905,-0.2798498272895813,0.10520629584789276,0.10235172510147095,-0.029849823564291,0.10520629584789276,0.10235171765089035,-0.2798498272895813,0.10520629584789276,0.10235172510147095,-0.029849823564291,-0.14479370415210724,0.10235171765089035,-0.2798498272895813,-0.14479370415210724,-0.14764827489852905,-0.029849819839000702,-0.14479370415210724,-0.14764827489852905,-0.2798498272895813,-0.14479370415210724,-0.0226482804864645,0.1576501876115799,-0.01973121240735054,-0.02264827862381935,-0.029849814251065254,-0.01973121240735054,-0.0226482804864645,0.1576501876115799,-0.019793707877397537,