{"schemaVersion":4,"source":{"uri":"models/tools/axe/diamond-axe.gltf","sha256":"6618047eb20e575e0fca9a168b6f5066d2ee20e4e66795c2a1f54f5fa172332f"},"animationNames":[],"boundingBox":{"min":{"x":-0.25,"y":-0.005686891104358244,"z":-0.09375},"max":{"x":0.34375,"y":0.96875,"z":0.09375}},"nodeNames":["cube","cube","cube","cube","cube","cube","cube","cube","axe"],"trimesh":{"vertices":[-0.015625,0.23721843957901,0.03125,-0.015625,-0.35653156042099,0.03125,-0.015625,0.23721843957901,-0.03125,-0.015625,-0.35653156042099,-0.03125,-0.078125,0.23721843957901,-0.03125,-0.078125,-0.35653156042099,-0.03125,-0.078125,0.23721843957901,0.03125,-0.078125,-0.35653156042099,0.03125,-0.078125,0.23721843957901,-0.03125,-0.078125,0.23721843957901,0.03125,-0.015625,0.23721843957901,-0.03125,-0.015625,0.23721843957901,0.03125,-0.078125,-0.35653156042099,0.03125,-0.078125,-0.35653156042099,-0.03125,-0.015625,-0.35653156042099,0.03125,-0.015625,-0.35653156042099,-0.03125,-0.078125,0.23721843957901,0.03125,-0.078125,-0.35653156042099,0.03125,-0.015625,0.23721843957901,0.03125,-0.015625,-0.35653156042099,0.03125,-0.015625,0.23721843957901,-0.03125,-0.015625,-0.35653156042099,-0.03125,-0.078125,0.23721843957901,-0.03125,-0.078125,-0.35653156042099,-0.03125,0.015625,0.42471843957901,0.0625,0.015625,0.23721843957901,0.0625,0.015625,0.42471843957901,-0.0625,0.015625,0.23721843957901,-0.0625,-0.109375,0.42471843957901,-0.0625,-0.109375,0.23721843957901,-0.0625,-0.109375,0.42471843957901,0.0625,-0.109375,0.23721843957901,0.0625,-0.109375,0.42471843957901,-0.0625,-0.109375,0.42471843957901,0.0625,0.015625,0.42471843957901,-0.0625,0.015625,0.42471843957901,0.0625,-0.109375,0.23721843957901,0.0625,-0.109375,0.23721843957901,-0.0625,0.015625,0.23721843957901,0.0625,0.015625,0.23721843957901,-0.0625,-0.109375,0.42471843957901,0.0625,-0.109375,0.23721843957901,0.0625,0.015625,0.42471843957901,0.0625,0.015625,0.23721843957901,0.0625,0.015625,0.42471843957901,-0.0625,0.015625,0.23721843957901,-0.0625,-0.109375,0.42471843957901,-0.0625,-0.109375,0.23721843957901,-0.0625,0.171875,0.39346843957901,0.03125,0.171875,0.26846843957901,0.03125,0.171875,0.39346843957901,-0.03125,0.171875,0.26846843957901,-0.03125,0.015625,0.39346843957901,-0.03125,0.015625,0.26846843957901,-0.03125,0.015625,0.39346843957901,0.03125,0.015625,0.26846843957901,0.03125,0.015625,0.39346843957901,-0.03125,0.015625,0.39346843957901,0.03125,0.171875,0.39346843957901,-0.03125,0.171875,0.39346843957901,0.03125,0.015625,0.26846843957901,0.03125,0.015625,0.26846843957901,-0.03125,0.171875,0.26846843957901,0.03125,0.171875,0.26846843957901,-0.03125,0.015625,0.39346843957901,0.03125,0.015625,0.26846843957901,0.03125,0.171875,0.39346843957901,0.03125,0.171875,0.26846843957901,0.03125,0.171875,0.39346843957901,-0.03125,0.171875,0.26846843957901,-0.03125,0.015625,0.39346843957901,-0.03125,0.015625,0.26846843957901,-0.03125,0.296875,0.45596843957901,0,0.296875,0.45596843957901,0,0.296875,0.04971844702959061,0,0.078125,0.45596843957901,0,0.078125,0.45596843957901,0,0.078125,0.04971844702959061,0,0.296875,0.45596843957901,0,0.296875,0.45596843957901,0,0.296875,0.04971844702959061,0,0.078125,0.04971844702959061,0,0.296875,0.04971844702959061,0,0.078125,0.04971844702959061,0,0.078125,0.45596843957901,0,0.296875,0.45596843957901,0,0.296875,0.04971844702959061,0,-0.046875,-0.3104417622089386,0.046875,0.0415133461356163,-0.3988300859928131,0.046875,-0.046875,-0.3104417622089386,-0.046875,0.0415133461356163,-0.3988300859928131,-0.046875,-0.1352633535861969,-0.3988300859928131,-0.046875,-0.046875,-0.48721843957901,-0.046875,-0.1352633535861969,-0.3988300859928131,0.046875,-0.046875,-0.48721843957901,0.046875,-0.1352633535861969,-0.3988300859928131,-0.046875,-0.1352633535861969,-0.3988300859928131,0.046875,-0.046875,-0.3104417622089386,-0.046875,-0.046875,-0.3104417622089386,0.046875,-0.046875,-0.48721843957901,0.046875,-0.046875,-0.48721843957901,-0.046875,0.0415133461356163,-0.3988300859928131,0.046875,0.0415133461356163,-0.3988300859928131,-0.046875,-0.1352633535861969,-0.3988300859928131,0.046875,-0.046875,-0.48721843957901,0.046875,-0.046875,-0.3104417622089386,0.046875,0.0415133461356163,-0.3988300859928131,0.046875,-0.046875,-0.3104417622089386,-0.046875,0.0415133461356163,-0.3988300859928131,-0.046875,-0.1352633535861969,-0.3988300859928131,-0.046875,-0.046875,-0.48721843957901,-0.046875,0.015625,-0.29403156042099,0.0625,0.015625,-0.35653156042099,0.0625,0.015625,-0.29403156042099,-0.0625,0.015625,-0.35653156042099,-0.0625,-0.109375,-0.29403156042099,-0.0625,-0.109375,-0.35653156042099,-0.0625,-0.109375,-0.29403156042099,0.0625,-0.109375,-0.35653156042099,0.0625,-0.109375,-0.29403156042099,-0.0625,-0.109375,-0.29403156042099,0.0625,0.015625,-0.29403156042099,-0.0625,0.015625,-0.29403156042099,0.0625,-0.109375,-0.35653156042099,0.0625,-0.109375,-0.35653156042099,-0.0625,0.015625,-0.35653156042099,0.0625,0.015625,-0.35653156042099,-0.0625,-0.109375,-0.29403156042099,0.0625,-0.109375,-0.35653156042099,0.0625,0.015625,-0.29403156042099,0.0625,0.015625,-0.35653156042099,0.0625,0.015625,-0.29403156042099,-0.0625,0.015625,-0.35653156042099,-0.0625,-0.109375,-0.29403156042099,-0.0625,-0.109375,-0.35653156042099,-0.0625,0.046875,0.48721843957901,0.09375,0.046875,0.42471843957901,0.09375,0.046875,0.48721843957901,-0.09375,0.046875,0.42471843957901,-0.09375,-0.140625,0.48721843957901,-0.09375,-0.140625,0.42471843957901,-0.09375,-0.140625,0.48721843957901,0.09375,-0.140625,0.42471843957901,0.09375,-0.140625,0.48721843957901,-0.09375,-0.140625,0.48721843957901,0.09375,0.046875,0.48721843957901,-0.09375,0.046875,0.48721843957901,0.09375,-0.140625,0.42471843957901,0.09375,-0.140625,0.42471843957901,-0.09375,0.046875,0.42471843957901,0.09375,0.046875,0.42471843957901,-0.09375,-0.140625,0.48721843957901,0.09375,-0.140625,0.42471843957901,0.09375,0.046875,0.48721843957901,0.09375,0.046875,0.42471843957901,0.09375,0.046875,0.48721843957901,-0.09375,0.046875,0.42471843957901,-0.09375,-0.140625,0.48721843957901,-0.09375,-0.140625,0.42471843957901,-0.09375,-0.109375,0.42471843957901,0,-0.109375,0.42471843957901,0,-0.109375,0.23721843957901,0,-0.296875,0.42471843957901,0,-0.296875,0.42471843957901,0,-0.296875,0.23721843957901,0,-0.109375,0.42471843957901,0,-0.296875,0.42471843957901,0,-0.109375,0.42471843957901,0,-0.109375,0.23721843957901,0,-0.296875,0.23721843957901,0,-0.109375,0.23721843957901,0,-0.296875,0.23721843957901,0,-0.296875,0.42471843957901,0,-0.109375,0.42471843957901,0,-0.109375,0.23721843957901,0],"indices":[0,1,2,1,3,2,4,5,6,5,7,6,8,9,10,9,11,10,12,13,14,13,15,14,16,17,18,17,19,18,20,21,22,21,23,22,24,25,26,25,27,26,28,29,30,29,31,30,32,33,34,33,35,34,36,37,38,37,39,38,40,41,42,41,43,42,44,45,46,45,47,46,48,49,50,49,51,50,52,53,54,53,55,54,56,57,58,57,59,58,60,61,62,61,63,62,64,65,66,65,67,66,68,69,70,69,71,70,72,73,74,72,74,74,75,76,77,75,77,77,78,75,79,78,79,75,80,81,82,80,82,81,83,84,85,83,85,86,87,88,89,88,90,89,91,92,93,92,94,93,95,96,97,96,98,97,99,100,101,100,102,101,103,104,105,104,106,105,107,108,109,108,110,109,111,112,113,112,114,113,115,116,117,116,118,117,119,120,121,120,122,121,123,124,125,124,126,125,127,128,129,128,130,129,131,132,133,132,134,133,135,136,137,136,138,137,139,140,141,140,142,141,143,144,145,144,146,145,147,148,149,148,150,149,151,152,153,152,154,153,155,156,157,156,158,157,159,160,161,159,161,161,162,163,164,162,164,164,165,166,167,165,167,166,168,169,170,168,170,169,171,172,173,171,173,174]},"optimizedModelData":{"":{"meshCount":1},"-named-nodes":{"meshCount":8},"-no-animations":{"meshCount":1}}}