{"schemaVersion":4,"source":{"uri":"models/tools/shovel/sapphire-shovel.gltf","sha256":"55bbafba996133877f9cc5bfedb8ebc56ed1fac13f1b91ad279408e7e4b3dbe3"},"animationNames":[],"boundingBox":{"min":{"x":-0.265625,"y":0.005361652351681567,"z":-0.0625},"max":{"x":0.265625,"y":1.2475902192127606,"z":0.0625}},"nodeNames":["cube","cube","cube","cube","cube","cube","cube","cube","cube","cube","cube","cube","shovel"],"trimesh":{"vertices":[0.03125,0.09227406233549118,0.03125,0.03125,-0.5014759302139282,0.03125,0.03125,0.09227406233549118,-0.03125,0.03125,-0.5014759302139282,-0.03125,-0.03125,0.09227406233549118,-0.03125,-0.03125,-0.5014759302139282,-0.03125,-0.03125,0.09227406233549118,0.03125,-0.03125,-0.5014759302139282,0.03125,-0.03125,0.09227406233549118,-0.03125,-0.03125,0.09227406233549118,0.03125,0.03125,0.09227406233549118,-0.03125,0.03125,0.09227406233549118,0.03125,-0.03125,-0.5014759302139282,0.03125,-0.03125,-0.5014759302139282,-0.03125,0.03125,-0.5014759302139282,0.03125,0.03125,-0.5014759302139282,-0.03125,-0.03125,0.09227406233549118,0.03125,-0.03125,-0.5014759302139282,0.03125,0.03125,0.09227406233549118,0.03125,0.03125,-0.5014759302139282,0.03125,0.03125,0.09227406233549118,-0.03125,0.03125,-0.5014759302139282,-0.03125,-0.03125,0.09227406233549118,-0.03125,-0.03125,-0.5014759302139282,-0.03125,0.0625,-0.4077259302139282,0.0625,0.0625,-0.4702259302139282,0.0625,0.0625,-0.4077259302139282,-0.0625,0.0625,-0.4702259302139282,-0.0625,-0.0625,-0.4077259302139282,-0.0625,-0.0625,-0.4702259302139282,-0.0625,-0.0625,-0.4077259302139282,0.0625,-0.0625,-0.4702259302139282,0.0625,-0.0625,-0.4077259302139282,-0.0625,-0.0625,-0.4077259302139282,0.0625,0.0625,-0.4077259302139282,-0.0625,0.0625,-0.4077259302139282,0.0625,-0.0625,-0.4702259302139282,0.0625,-0.0625,-0.4702259302139282,-0.0625,0.0625,-0.4702259302139282,0.0625,0.0625,-0.4702259302139282,-0.0625,-0.0625,-0.4077259302139282,0.0625,-0.0625,-0.4702259302139282,0.0625,0.0625,-0.4077259302139282,0.0625,0.0625,-0.4702259302139282,0.0625,0.0625,-0.4077259302139282,-0.0625,0.0625,-0.4702259302139282,-0.0625,-0.0625,-0.4077259302139282,-0.0625,-0.0625,-0.4702259302139282,-0.0625,0.109375,0.46593374013900757,0.03125,0.109375,0.24718374013900757,0.03125,0.109375,0.46593374013900757,-0.03125,0.109375,0.24718374013900757,-0.03125,-0.109375,0.46593374013900757,-0.03125,-0.109375,0.24718374013900757,-0.03125,-0.109375,0.46593374013900757,0.03125,-0.109375,0.24718374013900757,0.03125,-0.109375,0.46593374013900757,-0.03125,-0.109375,0.46593374013900757,0.03125,0.109375,0.46593374013900757,-0.03125,0.109375,0.46593374013900757,0.03125,-0.109375,0.24718374013900757,0.03125,-0.109375,0.24718374013900757,-0.03125,0.109375,0.24718374013900757,0.03125,0.109375,0.24718374013900757,-0.03125,-0.109375,0.46593374013900757,0.03125,-0.109375,0.24718374013900757,0.03125,0.109375,0.46593374013900757,0.03125,0.109375,0.24718374013900757,0.03125,0.109375,0.46593374013900757,-0.03125,0.109375,0.24718374013900757,-0.03125,-0.109375,0.46593374013900757,-0.03125,-0.109375,0.24718374013900757,-0.03125,0,-0.4443375766277313,0.0546875,0.0883883461356163,-0.5327259302139282,0.0546875,0,-0.4443375766277313,-0.0546875,0.0883883461356163,-0.5327259302139282,-0.0546875,-0.0883883461356163,-0.5327259302139282,-0.0546875,0,-0.6211142539978027,-0.0546875,-0.0883883461356163,-0.5327259302139282,0.0546875,0,-0.6211142539978027,0.0546875,-0.0883883461356163,-0.5327259302139282,-0.0546875,-0.0883883461356163,-0.5327259302139282,0.0546875,0,-0.4443375766277313,-0.0546875,0,-0.4443375766277313,0.0546875,0,-0.6211142539978027,0.0546875,0,-0.6211142539978027,-0.0546875,0.0883883461356163,-0.5327259302139282,0.0546875,0.0883883461356163,-0.5327259302139282,-0.0546875,-0.0883883461356163,-0.5327259302139282,0.0546875,0,-0.6211142539978027,0.0546875,0,-0.4443375766277313,0.0546875,0.0883883461356163,-0.5327259302139282,0.0546875,0,-0.4443375766277313,-0.0546875,0.0883883461356163,-0.5327259302139282,-0.0546875,-0.0883883461356163,-0.5327259302139282,-0.0546875,0,-0.6211142539978027,-0.0546875,-0.046875,0.16414904594421387,0,-0.046875,0.16414904594421387,0,-0.046875,0.03914904221892357,0,-0.265625,0.16414904594421387,0,-0.265625,0.16414904594421387,0,-0.265625,0.03914904221892357,0,-0.046875,0.16414904594421387,0,-0.046875,0.16414904594421387,0,-0.046875,0.03914904221892357,0,-0.265625,0.03914904221892357,0,-0.046875,0.03914904221892357,0,-0.265625,0.03914904221892357,0,-0.265625,0.16414904594421387,0,-0.046875,0.16414904594421387,0,-0.046875,0.03914904221892357,0,0.265625,0.16414904594421387,0,0.265625,0.16414904594421387,0,0.265625,0.03914904221892357,0,0.046875,0.16414904594421387,0,0.046875,0.16414904594421387,0,0.046875,0.03914904221892357,0,0.046875,0.16414904594421387,0,0.265625,0.16414904594421387,0,0.265625,0.03914904221892357,0,0.046875,0.03914904221892357,0,0.046875,0.03914904221892357,0,0.046875,0.16414904594421387,0,0.265625,0.16414904594421387,0,0.265625,0.03914904221892357,0,0,0.2277594804763794,0.0546875,0.11048543453216553,0.11727403849363327,0.0546875,0,0.2277594804763794,-0.0546875,0.11048543453216553,0.11727403849363327,-0.0546875,-0.11048543453216553,0.11727403849363327,-0.0546875,0,0.006788605824112892,-0.0546875,-0.11048543453216553,0.11727403849363327,0.0546875,0,0.006788605824112892,0.0546875,-0.11048543453216553,0.11727403849363327,-0.0546875,-0.11048543453216553,0.11727403849363327,0.0546875,0,0.2277594804763794,-0.0546875,0,0.2277594804763794,0.0546875,0,0.006788605824112892,0.0546875,0,0.006788605824112892,-0.0546875,0.11048543453216553,0.11727403849363327,0.0546875,0.11048543453216553,0.11727403849363327,-0.0546875,-0.11048543453216553,0.11727403849363327,0.0546875,0,0.006788605824112892,0.0546875,0,0.2277594804763794,0.0546875,0.11048543453216553,0.11727403849363327,0.0546875,0,0.2277594804763794,-0.0546875,0.11048543453216553,0.11727403849363327,-0.0546875,-0.11048543453216553,0.11727403849363327,-0.0546875,0,0.006788605824112892,-0.0546875,0.14049124717712402,0.6211142539978027,-0.027016926556825638,0.14049124717712402,0.6211142539978027,-0.027016926556825638,0.14049124717712402,0.40423572063446045,0.0015356764197349548,-0.14075875282287598,0.6211142539978027,-0.027016926556825638,-0.14075875282287598,0.6211142539978027,-0.027016926556825638,-0.14075875282287598,0.40423572063446045,0.0015356764197349548,0.14049124717712402,0.6211142539978027,-0.027016926556825638,0.14049124717712402,0.6211142539978027,-0.027016926556825638,0.14049124717712402,0.40423572063446045,0.0015356764197349548,-0.14075875282287598,0.40423572063446045,0.0015356764197349548,0.14049124717712402,0.40423572063446045,0.0015356764197349548,-0.14075875282287598,0.40423572063446045,0.0015356764197349548,-0.14075875282287598,0.6211142539978027,-0.027016926556825638,0.14049124717712402,0.6211142539978027,-0.027016926556825638,0.14049124717712402,0.40423572063446045,0.0015356764197349548,0.0390625,-0.12647593021392822,0.0390625,0.0390625,-0.3452259302139282,0.0390625,0.0390625,-0.12647593021392822,-0.0390625,0.0390625,-0.3452259302139282,-0.0390625,-0.0390625,-0.12647593021392822,-0.0390625,-0.0390625,-0.3452259302139282,-0.0390625,-0.0390625,-0.12647593021392822,0.0390625,-0.0390625,-0.3452259302139282,0.0390625,-0.0390625,-0.12647593021392822,-0.0390625,-0.0390625,-0.12647593021392822,0.0390625,0.0390625,-0.12647593021392822,-0.0390625,0.0390625,-0.12647593021392822,0.0390625,-0.0390625,-0.3452259302139282,0.0390625,-0.0390625,-0.3452259302139282,-0.0390625,0.0390625,-0.3452259302139282,0.0390625,0.0390625,-0.3452259302139282,-0.0390625,-0.0390625,-0.12647593021392822,0.0390625,-0.0390625,-0.3452259302139282,0.0390625,0.0390625,-0.12647593021392822,0.0390625,0.0390625,-0.3452259302139282,0.0390625,0.0390625,-0.12647593021392822,-0.0390625,0.0390625,-0.3452259302139282,-0.0390625,-0.0390625,-0.12647593021392822,-0.0390625,-0.0390625,-0.3452259302139282,-0.0390625,0.003535185009241104,-0.5509256720542908,0,0.003535185009241104,-0.5509256720542908,0,