{"schemaVersion":4,"source":{"uri":"models/environment/Essentials/anvil.gltf","sha256":"2b814bbcf7390400c1dd5af7a2daab20bc6a7321e68cea71431297a79a13f7a0"},"animationNames":[],"boundingBox":{"min":{"x":-0.550000011920929,"y":0,"z":-0.2500000029802322},"max":{"x":0.549999999254942,"y":0.600000011920929,"z":0.25000001192092897}},"nodeNames":["cube","cube","cube","cube","cube","root",""],"trimesh":{"vertices":[0.3500000238418579,-0.20000000298023224,0.25,0.3500000238418579,-0.30000001192092896,0.25,0.3500000238418579,-0.20000000298023224,-0.25,0.3500000238418579,-0.30000001192092896,-0.25,-0.3499999940395355,-0.20000000298023224,-0.25,-0.3499999940395355,-0.30000001192092896,-0.25,-0.3499999940395355,-0.20000000298023224,0.25,-0.3499999940395355,-0.30000001192092896,0.25,-0.3499999940395355,-0.20000000298023224,-0.25,-0.3499999940395355,-0.20000000298023224,0.25,0.3500000238418579,-0.20000000298023224,-0.25,0.3500000238418579,-0.20000000298023224,0.25,-0.3499999940395355,-0.30000001192092896,0.25,-0.3499999940395355,-0.30000001192092896,-0.25,0.3500000238418579,-0.30000001192092896,0.25,0.3500000238418579,-0.30000001192092896,-0.25,-0.3499999940395355,-0.20000000298023224,0.25,-0.3499999940395355,-0.30000001192092896,0.25,0.3500000238418579,-0.20000000298023224,0.25,0.3500000238418579,-0.30000001192092896,0.25,0.3500000238418579,-0.20000000298023224,-0.25,0.3500000238418579,-0.30000001192092896,-0.25,-0.3499999940395355,-0.20000000298023224,-0.25,-0.3499999940395355,-0.30000001192092896,-0.25,0.20000000298023224,5.9604645663569045e-9,0.15000000596046448,0.20000000298023224,-0.20000000298023224,0.15000000596046448,0.20000000298023224,5.9604645663569045e-9,-0.15000000596046448,0.20000000298023224,-0.20000000298023224,-0.15000000596046448,-0.20000000298023224,5.9604645663569045e-9,-0.15000000596046448,-0.20000000298023224,-0.20000000298023224,-0.15000000596046448,-0.20000000298023224,5.9604645663569045e-9,0.15000000596046448,-0.20000000298023224,-0.20000000298023224,0.15000000596046448,-0.20000000298023224,5.9604645663569045e-9,-0.15000000596046448,-0.20000000298023224,5.9604645663569045e-9,0.15000000596046448,0.20000000298023224,5.9604645663569045e-9,-0.15000000596046448,0.20000000298023224,5.9604645663569045e-9,0.15000000596046448,-0.20000000298023224,-0.20000000298023224,0.15000000596046448,-0.20000000298023224,-0.20000000298023224,-0.15000000596046448,0.20000000298023224,-0.20000000298023224,0.15000000596046448,0.20000000298023224,-0.20000000298023224,-0.15000000596046448,-0.20000000298023224,5.9604645663569045e-9,0.15000000596046448,-0.20000000298023224,-0.20000000298023224,0.15000000596046448,0.20000000298023224,5.9604645663569045e-9,0.15000000596046448,0.20000000298023224,-0.20000000298023224,0.15000000596046448,0.20000000298023224,5.9604645663569045e-9,-0.15000000596046448,0.20000000298023224,-0.20000000298023224,-0.15000000596046448,-0.20000000298023224,5.9604645663569045e-9,-0.15000000596046448,-0.20000000298023224,-0.20000000298023224,-0.15000000596046448,0.30000001192092896,0.30000001192092896,0.25,0.30000001192092896,5.9604645663569045e-9,0.25,0.30000001192092896,0.30000001192092896,-0.25,0.30000001192092896,5.9604645663569045e-9,-0.25,-0.29999998211860657,0.30000001192092896,-0.25,-0.29999998211860657,5.9604645663569045e-9,-0.25,-0.29999998211860657,0.30000001192092896,0.25,-0.29999998211860657,5.9604645663569045e-9,0.25,-0.29999998211860657,0.30000001192092896,-0.25,-0.29999998211860657,0.30000001192092896,0.25,0.30000001192092896,0.30000001192092896,-0.25,0.30000001192092896,0.30000001192092896,0.25,-0.29999998211860657,5.9604645663569045e-9,0.25,-0.29999998211860657,5.9604645663569045e-9,-0.25,0.30000001192092896,5.9604645663569045e-9,0.25,0.30000001192092896,5.9604645663569045e-9,-0.25,-0.29999998211860657,0.30000001192092896,0.25,-0.29999998211860657,5.9604645663569045e-9,0.25,0.30000001192092896,0.30000001192092896,0.25,0.30000001192092896,5.9604645663569045e-9,0.25,0.30000001192092896,0.30000001192092896,-0.25,0.30000001192092896,5.9604645663569045e-9,-0.25,-0.29999998211860657,0.30000001192092896,-0.25,-0.29999998211860657,5.9604645663569045e-9,-0.25,0.550000011920929,0.30000001192092896,0.15000000596046448,0.550000011920929,0.049999989569187164,0.15000000596046448,0.550000011920929,0.30000001192092896,-0.15000000596046448,0.550000011920929,0.049999989569187164,-0.15000000596046448,0.30000001192092896,0.30000001192092896,-0.15000000596046448,0.30000001192092896,0.049999989569187164,-0.15000000596046448,0.30000001192092896,0.30000001192092896,0.15000000596046448,0.30000001192092896,0.049999989569187164,0.15000000596046448,0.30000001192092896,0.30000001192092896,-0.15000000596046448,0.30000001192092896,0.30000001192092896,0.15000000596046448,0.550000011920929,0.30000001192092896,-0.15000000596046448,0.550000011920929,0.30000001192092896,0.15000000596046448,0.30000001192092896,0.049999989569187164,0.15000000596046448,0.30000001192092896,0.049999989569187164,-0.15000000596046448,0.550000011920929,0.049999989569187164,0.15000000596046448,0.550000011920929,0.049999989569187164,-0.15000000596046448,0.30000001192092896,0.30000001192092896,0.15000000596046448,0.30000001192092896,0.049999989569187164,0.15000000596046448,0.550000011920929,0.30000001192092896,0.15000000596046448,0.550000011920929,0.049999989569187164,0.15000000596046448,0.550000011920929,0.30000001192092896,-0.15000000596046448,0.550000011920929,0.049999989569187164,-0.15000000596046448,0.30000001192092896,0.30000001192092896,-0.15000000596046448,0.30000001192092896,0.049999989569187164,-0.15000000596046448,-0.29999998211860657,0.30000001192092896,0.15000000596046448,-0.29999998211860657,0.049999989569187164,0.15000000596046448,-0.29999998211860657,0.30000001192092896,-0.15000000596046448,-0.29999998211860657,0.049999989569187164,-0.15000000596046448,-0.550000011920929,0.30000001192092896,-0.15000000596046448,-0.550000011920929,0.049999989569187164,-0.15000000596046448,-0.550000011920929,0.30000001192092896,0.15000000596046448,-0.550000011920929,0.049999989569187164,0.15000000596046448,-0.550000011920929,0.30000001192092896,-0.15000000596046448,-0.550000011920929,0.30000001192092896,0.15000000596046448,-0.29999998211860657,0.30000001192092896,-0.15000000596046448,-0.29999998211860657,0.30000001192092896,0.15000000596046448,-0.550000011920929,0.049999989569187164,0.15000000596046448,-0.550000011920929,0.049999989569187164,-0.15000000596046448,-0.29999998211860657,0.049999989569187164,0.15000000596046448,-0.29999998211860657,0.049999989569187164,-0.15000000596046448,-0.550000011920929,0.30000001192092896,0.15000000596046448,-0.550000011920929,0.049999989569187164,0.15000000596046448,-0.29999998211860657,0.30000001192092896,0.15000000596046448,-0.29999998211860657,0.049999989569187164,0.15000000596046448,-0.29999998211860657,0.30000001192092896,-0.15000000596046448,-0.29999998211860657,0.049999989569187164,-0.15000000596046448,-0.550000011920929,0.30000001192092896,-0.15000000596046448,-0.550000011920929,0.049999989569187164,-0.15000000596046448],"indices":[0,1,2,1,3,2,4,5,6,5,7,6,8,9,10,9,11,10,12,13,14,13,15,14,16,17,18,17,19,18,20,21,22,21,23,22,24,25,26,25,27,26,28,29,30,29,31,30,32,33,34,33,35,34,36,37,38,37,39,38,40,41,42,41,43,42,44,45,46,45,47,46,48,49,50,49,51,50,52,53,54,53,55,54,56,57,58,57,59,58,60,61,62,61,63,62,64,65,66,65,67,66,68,69,70,69,71,70,72,73,74,73,75,74,76,77,78,77,79,78,80,81,82,81,83,82,84,85,86,85,87,86,88,89,90,89,91,90,92,93,94,93,95,94,96,97,98,97,99,98,100,101,102,101,103,102,104,105,106,105,107,106,108,109,110,109,111,110,112,113,114,113,115,114,116,117,118,117,119,118]},"optimizedModelData":{"":{"meshCount":1},"-named-nodes":{"meshCount":5},"-no-animations":{"meshCount":1}}}