{"schemaVersion":4,"source":{"uri":"models/tools/hoe/ruby-hoe.gltf","sha256":"39f5c229e6618fe323d9dccb660d0e47561a87e2a6d3903c3b53bf99553623d5"},"animationNames":[],"boundingBox":{"min":{"x":-0.140625,"y":0,"z":-0.15625},"max":{"x":0.33438186277794,"y":0.9375,"z":0.15625}},"nodeNames":["cube","cube","cube","cube","cube","cube","cube","cube","cube","hoe"],"trimesh":{"vertices":[-0.06562843173742294,0.1875,0.03125,-0.06562843173742294,-0.40625,0.03125,-0.06562843173742294,0.1875,-0.03125,-0.06562843173742294,-0.40625,-0.03125,-0.12812842428684235,0.1875,-0.03125,-0.12812842428684235,-0.40625,-0.03125,-0.12812842428684235,0.1875,0.03125,-0.12812842428684235,-0.40625,0.03125,-0.12812842428684235,0.1875,-0.03125,-0.12812842428684235,0.1875,0.03125,-0.06562843173742294,0.1875,-0.03125,-0.06562843173742294,0.1875,0.03125,-0.12812842428684235,-0.40625,0.03125,-0.12812842428684235,-0.40625,-0.03125,-0.06562843173742294,-0.40625,0.03125,-0.06562843173742294,-0.40625,-0.03125,-0.12812842428684235,0.1875,0.03125,-0.12812842428684235,-0.40625,0.03125,-0.06562843173742294,0.1875,0.03125,-0.06562843173742294,-0.40625,0.03125,-0.06562843173742294,0.1875,-0.03125,-0.06562843173742294,-0.40625,-0.03125,-0.12812842428684235,0.1875,-0.03125,-0.12812842428684235,-0.40625,-0.03125,0.04374656826257706,0.375,0.046875,0.04374656826257706,0.25,0.046875,0.04374656826257706,0.375,-0.046875,0.04374656826257706,0.25,-0.046875,-0.018753431737422943,0.375,-0.046875,-0.018753431737422943,0.25,-0.046875,-0.018753431737422943,0.375,0.046875,-0.018753431737422943,0.25,0.046875,-0.018753431737422943,0.375,-0.046875,-0.018753431737422943,0.375,0.046875,0.04374656826257706,0.375,-0.046875,0.04374656826257706,0.375,0.046875,-0.018753431737422943,0.25,0.046875,-0.018753431737422943,0.25,-0.046875,0.04374656826257706,0.25,0.046875,0.04374656826257706,0.25,-0.046875,-0.018753431737422943,0.375,0.046875,-0.018753431737422943,0.25,0.046875,0.04374656826257706,0.375,0.046875,0.04374656826257706,0.25,0.046875,0.04374656826257706,0.375,-0.046875,0.04374656826257706,0.25,-0.046875,-0.018753431737422943,0.375,-0.046875,-0.018753431737422943,0.25,-0.046875,0.23750342428684235,0.2491544485092163,-0.15625,0.23750342428684235,0.2491544485092163,0.15625,0.23750342428684235,0.2491544485092163,-0.15625,-0.034163206815719604,0.32194727659225464,0.15625,-0.034163206815719604,0.32194727659225464,-0.15625,-0.034163206815719604,0.32194727659225464,0.15625,0.23750342428684235,0.2491544485092163,-0.15625,0.23750342428684235,0.2491544485092163,0.15625,-0.034163206815719604,0.32194727659225464,0.15625,-0.034163206815719604,0.32194727659225464,-0.15625,0.23750342428684235,0.2491544485092163,0.15625,-0.034163206815719604,0.32194727659225464,0.15625,0.23750342428684235,0.2491544485092163,0.15625,0.23750342428684235,0.2491544485092163,-0.15625,-0.034163206815719604,0.32194727659225464,-0.15625,-0.03437843173742294,0.21875,0.0625,-0.03437843173742294,0.15625,0.0625,-0.03437843173742294,0.21875,-0.0625,-0.03437843173742294,0.15625,-0.0625,-0.15937842428684235,0.21875,-0.0625,-0.15937842428684235,0.15625,-0.0625,-0.15937842428684235,0.21875,0.0625,-0.15937842428684235,0.15625,0.0625,-0.15937842428684235,0.21875,-0.0625,-0.15937842428684235,0.21875,0.0625,-0.03437843173742294,0.21875,-0.0625,-0.03437843173742294,0.21875,0.0625,-0.15937842428684235,0.15625,0.0625,-0.15937842428684235,0.15625,-0.0625,-0.03437843173742294,0.15625,0.0625,-0.03437843173742294,0.15625,-0.0625,-0.15937842428684235,0.21875,0.0625,-0.15937842428684235,0.15625,0.0625,-0.03437843173742294,0.21875,0.0625,-0.03437843173742294,0.15625,0.0625,-0.03437843173742294,0.21875,-0.0625,-0.03437843173742294,0.15625,-0.0625,-0.15937842428684235,0.21875,-0.0625,-0.15937842428684235,0.15625,-0.0625,-0.05781593173742294,0,0.0390625,-0.05781593173742294,-0.21875,0.0390625,-0.05781593173742294,0,-0.0390625,-0.05781593173742294,-0.21875,-0.0390625,-0.13594092428684235,0,-0.0390625,-0.13594092428684235,-0.21875,-0.0390625,-0.13594092428684235,0,0.0390625,-0.13594092428684235,-0.21875,0.0390625,-0.13594092428684235,0,-0.0390625,-0.13594092428684235,0,0.0390625,-0.05781593173742294,0,-0.0390625,-0.05781593173742294,0,0.0390625,-0.13594092428684235,-0.21875,0.0390625,-0.13594092428684235,-0.21875,-0.0390625,-0.05781593173742294,-0.21875,0.0390625,-0.05781593173742294,-0.21875,-0.0390625,-0.13594092428684235,0,0.0390625,-0.13594092428684235,-0.21875,0.0390625,-0.05781593173742294,0,0.0390625,-0.05781593173742294,-0.21875,0.0390625,-0.05781593173742294,0,-0.0390625,-0.05781593173742294,-0.21875,-0.0390625,-0.13594092428684235,0,-0.0390625,-0.13594092428684235,-0.21875,-0.0390625,-0.03437843173742294,0.46875,0.0625,-0.03437843173742294,0.40625,0.0625,-0.03437843173742294,0.46875,-0.0625,-0.03437843173742294,0.40625,-0.0625,-0.15937842428684235,0.46875,-0.0625,-0.15937842428684235,0.40625,-0.0625,-0.15937842428684235,0.46875,0.0625,-0.15937842428684235,0.40625,0.0625,-0.15937842428684235,0.46875,-0.0625,-0.15937842428684235,0.46875,0.0625,-0.03437843173742294,0.46875,-0.0625,-0.03437843173742294,0.46875,0.0625,-0.15937842428684235,0.40625,0.0625,-0.15937842428684235,0.40625,-0.0625,-0.03437843173742294,0.40625,0.0625,-0.03437843173742294,0.40625,-0.0625,-0.15937842428684235,0.46875,0.0625,-0.15937842428684235,0.40625,0.0625,-0.03437843173742294,0.46875,0.0625,-0.03437843173742294,0.40625,0.0625,-0.03437843173742294,0.46875,-0.0625,-0.03437843173742294,0.40625,-0.0625,-0.15937842428684235,0.46875,-0.0625,-0.15937842428684235,0.40625,-0.0625,-0.09687843173742294,-0.34375,0.0883883461356163,-0.09687843173742294,-0.46875,0.0883883461356163,-0.00849008560180664,-0.34375,0,-0.00849008560180664,-0.46875,0,-0.09687843173742294,-0.34375,-0.0883883461356163,-0.09687843173742294,-0.46875,-0.0883883461356163,-0.18526677787303925,-0.34375,0,-0.18526677787303925,-0.46875,0,-0.09687843173742294,-0.34375,-0.0883883461356163,-0.18526677787303925,-0.34375,0,-0.00849008560180664,-0.34375,0,-0.09687843173742294,-0.34375,0.0883883461356163,-0.18526677787303925,-0.46875,0,-0.09687843173742294,-0.46875,-0.0883883461356163,-0.09687843173742294,-0.46875,0.0883883461356163,-0.00849008560180664,-0.46875,0,-0.18526677787303925,-0.34375,0,-0.18526677787303925,-0.46875,0,-0.09687843173742294,-0.34375,0.0883883461356163,-0.09687843173742294,-0.46875,0.0883883461356163,-0.00849008560180664,-0.34375,0,-0.00849008560180664,-0.46875,0,-0.09687843173742294,-0.34375,-0.0883883461356163,-0.09687843173742294,-0.46875,-0.0883883461356163,-0.018753431737422943,0.40625,0.078125,-0.018753431737422943,0.21875,0.078125,-0.018753431737422943,0.40625,-0.078125,-0.018753431737422943,0.21875,-0.078125,-0.17500342428684235,0.40625,-0.078125,-0.17500342428684235,0.21875,-0.078125,-0.17500342428684235,0.40625,0.078125,-0.17500342428684235,0.21875,0.078125,-0.17500342428684235,0.40625,-0.078125,-0.17500342428684235,0.40625,0.078125,-0.018753431737422943,0.40625,-0.078125,-0.018753431737422943,0.40625,0.078125,-0.17500342428684235,0.21875,0.078125,-0.17500342428684235,0.21875,-0.078125,-0.018753431737422943,0.21875,0.078125,-0.018753431737422943,0.21875,-0.078125,-0.17500342428684235,0.40625,0.078125,-0.17500342428684235,0.21875,0.078125,-0.018753431737422943,0.40625,0.078125,-0.018753431737422943,0.21875,0.078125,-0.018753431737422943,0.40625,-0.078125,-0.018753431737422943,0.21875,-0.078125,-0.17500342428684235,0.40625,-0.078125,-0.17500342428684235,0.21875,-0.078125,-0.17500342428684235,0.375,0.046875,-0.17500342428684235,0.25,0.046875,-0.17500342428684235,0.375,-0.046875,-0.17500342428684235,0.25,-0.046875,-0.23750342428684235,0.375,-0.046875,-0.23750342428684235,0.25,-0.046875,-0.23750342428684235,0.375,0.046875,-0.23750342428684235,0.25,0.046875,-0.23750342428684235,0.375,-0.046875,-0.23750342428684235,0.375,0.046875,-0.17500342428684235,0.375,-0.046875,-0.17500342428684235,0.375,0.046875,-0.23750342428684235,0.25,0.046875,-0.23750342428684235,0.25,-0.046875,-0.17500342428684235,0.25,0.046875,-0.17500342428684235,0.25,