{"schemaVersion":4,"source":{"uri":"models/npcs/fish/moray-eel.gltf","sha256":"8c30f38f6ddac9d3fab4ff22f2d2b6ed091a5e595fd71dd57a52bb02cae2bacb"},"animationNames":["idle","walk"],"boundingBox":{"min":{"x":-0.09375,"y":0.3125,"z":-0.5},"max":{"x":0.09375,"y":0.6875,"z":0.6875}},"nodeNames":["cube","cube","cube","head","cube","cube","tail","moray_eel",""],"trimesh":{"vertices":[0.09375,0.25,0.5,0.09375,0,0.5,0.09375,0.25,-0.125,0.09375,0,-0.125,-0.09375,0.25,-0.125,-0.09375,0,-0.125,-0.09375,0.25,0.5,-0.09375,0,0.5,-0.09375,0.25,-0.125,-0.09375,0.25,0.5,0.09375,0.25,-0.125,0.09375,0.25,0.5,-0.09375,0,0.5,-0.09375,0,-0.125,0.09375,0,0.5,0.09375,0,-0.125,-0.09375,0.25,0.5,-0.09375,0,0.5,0.09375,0.25,0.5,0.09375,0,0.5,0.09375,0.25,-0.125,0.09375,0,-0.125,-0.09375,0.25,-0.125,-0.09375,0,-0.125,0,0.25,0.5,0,0.375,0.5,0,0.375,-0.125,0,0.25,-0.125,0,0.375,-0.125,0,0.375,-0.125,0,0.375,0.5,0,0.25,0.5,0,0.25,0.5,0,0.25,-0.125,0,0.375,0.5,0,0.375,0.5,0,0.25,0.5,0,0.375,-0.125,0,0.375,-0.125,0,0.25,-0.125,0.0625,0.1875,0.0625,0.0625,0,0.0625,0.0625,0.1875,-0.125,0.0625,0,-0.125,-0.0625,0.1875,-0.125,-0.0625,0,-0.125,-0.0625,0.1875,0.0625,-0.0625,0,0.0625,-0.0625,0.1875,-0.125,-0.0625,0.1875,0.0625,0.0625,0.1875,-0.125,0.0625,0.1875,0.0625,-0.0625,0,0.0625,-0.0625,0,-0.125,0.0625,0,0.0625,0.0625,0,-0.125,-0.0625,0.1875,0.0625,-0.0625,0,0.0625,0.0625,0.1875,0.0625,0.0625,0,0.0625,0.0625,0.1875,-0.125,0.0625,0,-0.125,-0.0625,0.1875,-0.125,-0.0625,0,-0.125,0.078125,0.1875,0.25,0.078125,0,0.25,0.078125,0.1875,-0.125,0.078125,0,-0.125,-0.078125,0.1875,-0.125,-0.078125,0,-0.125,-0.078125,0.1875,0.25,-0.078125,0,0.25,-0.078125,0.1875,-0.125,-0.078125,0.1875,0.25,0.078125,0.1875,-0.125,0.078125,0.1875,0.25,-0.078125,0,0.25,-0.078125,0,-0.125,0.078125,0,0.25,0.078125,0,-0.125,-0.078125,0.1875,0.25,-0.078125,0,0.25,0.078125,0.1875,0.25,0.078125,0,0.25,0.078125,0.1875,-0.125,0.078125,0,-0.125,-0.078125,0.1875,-0.125,-0.078125,0,-0.125,0,0.1875,0.25,0,0.3125,0.25,0,0.3125,-0.125,0,0.1875,-0.125,0,0.3125,-0.125,0,0.3125,-0.125,0,0.3125,0.25,0,0.1875,0.25,0,0.1875,0.25,0,0.1875,-0.125,0,0.3125,0.25,0,0.3125,0.25,0,0.1875,0.25,0,0.3125,-0.125,0,0.3125,-0.125,0,0.1875,-0.125],"indices":[0,1,2,1,3,2,4,5,6,5,7,6,8,9,10,9,11,10,12,13,14,13,15,14,16,17,18,17,19,18,20,21,22,21,23,22,24,25,26,24,26,27,28,29,30,28,30,30,31,32,33,31,33,33,34,35,36,34,36,36,37,38,39,37,39,39,40,41,42,41,43,42,44,45,46,45,47,46,48,49,50,49,51,50,52,53,54,53,55,54,56,57,58,57,59,58,60,61,62,61,63,62,64,65,66,65,67,66,68,69,70,69,71,70,72,73,74,73,75,74,76,77,78,77,79,78,80,81,82,81,83,82,84,85,86,85,87,86,88,89,90,88,90,91,92,93,94,92,94,94,95,96,97,95,97,97,98,99,100,98,100,100,101,102,103,101,103,103]},"optimizedModelData":{"":{"meshCount":3},"-named-nodes":{"meshCount":5},"-no-animations":{"meshCount":1}}}