{"schemaVersion":4,"source":{"uri":"models/environment/Pine Forest/pinecones.gltf","sha256":"25ec7a8a5acecdd016ead4fe1b13995929b64a3cfbfb39937e71bc9177ee5ef5"},"animationNames":[],"boundingBox":{"min":{"x":-0.53343567285656,"y":-0.14659654230840027,"z":-0.49082398954983203},"max":{"x":0.5288595041042761,"y":0.625,"z":0.53125}},"nodeNames":["cube","cube","cube","cube","cube","cube","root",""],"trimesh":{"vertices":[0.4710380733013153,0.38579827547073364,0.22978699207305908,0.4710380733013153,0.38579827547073364,0.22978699207305908,0.4710380733013153,-0.23920172452926636,0.22978699207305908,-0.0914619192481041,0.38579827547073364,0.22978699207305908,-0.0914619192481041,0.38579827547073364,0.22978699207305908,-0.0914619192481041,-0.23920172452926636,0.22978699207305908,0.4710380733013153,0.38579827547073364,0.22978699207305908,0.4710380733013153,0.38579827547073364,0.22978699207305908,0.4710380733013153,-0.23920172452926636,0.22978699207305908,-0.0914619192481041,-0.23920172452926636,0.22978699207305908,0.4710380733013153,-0.23920172452926636,0.22978699207305908,-0.0914619192481041,-0.23920172452926636,0.22978699207305908,-0.0914619192481041,0.38579827547073364,0.22978699207305908,0.4710380733013153,0.38579827547073364,0.22978699207305908,0.4710380733013153,-0.23920172452926636,0.22978699207305908,0.02058539167046547,0.03978228196501732,0.2141665816307068,0.02058539167046547,0.03978228196501732,0.2141665816307068,-0.14853839576244354,0.2073948085308075,-0.3636986017227173,-0.34688544273376465,-0.38579827547073364,0.19827261567115784,-0.34688544273376465,-0.38579827547073364,0.19827261567115784,-0.5160092115402222,-0.21818575263023376,-0.3795925974845886,0.02058539167046547,0.03978228196501732,0.2141665816307068,0.02058539167046547,0.03978228196501732,0.2141665816307068,-0.14853839576244354,0.2073948085308075,-0.3636986017227173,-0.5160092115402222,-0.21818575263023376,-0.3795925974845886,-0.14853839576244354,0.2073948085308075,-0.3636986017227173,-0.5160092115402222,-0.21818575263023376,-0.3795925974845886,-0.34688544273376465,-0.38579827547073364,0.19827261567115784,0.02058539167046547,0.03978228196501732,0.2141665816307068,-0.14853839576244354,0.2073948085308075,-0.3636986017227173,0.1897880882024765,0.38579827547073364,0.5110369920730591,0.1897880882024765,0.38579827547073364,0.5110369920730591,0.1897880882024765,-0.23920172452926636,0.5110369920730591,0.1897880882024765,0.38579827547073364,-0.05146300420165062,0.1897880882024765,0.38579827547073364,-0.05146300420165062,0.1897880882024765,-0.23920172452926636,-0.05146300420165062,0.1897880882024765,0.38579827547073364,0.5110369920730591,0.1897880882024765,0.38579827547073364,0.5110369920730591,0.1897880882024765,-0.23920172452926636,0.5110369920730591,0.1897880882024765,-0.23920172452926636,-0.05146300420165062,0.1897880882024765,-0.23920172452926636,0.5110369920730591,0.1897880882024765,-0.23920172452926636,-0.05146300420165062,0.1897880882024765,0.38579827547073364,-0.05146300420165062,0.1897880882024765,0.38579827547073364,0.5110369920730591,0.1897880882024765,-0.23920172452926636,0.5110369920730591,0.03572375699877739,-0.340736448764801,0.09936478734016418,0.03572375699877739,-0.340736448764801,0.09936478734016418,-0.13340000808238983,-0.17312391102313995,-0.4785004258155823,-0.36202383041381836,-0.005279545206576586,0.31307440996170044,-0.36202383041381836,-0.005279545206576586,0.31307440996170044,-0.5311475992202759,0.16233298182487488,-0.264790803194046,0.03572375699877739,-0.340736448764801,0.09936478734016418,0.03572375699877739,-0.340736448764801,0.09936478734016418,-0.13340000808238983,-0.17312391102313995,-0.4785004258155823,-0.5311475992202759,0.16233298182487488,-0.264790803194046,-0.13340000808238983,-0.17312391102313995,-0.4785004258155823,-0.5311475992202759,0.16233298182487488,-0.264790803194046,-0.36202383041381836,-0.005279545206576586,0.31307440996170044,0.03572375699877739,-0.340736448764801,0.09936478734016418,-0.13340000808238983,-0.17312391102313995,-0.4785004258155823,-0.12954647839069366,0.05411895737051964,0.09561098366975784,-0.12954647839069366,0.05411895737051964,0.09561098366975784,0.42820292711257935,0.20356744527816772,-0.14356616139411926,-0.17362676560878754,-0.3694709241390228,-0.2718598544597626,-0.17362676560878754,-0.3694709241390228,-0.2718598544597626,0.3841226398944855,-0.22002239525318146,-0.5110369920730591,-0.12954647839069366,0.05411895737051964,0.09561098366975784,-0.12954647839069366,0.05411895737051964,0.09561098366975784,0.42820292711257935,0.20356744527816772,-0.14356616139411926,0.3841226398944855,-0.22002239525318146,-0.5110369920730591,0.42820292711257935,0.20356744527816772,-0.14356616139411926,0.3841226398944855,-0.22002239525318146,-0.5110369920730591,-0.17362676560878754,-0.3694709241390228,-0.2718598544597626,-0.12954647839069366,0.05411895737051964,0.09561098366975784,0.42820292711257935,0.20356744527816772,-0.14356616139411926,-0.2765714228153229,0.014723743312060833,-0.2718598544597626,-0.2765714228153229,0.014723743312060833,-0.2718598544597626,0.2811780273914337,0.16417226195335388,-0.5110369920730591,-0.02660185471177101,-0.3300757110118866,0.09561098366975784,-0.02660185471177101,-0.3300757110118866,0.09561098366975784,0.5311475992202759,-0.18062719702720642,-0.14356616139411926,-0.2765714228153229,0.014723743312060833,-0.2718598544597626,-0.2765714228153229,0.014723743312060833,-0.2718598544597626,0.2811780273914337,0.16417226195335388,-0.5110369920730591,0.5311475992202759,-0.18062719702720642,-0.14356616139411926,0.2811780273914337,0.16417226195335388,-0.5110369920730591,0.5311475992202759,-0.18062719702720642,-0.14356616139411926,-0.02660185471177101,-0.3300757110118866,0.09561098366975784,-0.2765714228153229,0.014723743312060833,-0.2718598544597626,0.2811780273914337,0.16417226195335388,-0.5110369920730591],"indices":[0,1,2,0,2,2,3,4,5,3,5,5,6,3,7,6,7,3,8,9,10,8,10,9,11,12,13,11,13,14,15,16,17,15,17,17,18,19,20,18,20,20,21,18,22,21,22,18,23,24,25,23,25,24,26,27,28,26,28,29,30,31,32,30,32,32,33,34,35,33,35,35,36,33,37,36,37,33,38,39,40,38,40,39,41,42,43,41,43,44,45,46,47,45,47,47,48,49,50,48,50,50,51,48,52,51,52,48,53,54,55,53,55,54,56,57,58,56,58,59,60,61,62,60,62,62,63,64,65,63,65,65,66,63,67,66,67,63,68,69,70,68,70,69,71,72,73,71,73,74,75,76,77,75,77,77,78,79,80,78,80,80,81,78,82,81,82,78,83,84,85,83,85,84,86,87,88,86,88,89]},"optimizedModelData":{"":{"meshCount":1},"-named-nodes":{"meshCount":4},"-no-animations":{"meshCount":1}}}