{"schemaVersion":4,"source":{"uri":"models/environment/Farm/pumpkin-stage1.gltf","sha256":"03e987db228573efc0720fc503887001eeb37b42c837a160cc37d4e22c3b61d3"},"animationNames":[],"boundingBox":{"min":{"x":-0.31466532978891903,"y":0,"z":-0.12499999999999999},"max":{"x":0.37716532978891903,"y":0.5299139358834247,"z":0.12499999999999999}},"nodeNames":["cube","cube","cube","root",""],"trimesh":{"vertices":[-0.04787878319621086,0.11137909442186356,-0.125,-0.029084669426083565,0.17098639905452728,-0.125,-0.04787878319621086,0.11137909442186356,0.125,-0.029084669426083565,0.17098639905452728,0.125,-0.3459153175354004,0.2053496539592743,0.125,-0.32712122797966003,0.2649569809436798,0.125,-0.3459153175354004,0.2053496539592743,-0.125,-0.32712122797966003,0.2649569809436798,-0.125,-0.3459153175354004,0.2053496539592743,0.125,-0.3459153175354004,0.2053496539592743,-0.125,-0.04787878319621086,0.11137909442186356,0.125,-0.04787878319621086,0.11137909442186356,-0.125,-0.32712122797966003,0.2649569809436798,-0.125,-0.32712122797966003,0.2649569809436798,0.125,-0.029084669426083565,0.17098639905452728,-0.125,-0.029084669426083565,0.17098639905452728,0.125,-0.3459153175354004,0.2053496539592743,-0.125,-0.32712122797966003,0.2649569809436798,-0.125,-0.04787878319621086,0.11137909442186356,-0.125,-0.029084669426083565,0.17098639905452728,-0.125,-0.04787878319621086,0.11137909442186356,0.125,-0.029084669426083565,0.17098639905452728,0.125,-0.3459153175354004,0.2053496539592743,0.125,-0.32712122797966003,0.2649569809436798,0.125,0.0937500074505806,0.17254303395748138,-9.693239493995994e-19,0.0937500074505806,0.17254303395748138,-9.693239493995994e-19,0.09375,-0.2649569511413574,-1.1366968119169212e-18,-0.15625,0.17254303395748138,-1.8752749037345205e-18,-0.15625,0.17254303395748138,-1.8752749037345205e-18,-0.15625,-0.2649569511413574,-2.0426482832397252e-18,0.0937500074505806,0.17254303395748138,-9.693239493995994e-19,-0.15625,0.17254303395748138,-1.8752749037345205e-18,0.0937500074505806,0.17254303395748138,-9.693239493995994e-19,0.09375,-0.2649569511413574,-1.1366968119169212e-18,-0.15625,-0.2649569511413574,-2.0426482832397252e-18,0.09375,-0.2649569511413574,-1.1366968119169212e-18,-0.15625,-0.2649569511413574,-2.0426482832397252e-18,-0.15625,0.17254303395748138,-1.8752749037345205e-18,0.0937500074505806,0.17254303395748138,-9.693239493995994e-19,0.09375,-0.2649569511413574,-1.1366968119169212e-18,0.3459153175354004,0.20534966886043549,-0.125,0.32712122797966003,0.2649569511413574,-0.125,0.3459153175354004,0.20534966886043549,0.125,0.32712122797966003,0.2649569511413574,0.125,0.04787877947092056,0.11137909442186356,0.125,0.029084667563438416,0.17098641395568848,0.125,0.04787877947092056,0.11137909442186356,-0.125,0.029084667563438416,0.17098641395568848,-0.125,0.04787877947092056,0.11137909442186356,0.125,0.04787877947092056,0.11137909442186356,-0.125,0.3459153175354004,0.20534966886043549,0.125,0.3459153175354004,0.20534966886043549,-0.125,0.029084667563438416,0.17098641395568848,-0.125,0.029084667563438416,0.17098641395568848,0.125,0.32712122797966003,0.2649569511413574,-0.125,0.32712122797966003,0.2649569511413574,0.125,0.04787877947092056,0.11137909442186356,-0.125,0.029084667563438416,0.17098641395568848,-0.125,0.3459153175354004,0.20534966886043549,-0.125,0.32712122797966003,0.2649569511413574,-0.125,0.3459153175354004,0.20534966886043549,0.125,0.32712122797966003,0.2649569511413574,0.125,0.04787877947092056,0.11137909442186356,0.125,0.029084667563438416,0.17098641395568848,0.125],"indices":[0,1,2,1,3,2,4,5,6,5,7,6,8,9,10,9,11,10,12,13,14,13,15,14,16,17,18,17,19,18,20,21,22,21,23,22,24,25,26,24,26,26,27,28,29,27,29,29,30,31,32,30,32,31,33,34,35,33,35,34,36,37,38,36,38,39,40,41,42,41,43,42,44,45,46,45,47,46,48,49,50,49,51,50,52,53,54,53,55,54,56,57,58,57,59,58,60,61,62,61,63,62]},"optimizedModelData":{"":{"meshCount":1},"-named-nodes":{"meshCount":3},"-no-animations":{"meshCount":1}}}