{"schemaVersion":4,"source":{"uri":"models/npcs/animals/bee-baby.gltf","sha256":"e2d1fde8cec0669e230481c2ea913c185ea467c3736661285515302dc03a4ca0"},"animationNames":["fly","idle"],"boundingBox":{"min":{"x":-0.2521247814781526,"y":0.03125,"z":-0.28125},"max":{"x":0.2521247814781526,"y":0.288486084767349,"z":0.15625}},"nodeNames":["55150dab-6a83-10be-3ee7-5f292422e809","f17bd932-3a99-1eb2-106d-40588ea71463","c436253f-c002-dde4-c3be-d182eb2e998f","cube","cube","cube","cube","left_wing","cube","right_wing","bee","root",""],"trimesh":{"vertices":[0.15625,0.59375,0.21875,0.15625,0.40625,0.21875,0.15625,0.59375,-0.09375,0.15625,0.40625,-0.09375,-0.03125,0.59375,-0.09375,-0.03125,0.40625,-0.09375,-0.03125,0.59375,0.21875,-0.03125,0.40625,0.21875,-0.03125,0.59375,-0.09375,-0.03125,0.59375,0.21875,0.15625,0.59375,-0.09375,0.15625,0.59375,0.21875,-0.03125,0.40625,0.21875,-0.03125,0.40625,-0.09375,0.15625,0.40625,0.21875,0.15625,0.40625,-0.09375,-0.03125,0.59375,0.21875,-0.03125,0.40625,0.21875,0.15625,0.59375,0.21875,0.15625,0.40625,0.21875,0.15625,0.59375,-0.09375,0.15625,0.40625,-0.09375,-0.03125,0.59375,-0.09375,-0.03125,0.40625,-0.09375,-0.03125,0.59375,-0.21875,-0.03125,0.59375,-0.21875,-0.03125,0.59375,-0.09375,-0.03125,0.53125,-0.09375,-0.03125,0.53125,-0.09375,-0.03125,0.53125,-0.21875,-0.03125,0.59375,-0.09375,-0.03125,0.59375,-0.09375,-0.03125,0.53125,-0.09375,-0.03125,0.53125,-0.21875,-0.03125,0.59375,-0.09375,-0.03125,0.53125,-0.09375,0.15625,0.59375,-0.21875,0.15625,0.59375,-0.21875,0.15625,0.59375,-0.09375,0.15625,0.53125,-0.09375,0.15625,0.53125,-0.09375,0.15625,0.53125,-0.21875,0.15625,0.59375,-0.09375,0.15625,0.59375,-0.09375,0.15625,0.53125,-0.09375,0.15625,0.53125,-0.21875,0.15625,0.59375,-0.09375,0.15625,0.59375,-0.21875,0.15625,0.53125,-0.21875,0.15625,0.53125,-0.09375,0.09375,0,-0.09375,0.09375,0,0.09375,0.09375,0,-0.09375,-0.09375,0,0.09375,-0.09375,0,-0.09375,-0.09375,0,0.09375,0.09375,0,0.09375,0.09375,0,0.09375,-0.09375,0,-0.09375,0.09375,0,0.09375,0.09375,0,-0.09375,-0.09375,0,-0.09375,-0.09375,0,0.09375,-0.09375,0,0.09375,-0.09375,0,-0.09375,-0.09375,0,0.09375,0.09375,0,-0.09375,0.09375,0,0.09375,0.09375,0,-0.09375,-0.09375,0,0.09375,0.09375,0,0.09375,-0.09375,0,-0.09375,0.09375,0,-0.09375,-0.09375,0,-0.09375,-0.09375,0,0.09375,0.09375,0,0.09375],"indices":[0,1,2,1,3,2,4,5,6,5,7,6,8,9,10,9,11,10,12,13,14,13,15,14,16,17,18,17,19,18,20,21,22,21,23,22,24,25,26,24,26,26,27,28,29,27,29,29,30,31,32,30,32,32,24,25,33,24,33,33,33,24,34,33,34,35,36,37,38,36,38,38,39,40,41,39,41,41,42,43,44,42,44,44,36,37,45,36,45,45,46,47,48,46,48,49,50,51,52,50,52,51,53,54,55,53,55,54,56,53,57,56,57,53,54,50,58,54,58,50,59,60,61,59,61,62,63,64,64,63,64,65,66,67,67,66,67,68,67,69,69,67,69,70,64,66,66,64,66,71,72,73,74,72,74,75]},"optimizedModelData":{"":{"meshCount":3},"-named-nodes":{"meshCount":5},"-no-animations":{"meshCount":1}}}