{"schemaVersion":4,"source":{"uri":"models/environment/Farm/cotton-stage2.gltf","sha256":"84cd101b3d688aba94a6f6c2be419b431b7a5246acf27130d5fc5859754d6b20"},"animationNames":[],"boundingBox":{"min":{"x":-0.3726862696072753,"y":0,"z":-0.18570827961374317},"max":{"x":0.3726862696072753,"y":0.7657979839097799,"z":0.24195827961374317}},"nodeNames":["cube","cube","cube","cube","cube","root",""],"trimesh":{"vertices":[0.03125,0.3046010136604309,0.0031250000465661287,0.03125,-0.3828989863395691,0.0031250000465661287,0.03125,0.3046010136604309,-0.05937499925494194,0.03125,-0.3828989863395691,-0.05937499925494194,-0.03125,0.3046010136604309,-0.05937499925494194,-0.03125,-0.3828989863395691,-0.05937499925494194,-0.03125,0.3046010136604309,0.0031250000465661287,-0.03125,-0.3828989863395691,0.0031250000465661287,-0.03125,0.3046010136604309,-0.05937499925494194,-0.03125,0.3046010136604309,0.0031250000465661287,0.03125,0.3046010136604309,-0.05937499925494194,0.03125,0.3046010136604309,0.0031250000465661287,-0.03125,-0.3828989863395691,0.0031250000465661287,-0.03125,-0.3828989863395691,-0.05937499925494194,0.03125,-0.3828989863395691,0.0031250000465661287,0.03125,-0.3828989863395691,-0.05937499925494194,-0.03125,0.3046010136604309,0.0031250000465661287,-0.03125,-0.3828989863395691,0.0031250000465661287,0.03125,0.3046010136604309,0.0031250000465661287,0.03125,-0.3828989863395691,0.0031250000465661287,0.03125,0.3046010136604309,-0.05937499925494194,0.03125,-0.3828989863395691,-0.05937499925494194,-0.03125,0.3046010136604309,-0.05937499925494194,-0.03125,-0.3828989863395691,-0.05937499925494194,-0.017674587666988373,-0.07185710221529007,0.0716881975531578,-0.02645823173224926,-0.11942464858293533,-0.1094648614525795,-0.0044677662663161755,-0.012931739911437035,0.05557509884238243,-0.01325141079723835,-0.06049928814172745,-0.12557795643806458,-0.24854177236557007,0.041126661002635956,0.05321485921740532,-0.2573254108428955,-0.006440883502364159,-0.1279381960630417,-0.2617485821247101,-0.01779869757592678,0.0693279504776001,-0.2705322206020355,-0.0653662458062172,-0.11182510107755661,-0.24854177236557007,0.041126661002635956,0.05321485921740532,-0.2617485821247101,-0.01779869757592678,0.0693279504776001,-0.0044677662663161755,-0.012931739911437035,0.05557509884238243,-0.017674587666988373,-0.07185710221529007,0.0716881975531578,-0.2705322206020355,-0.0653662458062172,-0.11182510107755661,-0.2573254108428955,-0.006440883502364159,-0.1279381960630417,-0.02645823173224926,-0.11942464858293533,-0.1094648614525795,-0.01325141079723835,-0.06049928814172745,-0.12557795643806458,-0.2617485821247101,-0.01779869757592678,0.0693279504776001,-0.2705322206020355,-0.0653662458062172,-0.11182510107755661,-0.017674587666988373,-0.07185710221529007,0.0716881975531578,-0.02645823173224926,-0.11942464858293533,-0.1094648614525795,-0.0044677662663161755,-0.012931739911437035,0.05557509884238243,-0.01325141079723835,-0.06049928814172745,-0.12557795643806458,-0.24854177236557007,0.041126661002635956,0.05321485921740532,-0.2573254108428955,-0.006440883502364159,-0.1279381960630417,-0.026231445372104645,0.2180456519126892,0.15758328139781952,-0.026231445372104645,0.03880303353071213,-0.098401740193367,-0.0023137303069233894,0.2653455138206482,0.12446355819702148,-0.0023137303069233894,0.08610289543867111,-0.13152144849300385,-0.34876856207847595,0.3828989863395691,0.042151737958192825,-0.34876856207847595,0.2036563754081726,-0.213833287358284,-0.3726862668991089,0.3355991244316101,0.07527144998311996,-0.3726862668991089,0.15635651350021362,-0.18071356415748596,-0.34876856207847595,0.3828989863395691,0.042151737958192825,-0.3726862668991089,0.3355991244316101,0.07527144998311996,-0.0023137303069233894,0.2653455138206482,0.12446355819702148,-0.026231445372104645,0.2180456519126892,0.15758328139781952,-0.3726862668991089,0.15635651350021362,-0.18071356415748596,-0.34876856207847595,0.2036563754081726,-0.213833287358284,-0.026231445372104645,0.03880303353071213,-0.098401740193367,-0.0023137303069233894,0.08610289543867111,-0.13152144849300385,-0.3726862668991089,0.3355991244316101,0.07527144998311996,-0.3726862668991089,0.15635651350021362,-0.18071356415748596,-0.026231445372104645,0.2180456519126892,0.15758328139781952,-0.026231445372104645,0.03880303353071213,-0.098401740193367,-0.0023137303069233894,0.2653455138206482,0.12446355819702148,-0.0023137303069233894,0.08610289543867111,-0.13152144849300385,-0.34876856207847595,0.3828989863395691,0.042151737958192825,-0.34876856207847595,0.2036563754081726,-0.213833287358284,0.34876856207847595,0.3828989863395691,-0.04215173423290253,0.34876856207847595,0.2036563754081726,0.2138332724571228,0.3726862668991089,0.3355991244316101,-0.07527145743370056,0.3726862668991089,0.15635651350021362,0.18071354925632477,0.026231445372104645,0.2180456519126892,-0.15758328139781952,0.026231445372104645,0.03880303353071213,0.09840172529220581,0.0023137303069233894,0.2653455138206482,-0.12446356564760208,0.0023137303069233894,0.08610289543867111,0.13152144849300385,0.026231445372104645,0.2180456519126892,-0.15758328139781952,0.0023137303069233894,0.2653455138206482,-0.12446356564760208,0.3726862668991089,0.3355991244316101,-0.07527145743370056,0.34876856207847595,0.3828989863395691,-0.04215173423290253,0.0023137303069233894,0.08610289543867111,0.13152144849300385,0.026231445372104645,0.03880303353071213,0.09840172529220581,0.34876856207847595,0.2036563754081726,0.2138332724571228,0.3726862668991089,0.15635651350021362,0.18071354925632477,0.0023137303069233894,0.2653455138206482,-0.12446356564760208,0.0023137303069233894,0.08610289543867111,0.13152144849300385,0.34876856207847595,0.3828989863395691,-0.04215173423290253,0.34876856207847595,0.2036563754081726,0.2138332724571228,0.3726862668991089,0.3355991244316101,-0.07527145743370056,0.3726862668991089,0.15635651350021362,0.18071354925632477,0.026231445372104645,0.2180456519126892,-0.15758328139781952,0.026231445372104645,0.03880303353071213,0.09840172529220581,0.2617485821247101,-0.01779869757592678,0.0693279504776001,0.2705322206020355,-0.0653662458062172,-0.11182510107755661,0.24854177236557007,0.041126661002635956,0.05321485921740532,0.2573254108428955,-0.006440883502364159,-0.1279381960630417,0.0044677662663161755,-0.012931739911437035,0.05557509884238243,0.01325141079723835,-0.06049928814172745,-0.12557795643806458,0.017674587666988373,-0.07185710221529007,0.0716881975531578,0.02645823173224926,-0.11942464858293533,-0.1094648614525795,0.0044677662663161755,-0.012931739911437035,0.05557509884238243,0.017674587666988373,-0.07185710221529007,0.0716881975531578,0.24854177236557007,0.041126661002635956,0.05321485921740532,0.2617485821247101,-0.01779869757592678,0.0693279504776001,0.02645823173224926,-0.11942464858293533,-0.1094648614525795,0.01325141079723835,-0.06049928814172745,-0.12557795643806458,0.2705322206020355,-0.0653662458062172,-0.11182510107755661,0.2573254108428955,-0.006440883502364159,-0.1279381960630417,0.017674587666988373,-0.07185710221529007,0.0716881975531578,0.02645823173224926,-0.11942464858293533,-0.1094648614525795,0.2617485821247101,-0.01779869757592678,0.0693279504776001,0.2705322206020355,-0.0653662458062172,-0.11182510107755661,0.24854177236557007,0.041126661002635956,0.05321485921740532,0.2573254108428955,-0.006440883502364159,-0.1279381960630417,0.0044677662663161755,-0.012931739911437035,0.05557509884238243,0.01325141079723835,-0.06049928814172745,-0.12557795643806458],