{"schemaVersion":4,"source":{"uri":"models/environment/Essentials/campfire-fire.gltf","sha256":"837141da892d272717f3c3b78a7d0768019bd9033dc4e0c2c59525d7804d2dee"},"animationNames":[],"boundingBox":{"min":{"x":-0.5160061306662459,"y":-0.014011362866836186,"z":-0.4404796590598705},"max":{"x":0.35477565462635435,"y":0.600000011920929,"z":0.34339039152360307}},"nodeNames":["cube","cube","fire","cube","cube","cube","root",""],"trimesh":{"vertices":[-0.10699986666440964,0.3070056736469269,-0.12451110035181046,-0.10699986666440964,0.3070056736469269,-0.12451110035181046,-0.10699986666440964,-0.29299435019493103,-0.12451110035181046,0.17584285140037537,0.3070056736469269,0.15833161771297455,0.17584285140037537,0.3070056736469269,0.15833161771297455,0.17584285140037537,-0.29299435019493103,0.15833161771297455,-0.10699986666440964,0.3070056736469269,-0.12451110035181046,0.17584285140037537,0.3070056736469269,0.15833161771297455,-0.10699986666440964,0.3070056736469269,-0.12451110035181046,-0.10699986666440964,-0.29299435019493103,-0.12451110035181046,0.17584285140037537,-0.29299435019493103,0.15833161771297455,-0.10699986666440964,-0.29299435019493103,-0.12451110035181046,0.17584285140037537,-0.29299435019493103,0.15833161771297455,0.17584285140037537,0.3070056736469269,0.15833161771297455,-0.10699986666440964,0.3070056736469269,-0.12451110035181046,-0.10699986666440964,-0.29299435019493103,-0.12451110035181046,-0.10699986666440964,0.3070056736469269,0.15833161771297455,-0.10699986666440964,0.3070056736469269,0.15833161771297455,-0.10699986666440964,-0.29299435019493103,0.15833161771297455,0.17584285140037537,0.3070056736469269,-0.12451110035181046,0.17584285140037537,0.3070056736469269,-0.12451110035181046,0.17584285140037537,-0.29299435019493103,-0.12451110035181046,-0.10699986666440964,0.3070056736469269,0.15833161771297455,0.17584285140037537,0.3070056736469269,-0.12451110035181046,-0.10699986666440964,0.3070056736469269,0.15833161771297455,-0.10699986666440964,-0.29299435019493103,0.15833161771297455,0.17584285140037537,-0.29299435019493103,-0.12451110035181046,-0.10699986666440964,-0.29299435019493103,0.15833161771297455,0.17584285140037537,-0.29299435019493103,-0.12451110035181046,0.17584285140037537,0.3070056736469269,-0.12451110035181046,-0.10699986666440964,0.3070056736469269,0.15833161771297455,-0.10699986666440964,-0.29299435019493103,0.15833161771297455,0.18668125569820404,-0.092994324862957,0.29603201150894165,0.18668125569820404,-0.29299432039260864,0.29603201150894165,0.32810261845588684,-0.092994324862957,0.15461064875125885,0.32810261845588684,-0.29299432039260864,0.15461064875125885,-0.06080612540245056,-0.092994324862957,-0.23429809510707855,-0.06080612540245056,-0.29299432039260864,-0.23429809510707855,-0.20222748816013336,-0.092994324862957,-0.09287673234939575,-0.20222748816013336,-0.29299432039260864,-0.09287673234939575,-0.06080612540245056,-0.092994324862957,-0.23429809510707855,-0.20222748816013336,-0.092994324862957,-0.09287673234939575,0.32810261845588684,-0.092994324862957,0.15461064875125885,0.18668125569820404,-0.092994324862957,0.29603201150894165,-0.20222748816013336,-0.29299432039260864,-0.09287673234939575,-0.06080612540245056,-0.29299432039260864,-0.23429809510707855,0.18668125569820404,-0.29299432039260864,0.29603201150894165,0.32810261845588684,-0.29299432039260864,0.15461064875125885,-0.20222748816013336,-0.092994324862957,-0.09287673234939575,-0.20222748816013336,-0.29299432039260864,-0.09287673234939575,0.18668125569820404,-0.092994324862957,0.29603201150894165,0.18668125569820404,-0.29299432039260864,0.29603201150894165,0.32810261845588684,-0.092994324862957,0.15461064875125885,0.32810261845588684,-0.29299432039260864,0.15461064875125885,-0.06080612540245056,-0.092994324862957,-0.23429809510707855,-0.06080612540245056,-0.29299432039260864,-0.23429809510707855,0.4353909194469452,-0.13832738995552063,-0.31539836525917053,0.3942677676677704,-0.3070056736469269,-0.21611829102039337,0.2506149709224701,-0.13832740485668182,-0.3919350206851959,0.20949186384677887,-0.3070056736469269,-0.29265499114990234,0.07310140877962112,0.15718740224838257,0.0366206020116806,0.03197828307747841,-0.011490879580378532,0.13590063154697418,0.25787732005119324,0.15718740224838257,0.11315729469060898,0.21675418317317963,-0.011490879580378532,0.21243731677532196,0.07310140877962112,0.15718740224838257,0.0366206020116806,0.25787732005119324,0.15718740224838257,0.11315729469060898,0.2506149709224701,-0.13832740485668182,-0.3919350206851959,0.4353909194469452,-0.13832738995552063,-0.31539836525917053,0.21675418317317963,-0.011490879580378532,0.21243731677532196,0.03197828307747841,-0.011490879580378532,0.13590063154697418,0.3942677676677704,-0.3070056736469269,-0.21611829102039337,0.20949186384677887,-0.3070056736469269,-0.29265499114990234,0.25787732005119324,0.15718740224838257,0.11315729469060898,0.21675418317317963,-0.011490879580378532,0.21243731677532196,0.4353909194469452,-0.13832738995552063,-0.31539836525917053,0.3942677676677704,-0.3070056736469269,-0.21611829102039337,0.2506149709224701,-0.13832740485668182,-0.3919350206851959,0.20949186384677887,-0.3070056736469269,-0.29265499114990234,0.07310140877962112,0.15718740224838257,0.0366206020116806,0.03197828307747841,-0.011490879580378532,0.13590063154697418,0.03403276205062866,0.17249220609664917,0.06393273174762726,0.11001840978860855,0.003813924267888069,-0.012052901089191437,-0.10738859325647354,0.17249220609664917,-0.07748863101005554,-0.031402941793203354,0.003813924267888069,-0.15347425639629364,-0.4353908896446228,-0.12302259355783463,0.2505136728286743,-0.3594052493572235,-0.2917008697986603,0.17452801764011383,-0.2939695417881012,-0.12302259355783463,0.3919350504875183,-0.2179839015007019,-0.2917008697986603,0.31594938039779663,-0.4353908896446228,-0.12302259355783463,0.2505136728286743,-0.2939695417881012,-0.12302259355783463,0.3919350504875183,-0.10738859325647354,0.17249220609664917,-0.07748863101005554,0.03403276205062866,0.17249220609664917,0.06393273174762726,-0.2179839015007019,-0.2917008697986603,0.31594938039779663,-0.3594052493572235,-0.2917008697986603,0.17452801764011383,0.11001840978860855,0.003813924267888069,-0.012052901089191437,-0.031402941793203354,0.003813924267888069,-0.15347425639629364,-0.2939695417881012,-0.12302259355783463,0.3919350504875183,-0.2179839015007019,-0.2917008697986603,0.31594938039779663,0.03403276205062866,0.17249220609664917,0.06393273174762726,0.11001840978860855,0.003813924267888069,-0.012052901089191437,-0.10738859325647354,0.17249220609664917,-0.07748863101005554,-0.031402941793203354,0.003813924267888069,-0.15347425639629364,-0.4353908896446228,-0.12302259355783463,0.2505136728286743,-0.3594052493572235,-0.2917008697986603,0.17452801764011383],"indices":[0,1,2,0,2,2,3,4,5,3,5,5,6,7,8,6,8,7,9,10,11,9,11,10,12,13,14,12,14,15,16,17,18,16,18,18,19,20,21,19,21,21,22,23,24,22,24,23,25,26,27,25,27,26,28,29,30,28,30,31,32,33,34,33,35,34,36,37,38,37,39,38,40,41,42,41,43,42,44,45,46,45,47,46,48,49,50,49,51,50,52,53,54,53,55,54,56,57,58,57,59,58,60,61,62,61,63,62,64,65,66,65,67,66,68,69,70,69,71,70,72,73,74,73,75,74,76,77,78,77,79,78,80,81,82,81,83,82,84,85,86,85,87,86,88,89,90,89,91,90,92,93,94,93,95,94,96,97,98,97,99,98,100,101,102,101,103,102]},"optimizedModelData":{"":{"meshCount":2},"-named-nodes":{"meshCount":4},"-no-animations":{"meshCount":2}}}