{"schemaVersion":4,"source":{"uri":"models/items/bowl.gltf","sha256":"a982d20cfbb27c331588cf9bb01510408d582d1dc3253de8909d470b09da54cf"},"animationNames":[],"boundingBox":{"min":{"x":-0.3125,"y":0,"z":-0.3125},"max":{"x":0.3125,"y":0.3125,"z":0.3125}},"nodeNames":["cube","cube",""],"trimesh":{"vertices":[0.25,-0.03125,0.25,0.25,-0.15625,0.25,0.25,-0.03125,-0.25,0.25,-0.15625,-0.25,-0.25,-0.03125,-0.25,-0.25,-0.15625,-0.25,-0.25,-0.03125,0.25,-0.25,-0.15625,0.25,-0.25,-0.03125,-0.25,-0.25,-0.03125,0.25,0.25,-0.03125,-0.25,0.25,-0.03125,0.25,-0.25,-0.15625,0.25,-0.25,-0.15625,-0.25,0.25,-0.15625,0.25,0.25,-0.15625,-0.25,-0.25,-0.03125,0.25,-0.25,-0.15625,0.25,0.25,-0.03125,0.25,0.25,-0.15625,0.25,0.25,-0.03125,-0.25,0.25,-0.15625,-0.25,-0.25,-0.03125,-0.25,-0.25,-0.15625,-0.25,0.3125,-0.03125,-0.3125,0.3125,0.15625,-0.3125,0.3125,0.15625,0.3125,0.3125,-0.03125,0.3125,-0.3125,-0.03125,0.3125,-0.3125,0.15625,0.3125,-0.3125,0.15625,-0.3125,-0.3125,-0.03125,-0.3125,0.234375,0.03125,0.234375,0.234375,0.03125,-0.234375,-0.234375,0.03125,-0.234375,-0.234375,0.03125,0.234375,0.3125,-0.03125,-0.3125,0.3125,-0.03125,0.3125,-0.3125,-0.03125,0.3125,-0.3125,-0.03125,-0.3125,0.3125,-0.03125,0.3125,0.3125,0.15625,0.3125,-0.3125,0.15625,0.3125,-0.3125,-0.03125,0.3125,-0.3125,-0.03125,-0.3125,-0.3125,0.15625,-0.3125,0.3125,0.15625,-0.3125,0.3125,-0.03125,-0.3125,0.234375,0.15625,-0.234375,0.234375,0.15625,0.234375,0.3125,0.15625,0.3125,0.3125,0.15625,-0.3125,-0.234375,0.15625,-0.234375,0.234375,0.15625,-0.234375,0.3125,0.15625,-0.3125,-0.3125,0.15625,-0.3125,-0.234375,0.15625,0.234375,-0.234375,0.15625,-0.234375,-0.3125,0.15625,-0.3125,-0.3125,0.15625,0.3125,0.234375,0.15625,0.234375,-0.234375,0.15625,0.234375,-0.3125,0.15625,0.3125,0.3125,0.15625,0.3125,0.234375,0.03125,-0.234375,0.234375,0.03125,0.234375,0.234375,0.15625,0.234375,0.234375,0.15625,-0.234375,-0.234375,0.03125,-0.234375,0.234375,0.03125,-0.234375,0.234375,0.15625,-0.234375,-0.234375,0.15625,-0.234375,-0.234375,0.03125,0.234375,-0.234375,0.03125,-0.234375,-0.234375,0.15625,-0.234375,-0.234375,0.15625,0.234375,0.234375,0.03125,0.234375,-0.234375,0.03125,0.234375,-0.234375,0.15625,0.234375,0.234375,0.15625,0.234375],"indices":[0,1,2,1,3,2,4,5,6,5,7,6,8,9,10,9,11,10,12,13,14,13,15,14,16,17,18,17,19,18,20,21,22,21,23,22,24,25,26,24,26,27,28,29,30,28,30,31,32,33,34,32,34,35,36,37,38,36,38,39,40,41,42,40,42,43,44,45,46,44,46,47,48,49,50,48,50,51,52,53,54,52,54,55,56,57,58,56,58,59,60,61,62,60,62,63,64,65,66,64,66,67,68,69,70,68,70,71,72,73,74,72,74,75,76,77,78,76,78,79]},"optimizedModelData":{"":{"meshCount":1},"-named-nodes":{"meshCount":2},"-no-animations":{"meshCount":1}}}