{"schemaVersion":4,"source":{"uri":"models/environment/Essentials/campfire.gltf","sha256":"5f252eb39191801fd74f706cd19dba06d0a111d1920b99717609d50849245a38"},"animationNames":[],"boundingBox":{"min":{"x":-0.5160061307810696,"y":-0.014011151298309737,"z":-0.44047973765934484},"max":{"x":0.3547756527043835,"y":0.465486524905582,"z":0.34339067020805136}},"nodeNames":["cube","cube","cube","root",""],"trimesh":{"vertices":[0.18668125569820404,-0.025737686082720757,0.2960319221019745,0.18668125569820404,-0.22573769092559814,0.2960319221019745,0.32810261845588684,-0.025737686082720757,0.1546105444431305,0.32810261845588684,-0.22573769092559814,0.1546105444431305,-0.06080612540245056,-0.025737686082720757,-0.23429818451404572,-0.06080612540245056,-0.22573769092559814,-0.23429818451404572,-0.20222748816013336,-0.025737686082720757,-0.09287682920694351,-0.20222748816013336,-0.22573769092559814,-0.09287682920694351,-0.06080612540245056,-0.025737686082720757,-0.23429818451404572,-0.20222748816013336,-0.025737686082720757,-0.09287682920694351,0.32810261845588684,-0.025737686082720757,0.1546105444431305,0.18668125569820404,-0.025737686082720757,0.2960319221019745,-0.20222748816013336,-0.22573769092559814,-0.09287682920694351,-0.06080612540245056,-0.22573769092559814,-0.23429818451404572,0.18668125569820404,-0.22573769092559814,0.2960319221019745,0.32810261845588684,-0.22573769092559814,0.1546105444431305,-0.20222748816013336,-0.025737686082720757,-0.09287682920694351,-0.20222748816013336,-0.22573769092559814,-0.09287682920694351,0.18668125569820404,-0.025737686082720757,0.2960319221019745,0.18668125569820404,-0.22573769092559814,0.2960319221019745,0.32810261845588684,-0.025737686082720757,0.1546105444431305,0.32810261845588684,-0.22573769092559814,0.1546105444431305,-0.06080612540245056,-0.025737686082720757,-0.23429818451404572,-0.06080612540245056,-0.22573769092559814,-0.23429818451404572,0.4353909194469452,-0.07107054442167282,-0.31539854407310486,0.3942677676677704,-0.23974883556365967,-0.2161184847354889,0.2506149709224701,-0.07107054442167282,-0.39193519949913025,0.20949184894561768,-0.23974883556365967,-0.29265516996383667,0.07310141623020172,0.22444425523281097,0.03662044182419777,0.03197828307747841,0.05576595291495323,0.13590046763420105,0.25787732005119324,0.22444425523281097,0.11315713077783585,0.21675418317317963,0.05576595291495323,0.21243715286254883,0.07310141623020172,0.22444425523281097,0.03662044182419777,0.25787732005119324,0.22444425523281097,0.11315713077783585,0.2506149709224701,-0.07107054442167282,-0.39193519949913025,0.4353909194469452,-0.07107054442167282,-0.31539854407310486,0.21675418317317963,0.05576595291495323,0.21243715286254883,0.03197828307747841,0.05576595291495323,0.13590046763420105,0.3942677676677704,-0.23974883556365967,-0.2161184847354889,0.20949184894561768,-0.23974883556365967,-0.29265516996383667,0.25787732005119324,0.22444425523281097,0.11315713077783585,0.21675418317317963,0.05576595291495323,0.21243715286254883,0.4353909194469452,-0.07107054442167282,-0.31539854407310486,0.3942677676677704,-0.23974883556365967,-0.2161184847354889,0.2506149709224701,-0.07107054442167282,-0.39193519949913025,0.20949184894561768,-0.23974883556365967,-0.29265516996383667,0.07310141623020172,0.22444425523281097,0.03662044182419777,0.03197828307747841,0.05576595291495323,0.13590046763420105,0.034032776951789856,0.23974885046482086,0.06393291056156158,0.11001841723918915,0.07107054442167282,-0.012052729725837708,-0.10738857835531235,0.23974885046482086,-0.07748845219612122,-0.031402938067913055,0.07107054442167282,-0.1534740924835205,-0.4353908896446228,-0.05576595291495323,0.25051385164260864,-0.3594052493572235,-0.22444424033164978,0.17452819645404816,-0.2939695417881012,-0.05576595291495323,0.39193519949913025,-0.2179838865995407,-0.22444424033164978,0.31594955921173096,-0.4353908896446228,-0.05576595291495323,0.25051385164260864,-0.2939695417881012,-0.05576595291495323,0.39193519949913025,-0.10738857835531235,0.23974885046482086,-0.07748845219612122,0.034032776951789856,0.23974885046482086,0.06393291056156158,-0.2179838865995407,-0.22444424033164978,0.31594955921173096,-0.3594052493572235,-0.22444424033164978,0.17452819645404816,0.11001841723918915,0.07107054442167282,-0.012052729725837708,-0.031402938067913055,0.07107054442167282,-0.1534740924835205,-0.2939695417881012,-0.05576595291495323,0.39193519949913025,-0.2179838865995407,-0.22444424033164978,0.31594955921173096,0.034032776951789856,0.23974885046482086,0.06393291056156158,0.11001841723918915,0.07107054442167282,-0.012052729725837708,-0.10738857835531235,0.23974885046482086,-0.07748845219612122,-0.031402938067913055,0.07107054442167282,-0.1534740924835205,-0.4353908896446228,-0.05576595291495323,0.25051385164260864,-0.3594052493572235,-0.22444424033164978,0.17452819645404816],"indices":[0,1,2,1,3,2,4,5,6,5,7,6,8,9,10,9,11,10,12,13,14,13,15,14,16,17,18,17,19,18,20,21,22,21,23,22,24,25,26,25,27,26,28,29,30,29,31,30,32,33,34,33,35,34,36,37,38,37,39,38,40,41,42,41,43,42,44,45,46,45,47,46,48,49,50,49,51,50,52,53,54,53,55,54,56,57,58,57,59,58,60,61,62,61,63,62,64,65,66,65,67,66,68,69,70,69,71,70]},"optimizedModelData":{"":{"meshCount":1},"-named-nodes":{"meshCount":3},"-no-animations":{"meshCount":1}}}