{"schemaVersion":4,"source":{"uri":"models/eggs/rare/rogue-egg.gltf","sha256":"9bc9ed3f11f58593aaffe1a230a0914b8dc86863b2faa20d2a2f31beeb3df584"},"animationNames":[],"boundingBox":{"min":{"x":-0.40625,"y":0,"z":-0.40625},"max":{"x":0.40625,"y":0.875,"z":0.40625}},"nodeNames":["cube","cube","group2","cube","cube","cube","group"],"trimesh":{"vertices":[0.3723956346511841,0.3062500059604645,-0.3723956346511841,0.40625,0.3062500059604645,0,0.40625,0.05624999850988388,0,0.3723956346511841,0.05624999850988388,-0.3723956346511841,-0.3723956346511841,0.05624999850988388,-0.3723956346511841,-0.40625,0.05624999850988388,0,-0.40625,0.3062500059604645,0,-0.3723956346511841,0.3062500059604645,-0.3723956346511841,-0.3723956346511841,0.3062500059604645,-0.3723956346511841,-0.40625,0.3062500059604645,0,0,0.3062500059604645,0,0,0.3062500059604645,-0.40625,0,0.05624999850988388,-0.40625,0,0.05624999850988388,0,-0.40625,0.05624999850988388,0,-0.3723956346511841,0.05624999850988388,-0.3723956346511841,-0.3723956346511841,0.05624999850988388,0.3723956346511841,0,0.05624999850988388,0.40625,0,0.3062500059604645,0.40625,-0.3723956346511841,0.3062500059604645,0.3723956346511841,-0.3723956346511841,0.3062500059604645,-0.3723956346511841,0,0.3062500059604645,-0.40625,0,0.05624999850988388,-0.40625,-0.3723956346511841,0.05624999850988388,-0.3723956346511841,0.40625,0.3062500059604645,0,0.3723956346511841,0.3062500059604645,-0.3723956346511841,0.3723956346511841,0.3062500059604645,0.3723956346511841,0,0.3062500059604645,0.40625,0,0.05624999850988388,0.40625,0.3723956346511841,0.05624999850988388,0.3723956346511841,0.3723956346511841,0.05624999850988388,-0.3723956346511841,0.40625,0.05624999850988388,0,0.3723956346511841,0.05624999850988388,-0.3723956346511841,0,0.05624999850988388,-0.40625,0,0.3062500059604645,-0.40625,0.3723956346511841,0.3062500059604645,-0.3723956346511841,-0.3723956346511841,0.3062500059604645,0.3723956346511841,-0.40625,0.3062500059604645,0,-0.40625,0.05624999850988388,0,-0.3723956346511841,0.05624999850988388,0.3723956346511841,-0.3723956346511841,0.05624999850988388,0.3723956346511841,0,0.05624999850988388,0.40625,0.3723956346511841,0.05624999850988388,0.3723956346511841,0.3723956346511841,0.05624999850988388,0.3723956346511841,0.40625,0.05624999850988388,0,0.40625,0.3062500059604645,0,0.3723956346511841,0.3062500059604645,0.3723956346511841,0.3723956346511841,0.3062500059604645,0.3723956346511841,0,0.3062500059604645,0.40625,-0.3723956346511841,0.3062500059604645,0.3723956346511841,-0.3880206346511841,-0.19374999403953552,-0.3880206346511841,-0.40625,-0.19374999403953552,0,-0.40625,0.05624999850988388,0,-0.3723956346511841,0.05624999850988388,-0.3723956346511841,-0.3723956346511841,0.05624999850988388,-0.3723956346511841,0,0.05624999850988388,-0.40625,0,-0.19374999403953552,-0.40625,-0.3880206346511841,-0.19374999403953552,-0.3880206346511841,0.28125,0.4375,-0.28125,0.3125,0.4375,0,0.3125,0.1875,0,0.3125,0.1875,-0.3125,-0.3125,0.1875,-0.3125,-0.3125,0.1875,0,-0.3125,0.4375,0,-0.28125,0.4375,-0.28125,-0.28125,0.4375,-0.28125,-0.3125,0.4375,0,0,0.4375,0,0,0.4375,-0.3125,0,0.1875,-0.3125,0,0.1875,0,-0.3125,0.1875,0,-0.3125,0.1875,-0.3125,-0.3125,0.1875,0.3125,0,0.1875,0.3125,0,0.4375,0.3125,-0.28125,0.4375,0.28125,-0.28125,0.4375,-0.28125,0,0.4375,-0.3125,0,0.1875,-0.3125,-0.3125,0.1875,-0.3125,0.3125,0.4375,0,0.28125,0.4375,-0.28125,0.28125,0.4375,0.28125,0,0.4375,0.3125,0,0.1875,0.3125,0.3125,0.1875,0.3125,0.3125,0.1875,-0.3125,0.3125,0.1875,0,0.3125,0.1875,-0.3125,0,0.1875,-0.3125,0,0.4375,-0.3125,0.28125,0.4375,-0.28125,-0.28125,0.4375,0.28125,-0.3125,0.4375,0,-0.3125,0.1875,0,-0.3125,0.1875,0.3125,-0.3125,0.1875,0.3125,0,0.1875,0.3125,0.3125,0.1875,0.3125,0.3125,0.1875,0.3125,0.3125,0.1875,0,0.3125,0.4375,0,0.28125,0.4375,0.28125,0.28125,0.4375,0.28125,0,0.4375,0.3125,-0.28125,0.4375,0.28125,0.359375,-0.3125,-0.359375,0.375,-0.0625,-0.375,0.375,-0.0625,0.375,0.359375,-0.3125,0.359375,-0.359375,-0.3125,0.359375,-0.375,-0.0625,0.375,-0.375,-0.0625,-0.375,-0.359375,-0.3125,-0.359375,0.34375,0.1875,0.34375,0.34375,0.1875,-0.34375,-0.34375,0.1875,-0.34375,-0.34375,0.1875,0.34375,0.359375,-0.3125,-0.359375,0.359375,-0.3125,0.359375,-0.359375,-0.3125,0.359375,-0.359375,-0.3125,-0.359375,0.359375,-0.3125,0.359375,0.375,-0.0625,0.375,-0.375,-0.0625,0.375,-0.359375,-0.3125,0.359375,-0.359375,-0.3125,-0.359375,-0.375,-0.0625,-0.375,0.375,-0.0625,-0.375,0.359375,-0.3125,-0.359375,-0.34375,0.1875,-0.34375,-0.375,-0.0625,-0.375,-0.375,-0.0625,0.375,-0.34375,0.1875,0.34375,-0.34375,0.1875,0.34375,-0.375,-0.0625,0.375,0.375,-0.0625,0.375,0.34375,0.1875,0.34375,0.34375,0.1875,0.34375,0.375,-0.0625,0.375,0.375,-0.0625,-0.375,0.34375,0.1875,-0.34375,0.34375,0.1875,-0.34375,0.375,-0.0625,-0.375,-0.375,-0.0625,-0.375,-0.34375,0.1875,-0.34375,0.3125,-0.4375,-0.3125,0.34375,-0.3125,-0.34375,0.34375,-0.3125,0.34375,0.3125,-0.4375,0.3125,-0.3125,-0.4375,0.3125,-0.34375,-0.3125,0.34375,-0.34375,-0.3125,-0.34375,-0.3125,-0.4375,-0.3125,0.34375,-0.3125,0.34375,0.34375,-0.3125,-0.34375,-0.34375,-0.3125,-0.34375,-0.34375,-0.3125,0.34375,0.3125,-0.4375,-0.3125,0.3125,-0.4375,0.3125,-0.3125,-0.4375,0.3125,-0.3125,-0.4375,-0.3125,0.3125,-0.4375,0.3125,0.34375,-0.3125,0.34375,-0.34375,-0.3125,0.34375,-0.3125,-0.4375,0.3125,-0.3125,-0.4375,-0.3125,-0.34375,-0.3125,-0.34375,0.34375,-0.3125,-0.34375,0.3125,-0.4375,-0.3125],"indices":[0,1,2,0,2,3,4,5,6,4,6,7,8,9,10,8,10,11,12,13,14,12,14,15,16,17,18,16,18,19,20,21,22,20,22,23,11,10,24,11,24,25,26,27,28,26,28,29,30,31,13,30,13,12,32,33,34,32,34,35,36,37,38,36,38,39,40,14,13,40,13,41,41,13,31,41,31,42,43,44,45,43,45,46,47,24,10,47,10,48,48,10,9,48,9,49,50,51,52,50,52,53,54,55,56,54,56,57,58,59,60,58,60,61,62,63,64,62,64,65,66,67,68,66,68,69,70,71,72,70,72,73,74,75,76,74,76,77,78,79,80,78,80,81,69,68,82,69,82,83,84,85,86,84,86,87,88,89,71,88,71,70,90,91,92,90,92,93,94,95,96,94,96,97,98,72,71,98,71,99,99,71,89,99,89,100,101,102,103,101,103,104,105,82,68,105,68,106,106,68,67,106,67,107,108,109,110,108,110,111,112,113,114,112,114,115,116,117,118,116,118,119,120,121,122,120,122,123,124,125,126,124,126,127,128,129,130,128,130,131,132,133,134,132,134,135,136,137,138,136,138,139,140,141,142,140,142,143,144,145,146,144,146,147,148,149,150,148,150,151,152,153,154,152,154,155,156,157,158,156,158,159,160,161,162,160,162,163,164,165,166,164,166,167,168,169,170,168,170,171]},"optimizedModelData":{"":{"meshCount":2},"-named-nodes":{"meshCount":5},"-no-animations":{"meshCount":2}}}