{"schemaVersion":4,"source":{"uri":"models/environment/Desert/rock-3.gltf","sha256":"91bc667bb0b2a8a5d71f667140b1f08006eb2266007e0f3d2bbcfc9dfb6a74ff"},"animationNames":[],"boundingBox":{"min":{"x":-0.125,"y":0,"z":-0.375},"max":{"x":0.375,"y":0.375,"z":0.0625}},"nodeNames":["cube","cube","cube","cube",""],"trimesh":{"vertices":[-0.125,0,0.09375,-0.125,-0.1875,0.09375,-0.125,0,-0.15625,-0.125,-0.1875,-0.15625,-0.25,0,-0.15625,-0.25,-0.1875,-0.15625,-0.25,0,0.09375,-0.25,-0.1875,0.09375,-0.25,0,-0.15625,-0.25,0,0.09375,-0.125,0,-0.15625,-0.125,0,0.09375,-0.25,-0.1875,0.09375,-0.25,-0.1875,-0.15625,-0.125,-0.1875,0.09375,-0.125,-0.1875,-0.15625,-0.25,0,0.09375,-0.25,-0.1875,0.09375,-0.125,0,0.09375,-0.125,-0.1875,0.09375,-0.125,0,-0.15625,-0.125,-0.1875,-0.15625,-0.25,0,-0.15625,-0.25,-0.1875,-0.15625,0.1875,0.125,0.21875,0.1875,-0.1875,0.21875,0.1875,0.125,-0.21875,0.1875,-0.1875,-0.21875,-0.125,0.125,-0.21875,-0.125,-0.1875,-0.21875,-0.125,0.125,0.21875,-0.125,-0.1875,0.21875,-0.125,0.125,-0.21875,-0.125,0.125,0.21875,0.1875,0.125,-0.21875,0.1875,0.125,0.21875,-0.125,-0.1875,0.21875,-0.125,-0.1875,-0.21875,0.1875,-0.1875,0.21875,0.1875,-0.1875,-0.21875,-0.125,0.125,0.21875,-0.125,-0.1875,0.21875,0.1875,0.125,0.21875,0.1875,-0.1875,0.21875,0.1875,0.125,-0.21875,0.1875,-0.1875,-0.21875,-0.125,0.125,-0.21875,-0.125,-0.1875,-0.21875,0.25,0,0.15625,0.25,-0.125,0.15625,0.25,0,-0.03125,0.25,-0.125,-0.03125,0.1875,0,-0.03125,0.1875,-0.125,-0.03125,0.1875,0,0.15625,0.1875,-0.125,0.15625,0.1875,0,-0.03125,0.1875,0,0.15625,0.25,0,-0.03125,0.25,0,0.15625,0.1875,-0.125,0.15625,0.1875,-0.125,-0.03125,0.25,-0.125,0.15625,0.25,-0.125,-0.03125,0.1875,0,0.15625,0.1875,-0.125,0.15625,0.25,0,0.15625,0.25,-0.125,0.15625,0.25,0,-0.03125,0.25,-0.125,-0.03125,0.1875,0,-0.03125,0.1875,-0.125,-0.03125,0.125,0.1875,0.09375,0.125,0.125,0.09375,0.125,0.1875,-0.15625,0.125,0.125,-0.15625,-0.0625,0.1875,-0.15625,-0.0625,0.125,-0.15625,-0.0625,0.1875,0.09375,-0.0625,0.125,0.09375,-0.0625,0.1875,-0.15625,-0.0625,0.1875,0.09375,0.125,0.1875,-0.15625,0.125,0.1875,0.09375,-0.0625,0.125,0.09375,-0.0625,0.125,-0.15625,0.125,0.125,0.09375,0.125,0.125,-0.15625,-0.0625,0.1875,0.09375,-0.0625,0.125,0.09375,0.125,0.1875,0.09375,0.125,0.125,0.09375,0.125,0.1875,-0.15625,0.125,0.125,-0.15625,-0.0625,0.1875,-0.15625,-0.0625,0.125,-0.15625],"indices":[0,1,2,1,3,2,4,5,6,5,7,6,8,9,10,9,11,10,12,13,14,13,15,14,16,17,18,17,19,18,20,21,22,21,23,22,24,25,26,25,27,26,28,29,30,29,31,30,32,33,34,33,35,34,36,37,38,37,39,38,40,41,42,41,43,42,44,45,46,45,47,46,48,49,50,49,51,50,52,53,54,53,55,54,56,57,58,57,59,58,60,61,62,61,63,62,64,65,66,65,67,66,68,69,70,69,71,70,72,73,74,73,75,74,76,77,78,77,79,78,80,81,82,81,83,82,84,85,86,85,87,86,88,89,90,89,91,90,92,93,94,93,95,94]},"optimizedModelData":{"":{"meshCount":1},"-named-nodes":{"meshCount":4},"-no-animations":{"meshCount":1}}}