{"schemaVersion":4,"source":{"uri":"models/environment/Essentials/campfire-cooking-pot.gltf","sha256":"760d131613f64fe61e6d34788a7e5aa35a6c804481cc2e9693d4c10e8e812afb"},"animationNames":[],"boundingBox":{"min":{"x":-0.7,"y":-0.014011151298309737,"z":-0.44047973765934484},"max":{"x":0.7000000059604645,"y":1.2000000476837158,"z":0.34339067020805136}},"nodeNames":["fire","cube","cube","cube","cube","cube","cube","cube","cube","cube","cube","root",""],"trimesh":{"vertices":[0.1060660108923912,-0.3929944336414337,0.2960319221019745,0.1060660108923912,-0.5929944515228271,0.2960319221019745,0.2474873661994934,-0.3929944336414337,0.1546105444431305,0.2474873661994934,-0.5929944515228271,0.1546105444431305,-0.1414213627576828,-0.3929944336414337,-0.23429818451404572,-0.1414213627576828,-0.5929944515228271,-0.23429818451404572,-0.2828427255153656,-0.3929944336414337,-0.09287682920694351,-0.2828427255153656,-0.5929944515228271,-0.09287682920694351,-0.1414213627576828,-0.3929944336414337,-0.23429818451404572,-0.2828427255153656,-0.3929944336414337,-0.09287682920694351,0.2474873661994934,-0.3929944336414337,0.1546105444431305,0.1060660108923912,-0.3929944336414337,0.2960319221019745,-0.2828427255153656,-0.5929944515228271,-0.09287682920694351,-0.1414213627576828,-0.5929944515228271,-0.23429818451404572,0.1060660108923912,-0.5929944515228271,0.2960319221019745,0.2474873661994934,-0.5929944515228271,0.1546105444431305,-0.2828427255153656,-0.3929944336414337,-0.09287682920694351,-0.2828427255153656,-0.5929944515228271,-0.09287682920694351,0.1060660108923912,-0.3929944336414337,0.2960319221019745,0.1060660108923912,-0.5929944515228271,0.2960319221019745,0.2474873661994934,-0.3929944336414337,0.1546105444431305,0.2474873661994934,-0.5929944515228271,0.1546105444431305,-0.1414213627576828,-0.3929944336414337,-0.23429818451404572,-0.1414213627576828,-0.5929944515228271,-0.23429818451404572,0.35477566719055176,-0.4383273124694824,-0.31539854407310486,0.31365251541137695,-0.6070055961608887,-0.2161184847354889,0.16999974846839905,-0.4383273124694824,-0.39193519949913025,0.12887661159038544,-0.6070055961608887,-0.29265516996383667,-0.007513824384659529,-0.14281250536441803,0.03662044182419777,-0.04863695800304413,-0.3114908039569855,0.13590046763420105,0.177262082695961,-0.14281250536441803,0.11315713077783585,0.1361389458179474,-0.3114908039569855,0.21243715286254883,-0.007513824384659529,-0.14281250536441803,0.03662044182419777,0.177262082695961,-0.14281250536441803,0.11315713077783585,0.16999974846839905,-0.4383273124694824,-0.39193519949913025,0.35477566719055176,-0.4383273124694824,-0.31539854407310486,0.1361389458179474,-0.3114908039569855,0.21243715286254883,-0.04863695800304413,-0.3114908039569855,0.13590046763420105,0.31365251541137695,-0.6070055961608887,-0.2161184847354889,0.12887661159038544,-0.6070055961608887,-0.29265516996383667,0.177262082695961,-0.14281250536441803,0.11315713077783585,0.1361389458179474,-0.3114908039569855,0.21243715286254883,0.35477566719055176,-0.4383273124694824,-0.31539854407310486,0.31365251541137695,-0.6070055961608887,-0.2161184847354889,0.16999974846839905,-0.4383273124694824,-0.39193519949913025,0.12887661159038544,-0.6070055961608887,-0.29265516996383667,-0.007513824384659529,-0.14281250536441803,0.03662044182419777,-0.04863695800304413,-0.3114908039569855,0.13590046763420105,-0.04658246785402298,-0.12750791013240814,0.06393291056156158,0.02940317615866661,-0.2961862087249756,-0.012052729725837708,-0.18800382316112518,-0.12750791013240814,-0.07748845219612122,-0.11201818287372589,-0.2961862087249756,-0.1534740924835205,-0.5160061120986938,-0.42302271723747253,0.25051385164260864,-0.44002050161361694,-0.5917010307312012,0.17452819645404816,-0.37458476424217224,-0.42302271723747253,0.39193519949913025,-0.29859912395477295,-0.5917010307312012,0.31594955921173096,-0.5160061120986938,-0.42302271723747253,0.25051385164260864,-0.37458476424217224,-0.42302271723747253,0.39193519949913025,-0.18800382316112518,-0.12750791013240814,-0.07748845219612122,-0.04658246785402298,-0.12750791013240814,0.06393291056156158,-0.29859912395477295,-0.5917010307312012,0.31594955921173096,-0.44002050161361694,-0.5917010307312012,0.17452819645404816,0.02940317615866661,-0.2961862087249756,-0.012052729725837708,-0.11201818287372589,-0.2961862087249756,-0.1534740924835205,-0.37458476424217224,-0.42302271723747253,0.39193519949913025,-0.29859912395477295,-0.5917010307312012,0.31594955921173096,-0.04658246785402298,-0.12750791013240814,0.06393291056156158,0.02940317615866661,-0.2961862087249756,-0.012052729725837708,-0.18800382316112518,-0.12750791013240814,-0.07748845219612122,-0.11201818287372589,-0.2961862087249756,-0.1534740924835205,-0.5160061120986938,-0.42302271723747253,0.25051385164260864,-0.44002050161361694,-0.5917010307312012,0.17452819645404816,0.20000000298023224,0.15700553357601166,0.24854454398155212,0.20000000298023224,-0.09299444407224655,0.24854454398155212,0.20000000298023224,0.15700553357601166,-0.15145547688007355,0.20000000298023224,-0.09299444407224655,-0.15145547688007355,-0.20000001788139343,0.15700553357601166,-0.15145547688007355,-0.20000001788139343,-0.09299444407224655,-0.15145547688007355,-0.20000001788139343,0.15700553357601166,0.24854454398155212,-0.20000001788139343,-0.09299444407224655,0.24854454398155212,-0.20000001788139343,0.15700553357601166,-0.15145547688007355,-0.20000001788139343,0.15700553357601166,0.24854454398155212,0.20000000298023224,0.15700553357601166,-0.15145547688007355,0.20000000298023224,0.15700553357601166,0.24854454398155212,-0.20000001788139343,-0.09299444407224655,0.24854454398155212,-0.20000001788139343,-0.09299444407224655,-0.15145547688007355,0.20000000298023224,-0.09299444407224655,0.24854454398155212,0.20000000298023224,-0.09299444407224655,-0.15145547688007355,-0.20000001788139343,0.15700553357601166,0.24854454398155212,-0.20000001788139343,-0.09299444407224655,0.24854454398155212,0.20000000298023224,0.15700553357601166,0.24854454398155212,0.20000000298023224,-0.09299444407224655,0.24854454398155212,0.20000000298023224,0.15700553357601166,-0.15145547688007355,0.20000000298023224,-0.09299444407224655,-0.15145547688007355,-0.20000001788139343,0.15700553357601166,-0.15145547688007355,-0.20000001788139343,-0.09299444407224655,-0.15145547688007355,0.25,0.2070055454969406,0.2985445261001587,0.25,0.15700553357601166,0.2985445261001587,0.25,0.2070055454969406,-0.20145545899868011,0.25,0.15700553357601166,-0.20145545899868011,-0.25,0.2070055454969406,-0.20145545899868011,-0.25,0.15700553357601166,-0.20145545899868011,-0.25,0.2070055454969406,0.2985445261001587,-0.25,0.15700553357601166,0.2985445261001587,-0.25,0.2070055454969406,-0.20145545899868011,-0.25,0.2070055454969406,0.2985445261001587,0.25,0.2070055454969406,-0.20145545899868011,0.25,0.2070055454969406,0.2985445261001587,-0.25,0.15700553357601166,0.2985445261001587,-0.25,0.15700553357601166,-0.20145545899868011,0.25,0.15700553357601166,0.2985445261001587,0.25,0.15700553357601166,-0.20145545899868011,-0.25,0.2070055454969406,0.2985445261001587,-0.25,0.15700553357601166,0.2985445261001587,0.25,0.2070055454969406,0.2985445261001587,0.25,0.15700553357601166,0.2985445261001587,0.25,0.2070055454969406,-0.20145545899868011,0.25,0.15700553357601166,-0.20145545899868011,-0.25,0.2070055454969406,-0.20145545899868011,-0.25,0.15700553357601166,-0.20145545899868011,-2.9802322831784522e-9,0.2070055454969406,0.1485445350408554,-2.9802322831784522e-9,0.30700555443763733,0.1485445350408554,-2.9802322831784522e-9,0.30700555443763733,-0.05145547166466713,-2.9802322831784522e-9,0.2070055454969406,-0.05145547166466713,-2.9802322831784522e-9,0.30700555443763733,-0.05145547166466713,-2.9802322831784522e-9,0.30700555443763733,-0.05145547166466713,-2.9802322831784522e-9,0.30700555443763733,0.1485445350408554,-2.9802322831784522e-9,0.2070055454969406,0.1485445350408554,-2.9802322831784522e-9,0.2070055454969406,0.1485445350408554,-2.9802322831784522e-9,0.2070055454969406,