{"schemaVersion":4,"source":{"uri":"models/npcs/fish/muskellunge.gltf","sha256":"77fc6b4d847a3e6c2beb5b9f7b0b0b9512b5b8f1b1255450352bb361a11a129e"},"animationNames":["idle","walk"],"boundingBox":{"min":{"x":-0.40625,"y":0,"z":-1.1875},"max":{"x":0.40625,"y":0.875,"z":1.3125}},"nodeNames":["cube","cube","cube","cube","cube","tail","cube","cube","head","cube","left_fin","cube","right_fin","body","muskellunge"],"trimesh":{"vertices":[0.15625,0.3125,0.5625,0.15625,-0.125,0.5625,0.15625,0.3125,-0.6875,0.15625,-0.125,-0.6875,-0.15625,0.3125,-0.6875,-0.15625,-0.125,-0.6875,-0.15625,0.3125,0.5625,-0.15625,-0.125,0.5625,-0.15625,0.3125,-0.6875,-0.15625,0.3125,0.5625,0.15625,0.3125,-0.6875,0.15625,0.3125,0.5625,-0.15625,-0.125,0.5625,-0.15625,-0.125,-0.6875,0.15625,-0.125,0.5625,0.15625,-0.125,-0.6875,-0.15625,0.3125,0.5625,-0.15625,-0.125,0.5625,0.15625,0.3125,0.5625,0.15625,-0.125,0.5625,0.15625,0.3125,-0.6875,0.15625,-0.125,-0.6875,-0.15625,0.3125,-0.6875,-0.15625,-0.125,-0.6875,0,-0.3125,0.625,0,-0.0625,0.625,0,-0.0625,0.1875,0,-0.3125,0.1875,0,-0.0625,0.1875,0,-0.0625,0.1875,0,-0.0625,0.625,0,-0.3125,0.625,0,-0.3125,0.625,0,-0.3125,0.1875,0,-0.0625,0.625,0,-0.0625,0.625,0,-0.3125,0.625,0,-0.0625,0.1875,0,-0.0625,0.1875,0,-0.3125,0.1875,0,0.25,0.625,0,0.5625,0.625,0,0.5625,0.0625,0,0.25,0.0625,0,0.5625,0.0625,0,0.5625,0.0625,0,0.5625,0.625,0,0.25,0.625,0,0.25,0.625,0,0.25,0.0625,0,0.5625,0.625,0,0.5625,0.625,0,0.25,0.625,0,0.5625,0.0625,0,0.5625,0.0625,0,0.25,0.0625,0.09375,0.25,-0.1875,0.09375,-0.0625,-0.1875,0.09375,0.25,-0.625,0.09375,-0.0625,-0.625,-0.09375,0.25,-0.625,-0.09375,-0.0625,-0.625,-0.09375,0.25,-0.1875,-0.09375,-0.0625,-0.1875,-0.09375,0.25,-0.625,-0.09375,0.25,-0.1875,0.09375,0.25,-0.625,0.09375,0.25,-0.1875,-0.09375,-0.0625,-0.1875,-0.09375,-0.0625,-0.625,0.09375,-0.0625,-0.1875,0.09375,-0.0625,-0.625,-0.09375,0.25,-0.1875,-0.09375,-0.0625,-0.1875,0.09375,0.25,-0.1875,0.09375,-0.0625,-0.1875,0.09375,0.25,-0.625,0.09375,-0.0625,-0.625,-0.09375,0.25,-0.625,-0.09375,-0.0625,-0.625,0,-0.1875,0.125,0,0.375,0.125,0,0.375,-0.4375,0,-0.1875,-0.4375,0,0.375,-0.4375,0,0.375,-0.4375,0,0.375,0.125,0,-0.1875,0.125,0,-0.1875,0.125,0,-0.1875,-0.4375,0,0.375,0.125,0,0.375,0.125,0,-0.1875,0.125,0,0.375,-0.4375,0,0.375,-0.4375,0,-0.1875,-0.4375,0.15625,0.0625,0.5625,0.15625,-0.0625,0.5625,0.15625,0.0625,0.0625,0.15625,-0.0625,0.0625,-0.15625,0.0625,0.0625,-0.15625,-0.0625,0.0625,-0.15625,0.0625,0.5625,-0.15625,-0.0625,0.5625,-0.15625,0.0625,0.0625,-0.15625,0.0625,0.5625,0.15625,0.0625,0.0625,0.15625,0.0625,0.5625,-0.15625,-0.0625,0.5625,-0.15625,-0.0625,0.0625,0.15625,-0.0625,0.5625,0.15625,-0.0625,0.0625,-0.15625,0.0625,0.5625,-0.15625,-0.0625,0.5625,0.15625,0.0625,0.5625,0.15625,-0.0625,0.5625,0.15625,0.0625,0.0625,0.15625,-0.0625,0.0625,-0.15625,0.0625,0.0625,-0.15625,-0.0625,0.0625,0.125,0.25,0.5625,0.125,0.0625,0.5625,0.125,0.25,0.125,0.125,0.0625,0.125,-0.125,0.25,0.125,-0.125,0.0625,0.125,-0.125,0.25,0.5625,-0.125,0.0625,0.5625,-0.125,0.25,0.125,-0.125,0.25,0.5625,0.125,0.25,0.125,0.125,0.25,0.5625,-0.125,0.0625,0.5625,-0.125,0.0625,0.125,0.125,0.0625,0.5625,0.125,0.0625,0.125,-0.125,0.25,0.5625,-0.125,0.0625,0.5625,0.125,0.25,0.5625,0.125,0.0625,0.5625,0.125,0.25,0.125,0.125,0.0625,0.125,-0.125,0.25,0.125,-0.125,0.0625,0.125,0.0625,0,-0.0625,0.0625,0,0.1875,0.0625,0,-0.0625,0.0625,0,0.1875,0.0625,0,-0.0625,-0.1875,0,-0.0625,-0.1875,0,0.1875,-0.0625,0,0.1875,-0.0625,0,-0.0625,-0.0625,0,0.1875,0.1875,0,-0.0625,-0.0625,0,-0.0625,-0.0625,0,0.1875,0.1875,0,0.1875],"indices":[0,1,2,1,3,2,4,5,6,5,7,6,8,9,10,9,11,10,12,13,14,13,15,14,16,17,18,17,19,18,20,21,22,21,23,22,24,25,26,24,26,27,28,29,30,28,30,30,31,32,33,31,33,33,34,35,36,34,36,36,37,38,39,37,39,39,40,41,42,40,42,43,44,45,46,44,46,46,47,48,49,47,49,49,50,51,52,50,52,52,53,54,55,53,55,55,56,57,58,57,59,58,60,61,62,61,63,62,64,65,66,65,67,66,68,69,70,69,71,70,72,73,74,73,75,74,76,77,78,77,79,78,80,81,82,80,82,83,84,85,86,84,86,86,87,88,89,87,89,89,90,91,92,90,92,92,93,94,95,93,95,95,96,97,98,97,99,98,100,101,102,101,103,102,104,105,106,105,107,106,108,109,110,109,111,110,112,113,114,113,115,114,116,117,118,117,119,118,120,121,122,121,123,122,124,125,126,125,127,126,128,129,130,129,131,130,132,133,134,133,135,134,136,137,138,137,139,138,140,141,142,141,143,142,144,145,146,144,146,145,147,148,149,147,149,150,151,152,152,151,152,153,154,155,156,154,156,157]},"optimizedModelData":{"":{"meshCount":5},"-named-nodes":{"meshCount":9},"-no-animations":{"meshCount":1}}}