{"schemaVersion":4,"source":{"uri":"models/environment/Farm/cranberry/cranberry-seeds.gltf","sha256":"9dcb1d16501bcea9fe1a364a3092618c33273071e023a80e24189a55fdc6b8fc"},"animationNames":[],"boundingBox":{"min":{"x":-0.21474305280616993,"y":-0.04421092742453922,"z":-0.14260704775697355},"max":{"x":0.21474305280616993,"y":0.10671092742453922,"z":0.20510704775697355}},"nodeNames":["cube","cube","cube","root",""],"trimesh":{"vertices":[0.1930370330810547,0.07546092569828033,-0.05639547109603882,0.21474304795265198,-0.04764004051685333,-0.05639547109603882,0.15093402564525604,0.06803703308105469,-0.17385704815387726,0.17264004051685333,-0.05506393685936928,-0.17385704815387726,0.035256948322057724,0.04764004051685333,-0.13110452890396118,0.05696297064423561,-0.07546092569828033,-0.13110452890396118,0.07735995948314667,0.05506393685936928,-0.013642951846122742,0.09906598180532455,-0.06803703308105469,-0.013642951846122742,0.035256948322057724,0.04764004051685333,-0.13110452890396118,0.07735995948314667,0.05506393685936928,-0.013642951846122742,0.15093402564525604,0.06803703308105469,-0.17385704815387726,0.1930370330810547,0.07546092569828033,-0.05639547109603882,0.09906598180532455,-0.06803703308105469,-0.013642951846122742,0.05696297064423561,-0.07546092569828033,-0.13110452890396118,0.21474304795265198,-0.04764004051685333,-0.05639547109603882,0.17264004051685333,-0.05506393685936928,-0.17385704815387726,0.07735995948314667,0.05506393685936928,-0.013642951846122742,0.09906598180532455,-0.06803703308105469,-0.013642951846122742,0.1930370330810547,0.07546092569828033,-0.05639547109603882,0.21474304795265198,-0.04764004051685333,-0.05639547109603882,0.15093402564525604,0.06803703308105469,-0.17385704815387726,0.17264004051685333,-0.05506393685936928,-0.17385704815387726,0.035256948322057724,0.04764004051685333,-0.13110452890396118,0.05696297064423561,-0.07546092569828033,-0.13110452890396118,0.027243059128522873,0.04764004051685333,0.13110452890396118,0.005537029821425676,-0.07546092569828033,0.13110452890396118,-0.014859960414469242,0.055063940584659576,0.013642951846122742,-0.03656598553061485,-0.06803703308105469,0.013642953708767891,-0.1305370330810547,0.07546092569828033,0.05639547109603882,-0.15224304795265198,-0.04764004051685333,0.05639546737074852,-0.08843400329351425,0.06803703308105469,0.17385704815387726,-0.11014004796743393,-0.055063940584659576,0.17385704815387726,-0.1305370330810547,0.07546092569828033,0.05639547109603882,-0.08843400329351425,0.06803703308105469,0.17385704815387726,-0.014859960414469242,0.055063940584659576,0.013642951846122742,0.027243059128522873,0.04764004051685333,0.13110452890396118,-0.11014004796743393,-0.055063940584659576,0.17385704815387726,-0.15224304795265198,-0.04764004051685333,0.05639546737074852,0.005537029821425676,-0.07546092569828033,0.13110452890396118,-0.03656598553061485,-0.06803703308105469,0.013642953708767891,-0.08843400329351425,0.06803703308105469,0.17385704815387726,-0.11014004796743393,-0.055063940584659576,0.17385704815387726,0.027243059128522873,0.04764004051685333,0.13110452890396118,0.005537029821425676,-0.07546092569828033,0.13110452890396118,-0.014859960414469242,0.055063940584659576,0.013642951846122742,-0.03656598553061485,-0.06803703308105469,0.013642953708767891,-0.1305370330810547,0.07546092569828033,0.05639547109603882,-0.15224304795265198,-0.04764004051685333,0.05639546737074852,-0.07735995203256607,0.055063940584659576,-0.013642954640090466,-0.09906598180532455,-0.06803703308105469,-0.013642952777445316,-0.03525695204734802,0.04764004424214363,-0.13110452890396118,-0.05696296691894531,-0.07546092569828033,-0.13110452890396118,-0.15093402564525604,0.06803703308105469,-0.17385704815387726,-0.17264005541801453,-0.055063940584659576,-0.17385703325271606,-0.1930370181798935,0.07546092569828033,-0.05639547109603882,-0.21474306285381317,-0.04764004424214363,-0.05639546364545822,-0.15093402564525604,0.06803703308105469,-0.17385704815387726,-0.1930370181798935,0.07546092569828033,-0.05639547109603882,-0.03525695204734802,0.04764004424214363,-0.13110452890396118,-0.07735995203256607,0.055063940584659576,-0.013642954640090466,-0.21474306285381317,-0.04764004424214363,-0.05639546364545822,-0.17264005541801453,-0.055063940584659576,-0.17385703325271606,-0.09906598180532455,-0.06803703308105469,-0.013642952777445316,-0.05696296691894531,-0.07546092569828033,-0.13110452890396118,-0.1930370181798935,0.07546092569828033,-0.05639547109603882,-0.21474306285381317,-0.04764004424214363,-0.05639546364545822,-0.07735995203256607,0.055063940584659576,-0.013642954640090466,-0.09906598180532455,-0.06803703308105469,-0.013642952777445316,-0.03525695204734802,0.04764004424214363,-0.13110452890396118,-0.05696296691894531,-0.07546092569828033,-0.13110452890396118,-0.15093402564525604,0.06803703308105469,-0.17385704815387726,-0.17264005541801453,-0.055063940584659576,-0.17385703325271606],"indices":[0,1,2,1,3,2,4,5,6,5,7,6,8,9,10,9,11,10,12,13,14,13,15,14,16,17,18,17,19,18,20,21,22,21,23,22,24,25,26,25,27,26,28,29,30,29,31,30,32,33,34,33,35,34,36,37,38,37,39,38,40,41,42,41,43,42,44,45,46,45,47,46,48,49,50,49,51,50,52,53,54,53,55,54,56,57,58,57,59,58,60,61,62,61,63,62,64,65,66,65,67,66,68,69,70,69,71,70]},"optimizedModelData":{"":{"meshCount":1},"-named-nodes":{"meshCount":3},"-no-animations":{"meshCount":1}}}