{"schemaVersion":4,"source":{"uri":"models/environment/Farm/cucumbers/cucumber-stage1.gltf","sha256":"6a17b321ac2a661d3da522d77f1dca4d56e442f05dc844a226c307e06cdb6563"},"animationNames":[],"boundingBox":{"min":{"x":-0.2583278646215772,"y":0,"z":-0.09375},"max":{"x":0.2664857518784544,"y":0.4375,"z":0.09375}},"nodeNames":["cube","cube","cube","cube","root",""],"trimesh":{"vertices":[-0.006387705914676189,0.06798828393220901,0.09375,-0.014545592479407787,0.00602298229932785,0.09375,-0.006387705914676189,0.06798828393220901,-0.09375,-0.014545592479407787,0.00602298229932785,-0.09375,-0.2542489171028137,0.1006198301911354,-0.09375,-0.2624067962169647,0.03865452855825424,-0.09375,-0.2542489171028137,0.1006198301911354,0.09375,-0.2624067962169647,0.03865452855825424,0.09375,-0.2542489171028137,0.1006198301911354,-0.09375,-0.2542489171028137,0.1006198301911354,0.09375,-0.006387705914676189,0.06798828393220901,-0.09375,-0.006387705914676189,0.06798828393220901,0.09375,-0.2624067962169647,0.03865452855825424,0.09375,-0.2624067962169647,0.03865452855825424,-0.09375,-0.014545592479407787,0.00602298229932785,0.09375,-0.014545592479407787,0.00602298229932785,-0.09375,-0.2542489171028137,0.1006198301911354,0.09375,-0.2624067962169647,0.03865452855825424,0.09375,-0.006387705914676189,0.06798828393220901,0.09375,-0.014545592479407787,0.00602298229932785,0.09375,-0.006387705914676189,0.06798828393220901,-0.09375,-0.014545592479407787,0.00602298229932785,-0.09375,-0.2542489171028137,0.1006198301911354,-0.09375,-0.2624067962169647,0.03865452855825424,-0.09375,0.2542489171028137,0.03865452855825424,0.09375,0.2624067962169647,-0.023310773074626923,0.09375,0.2542489171028137,0.03865452855825424,-0.09375,0.2624067962169647,-0.023310773074626923,-0.09375,0.006387712433934212,0.006022981368005276,-0.09375,0.014545587822794914,-0.05594232305884361,-0.09375,0.006387712433934212,0.006022981368005276,0.09375,0.014545587822794914,-0.05594232305884361,0.09375,0.006387712433934212,0.006022981368005276,-0.09375,0.006387712433934212,0.006022981368005276,0.09375,0.2542489171028137,0.03865452855825424,-0.09375,0.2542489171028137,0.03865452855825424,0.09375,0.014545587822794914,-0.05594232305884361,0.09375,0.014545587822794914,-0.05594232305884361,-0.09375,0.2624067962169647,-0.023310773074626923,0.09375,0.2624067962169647,-0.023310773074626923,-0.09375,0.006387712433934212,0.006022981368005276,0.09375,0.014545587822794914,-0.05594232305884361,0.09375,0.2542489171028137,0.03865452855825424,0.09375,0.2624067962169647,-0.023310773074626923,0.09375,0.2542489171028137,0.03865452855825424,-0.09375,0.2624067962169647,-0.023310773074626923,-0.09375,0.006387712433934212,0.006022981368005276,-0.09375,0.014545587822794914,-0.05594232305884361,-0.09375,0.018018145114183426,0.21875,-0.022097086533904076,0.018018145114183426,0.21875,-0.022097086533904076,0.018018148839473724,-0.21875,-0.022097086533904076,-0.026176031678915024,0.21875,0.022097086533904076,-0.026176031678915024,0.21875,0.022097086533904076,-0.026176027953624725,-0.21875,0.022097086533904076,0.018018145114183426,0.21875,-0.022097086533904076,0.018018148839473724,-0.21875,-0.022097086533904076,-0.026176027953624725,-0.21875,0.022097086533904076,0.018018148839473724,-0.21875,-0.022097086533904076,-0.026176027953624725,-0.21875,0.022097086533904076,-0.026176031678915024,0.21875,0.022097086533904076,0.018018145114183426,0.21875,-0.022097086533904076,0.018018148839473724,-0.21875,-0.022097086533904076,0.018018145114183426,0.21875,0.022097086533904076,0.018018145114183426,0.21875,0.022097086533904076,0.018018148839473724,-0.21875,0.022097086533904076,-0.026176031678915024,0.21875,-0.022097086533904076,-0.026176031678915024,0.21875,-0.022097086533904076,-0.026176027953624725,-0.21875,-0.022097086533904076,0.018018145114183426,0.21875,0.022097086533904076,0.018018148839473724,-0.21875,0.022097086533904076,-0.026176027953624725,-0.21875,-0.022097086533904076,0.018018148839473724,-0.21875,0.022097086533904076,-0.026176027953624725,-0.21875,-0.022097086533904076,-0.026176031678915024,0.21875,-0.022097086533904076,0.018018145114183426,0.21875,0.022097086533904076,0.018018148839473724,-0.21875,0.022097086533904076],"indices":[0,1,2,1,3,2,4,5,6,5,7,6,8,9,10,9,11,10,12,13,14,13,15,14,16,17,18,17,19,18,20,21,22,21,23,22,24,25,26,25,27,26,28,29,30,29,31,30,32,33,34,33,35,34,36,37,38,37,39,38,40,41,42,41,43,42,44,45,46,45,47,46,48,49,50,48,50,50,51,52,53,51,53,53,48,51,54,48,54,51,55,56,57,55,57,56,58,59,60,58,60,61,62,63,64,62,64,64,65,66,67,65,67,67,62,65,68,62,68,65,69,70,71,69,71,70,72,73,74,72,74,75]},"optimizedModelData":{"":{"meshCount":1},"-named-nodes":{"meshCount":4},"-no-animations":{"meshCount":1}}}