{"schemaVersion":4,"source":{"uri":"models/environment/Desert/snake-statue.gltf","sha256":"e47d4c9dc350f7d9a81e69f09ad7ff8511da61bbbd118b21a1733e980a3e1d23"},"animationNames":[],"boundingBox":{"min":{"x":-0.80625,"y":0,"z":-1.0023964946016588},"max":{"x":0.80625,"y":2.4057652286746083,"z":0.49201292735373103}},"nodeNames":["cube","cube","cube","cube","cube","cube","cube","cube","cube","cube","root",""],"trimesh":{"vertices":[0.4375,-0.7028825879096985,0.6926918029785156,0.4375,-0.9528825879096985,0.6926918029785156,0.4375,-0.7028825879096985,-0.18230821192264557,0.4375,-0.9528825879096985,-0.18230821192264557,-0.4375,-0.7028825879096985,-0.18230821192264557,-0.4375,-0.9528825879096985,-0.18230821192264557,-0.4375,-0.7028825879096985,0.6926918029785156,-0.4375,-0.9528825879096985,0.6926918029785156,-0.4375,-0.7028825879096985,-0.18230821192264557,-0.4375,-0.7028825879096985,0.6926918029785156,0.4375,-0.7028825879096985,-0.18230821192264557,0.4375,-0.7028825879096985,0.6926918029785156,-0.4375,-0.9528825879096985,0.6926918029785156,-0.4375,-0.9528825879096985,-0.18230821192264557,0.4375,-0.9528825879096985,0.6926918029785156,0.4375,-0.9528825879096985,-0.18230821192264557,-0.4375,-0.7028825879096985,0.6926918029785156,-0.4375,-0.9528825879096985,0.6926918029785156,0.4375,-0.7028825879096985,0.6926918029785156,0.4375,-0.9528825879096985,0.6926918029785156,0.4375,-0.7028825879096985,-0.18230821192264557,0.4375,-0.9528825879096985,-0.18230821192264557,-0.4375,-0.7028825879096985,-0.18230821192264557,-0.4375,-0.9528825879096985,-0.18230821192264557,0.375,-0.9528825879096985,0.6301918029785156,0.375,-1.1403826475143433,0.6301918029785156,0.375,-0.9528825879096985,-0.11980821937322617,0.375,-1.1403826475143433,-0.11980821937322617,-0.375,-0.9528825879096985,-0.11980821937322617,-0.375,-1.1403826475143433,-0.11980821937322617,-0.375,-0.9528825879096985,0.6301918029785156,-0.375,-1.1403826475143433,0.6301918029785156,-0.375,-0.9528825879096985,-0.11980821937322617,-0.375,-0.9528825879096985,0.6301918029785156,0.375,-0.9528825879096985,-0.11980821937322617,0.375,-0.9528825879096985,0.6301918029785156,-0.375,-1.1403826475143433,0.6301918029785156,-0.375,-1.1403826475143433,-0.11980821937322617,0.375,-1.1403826475143433,0.6301918029785156,0.375,-1.1403826475143433,-0.11980821937322617,-0.375,-0.9528825879096985,0.6301918029785156,-0.375,-1.1403826475143433,0.6301918029785156,0.375,-0.9528825879096985,0.6301918029785156,0.375,-1.1403826475143433,0.6301918029785156,0.375,-0.9528825879096985,-0.11980821937322617,0.375,-1.1403826475143433,-0.11980821937322617,-0.375,-0.9528825879096985,-0.11980821937322617,-0.375,-1.1403826475143433,-0.11980821937322617,0.4375,-1.1403826475143433,0.6926918029785156,0.4375,-1.2028826475143433,0.6926918029785156,0.4375,-1.1403826475143433,-0.18230821192264557,0.4375,-1.2028826475143433,-0.18230821192264557,-0.4375,-1.1403826475143433,-0.18230821192264557,-0.4375,-1.2028826475143433,-0.18230821192264557,-0.4375,-1.1403826475143433,0.6926918029785156,-0.4375,-1.2028826475143433,0.6926918029785156,-0.4375,-1.1403826475143433,-0.18230821192264557,-0.4375,-1.1403826475143433,0.6926918029785156,0.4375,-1.1403826475143433,-0.18230821192264557,0.4375,-1.1403826475143433,0.6926918029785156,-0.4375,-1.2028826475143433,0.6926918029785156,-0.4375,-1.2028826475143433,-0.18230821192264557,0.4375,-1.2028826475143433,0.6926918029785156,0.4375,-1.2028826475143433,-0.18230821192264557,-0.4375,-1.1403826475143433,0.6926918029785156,-0.4375,-1.2028826475143433,0.6926918029785156,0.4375,-1.1403826475143433,0.6926918029785156,0.4375,-1.2028826475143433,0.6926918029785156,0.4375,-1.1403826475143433,-0.18230821192264557,0.4375,-1.2028826475143433,-0.18230821192264557,-0.4375,-1.1403826475143433,-0.18230821192264557,-0.4375,-1.2028826475143433,-0.18230821192264557,0.18593749403953552,-0.11375579237937927,0.7451632022857666,0.18593749403953552,-0.8615207672119141,0.43542879819869995,0.18593749403953552,0.02855459228157997,0.40159550309181213,0.18593749403953552,-0.7192103862762451,0.09186110645532608,-0.18593749403953552,0.02855459228157997,0.40159550309181213,-0.18593749403953552,-0.7192103862762451,0.09186110645532608,-0.18593749403953552,-0.11375579237937927,0.7451632022857666,-0.18593749403953552,-0.8615207672119141,0.43542879819869995,-0.18593749403953552,0.02855459228157997,0.40159550309181213,-0.18593749403953552,-0.11375579237937927,0.7451632022857666,0.18593749403953552,0.02855459228157997,0.40159550309181213,0.18593749403953552,-0.11375579237937927,0.7451632022857666,-0.18593749403953552,-0.8615207672119141,0.43542879819869995,-0.18593749403953552,-0.7192103862762451,0.09186110645532608,0.18593749403953552,-0.8615207672119141,0.43542879819869995,0.18593749403953552,-0.7192103862762451,0.09186110645532608,-0.18593749403953552,-0.11375579237937927,0.7451632022857666,-0.18593749403953552,-0.8615207672119141,0.43542879819869995,0.18593749403953552,-0.11375579237937927,0.7451632022857666,0.18593749403953552,-0.8615207672119141,0.43542879819869995,0.18593749403953552,0.02855459228157997,0.40159550309181213,0.18593749403953552,-0.7192103862762451,0.09186110645532608,-0.18593749403953552,0.02855459228157997,0.40159550309181213,-0.18593749403953552,-0.7192103862762451,0.09186110645532608,0.18125000596046448,0.9264542460441589,0.31668585538864136,0.18125000596046448,-0.11291024088859558,0.7472047209739685,0.18125000596046448,0.7829480767250061,-0.029768962413072586,0.18125000596046448,-0.2564164698123932,0.40074989199638367,-0.18125000596046448,0.7829480767250061,-0.029768962413072586,-0.18125000596046448,-0.2564164698123932,0.40074989199638367,-0.18125000596046448,0.9264542460441589,0.31668585538864136,-0.18125000596046448,-0.11291024088859558,0.7472047209739685,-0.18125000596046448,0.7829480767250061,-0.029768962413072586,-0.18125000596046448,0.9264542460441589,0.31668585538864136,0.18125000596046448,0.7829480767250061,-0.029768962413072586,0.18125000596046448,0.9264542460441589,0.31668585538864136,-0.18125000596046448,-0.11291024088859558,0.7472047209739685,-0.18125000596046448,-0.2564164698123932,0.40074989199638367,0.18125000596046448,-0.11291024088859558,0.7472047209739685,0.18125000596046448,-0.2564164698123932,0.40074989199638367,-0.18125000596046448,0.9264542460441589,0.31668585538864136,-0.18125000596046448,-0.11291024088859558,0.7472047209739685,0.18125000596046448,0.9264542460441589,0.31668585538864136,0.18125000596046448,-0.11291024088859558,0.7472047209739685,0.18125000596046448,0.7829480767250061,-0.029768962413072586,0.18125000596046448,-0.2564164698123932,0.40074989199638367,-0.18125000596046448,0.7829480767250061,-0.029768962413072586,-0.18125000596046448,-0.2564164698123932,0.40074989199638367,0.3125,1.2028826475143433,0.22909130156040192,0.3125,0.890382707118988,0.22909130156040192,0.3125,1.2028826475143433,-0.39590874314308167,0.3125,0.890382707118988,-0.39590874314308167,-0.3125,1.2028826475143433,-0.39590874314308167,-0.3125,0.890382707118988,-0.39590874314308167,-0.3125,1.2028826475143433,0.22909130156040192,-0.3125,0.890382707118988,0.22909130156040192,-0.3125,1.2028826475143433,-0.39590874314308167,-0.3125,1.2028826475143433,0.22909130156040192,0.3125,1.2028826475143433,-0.39590874314308167,0.3125,1.2028826475143433,0.22909130156040192,-0.3125,0.890382707118988,0.22909130156040192,-0.3125,0.890382707118988,-0.39590874314308167,0.3125,0.890382707118988,0.22909130156040192,0.3125,0.890382707118988,-0.39590874314308167,-0.3125,1.2028826475143433,0.22909130156040192,-0.3125,0.890382707118988,0.22909130156040192,0.3125,1.2028826475143433,0.22909130156040192,0.3125,0.890382707118988,0.22909130156040192,0.3125,1.2028826475143433,-0.39590874314308167,0.3125,0.890382707118988,-0.39590874314308167,-0.3125,1.2028826475143433,-0.39590874314308167,-0.3125,0.890382707118988,-0.39590874314308167,0.3125,0.890382707118988,0.22909130156040192,0.3125,0.7683456540107727,0.25614625215530396,0.3125,0.7551079392433167,-0.38109371066093445,0.3125,