{"schemaVersion":4,"source":{"uri":"models/environment/Farm/sunflower/sunflower-stage4.gltf","sha256":"6be8a928040cc099db2685cb7581a158a5d4486ea27bdea78c7d29028c8a9cc0"},"animationNames":[],"boundingBox":{"min":{"x":-0.48096988312782174,"y":0,"z":-0.40788588569299833},"max":{"x":0.4878754967963794,"y":2.1617221965762217,"z":0.4088376774021748}},"nodeNames":["cube","cube","cube","cube","cube","cube","cube","cube","cube","root",""],"trimesh":{"vertices":[0.4844226837158203,1.0638761520385742,0.032200198620557785,0.39125776290893555,0.15530213713645935,-0.19271980226039886,0.4601648151874542,1.0808610916137695,-0.026363492012023926,0.36699989438056946,0.17228713631629944,-0.2512834966182709,-0.3511168956756592,1.0808610916137695,0.30968040227890015,-0.44428178668022156,0.17228713631629944,0.084760382771492,-0.3268589973449707,1.0638761520385742,0.36824408173561096,-0.42002391815185547,0.15530213713645935,0.143324077129364,-0.3511168956756592,1.0808610916137695,0.30968040227890015,-0.3268589973449707,1.0638761520385742,0.36824408173561096,0.4601648151874542,1.0808610916137695,-0.026363492012023926,0.4844226837158203,1.0638761520385742,0.032200198620557785,-0.42002391815185547,0.15530213713645935,0.143324077129364,-0.44428178668022156,0.17228713631629944,0.084760382771492,0.39125776290893555,0.15530213713645935,-0.19271980226039886,0.36699989438056946,0.17228713631629944,-0.2512834966182709,-0.3268589973449707,1.0638761520385742,0.36824408173561096,-0.42002391815185547,0.15530213713645935,0.143324077129364,0.4844226837158203,1.0638761520385742,0.032200198620557785,0.39125776290893555,0.15530213713645935,-0.19271980226039886,0.4601648151874542,1.0808610916137695,-0.026363492012023926,0.36699989438056946,0.17228713631629944,-0.2512834966182709,-0.3511168956756592,1.0808610916137695,0.30968040227890015,-0.44428178668022156,0.17228713631629944,0.084760382771492,0.027797194197773933,0.35663890838623047,0.030774105340242386,0.027797194197773933,-1.0808610916137695,0.030774105340242386,0.027797190472483635,0.3566388785839081,-0.03172589838504791,0.027797183021903038,-1.080861210823059,-0.0317259207367897,-0.034702807664871216,0.3566388785839081,-0.03172589838504791,-0.034702807664871216,-1.0808610916137695,-0.03172589838504791,-0.034702807664871216,0.35663890838623047,0.030774105340242386,-0.034702807664871216,-1.080861210823059,0.03077409788966179,-0.034702807664871216,0.3566388785839081,-0.03172589838504791,-0.034702807664871216,0.35663890838623047,0.030774105340242386,0.027797190472483635,0.3566388785839081,-0.03172589838504791,0.027797194197773933,0.35663890838623047,0.030774105340242386,-0.034702807664871216,-1.080861210823059,0.03077409788966179,-0.034702807664871216,-1.0808610916137695,-0.03172589838504791,0.027797194197773933,-1.0808610916137695,0.030774105340242386,0.027797183021903038,-1.080861210823059,-0.0317259207367897,-0.034702807664871216,0.35663890838623047,0.030774105340242386,-0.034702807664871216,-1.080861210823059,0.03077409788966179,0.027797194197773933,0.35663890838623047,0.030774105340242386,0.027797194197773933,-1.0808610916137695,0.030774105340242386,0.027797190472483635,0.3566388785839081,-0.03172589838504791,0.027797183021903038,-1.080861210823059,-0.0317259207367897,-0.034702807664871216,0.3566388785839081,-0.03172589838504791,-0.034702807664871216,-1.0808610916137695,-0.03172589838504791,0.30029547214508057,0.812688946723938,0.0776389092206955,0.2507725954055786,0.32972604036331177,-0.04191989451646805,0.25409001111984253,0.8450413346290588,-0.033910978585481644,0.20456713438034058,0.3620784282684326,-0.15346978604793549,-0.20784974098205566,0.8450413346290588,0.1574307382106781,-0.2573726177215576,0.3620784282684326,0.03787192702293396,-0.16164426505565643,0.812688946723938,0.26898062229156494,-0.2111671417951584,0.32972604036331177,0.1494218111038208,-0.20784974098205566,0.8450413346290588,0.1574307382106781,-0.16164426505565643,0.812688946723938,0.26898062229156494,0.25409001111984253,0.8450413346290588,-0.033910978585481644,0.30029547214508057,0.812688946723938,0.0776389092206955,-0.2111671417951584,0.32972604036331177,0.1494218111038208,-0.2573726177215576,0.3620784282684326,0.03787192702293396,0.2507725954055786,0.32972604036331177,-0.04191989451646805,0.20456713438034058,0.3620784282684326,-0.15346978604793549,-0.16164426505565643,0.812688946723938,0.26898062229156494,-0.2111671417951584,0.32972604036331177,0.1494218111038208,0.30029547214508057,0.812688946723938,0.0776389092206955,0.2507725954055786,0.32972604036331177,-0.04191989451646805,0.25409001111984253,0.8450413346290588,-0.033910978585481644,0.20456713438034058,0.3620784282684326,-0.15346978604793549,-0.20784974098205566,0.8450413346290588,0.1574307382106781,-0.2573726177215576,0.3620784282684326,0.03787192702293396,-0.02248293161392212,-0.6719551682472229,0.14299191534519196,-0.02248293161392212,-0.7915437817573547,-0.145720437169075,-0.4844227135181427,-0.4951784908771515,0.06976862996816635,-0.4844227135181427,-0.6147670745849609,-0.2189437299966812,-0.02248293161392212,-0.6719551682472229,0.14299191534519196,-0.4844227135181427,-0.4951784908771515,0.06976862996816635,-0.02248293161392212,-0.6719551682472229,0.14299191534519196,-0.02248293161392212,-0.7915437817573547,-0.145720437169075,-0.4844227135181427,-0.6147670745849609,-0.2189437299966812,-0.02248293161392212,-0.7915437817573547,-0.145720437169075,-0.4844227135181427,-0.6147670745849609,-0.2189437299966812,-0.4844227135181427,-0.4951784908771515,0.06976862996816635,-0.02248293161392212,-0.6719551682472229,0.14299191534519196,-0.02248293161392212,-0.7915437817573547,-0.145720437169075,0.14133748412132263,-0.38655176758766174,0.0449218675494194,-0.1253979504108429,-0.5061402916908264,-0.06556356698274612,-0.11275764554738998,-0.15558184683322906,0.4083617925643921,-0.3794930875301361,-0.2751704752445221,0.2978763282299042,0.14133748412132263,-0.38655176758766174,0.0449218675494194,-0.11275764554738998,-0.15558184683322906,0.4083617925643921,0.14133748412132263,-0.38655176758766174,0.0449218675494194,-0.1253979504108429,-0.5061402916908264,-0.06556356698274612,-0.3794930875301361,-0.2751704752445221,0.2978763282299042,-0.1253979504108429,-0.5061402916908264,-0.06556356698274612,-0.3794930875301361,-0.2751704752445221,0.2978763282299042,-0.11275764554738998,-0.15558184683322906,0.4083617925643921,0.14133748412132263,-0.38655176758766174,0.0449218675494194,-0.1253979504108429,-0.5061402916908264,-0.06556356698274612,-0.14824308454990387,-0.19905173778533936,0.044921860098838806,0.11849234253168106,-0.3186402916908264,-0.06556357443332672,0.10585203766822815,0.03191813826560974,0.4083617627620697,0.3725874722003937,-0.08767043799161911,0.29787635803222656,0.10585203766822815,0.03191813826560974,0.4083617627620697,-0.14824308454990387,-0.19905173778533936,0.044921860098838806,0.10585203766822815,0.03191813826560974,0.4083617627620697,0.3725874722003937,-0.08767043799161911,0.29787635803222656,0.11849234253168106,-0.3186402916908264,-0.06556357443332672,0.3725874722003937,-0.08767043799161911,0.29787635803222656,-0.14824308454990387,-0.19905173778533936,0.044921860098838806,0.10585203766822815,0.03191813826560974,0.4083617627620697,0.3725874722003937,-0.08767043799161911,0.29787635803222656,0.11849234253168106,-0.3186402916908264,-0.06556357443332672,0.1488015055656433,-0.9327380657196045,0.06365998834371567,-0.14430783689022064,-0.8990249037742615,-0.03932829201221466,0.31240221858024597,-0.6376973390579224,-0.30537348985671997,0.019292883574962616,-0.6039840579032898,-0.4083617627620697,0.31240221858024597,-0.6376973390579224,-0.30537348985671997,0.1488015055656433,-0.9327380657196045,0.06365998834371567,0.31240221858024597,-0.6376973390579224,-0.30537348985671997,0.019292883574962616,-0.6039840579032898,-0.4083617627620697,-0.14430783689022064,-0.8990249037742615,-0.03932829201221466,0.019292883574962616,-0.6039840579032898,-0.4083617627620697,0.1488015055656433,-0.9327380657196045,0.06365998834371567,