{"schemaVersion":4,"source":{"uri":"models/eggs/rare/viking-egg.gltf","sha256":"a8cb4cf686e9d08808491a6dc17de887ab2f2bba80ce8f938abc0763581fafe5"},"animationNames":[],"boundingBox":{"min":{"x":-0.6890784653641826,"y":0,"z":-0.40625},"max":{"x":0.6890784653641826,"y":0.9779302166991701,"z":0.375}},"nodeNames":["cube","cube","cube","cube","cube","cube","cube","horn","cube","cube","horn2","group"],"trimesh":{"vertices":[0.28125,0.38603490591049194,-0.265625,0.3125,0.38603490591049194,0.015625,0.3125,0.13603489100933075,0.015625,0.3125,0.13603489100933075,-0.296875,-0.3125,0.13603489100933075,-0.296875,-0.3125,0.13603489100933075,0.015625,-0.3125,0.38603490591049194,0.015625,-0.28125,0.38603490591049194,-0.265625,-0.28125,0.38603490591049194,-0.265625,-0.3125,0.38603490591049194,0.015625,0,0.38603490591049194,0.015625,0,0.38603490591049194,-0.296875,0,0.13603489100933075,-0.296875,0,0.13603489100933075,0.015625,-0.3125,0.13603489100933075,0.015625,-0.3125,0.13603489100933075,-0.296875,-0.3125,0.13603489100933075,0.328125,0,0.13603489100933075,0.328125,0,0.38603490591049194,0.328125,-0.28125,0.38603490591049194,0.296875,-0.28125,0.38603490591049194,-0.265625,0,0.38603490591049194,-0.296875,0,0.13603489100933075,-0.296875,-0.3125,0.13603489100933075,-0.296875,0.3125,0.38603490591049194,0.015625,0.28125,0.38603490591049194,-0.265625,0.28125,0.38603490591049194,0.296875,0,0.38603490591049194,0.328125,0,0.13603489100933075,0.328125,0.3125,0.13603489100933075,0.328125,0.3125,0.13603489100933075,-0.296875,0.3125,0.13603489100933075,0.015625,0.3125,0.13603489100933075,-0.296875,0,0.13603489100933075,-0.296875,0,0.38603490591049194,-0.296875,0.28125,0.38603490591049194,-0.265625,-0.28125,0.38603490591049194,0.296875,-0.3125,0.38603490591049194,0.015625,-0.3125,0.13603489100933075,0.015625,-0.3125,0.13603489100933075,0.328125,-0.3125,0.13603489100933075,0.328125,0,0.13603489100933075,0.328125,0.3125,0.13603489100933075,0.328125,0.3125,0.13603489100933075,0.328125,0.3125,0.13603489100933075,0.015625,0.3125,0.38603490591049194,0.015625,0.28125,0.38603490591049194,0.296875,0.28125,0.38603490591049194,0.296875,0,0.38603490591049194,0.328125,-0.28125,0.38603490591049194,0.296875,0.359375,-0.36396509408950806,-0.34375,0.375,-0.11396510899066925,-0.359375,0.375,-0.11396510899066925,0.390625,0.359375,-0.36396509408950806,0.375,-0.359375,-0.36396509408950806,0.375,-0.375,-0.11396510899066925,0.390625,-0.375,-0.11396510899066925,-0.359375,-0.359375,-0.36396509408950806,-0.34375,0.34375,0.13603489100933075,0.359375,0.34375,0.13603489100933075,-0.328125,-0.34375,0.13603489100933075,-0.328125,-0.34375,0.13603489100933075,0.359375,0.359375,-0.36396509408950806,-0.34375,0.359375,-0.36396509408950806,0.375,-0.359375,-0.36396509408950806,0.375,-0.359375,-0.36396509408950806,-0.34375,0.359375,-0.36396509408950806,0.375,0.375,-0.11396510899066925,0.390625,-0.375,-0.11396510899066925,0.390625,-0.359375,-0.36396509408950806,0.375,-0.359375,-0.36396509408950806,-0.34375,-0.375,-0.11396510899066925,-0.359375,0.375,-0.11396510899066925,-0.359375,0.359375,-0.36396509408950806,-0.34375,-0.34375,0.13603489100933075,-0.328125,-0.375,-0.11396510899066925,-0.359375,-0.375,-0.11396510899066925,0.390625,-0.34375,0.13603489100933075,0.359375,-0.34375,0.13603489100933075,0.359375,-0.375,-0.11396510899066925,0.390625,0.375,-0.11396510899066925,0.390625,0.34375,0.13603489100933075,0.359375,0.34375,0.13603489100933075,0.359375,0.375,-0.11396510899066925,0.390625,0.375,-0.11396510899066925,-0.359375,0.34375,0.13603489100933075,-0.328125,0.34375,0.13603489100933075,-0.328125,0.375,-0.11396510899066925,-0.359375,-0.375,-0.11396510899066925,-0.359375,-0.34375,0.13603489100933075,-0.328125,0.3125,-0.48896509408950806,-0.296875,0.34375,-0.36396509408950806,-0.328125,0.34375,-0.36396509408950806,0.359375,0.3125,-0.48896509408950806,0.328125,-0.3125,-0.48896509408950806,0.328125,-0.34375,-0.36396509408950806,0.359375,-0.34375,-0.36396509408950806,-0.328125,-0.3125,-0.48896509408950806,-0.296875,0.34375,-0.36396509408950806,0.359375,0.34375,-0.36396509408950806,-0.328125,-0.34375,-0.36396509408950806,-0.328125,-0.34375,-0.36396509408950806,0.359375,0.3125,-0.48896509408950806,-0.296875,0.3125,-0.48896509408950806,0.328125,-0.3125,-0.48896509408950806,0.328125,-0.3125,-0.48896509408950806,-0.296875,0.3125,-0.48896509408950806,0.328125,0.34375,-0.36396509408950806,0.359375,-0.34375,-0.36396509408950806,0.359375,-0.3125,-0.48896509408950806,0.328125,-0.3125,-0.48896509408950806,-0.296875,-0.34375,-0.36396509408950806,-0.328125,0.34375,-0.36396509408950806,-0.328125,0.3125,-0.48896509408950806,-0.296875,0.375,-0.11396510899066925,0.390625,0.375,-0.23896510899066925,0.390625,0.375,-0.11396510899066925,-0.359375,0.375,-0.23896510899066925,-0.359375,-0.375,-0.11396510899066925,-0.359375,-0.375,-0.23896510899066925,-0.359375,-0.375,-0.11396510899066925,0.390625,-0.375,-0.23896510899066925,0.390625,-0.375,-0.11396510899066925,-0.359375,-0.375,-0.11396510899066925,0.390625,0.375,-0.11396510899066925,-0.359375,0.375,-0.11396510899066925,0.390625,-0.375,-0.23896510899066925,0.390625,-0.375,-0.23896510899066925,-0.359375,0.375,-0.23896510899066925,0.390625,0.375,-0.23896510899066925,-0.359375,-0.375,-0.11396510899066925,0.390625,-0.375,-0.23896510899066925,0.390625,0.375,-0.11396510899066925,0.390625,0.375,-0.23896510899066925,0.390625,0.375,-0.11396510899066925,-0.359375,0.375,-0.23896510899066925,-0.359375,-0.375,-0.11396510899066925,-0.359375,-0.375,-0.23896510899066925,-0.359375,0.125,-0.08271510899066925,-0.328125,0.125,-0.27021509408950806,-0.328125,0.125,-0.08271510899066925,-0.390625,0.125,-0.27021509408950806,-0.390625,-0.125,-0.08271510899066925,-0.390625,-0.125,-0.27021509408950806,-0.390625,-0.125,-0.08271510899066925,-0.328125,-0.125,-0.27021509408950806,-0.328125,-0.125,-0.08271510899066925,-0.390625,-0.125,-0.08271510899066925,-0.328125,0.125,-0.08271510899066925,-0.390625,0.125,-0.08271510899066925,-0.328125,-0.125,-0.27021509408950806,-0.328125,-0.125,-0.27021509408950806,-0.390625,0.125,-0.27021509408950806,-0.328125,0.125,-0.27021509408950806,-0.390625,-0.125,-0.08271510899066925,-0.328125,-0.125,-0.27021509408950806,-0.328125,0.125,-0.08271510899066925,-0.328125,0.125,-0.27021509408950806,-0.328125,0.125,-0.08271510899066925,-0.390625,0.125,-0.27021509408950806,-0.390625,-0.125,-0.08271510899066925,-0.390625,-0.125,-0.27021509408950806,-0.390625,-0.27562129497528076,0.16027192771434784,0.140625,-0.32973119616508484,-0.08380205929279327,0.140625,-0.27562129497528076,0.16027192771434784,-0.109375,-0.32973119616508484,-0.08380205929279327,-0.109375,-0.3976582884788513,0.18732689321041107,-0.109375,-0.4517681896686554,-0.05674709379673004,-0.109375,-0.3976582884788513,0.18732689321041107,0.140625,-0.4517681896686554,-0.05674709379673004,0.140625,-0.3976582884788513,0.18732689321041107,-0.109375,-0.3976582884788513,0.18732689321041107,0.140625,-0.27562129497528076,0.16027192771434784,-0.109375,-0.27562129497528076,0.16027192771434784,0.140625,-0.4517681896686554,-0.05674709379673004,0.140625,-0.4517681896686554,-0.05674709379673004,-0.109375,-0.32973119616508484,-0.08380205929279327,0.140625,-0.32973119616508484,-0.08380205929279327,-0.109375,-0.3976582884788513,0.18732689321041107,0.140625,-0.4517681896686554,-0.05674709379673004,0.140625,-0.27562129497528076,0.16027192771434784,0.140625,-0.32973119616508484,-0.08380205929279327,0.140625,-0.27562129497528076,0.16027192771434784,-0.109375,-0.32973119616508484,-0.08380205929279327,-0.109375,-0.3976582884788513,0.18732689321041107,-0.109375,-0.4517681896686554,-0.05674709379673004,-0.109375,-0.3839859664440155,-0.039765313267707825,-0.078125,-0.34340354800224304,0.1432902067899704,-0.078125,-0.34340354800224304,0.1432902067899704,0.109375,-0.3839859664440155,-0.039765313267707825,0.109375,-0.6890784502029419,0.02787207067012787,0.109375,-0.6484960317611694,0.21092753112316132,0.109375,-0.6484960317611694,0.21092753112316132,-0.078125,-0.6890784502029419,