{"schemaVersion":4,"source":{"uri":"models/environment/House/door-spruce.gltf","sha256":"45c7b8aff7b3fc0503a7f8a2377597e918abb5ab1acfe7ed13bd87def72f9d28"},"animationNames":["idle","idle2","interact","interact2"],"boundingBox":{"min":{"x":-0.5,"y":0,"z":-0.1875},"max":{"x":0.53125,"y":2.25,"z":0.1875}},"nodeNames":["cube","bone3","cube","bone4","cube","cube","cube","cube","cube","cube","root2",""],"trimesh":{"vertices":[-0.0625,1.1875,-0.0625,-0.0625,1.1875,-0.0625,-0.0625,0.8125,-0.0625,-0.4375,1.1875,-0.0625,-0.4375,1.1875,-0.0625,-0.4375,0.8125,-0.0625,-0.0625,1.1875,-0.0625,-0.4375,1.1875,-0.0625,-0.0625,1.1875,-0.0625,-0.0625,0.8125,-0.0625,-0.4375,0.8125,-0.0625,-0.0625,0.8125,-0.0625,-0.4375,0.8125,-0.0625,-0.4375,1.1875,-0.0625,-0.0625,1.1875,-0.0625,-0.0625,0.8125,-0.0625,0.1875,0.0625,0,0.1875,0.0625,0,0.1875,-0.3125,0,-0.1875,0.0625,0,-0.1875,0.0625,0,-0.1875,-0.3125,0,0.1875,0.0625,0,-0.1875,0.0625,0,0.1875,0.0625,0,0.1875,-0.3125,0,-0.1875,-0.3125,0,0.1875,-0.3125,0,-0.1875,-0.3125,0,-0.1875,0.0625,0,0.1875,0.0625,0,0.1875,-0.3125,0,-0.1875,1.1875,0,-0.1875,1.0625,0,-0.1875,1.1875,-0.125,-0.1875,1.0625,-0.125,-0.3125,1.1875,-0.125,-0.3125,1.0625,-0.125,-0.3125,1.1875,0,-0.3125,1.0625,0,-0.3125,1.1875,-0.125,-0.3125,1.1875,0,-0.1875,1.1875,-0.125,-0.1875,1.1875,0,-0.3125,1.0625,0,-0.3125,1.0625,-0.125,-0.1875,1.0625,0,-0.1875,1.0625,-0.125,-0.3125,1.1875,0,-0.3125,1.0625,0,-0.1875,1.1875,0,-0.1875,1.0625,0,-0.1875,1.1875,-0.125,-0.1875,1.0625,-0.125,-0.3125,1.1875,-0.125,-0.3125,1.0625,-0.125,-0.1875,1.1875,0.25,-0.1875,1.0625,0.25,-0.1875,1.1875,0.125,-0.1875,1.0625,0.125,-0.3125,1.1875,0.125,-0.3125,1.0625,0.125,-0.3125,1.1875,0.25,-0.3125,1.0625,0.25,-0.3125,1.1875,0.125,-0.3125,1.1875,0.25,-0.1875,1.1875,0.125,-0.1875,1.1875,0.25,-0.3125,1.0625,0.25,-0.3125,1.0625,0.125,-0.1875,1.0625,0.25,-0.1875,1.0625,0.125,-0.3125,1.1875,0.25,-0.3125,1.0625,0.25,-0.1875,1.1875,0.25,-0.1875,1.0625,0.25,-0.1875,1.1875,0.125,-0.1875,1.0625,0.125,-0.3125,1.1875,0.125,-0.3125,1.0625,0.125,0.59375,1.125,0.171875,0.59375,0.125,0.171875,0.59375,1.125,-0.046875,0.59375,0.125,-0.046875,0.375,1.125,-0.046875,0.375,0.125,-0.046875,0.375,1.125,0.171875,0.375,0.125,0.171875,0.375,1.125,-0.046875,0.375,1.125,0.171875,0.59375,1.125,-0.046875,0.59375,1.125,0.171875,0.375,0.125,0.171875,0.375,0.125,-0.046875,0.59375,0.125,0.171875,0.59375,0.125,-0.046875,0.375,1.125,0.171875,0.375,0.125,0.171875,0.59375,1.125,0.171875,0.59375,0.125,0.171875,0.59375,1.125,-0.046875,0.59375,0.125,-0.046875,0.375,1.125,-0.046875,0.375,0.125,-0.046875,0.59375,2.046875,0.15625,0.59375,1.828125,0.15625,0.59375,2.046875,-0.03125,0.59375,1.828125,-0.03125,0.375,2.046875,-0.03125,0.375,1.828125,-0.03125,0.375,2.046875,0.15625,0.375,1.828125,0.15625,0.375,2.046875,-0.03125,0.375,2.046875,0.15625,0.59375,2.046875,-0.03125,0.59375,2.046875,0.15625,0.375,1.828125,0.15625,0.375,1.828125,-0.03125,0.59375,1.828125,0.15625,0.59375,1.828125,-0.03125,0.375,2.046875,0.15625,0.375,1.828125,0.15625,0.59375,2.046875,0.15625,0.59375,1.828125,0.15625,0.59375,2.046875,-0.03125,0.59375,1.828125,-0.03125,0.375,2.046875,-0.03125,0.375,1.828125,-0.03125,0.3125,1.75,0.0625,0.3125,1.75,0.0625,0.3125,1.25,0.0625,-0.1875,1.75,0.0625,-0.1875,1.75,0.0625,-0.1875,1.25,0.0625,0.3125,1.75,0.0625,-0.1875,1.75,0.0625,0.3125,1.75,0.0625,0.3125,1.25,0.0625,-0.1875,1.25,0.0625,0.3125,1.25,0.0625,-0.1875,1.25,0.0625,-0.1875,1.75,0.0625,0.3125,1.75,0.0625,0.3125,1.25,0.0625,-0.1875,1.25,0,-0.1875,1.75,0,-0.1875,1.75,0.125,-0.1875,1.25,0.125,-0.4375,1.25,0.125,-0.4375,1.75,0.125,-0.4375,1.75,0,-0.4375,1.25,0,-0.1875,1.75,0.125,-0.1875,1.75,0,-0.4375,1.75,0,-0.4375,1.75,0.125,-0.1875,1.25,0,-0.1875,1.25,0.125,-0.4375,1.25,0.125,-0.4375,1.25,0,-0.1875,1.25,0.125,-0.1875,1.75,0.125,-0.4375,1.75,0.125,-0.4375,1.25,0.125,-0.4375,1.25,0,-0.4375,1.75,0,-0.1875,1.75,0,-0.1875,1.25,0,0.5625,1.75,0,0.5625,2.25,0,0.5625,2.25,0.125,0.5625,1.75,0.125,-0.4375,1.75,0.125,-0.4375,2.25,0.125,-0.4375,2.25,0,-0.4375,1.75,0,0.5625,2.25,0.125,0.5625,2.25,0,-0.4375,2.25,0,-0.4375,2.25,0.125,0.5625,1.75,0,0.5625,1.75,0.125,-0.4375,1.75,0.125,-0.4375,1.75,0,0.5625,1.75,0.125,0.5625,2.25,0.125,-0.4375,2.25,0.125,-0.4375,1.75,0.125,-0.4375,1.75,0,-0.4375,2.25,0,0.5625,2.25,0,0.5625,1.75,0,0.5625,1.25,0,0.5625,1.75,0,0.5625,1.75,0.125,0.5625,1.25,0.125,0.3125,1.25,0.125,0.3125,1.75,0.125,0.3125,1.75,0,0.3125,1.25,0,0.5625,1.75,0.125,0.5625,1.75,0,0.3125,1.75,0,0.3125,1.75,0.125,0.5625,1.25,0,0.5625,1.25,0.125,0.3125,1.25,0.125,0.3125,1.25,0,0.5625,1.25,0.125,0.5625,1.75,0.125,0.3125,1.75,0.125,0.3125,1.25,0.125,0.3125,1.25,0,0.3125,1.75,0,0.5625,1.75,0,0.5625,1.25,0,0.5625,0,0,0.5625,1.25,0,0.5625,1.25,0.125,0.5625,0,0.125,-0.4375,0,0.125,-0.4375,1.25,0.125,-0.4375,1.25,0,-0.4375,0,0,0.5625,1.25,0.125,0.5625,1.25,0,-0.4375,1.25,0,-0.4375,1.25,0.125,0.5625,0,0,0.5625,0,0.125,-0.4375,0,0.125,-0.4375,0,0,0.5625,0,0.125,0.5625,1.25,0.125,-0.4375,1.25,0.125,-0.4375,0,0.125,-0.4375,0,0,-0.4375,1.25,0,0.5625,1.25,0,0.5625,0,0],"indices":[0,1,2,0,2,2,3,4,5,3,5,5,6,7,8,6,8,7,9,10,11,9,11,10,12,13,14,12,14,15,16,17,18,16,18,18,19,20,21,19,21,21,22,23,24,22,24,23,25,26,27,25,27,26,28,29,30,28,30,31,32,33,34,33,35,34,36,37,38,37,39,38,40,41,42,41,43,42,44,45,46,45,47,46,48,49,50,49,51,50,52,53,54,53,55,54,56,57,58,57,59,58,60,61,62,61,63,62,64,65,66,65,67,66,68,69,70,69,71,70,72,73,74,73,75,74,76,77,78,77,79,78,80,81,82,81,83,82,84,85,86,85,87,86,88,89,90,89,91,90,92,93,94,93,95,94,96,97,98,97,99,98,100,101,102,101,103,102,104,105,106,105,107,106,108,109,110,109,111,110,112,113,114,113,115,114,116,117,118,117,119,118,120,121,122,121,123,122,124,125,126,125,127,126,128,129,130,128,130,130,131,132,133,131,133,133,134,135,136,134,136,135,137,138,139,137,139,138,140,141,142,140,142,143,144,145,146,144,146,147,148,149,150,148,150,151,152,153,154,152,154,155,156,157,158,156,158,159,160,161,162,160,162,163,164,165,166,164,166,167,168,169,170,168,170,171,172,173,174,172,174,175,176,177,178,176,178,179,180,181,182,180,182,183,184,185,186,184,186,187,188,189,190,188,190,191,192,193,194,192,194,195,196,197,198,196,198,199,200,201,202,200,202,203,204,205,206,204,206,207,208,209,210,208,210,211,212,213,214,212,214,215,216,217,218,216,218,219,220,221,222,220,222,223,224,225,226,224,226,227,228,229,230,228,230,231,232,233,234,232,234,235,236,237,238,236,238,239]},"optimizedModelData":{"":{"meshCount":3},"-named-nodes":{"meshCount":7},"-no-animations":{"meshCount":1}}}