{"schemaVersion":4,"source":{"uri":"models/environment/House/door-iron.gltf","sha256":"1f4f3684cc01d5b2028894447b443a06aafe26dcddc49ed1f176d4337f0788a9"},"animationNames":["idle","idle2","interact","interact2"],"boundingBox":{"min":{"x":-0.5,"y":0,"z":-0.1875},"max":{"x":0.53125,"y":2.25,"z":0.1875}},"nodeNames":["cube","cube","cube","cube","cube","cube","cube","bone5","cube","bone6","root3",""],"trimesh":{"vertices":[-0.1875,1.1875,0,-0.1875,1.0625,0,-0.1875,1.1875,-0.125,-0.1875,1.0625,-0.125,-0.3125,1.1875,-0.125,-0.3125,1.0625,-0.125,-0.3125,1.1875,0,-0.3125,1.0625,0,-0.3125,1.1875,-0.125,-0.3125,1.1875,0,-0.1875,1.1875,-0.125,-0.1875,1.1875,0,-0.3125,1.0625,0,-0.3125,1.0625,-0.125,-0.1875,1.0625,0,-0.1875,1.0625,-0.125,-0.3125,1.1875,0,-0.3125,1.0625,0,-0.1875,1.1875,0,-0.1875,1.0625,0,-0.1875,1.1875,-0.125,-0.1875,1.0625,-0.125,-0.3125,1.1875,-0.125,-0.3125,1.0625,-0.125,-0.1875,1.1875,0.25,-0.1875,1.0625,0.25,-0.1875,1.1875,0.125,-0.1875,1.0625,0.125,-0.3125,1.1875,0.125,-0.3125,1.0625,0.125,-0.3125,1.1875,0.25,-0.3125,1.0625,0.25,-0.3125,1.1875,0.125,-0.3125,1.1875,0.25,-0.1875,1.1875,0.125,-0.1875,1.1875,0.25,-0.3125,1.0625,0.25,-0.3125,1.0625,0.125,-0.1875,1.0625,0.25,-0.1875,1.0625,0.125,-0.3125,1.1875,0.25,-0.3125,1.0625,0.25,-0.1875,1.1875,0.25,-0.1875,1.0625,0.25,-0.1875,1.1875,0.125,-0.1875,1.0625,0.125,-0.3125,1.1875,0.125,-0.3125,1.0625,0.125,0.59375,1.125,0.171875,0.59375,0.125,0.171875,0.59375,1.125,-0.046875,0.59375,0.125,-0.046875,0.375,1.125,-0.046875,0.375,0.125,-0.046875,0.375,1.125,0.171875,0.375,0.125,0.171875,0.375,1.125,-0.046875,0.375,1.125,0.171875,0.59375,1.125,-0.046875,0.59375,1.125,0.171875,0.375,0.125,0.171875,0.375,0.125,-0.046875,0.59375,0.125,0.171875,0.59375,0.125,-0.046875,0.375,1.125,0.171875,0.375,0.125,0.171875,0.59375,1.125,0.171875,0.59375,0.125,0.171875,0.59375,1.125,-0.046875,0.59375,0.125,-0.046875,0.375,1.125,-0.046875,0.375,0.125,-0.046875,0.59375,2.046875,0.15625,0.59375,1.828125,0.15625,0.59375,2.046875,-0.03125,0.59375,1.828125,-0.03125,0.375,2.046875,-0.03125,0.375,1.828125,-0.03125,0.375,2.046875,0.15625,0.375,1.828125,0.15625,0.375,2.046875,-0.03125,0.375,2.046875,0.15625,0.59375,2.046875,-0.03125,0.59375,2.046875,0.15625,0.375,1.828125,0.15625,0.375,1.828125,-0.03125,0.59375,1.828125,0.15625,0.59375,1.828125,-0.03125,0.375,2.046875,0.15625,0.375,1.828125,0.15625,0.59375,2.046875,0.15625,0.59375,1.828125,0.15625,0.59375,2.046875,-0.03125,0.59375,1.828125,-0.03125,0.375,2.046875,-0.03125,0.375,1.828125,-0.03125,0.3125,1.75,0.0625,0.3125,1.75,0.0625,0.3125,1.25,0.0625,-0.1875,1.75,0.0625,-0.1875,1.75,0.0625,-0.1875,1.25,0.0625,0.3125,1.75,0.0625,-0.1875,1.75,0.0625,0.3125,1.75,0.0625,0.3125,1.25,0.0625,-0.1875,1.25,0.0625,0.3125,1.25,0.0625,-0.1875,1.25,0.0625,-0.1875,1.75,0.0625,0.3125,1.75,0.0625,0.3125,1.25,0.0625,-0.1875,1.25,0,-0.1875,1.75,0,-0.1875,1.75,0.125,-0.1875,1.25,0.125,-0.4375,1.25,0.125,-0.4375,1.75,0.125,-0.4375,1.75,0,-0.4375,1.25,0,-0.1875,1.75,0.125,-0.1875,1.75,0,-0.4375,1.75,0,-0.4375,1.75,0.125,-0.1875,1.25,0,-0.1875,1.25,0.125,-0.4375,1.25,0.125,-0.4375,1.25,0,-0.1875,1.25,0.125,-0.1875,1.75,0.125,-0.4375,1.75,0.125,-0.4375,1.25,0.125,-0.4375,1.25,0,-0.4375,1.75,0,-0.1875,1.75,0,-0.1875,1.25,0,0.5625,1.75,0,0.5625,2.25,0,0.5625,2.25,0.125,0.5625,1.75,0.125,-0.4375,1.75,0.125,-0.4375,2.25,0.125,-0.4375,2.25,0,-0.4375,1.75,0,0.5625,2.25,0.125,0.5625,2.25,0,-0.4375,2.25,0,-0.4375,2.25,0.125,0.5625,1.75,0,0.5625,1.75,0.125,-0.4375,1.75,0.125,-0.4375,1.75,0,0.5625,1.75,0.125,0.5625,2.25,0.125,-0.4375,2.25,0.125,-0.4375,1.75,0.125,-0.4375,1.75,0,-0.4375,2.25,0,0.5625,2.25,0,0.5625,1.75,0,0.5625,1.25,0,0.5625,1.75,0,0.5625,1.75,0.125,0.5625,1.25,0.125,0.3125,1.25,0.125,0.3125,1.75,0.125,0.3125,1.75,0,0.3125,1.25,0,0.5625,1.75,0.125,0.5625,1.75,0,0.3125,1.75,0,0.3125,1.75,0.125,0.5625,1.25,0,0.5625,1.25,0.125,0.3125,1.25,0.125,0.3125,1.25,0,0.5625,1.25,0.125,0.5625,1.75,0.125,0.3125,1.75,0.125,0.3125,1.25,0.125,0.3125,1.25,0,0.3125,1.75,0,0.5625,1.75,0,0.5625,1.25,0,0.5625,0,0,0.5625,1.25,0,0.5625,1.25,0.125,0.5625,0,0.125,-0.4375,0,0.125,-0.4375,1.25,0.125,-0.4375,1.25,0,-0.4375,0,0,0.5625,1.25,0.125,0.5625,1.25,0,-0.4375,1.25,0,-0.4375,1.25,0.125,0.5625,0,0,0.5625,0,0.125,-0.4375,0,0.125,-0.4375,0,0,0.5625,0,0.125,0.5625,1.25,0.125,-0.4375,1.25,0.125,-0.4375,0,0.125,-0.4375,0,0,-0.4375,1.25,0,0.5625,1.25,0,0.5625,0,0,-0.0625,1.1875,-0.0625,-0.0625,1.1875,-0.0625,-0.0625,0.8125,-0.0625,-0.4375,1.1875,-0.0625,-0.4375,1.1875,-0.0625,-0.4375,0.8125,-0.0625,-0.0625,1.1875,-0.0625,-0.4375,1.1875,-0.0625,-0.0625,1.1875,-0.0625,-0.0625,0.8125,-0.0625,-0.4375,0.8125,-0.0625,-0.0625,0.8125,-0.0625,-0.4375,0.8125,-0.0625,-0.4375,1.1875,-0.0625,-0.0625,1.1875,-0.0625,-0.0625,0.8125,-0.0625,0.1875,0.0625,0,0.1875,0.0625,0,0.1875,-0.3125,0,-0.1875,0.0625,0,-0.1875,0.0625,0,-0.1875,-0.3125,0,0.1875,0.0625,0,-0.1875,0.0625,0,0.1875,0.0625,0,0.1875,-0.3125,0,-0.1875,-0.3125,0,0.1875,-0.3125,0,-0.1875,-0.3125,0,-0.1875,0.0625,0,0.1875,0.0625,0,0.1875,-0.3125,0],"indices":[0,1,2,1,3,2,4,5,6,5,7,6,8,9,10,9,11,10,12,13,14,13,15,14,16,17,18,17,19,18,20,21,22,21,23,22,24,25,26,25,27,26,28,29,30,29,31,30,32,33,34,33,35,34,36,37,38,37,39,38,40,41,42,41,43,42,44,45,46,45,47,46,48,49,50,49,51,50,52,53,54,53,55,54,56,57,58,57,59,58,60,61,62,61,63,62,64,65,66,65,67,66,68,69,70,69,71,70,72,73,74,73,75,74,76,77,78,77,79,78,80,81,82,81,83,82,84,85,86,85,87,86,88,89,90,89,91,90,92,93,94,93,95,94,96,97,98,96,98,98,99,100,101,99,101,101,102,103,104,102,104,103,105,106,107,105,107,106,108,109,110,108,110,111,112,113,114,112,114,115,116,117,118,116,118,119,120,121,122,120,122,123,124,125,126,124,126,127,128,129,130,128,130,131,132,133,134,132,134,135,136,137,138,136,138,139,140,141,142,140,142,143,144,145,146,144,146,147,148,149,150,148,150,151,152,153,154,152,154,155,156,157,158,156,158,159,160,161,162,160,162,163,164,165,166,164,166,167,168,169,170,168,170,171,172,173,174,172,174,175,176,177,178,176,178,179,180,181,182,180,182,183,184,185,186,184,186,187,188,189,190,188,190,191,192,193,194,192,194,195,196,197,198,196,198,199,200,201,202,200,202,203,204,205,206,204,206,207,208,209,210,208,210,210,211,212,213,211,213,213,214,215,216,214,216,215,217,218,219,217,219,218,220,221,222,220,222,223,224,225,226,224,226,226,227,228,229,227,229,229,230,231,232,230,232,231,233,234,235,233,235,234,236,237,238,236,238,239]},"optimizedModelData":{"":{"meshCount":3},"-named-nodes":{"meshCount":7},"-no-animations":{"meshCount":1}}}