{"schemaVersion":4,"source":{"uri":"models/environment/X-Mas/curtains.gltf","sha256":"6a6967590e084f31a41d4d68a5dd16dfc88b330c24237f0a080452d36414f64f"},"animationNames":[],"boundingBox":{"min":{"x":-1.0625,"y":-0.1875,"z":0.25},"max":{"x":1.0625,"y":3,"z":0.5}},"nodeNames":["cube","cube","cube","cube","cube","bone",""],"trimesh":{"vertices":[1,1.53125,0.0625,1,1.40625,0.0625,1,1.53125,-0.0625,1,1.40625,-0.0625,-1,1.53125,-0.0625,-1,1.40625,-0.0625,-1,1.53125,0.0625,-1,1.40625,0.0625,-1,1.53125,-0.0625,-1,1.53125,0.0625,1,1.53125,-0.0625,1,1.53125,0.0625,-1,1.40625,0.0625,-1,1.40625,-0.0625,1,1.40625,0.0625,1,1.40625,-0.0625,-1,1.53125,0.0625,-1,1.40625,0.0625,1,1.53125,0.0625,1,1.40625,0.0625,1,1.53125,-0.0625,1,1.40625,-0.0625,-1,1.53125,-0.0625,-1,1.40625,-0.0625,1,1.40625,0,1,1.40625,0,1,-1.59375,0,0.25,1.40625,0,0.25,1.40625,0,0.25,-1.59375,0,1,1.40625,0,1,1.40625,0,1,-1.59375,0,0.25,-1.59375,0,1,-1.59375,0,0.25,-1.59375,0,0.25,1.40625,0,1,1.40625,0,1,-1.59375,0,-0.25,1.40625,0,-0.25,1.40625,0,-0.25,-1.59375,0,-1,1.40625,0,-1,1.40625,0,-1,-1.59375,0,-0.25,1.40625,0,-0.25,1.40625,0,-0.25,-1.59375,0,-1,-1.59375,0,-0.25,-1.59375,0,-1,-1.59375,0,-1,1.40625,0,-0.25,1.40625,0,-0.25,-1.59375,0,-1,1.59375,0.125,-1,1.34375,0.125,-1,1.59375,-0.125,-1,1.34375,-0.125,-1.0625,1.59375,-0.125,-1.0625,1.34375,-0.125,-1.0625,1.59375,0.125,-1.0625,1.34375,0.125,-1.0625,1.59375,-0.125,-1.0625,1.59375,0.125,-1,1.59375,-0.125,-1,1.59375,0.125,-1.0625,1.34375,0.125,-1.0625,1.34375,-0.125,-1,1.34375,0.125,-1,1.34375,-0.125,-1.0625,1.59375,0.125,-1.0625,1.34375,0.125,-1,1.59375,0.125,-1,1.34375,0.125,-1,1.59375,-0.125,-1,1.34375,-0.125,-1.0625,1.59375,-0.125,-1.0625,1.34375,-0.125,1.0625,1.59375,0.125,1.0625,1.34375,0.125,1.0625,1.59375,-0.125,1.0625,1.34375,-0.125,1,1.59375,-0.125,1,1.34375,-0.125,1,1.59375,0.125,1,1.34375,0.125,1,1.59375,-0.125,1,1.59375,0.125,1.0625,1.59375,-0.125,1.0625,1.59375,0.125,1,1.34375,0.125,1,1.34375,-0.125,1.0625,1.34375,0.125,1.0625,1.34375,-0.125,1,1.59375,0.125,1,1.34375,0.125,1.0625,1.59375,0.125,1.0625,1.34375,0.125,1.0625,1.59375,-0.125,1.0625,1.34375,-0.125,1,1.59375,-0.125,1,1.34375,-0.125],"indices":[0,1,2,1,3,2,4,5,6,5,7,6,8,9,10,9,11,10,12,13,14,13,15,14,16,17,18,17,19,18,20,21,22,21,23,22,24,25,26,24,26,26,27,28,29,27,29,29,30,27,31,30,31,27,32,33,34,32,34,33,35,36,37,35,37,38,39,40,41,39,41,41,42,43,44,42,44,44,45,42,46,45,46,42,47,48,49,47,49,48,50,51,52,50,52,53,54,55,56,55,57,56,58,59,60,59,61,60,62,63,64,63,65,64,66,67,68,67,69,68,70,71,72,71,73,72,74,75,76,75,77,76,78,79,80,79,81,80,82,83,84,83,85,84,86,87,88,87,89,88,90,91,92,91,93,92,94,95,96,95,97,96,98,99,100,99,101,100]},"optimizedModelData":{"":{"meshCount":1},"-named-nodes":{"meshCount":5},"-no-animations":{"meshCount":1}}}