{"schemaVersion":4,"source":{"uri":"models/items/cod-cooked.gltf","sha256":"8a69a396d80eba4b1a788b1ab5623b5d781615a67edf979456500e3e58d4c327"},"animationNames":[],"boundingBox":{"min":{"x":-0.09375,"y":0.02372261187392527,"z":-0.4375},"max":{"x":0.09375,"y":0.9137773881260747,"z":0.4375}},"nodeNames":["cube","cube","cube",""],"trimesh":{"vertices":[0.09375,0.15625,0.0625,0.09375,-0.21875,0.0625,0.09375,0.15625,-0.4375,0.09375,-0.21875,-0.4375,-0.09375,0.15625,-0.4375,-0.09375,-0.21875,-0.4375,-0.09375,0.15625,0.0625,-0.09375,-0.21875,0.0625,-0.09375,0.15625,-0.4375,-0.09375,0.15625,0.0625,0.09375,0.15625,-0.4375,0.09375,0.15625,0.0625,-0.09375,-0.21875,0.0625,-0.09375,-0.21875,-0.4375,0.09375,-0.21875,0.0625,0.09375,-0.21875,-0.4375,-0.09375,0.15625,0.0625,-0.09375,-0.21875,0.0625,0.09375,0.15625,0.0625,0.09375,-0.21875,0.0625,0.09375,0.15625,-0.4375,0.09375,-0.21875,-0.4375,-0.09375,0.15625,-0.4375,-0.09375,-0.21875,-0.4375,0.00006249919533729553,0.28125,0.4375,0.00006249919533729553,-0.34375,0.4375,0.00006249919533729553,0.28125,0.0625,0.00006249919533729553,-0.34375,0.0625,0,0.28125,0.0625,0,-0.34375,0.0625,0,0.28125,0.4375,0,-0.34375,0.4375,0,0.28125,0.0625,0,0.28125,0.4375,0.00006249919533729553,0.28125,0.0625,0.00006249919533729553,0.28125,0.4375,0,-0.34375,0.4375,0,-0.34375,0.0625,0.00006249919533729553,-0.34375,0.4375,0.00006249919533729553,-0.34375,0.0625,0,0.28125,0.4375,0,-0.34375,0.4375,0.00006249919533729553,0.28125,0.4375,0.00006249919533729553,-0.34375,0.4375,0.00006249919533729553,0.28125,0.0625,0.00006249919533729553,-0.34375,0.0625,0,0.28125,0.0625,0,-0.34375,0.0625,0.00006249919533729553,0.4450274109840393,-0.30676162242889404,0.00006249919533729553,-0.421109676361084,0.052004098892211914,0.00006249919533729553,0.421109676361084,-0.3645040988922119,0.00006249919533729553,-0.4450273811817169,-0.005738377571105957,0,0.421109676361084,-0.3645040988922119,0,-0.4450273811817169,-0.005738377571105957,0,0.4450274109840393,-0.30676162242889404,0,-0.421109676361084,0.052004098892211914,0,0.421109676361084,-0.3645040988922119,0,0.4450274109840393,-0.30676162242889404,0.00006249919533729553,0.421109676361084,-0.3645040988922119,0.00006249919533729553,0.4450274109840393,-0.30676162242889404,0,-0.421109676361084,0.052004098892211914,0,-0.4450273811817169,-0.005738377571105957,0.00006249919533729553,-0.421109676361084,0.052004098892211914,0.00006249919533729553,-0.4450273811817169,-0.005738377571105957,0,0.4450274109840393,-0.30676162242889404,0,-0.421109676361084,0.052004098892211914,0.00006249919533729553,0.4450274109840393,-0.30676162242889404,0.00006249919533729553,-0.421109676361084,0.052004098892211914,0.00006249919533729553,0.421109676361084,-0.3645040988922119,0.00006249919533729553,-0.4450273811817169,-0.005738377571105957,0,0.421109676361084,-0.3645040988922119,0,-0.4450273811817169,-0.005738377571105957],"indices":[0,1,2,1,3,2,4,5,6,5,7,6,8,9,10,9,11,10,12,13,14,13,15,14,16,17,18,17,19,18,20,21,22,21,23,22,24,25,26,25,27,26,28,29,30,29,31,30,32,33,34,33,35,34,36,37,38,37,39,38,40,41,42,41,43,42,44,45,46,45,47,46,48,49,50,49,51,50,52,53,54,53,55,54,56,57,58,57,59,58,60,61,62,61,63,62,64,65,66,65,67,66,68,69,70,69,71,70]},"optimizedModelData":{"":{"meshCount":1},"-named-nodes":{"meshCount":3},"-no-animations":{"meshCount":1}}}