{"schemaVersion":3,"source":{"uri":"models/environment/Desert/rock-1.gltf","sha256":"76294e8a8d342cf26fbab79a6e7c1c9f6cd98d991b2996d237d086f22f4307ed"},"animationNames":[],"boundingBox":{"min":{"x":-0.125,"y":0,"z":-0.3125},"max":{"x":0.1875,"y":0.1875,"z":0.125}},"nodeNames":["cube","cube",""],"trimesh":{"vertices":[-0.03125,0.03125,-0.09375,-0.03125,-0.09375,-0.09375,-0.03125,0.03125,-0.21875,-0.03125,-0.09375,-0.21875,-0.15625,0.03125,-0.21875,-0.15625,-0.09375,-0.21875,-0.15625,0.03125,-0.09375,-0.15625,-0.09375,-0.09375,-0.15625,0.03125,-0.21875,-0.15625,0.03125,-0.09375,-0.03125,0.03125,-0.21875,-0.03125,0.03125,-0.09375,-0.15625,-0.09375,-0.09375,-0.15625,-0.09375,-0.21875,-0.03125,-0.09375,-0.09375,-0.03125,-0.09375,-0.21875,-0.15625,0.03125,-0.09375,-0.15625,-0.09375,-0.09375,-0.03125,0.03125,-0.09375,-0.03125,-0.09375,-0.09375,-0.03125,0.03125,-0.21875,-0.03125,-0.09375,-0.21875,-0.15625,0.03125,-0.21875,-0.15625,-0.09375,-0.21875,0.15625,0.09375,0.21875,0.15625,-0.09375,0.21875,0.15625,0.09375,-0.03125,0.15625,-0.09375,-0.03125,-0.09375,0.09375,-0.03125,-0.09375,-0.09375,-0.03125,-0.09375,0.09375,0.21875,-0.09375,-0.09375,0.21875,-0.09375,0.09375,-0.03125,-0.09375,0.09375,0.21875,0.15625,0.09375,-0.03125,0.15625,0.09375,0.21875,-0.09375,-0.09375,0.21875,-0.09375,-0.09375,-0.03125,0.15625,-0.09375,0.21875,0.15625,-0.09375,-0.03125,-0.09375,0.09375,0.21875,-0.09375,-0.09375,0.21875,0.15625,0.09375,0.21875,0.15625,-0.09375,0.21875,0.15625,0.09375,-0.03125,0.15625,-0.09375,-0.03125,-0.09375,0.09375,-0.03125,-0.09375,-0.09375,-0.03125],"indices":[0,1,2,1,3,2,4,5,6,5,7,6,8,9,10,9,11,10,12,13,14,13,15,14,16,17,18,17,19,18,20,21,22,21,23,22,24,25,26,25,27,26,28,29,30,29,31,30,32,33,34,33,35,34,36,37,38,37,39,38,40,41,42,41,43,42,44,45,46,45,47,46]}}