{"schemaVersion":4,"source":{"uri":"models/environment/Plains/mushroom-purple-single.gltf","sha256":"ebba04df293d05856e9ed8e4ca5fcd3a987bf5ec9b741bf6b28de1ab4635d5c8"},"animationNames":[],"boundingBox":{"min":{"x":-0.125,"y":0,"z":-0.125},"max":{"x":0.125,"y":0.5625,"z":0.125}},"nodeNames":["cube","plane","plane","Purple-Mushroom",""],"trimesh":{"vertices":[0.125,0.28125,0.125,0.125,-0.09375,0.125,0.125,0.28125,-0.125,0.125,-0.09375,-0.125,-0.125,0.28125,-0.125,-0.125,-0.09375,-0.125,-0.125,0.28125,0.125,-0.125,-0.09375,0.125,-0.125,0.28125,-0.125,-0.125,0.28125,0.125,0.125,0.28125,-0.125,0.125,0.28125,0.125,-0.125,-0.09375,0.125,-0.125,-0.09375,-0.125,0.125,-0.09375,0.125,0.125,-0.09375,-0.125,-0.125,0.28125,0.125,-0.125,-0.09375,0.125,0.125,0.28125,0.125,0.125,-0.09375,0.125,0.125,0.28125,-0.125,0.125,-0.09375,-0.125,-0.125,0.28125,-0.125,-0.125,-0.09375,-0.125,0.03125,-0.28125,2.0816681711721685e-17,0.03125,-0.09375,-2.0816681711721685e-17,-0.03125,-0.09375,-2.0816681711721685e-17,-0.03125,-0.28125,2.0816681711721685e-17,1.3877787807814457e-17,-0.28125,0.03125,1.3877787807814457e-17,-0.09375,0.03125,-1.3877787807814457e-17,-0.09375,-0.03125,-1.3877787807814457e-17,-0.28125,-0.03125],"indices":[0,1,2,1,3,2,4,5,6,5,7,6,8,9,10,9,11,10,12,13,14,13,15,14,16,17,18,17,19,18,20,21,22,21,23,22,24,25,26,24,26,27,28,29,30,28,30,31]},"optimizedModelData":{"":{"meshCount":1},"-named-nodes":{"meshCount":3},"-no-animations":{"meshCount":1}}}