{"schemaVersion":4,"source":{"uri":"models/environment/Farm/cotton/cotton-stage3.gltf","sha256":"9bd1256e2b4cc9a6a8dbfd443e3e3eb96225fcc0281787aafaf47c18c66e6fcb"},"animationNames":[],"boundingBox":{"min":{"x":-0.4351862696072753,"y":0,"z":-0.44347623415358084},"max":{"x":0.4351862696072753,"y":1.07829798390978,"z":0.44347623415358084}},"nodeNames":["cube","cube","cube","cube","cube","cube","cube","cube","cube","cube","cube","root",""],"trimesh":{"vertices":[-0.017674587666988373,-0.22810710966587067,0.09981320053339005,-0.02645823173224926,-0.27567464113235474,-0.08133985847234726,-0.0044677662663161755,-0.16918174922466278,0.08370009809732437,-0.01325141079723835,-0.21674928069114685,-0.09745295345783234,-0.30956026911735535,-0.1016087532043457,0.08074979484081268,-0.3183439075946808,-0.14917626976966858,-0.10040325671434402,-0.32276707887649536,-0.1605341136455536,0.09686289727687836,-0.3315507471561432,-0.20810163021087646,-0.08429015427827835,-0.30956026911735535,-0.1016087532043457,0.08074979484081268,-0.32276707887649536,-0.1605341136455536,0.09686289727687836,-0.0044677662663161755,-0.16918174922466278,0.08370009809732437,-0.017674587666988373,-0.22810710966587067,0.09981320053339005,-0.3315507471561432,-0.20810163021087646,-0.08429015427827835,-0.3183439075946808,-0.14917626976966858,-0.10040325671434402,-0.02645823173224926,-0.27567464113235474,-0.08133985847234726,-0.01325141079723835,-0.21674928069114685,-0.09745295345783234,-0.32276707887649536,-0.1605341136455536,0.09686289727687836,-0.3315507471561432,-0.20810163021087646,-0.08429015427827835,-0.017674587666988373,-0.22810710966587067,0.09981320053339005,-0.02645823173224926,-0.27567464113235474,-0.08133985847234726,-0.0044677662663161755,-0.16918174922466278,0.08370009809732437,-0.01325141079723835,-0.21674928069114685,-0.09745295345783234,-0.30956026911735535,-0.1016087532043457,0.08074979484081268,-0.3183439075946808,-0.14917626976966858,-0.10040325671434402,0.0312499962747097,0.3983509838581085,0.031250011175870895,0.031249994412064552,-0.5391489863395691,0.0312499962747097,0.0312499962747097,0.3983509838581085,-0.03125,0.03125,-0.5391489863395691,-0.03125,-0.0312499962747097,0.3983510136604309,-0.03124999813735485,-0.03125,-0.5391489863395691,-0.03125,-0.0312499962747097,0.3983510136604309,0.03125,-0.0312500037252903,-0.5391489863395691,0.0312500037252903,-0.0312499962747097,0.3983510136604309,-0.03124999813735485,-0.0312499962747097,0.3983510136604309,0.03125,0.0312499962747097,0.3983509838581085,-0.03125,0.0312499962747097,0.3983509838581085,0.031250011175870895,-0.0312500037252903,-0.5391489863395691,0.0312500037252903,-0.03125,-0.5391489863395691,-0.03125,0.031249994412064552,-0.5391489863395691,0.0312499962747097,0.03125,-0.5391489863395691,-0.03125,-0.0312499962747097,0.3983510136604309,0.03125,-0.0312500037252903,-0.5391489863395691,0.0312500037252903,0.0312499962747097,0.3983509838581085,0.031250011175870895,0.031249994412064552,-0.5391489863395691,0.0312499962747097,0.0312499962747097,0.3983509838581085,-0.03125,0.03125,-0.5391489863395691,-0.03125,-0.0312499962747097,0.3983510136604309,-0.03124999813735485,-0.03125,-0.5391489863395691,-0.03125,0.32276710867881775,-0.1605341136455536,0.09686288982629776,0.3315507173538208,-0.20810163021087646,-0.08429016172885895,0.30956026911735535,-0.1016087532043457,0.08074980229139328,0.3183439075946808,-0.14917626976966858,-0.10040325671434402,0.004467762541025877,-0.16918174922466278,0.08370009809732437,0.013251411728560925,-0.21674928069114685,-0.09745295345783234,0.017674583941698074,-0.22810710966587067,0.09981320053339005,0.02645823173224926,-0.27567464113235474,-0.08133985847234726,0.004467762541025877,-0.16918174922466278,0.08370009809732437,0.017674583941698074,-0.22810710966587067,0.09981320053339005,0.30956026911735535,-0.1016087532043457,0.08074980229139328,0.32276710867881775,-0.1605341136455536,0.09686288982629776,0.02645823173224926,-0.27567464113235474,-0.08133985847234726,0.013251411728560925,-0.21674928069114685,-0.09745295345783234,0.3315507173538208,-0.20810163021087646,-0.08429016172885895,0.3183439075946808,-0.14917626976966858,-0.10040325671434402,0.017674583941698074,-0.22810710966587067,0.09981320053339005,0.02645823173224926,-0.27567464113235474,-0.08133985847234726,0.32276710867881775,-0.1605341136455536,0.09686288982629776,0.3315507173538208,-0.20810163021087646,-0.08429016172885895,0.30956026911735535,-0.1016087532043457,0.08074980229139328,0.3183439075946808,-0.14917626976966858,-0.10040325671434402,0.004467762541025877,-0.16918174922466278,0.08370009809732437,0.013251411728560925,-0.21674928069114685,-0.09745295345783234,-0.030988968908786774,0.35470345616340637,0.12130191177129745,-0.03098897822201252,0.17546077072620392,-0.13468308746814728,-0.007071255706250668,0.40200328826904297,0.08818218857049942,-0.007071259897202253,0.2227606475353241,-0.1678028255701065,-0.41126856207847595,0.5391489863395691,-0.00784827210009098,-0.41126856207847595,0.35990631580352783,-0.26383328437805176,-0.4351862668991089,0.4918491542339325,0.025271447375416756,-0.4351862668991089,0.3126065135002136,-0.23071356117725372,-0.41126856207847595,0.5391489863395691,-0.00784827210009098,-0.4351862668991089,0.4918491542339325,0.025271447375416756,-0.007071255706250668,0.40200328826904297,0.08818218857049942,-0.030988968908786774,0.35470345616340637,0.12130191177129745,-0.4351862668991089,0.3126065135002136,-0.23071356117725372,-0.41126856207847595,0.35990631580352783,-0.26383328437805176,-0.03098897822201252,0.17546077072620392,-0.13468308746814728,-0.007071259897202253,0.2227606475353241,-0.1678028255701065,-0.4351862668991089,0.4918491542339325,0.025271447375416756,-0.4351862668991089,0.3126065135002136,-0.23071356117725372,-0.030988968908786774,0.35470345616340637,0.12130191177129745,-0.03098897822201252,0.17546077072620392,-0.13468308746814728,-0.007071255706250668,0.40200328826904297,0.08818218857049942,-0.007071259897202253,0.2227606475353241,-0.1678028255701065,-0.41126856207847595,0.5391489863395691,-0.00784827210009098,-0.41126856207847595,0.35990631580352783,-0.26383328437805176,-0.05844015255570412,0.43679124116897583,0.0312500074505806,-0.03673412278294563,0.31369027495384216,0.031249992549419403,-0.05844014510512352,0.4367912709712982,-0.0625000074505806,-0.03673412278294563,0.31369030475616455,-0.0625,-0.15076586604118347,0.42051175236701965,-0.0625,-0.12905985116958618,0.297410786151886,-0.0625,-0.15076588094234467,0.42051172256469727,0.0312500037252903,-0.12905985116958618,0.297410786151886,0.0312500037252903,-0.15076586604118347,0.42051175236701965,-0.0625,-0.15076588094234467,0.42051172256469727,0.0312500037252903,-0.05844014510512352,0.4367912709712982,-0.0625000074505806,-0.05844015255570412,0.43679124116897583,0.0312500074505806,-0.12905985116958618,0.297410786151886,0.0312500037252903,-0.12905985116958618,0.297410786151886,-0.0625,-0.03673412278294563,0.31369027495384216,0.031249992549419403,-0.03673412278294563,0.31369030475616455,-0.0625,-0.15076588094234467,0.42051172256469727,0.0312500037252903,-0.12905985116958618,0.297410786151886,0.0312500037252903,-0.05844015255570412,0.43679124116897583,0.0312500074505806,-0.03673412278294563,0.31369027495384216,0.031249992549419403,-0.05844014510512352,0.4367912709712982,-0.0625000074505806,-0.03673412278294563,0.31369030475616455,-0.0625,-0.15076586604118347,0.42051175236701965,-0.0625,-0.12905985116958618,0.297410786151886,-0.0625,-0.08835397660732269,-0.06990652531385422,-0.07393918186426163,0.1403384804725647,-0.1002957820892334,0.1368509978055954,-0.11530624330043793,-0.12193721532821655,-0.05219905078411102,0.11338622123003006,-0.15232646465301514,0.1585911214351654,-0.34618061780929565,0.11669166386127472,0.23268607258796692,-0.11748813092708588,0.08630239218473434,0.44347622990608215,-0.3192283511161804,0.16872233152389526,0.2109459489583969,-0.09053586423397064,0.13833309710025787,0.42173609137535095,-0.34618061780929565,0.11669166386127472,