{"schemaVersion":4,"source":{"uri":"models/eggs/epic/ghost-egg.glb","sha256":"3a85e4081b5dd8e686da9265477d3fd09c32590ff3393ab6b2fd852c0ae4024b"},"animationNames":[],"boundingBox":{"min":{"x":-0.375,"y":0,"z":-0.375},"max":{"x":0.375,"y":0.875,"z":0.375}},"nodeNames":["cube.011","cube.012","cube.013","cube","cube.001","cube.002","cube.003","cube.004","cube.005","cube.006","cube.007","cube.008","cube.009","cube.010","group2","group"],"trimesh":{"vertices":[0.28125,0.4375,-0.28125,0.3125,0.4375,0,0.3125,0.1875,0,0.3125,0.1875,-0.3125,-0.28125,0.4375,-0.28125,-0.3125,0.4375,0,0,0.4375,0,0,0.4375,-0.3125,-0.3125,0.1875,0.3125,0,0.1875,0.3125,0,0.4375,0.3125,-0.28125,0.4375,0.28125,0.3125,0.4375,0,0.28125,0.4375,-0.28125,0.28125,0.4375,0.28125,0,0.4375,0.3125,0,0.1875,0.3125,0.3125,0.1875,0.3125,0.3125,0.1875,-0.3125,0,0.1875,-0.3125,0,0.4375,-0.3125,0.28125,0.4375,-0.28125,-0.28125,0.4375,0.28125,-0.3125,0.4375,0,-0.3125,0.1875,0,-0.3125,0.1875,0.3125,0.3125,0.1875,0.3125,0.3125,0.1875,0,0.3125,0.4375,0,0.28125,0.4375,0.28125,0.28125,0.4375,0.28125,0,0.4375,0.3125,-0.28125,0.4375,0.28125,-0.3125,0.1875,-0.3125,-0.3125,0.1875,0,-0.3125,0.4375,0,-0.28125,0.4375,-0.28125,-0.28125,0.4375,-0.28125,0,0.4375,-0.3125,0,0.1875,-0.3125,-0.3125,0.1875,-0.3125,0.359375,-0.3125,-0.359375,0.375,-0.0625,-0.375,0.375,-0.0625,0.375,0.359375,-0.3125,0.359375,-0.359375,-0.3125,0.359375,-0.375,-0.0625,0.375,-0.375,-0.0625,-0.375,-0.359375,-0.3125,-0.359375,0.34375,0.1875,0.34375,0.34375,0.1875,-0.34375,-0.34375,0.1875,-0.34375,-0.34375,0.1875,0.34375,0.359375,-0.3125,-0.359375,0.359375,-0.3125,0.359375,-0.359375,-0.3125,0.359375,-0.359375,-0.3125,-0.359375,0.359375,-0.3125,0.359375,0.375,-0.0625,0.375,-0.375,-0.0625,0.375,-0.359375,-0.3125,0.359375,-0.359375,-0.3125,-0.359375,-0.375,-0.0625,-0.375,0.375,-0.0625,-0.375,0.359375,-0.3125,-0.359375,-0.34375,0.1875,-0.34375,-0.375,-0.0625,-0.375,-0.375,-0.0625,0.375,-0.34375,0.1875,0.34375,-0.34375,0.1875,0.34375,-0.375,-0.0625,0.375,0.375,-0.0625,0.375,0.34375,0.1875,0.34375,0.34375,0.1875,0.34375,0.375,-0.0625,0.375,0.375,-0.0625,-0.375,0.34375,0.1875,-0.34375,0.34375,0.1875,-0.34375,0.375,-0.0625,-0.375,-0.375,-0.0625,-0.375,-0.34375,0.1875,-0.34375,0.3125,-0.4375,-0.3125,0.34375,-0.3125,-0.34375,0.34375,-0.3125,0.34375,0.3125,-0.4375,0.3125,-0.3125,-0.4375,0.3125,-0.34375,-0.3125,0.34375,-0.34375,-0.3125,-0.34375,-0.3125,-0.4375,-0.3125,0.3125,-0.4375,-0.3125,0.3125,-0.4375,0.3125,-0.3125,-0.4375,0.3125,-0.3125,-0.4375,-0.3125,0.3125,-0.4375,0.3125,0.34375,-0.3125,0.34375,-0.34375,-0.3125,0.34375,-0.3125,-0.4375,0.3125,-0.3125,-0.4375,-0.3125,-0.34375,-0.3125,-0.34375,0.34375,-0.3125,-0.34375,0.3125,-0.4375,-0.3125,0.11910687386989594,-0.0937499850988388,0.140625,0.11910687386989594,-0.34375,0.140625,0.11910687386989594,-0.0937499850988388,-0.140625,0.11910687386989594,-0.34375,-0.140625,-0.13089312613010406,-0.0937499850988388,-0.140625,-0.13089312613010406,-0.34375,-0.140625,-0.13089312613010406,-0.0937499850988388,0.140625,-0.13089312613010406,-0.34375,0.140625,-0.13089312613010406,-0.0937499850988388,-0.140625,-0.13089312613010406,-0.0937499850988388,0.140625,0.11910687386989594,-0.0937499850988388,-0.140625,0.11910687386989594,-0.0937499850988388,0.140625,-0.13089312613010406,-0.34375,0.140625,-0.13089312613010406,-0.34375,-0.140625,0.11910687386989594,-0.34375,0.140625,0.11910687386989594,-0.34375,-0.140625,-0.13089312613010406,-0.0937499850988388,0.140625,-0.13089312613010406,-0.34375,0.140625,0.11910687386989594,-0.0937499850988388,0.140625,0.11910687386989594,-0.34375,0.140625,0.11910687386989594,-0.0937499850988388,-0.140625,0.11910687386989594,-0.34375,-0.140625,-0.13089312613010406,-0.0937499850988388,-0.140625,-0.13089312613010406,-0.34375,-0.140625,0.052861228585243225,0.05338464677333832,0.109375,0.1013898029923439,-0.12772643566131592,0.109375,0.052861228585243225,0.05338464677333832,-0.109375,0.1013898029923439,-0.12772643566131592,-0.109375,-0.128249853849411,0.0048560649156570435,-0.109375,-0.07972128689289093,-0.1762550175189972,-0.109375,-0.128249853849411,0.0048560649156570435,0.109375,-0.07972128689289093,-0.1762550175189972,0.109375,-0.128249853849411,0.0048560649156570435,-0.109375,-0.128249853849411,0.0048560649156570435,0.109375,0.052861228585243225,0.05338464677333832,-0.109375,0.052861228585243225,0.05338464677333832,0.109375,-0.07972128689289093,-0.1762550175189972,0.109375,-0.07972128689289093,-0.1762550175189972,-0.109375,0.1013898029923439,-0.12772643566131592,0.109375,0.1013898029923439,-0.12772643566131592,-0.109375,-0.128249853849411,0.0048560649156570435,0.109375,-0.07972128689289093,-0.1762550175189972,0.109375,0.052861228585243225,0.05338464677333832,0.109375,0.1013898029923439,-0.12772643566131592,0.109375,0.052861228585243225,0.05338464677333832,-0.109375,0.1013898029923439,-0.12772643566131592,-0.109375,-0.128249853849411,0.0048560649156570435,-0.109375,-0.07972128689289093,-0.1762550175189972,-0.109375,0.13150504231452942,0.3451610803604126,0.1377701610326767,0.292091429233551,0.15361566841602325,0.14249826967716217,0.1353522539138794,0.3414453864097595,-0.1434289813041687,0.2959386706352234,0.1498999446630478,-0.13870087265968323,-0.08016767352819443,0.16074560582637787,-0.14398986101150513,0.08041872084140778,-0.030799850821495056,-0.13926173746585846,-0.0840148776769638,0.16446132957935333,0.13720928132534027,0.0765715166926384,-0.027084097266197205,0.14193738996982574,-0.08016767352819443,0.16074560582637787,-0.14398986101150513,-0.0840148776769638,0.16446132957935333,0.13720928132534027,0.1353522539138794,0.3414453864097595,-0.1434289813041687,0.13150504231452942,0.3451610803604126,0.1377701610326767,0.0765715166926384,-0.027084097266197205,0.14193738996982574,0.08041872084140778,-0.030799850821495056,-0.13926173746585846,0.292091429233551,0.15361566841602325,0.14249826967716217,0.2959386706352234,0.1498999446630478,-0.13870087265968323,-0.0840148776769638,0.16446132957935333,0.13720928132534027,0.0765715166926384,-0.027084097266197205,0.14193738996982574,0.13150504231452942,0.3451610803604126,0.1377701610326767,0.292091429233551,0.15361566841602325,0.14249826967716217,0.1353522539138794,0.3414453864097595,-0.1434289813041687,0.2959386706352234,0.1498999446630478,-0.13870087265968323,-0.08016767352819443,0.16074560582637787,-0.14398986101150513,0.08041872084140778,-0.030799850821495056,-0.13926173746585846,0.24462558329105377,0.11304731667041779,0.1111292764544487,0.30484551191329956,0.04121775925159454,0.11290232092142105,0.24761785566806793,0.11015729606151581,-0.10758116096258163,0.3078377842903137,0.038327738642692566,-0.10580811649560928,0.12788456678390503,0.0097685307264328,-0.10789275914430618,0.18810446560382843,-0.06206101179122925,-0.10611971467733383,0.12489229440689087,0.012658551335334778,0.11081768572330475,0.18511219322681427,-0.059171006083488464,0.1125907227396965,0.12788456678390503,0.0097685307264328,-0.10789275914430618,0.12489229440689087,0.012658551335334778,0.11081768572330475,0.24761785566806793,0.11015729606151581,-0.10758116096258163,0.24462558329105377,0.11304731667041779,0.1111292764544487,0.18511219322681427,-0.059171006083488464,0.1125907227396965,0.18810446560382843,-0.06206101179122925,-0.10611971467733383,0.30484551191329956,0.04121775925159454,0.11290232092142105,0.3078377842903137,0.038327738642692566,-0.10580811649560928,0.12489229440689087,0.012658551335334778,0.11081768572330475,0.18511219322681427,-0.059171006083488464,0.1125907227396965,0.24462558329105377,0.11304731667041779,0.1111292764544487,0.30484551191329956,0.04121775925159454,0.11290232092142105,0.24761785566806793,0.11015729606151581,-0.10758116096258163,0.3078377842903137,0.038327738642692566,-0.10580811649560928,0.12788456678390503,0.0097685307264328,-0.10789275914430618,0.18810446560382843,-0.06206101179122925,-0.10611971467733383,-0.013762500137090683,0.42183148860931396,-0.08401999622583389,0.10667729377746582,0.2781723737716675,-0.08047390729188919,-0.012480098754167557,