{"schemaVersion":4,"source":{"uri":"models/eggs/epic/spectre-egg.gltf","sha256":"2dc7e2aa1c58f10593b63cb56c69e3a414a4787cc29b00e080fff345b35b0e25"},"animationNames":[],"boundingBox":{"min":{"x":-0.4645711006124666,"y":0,"z":-0.4645711006124662},"max":{"x":0.4645711006124666,"y":0.8886313790730258,"z":0.4645711006124662}},"nodeNames":["cube","cube","cube","cube","cube","cube","cube","group"],"trimesh":{"vertices":[0.28125,0.43068429827690125,-0.28125,0.3125,0.43068429827690125,0,0.3125,0.18068431317806244,0,0.3125,0.18068431317806244,-0.3125,-0.3125,0.18068431317806244,-0.3125,-0.3125,0.18068431317806244,0,-0.3125,0.43068429827690125,0,-0.28125,0.43068429827690125,-0.28125,-0.28125,0.43068429827690125,-0.28125,-0.3125,0.43068429827690125,0,0,0.43068429827690125,0,0,0.43068429827690125,-0.3125,0,0.18068431317806244,-0.3125,0,0.18068431317806244,0,-0.3125,0.18068431317806244,0,-0.3125,0.18068431317806244,-0.3125,-0.3125,0.18068431317806244,0.3125,0,0.18068431317806244,0.3125,0,0.43068429827690125,0.3125,-0.28125,0.43068429827690125,0.28125,-0.28125,0.43068429827690125,-0.28125,0,0.43068429827690125,-0.3125,0,0.18068431317806244,-0.3125,-0.3125,0.18068431317806244,-0.3125,0.3125,0.43068429827690125,0,0.28125,0.43068429827690125,-0.28125,0.28125,0.43068429827690125,0.28125,0,0.43068429827690125,0.3125,0,0.18068431317806244,0.3125,0.3125,0.18068431317806244,0.3125,0.3125,0.18068431317806244,-0.3125,0.3125,0.18068431317806244,0,0.3125,0.18068431317806244,-0.3125,0,0.18068431317806244,-0.3125,0,0.43068429827690125,-0.3125,0.28125,0.43068429827690125,-0.28125,-0.28125,0.43068429827690125,0.28125,-0.3125,0.43068429827690125,0,-0.3125,0.18068431317806244,0,-0.3125,0.18068431317806244,0.3125,-0.3125,0.18068431317806244,0.3125,0,0.18068431317806244,0.3125,0.3125,0.18068431317806244,0.3125,0.3125,0.18068431317806244,0.3125,0.3125,0.18068431317806244,0,0.3125,0.43068429827690125,0,0.28125,0.43068429827690125,0.28125,0.28125,0.43068429827690125,0.28125,0,0.43068429827690125,0.3125,-0.28125,0.43068429827690125,0.28125,0.359375,-0.31931570172309875,-0.359375,0.375,-0.06931568682193756,-0.375,0.375,-0.06931568682193756,0.375,0.359375,-0.31931570172309875,0.359375,-0.359375,-0.31931570172309875,0.359375,-0.375,-0.06931568682193756,0.375,-0.375,-0.06931568682193756,-0.375,-0.359375,-0.31931570172309875,-0.359375,0.34375,0.18068431317806244,0.34375,0.34375,0.18068431317806244,-0.34375,-0.34375,0.18068431317806244,-0.34375,-0.34375,0.18068431317806244,0.34375,0.359375,-0.31931570172309875,-0.359375,0.359375,-0.31931570172309875,0.359375,-0.359375,-0.31931570172309875,0.359375,-0.359375,-0.31931570172309875,-0.359375,0.359375,-0.31931570172309875,0.359375,0.375,-0.06931568682193756,0.375,-0.375,-0.06931568682193756,0.375,-0.359375,-0.31931570172309875,0.359375,-0.359375,-0.31931570172309875,-0.359375,-0.375,-0.06931568682193756,-0.375,0.375,-0.06931568682193756,-0.375,0.359375,-0.31931570172309875,-0.359375,-0.34375,0.18068431317806244,-0.34375,-0.375,-0.06931568682193756,-0.375,-0.375,-0.06931568682193756,0.375,-0.34375,0.18068431317806244,0.34375,-0.34375,0.18068431317806244,0.34375,-0.375,-0.06931568682193756,0.375,0.375,-0.06931568682193756,0.375,0.34375,0.18068431317806244,0.34375,0.34375,0.18068431317806244,0.34375,0.375,-0.06931568682193756,0.375,0.375,-0.06931568682193756,-0.375,0.34375,0.18068431317806244,-0.34375,0.34375,0.18068431317806244,-0.34375,0.375,-0.06931568682193756,-0.375,-0.375,-0.06931568682193756,-0.375,-0.34375,0.18068431317806244,-0.34375,0.3125,-0.44431570172309875,-0.3125,0.34375,-0.31931570172309875,-0.34375,0.34375,-0.31931570172309875,0.34375,0.3125,-0.44431570172309875,0.3125,-0.3125,-0.44431570172309875,0.3125,-0.34375,-0.31931570172309875,0.34375,-0.34375,-0.31931570172309875,-0.34375,-0.3125,-0.44431570172309875,-0.3125,0.34375,-0.31931570172309875,0.34375,0.34375,-0.31931570172309875,-0.34375,-0.34375,-0.31931570172309875,-0.34375,-0.34375,-0.31931570172309875,0.34375,0.3125,-0.44431570172309875,-0.3125,0.3125,-0.44431570172309875,0.3125,-0.3125,-0.44431570172309875,0.3125,-0.3125,-0.44431570172309875,-0.3125,0.3125,-0.44431570172309875,0.3125,0.34375,-0.31931570172309875,0.34375,-0.34375,-0.31931570172309875,0.34375,-0.3125,-0.44431570172309875,0.3125,-0.3125,-0.44431570172309875,-0.3125,-0.34375,-0.31931570172309875,-0.34375,0.34375,-0.31931570172309875,-0.34375,0.3125,-0.44431570172309875,-0.3125,0.439510703086853,0.44431567192077637,-0.439510703086853,0.439510703086853,0.44431567192077637,-0.439510703086853,0.464571088552475,-0.3674109876155853,-0.464571088552475,0.21875014901161194,0.4306846261024475,-0.21875014901161194,0.21875014901161194,0.4306846261024475,-0.21875014901161194,0.24381054937839508,-0.3810420632362366,-0.24381054937839508,0.439510703086853,0.44431567192077637,-0.439510703086853,0.21875014901161194,0.4306846261024475,-0.21875014901161194,0.439510703086853,0.44431567192077637,-0.439510703086853,0.464571088552475,-0.3674109876155853,-0.464571088552475,0.24381054937839508,-0.3810420632362366,-0.24381054937839508,0.464571088552475,-0.3674109876155853,-0.464571088552475,0.24381054937839508,-0.3810420632362366,-0.24381054937839508,0.21875014901161194,0.4306846261024475,-0.21875014901161194,0.439510703086853,0.44431567192077637,-0.439510703086853,0.464571088552475,-0.3674109876155853,-0.464571088552475,0.21875014901161194,0.4306846261024475,0.21875014901161194,0.21875014901161194,0.4306846261024475,0.21875014901161194,0.24381054937839508,-0.3810420632362366,0.2438105344772339,0.439510703086853,0.44431567192077637,0.439510703086853,0.439510703086853,0.44431567192077637,0.439510703086853,0.464571088552475,-0.3674109876155853,0.464571088552475,0.21875014901161194,0.4306846261024475,0.21875014901161194,0.439510703086853,0.44431567192077637,0.439510703086853,0.21875014901161194,0.4306846261024475,0.21875014901161194,0.24381054937839508,-0.3810420632362366,0.2438105344772339,0.464571088552475,-0.3674109876155853,0.464571088552475,0.24381054937839508,-0.3810420632362366,0.2438105344772339,0.464571088552475,-0.3674109876155853,0.464571088552475,0.439510703086853,0.44431567192077637,0.439510703086853,0.21875014901161194,0.4306846261024475,0.21875014901161194,0.24381054937839508,-0.3810420632362366,0.2438105344772339,-0.439510703086853,0.44431567192077637,-0.439510703086853,-0.439510703086853,0.44431567192077637,-0.439510703086853,-0.464571088552475,-0.3674109876155853,-0.464571088552475,-0.21875014901161194,0.4306846261024475,-0.21875014901161194,-0.21875014901161194,0.4306846261024475,-0.21875014901161194,-0.2438105344772339,-0.3810420632362366,-0.24381054937839508,-0.439510703086853,0.44431567192077637,-0.439510703086853,-0.21875014901161194,0.4306846261024475,-0.21875014901161194,-0.439510703086853,0.44431567192077637,-0.439510703086853,-0.464571088552475,-0.3674109876155853,-0.464571088552475,-0.2438105344772339,-0.3810420632362366,-0.24381054937839508,-0.464571088552475,-0.3674109876155853,-0.464571088552475,-0.2438105344772339,-0.3810420632362366,-0.24381054937839508,-0.21875014901161194,0.4306846261024475,-0.21875014901161194,-0.439510703086853,0.44431567192077637,-0.439510703086853,-0.464571088552475,-0.3674109876155853,-0.464571088552475,-0.21875014901161194,0.4306846261024475,0.21875014901161194,-0.21875014901161194,0.4306846261024475,0.21875014901161194,-0.24381056427955627,-0.3810420632362366,0.24381056427955627,-0.4395107328891754,0.44431567192077637,0.4395107328891754,-0.4395107328891754,0.44431567192077637,0.4395107328891754,-0.46457111835479736,-0.3674109876155853,0.46457111835479736,-0.21875014901161194,0.4306846261024475,0.21875014901161194,-0.4395107328891754,0.44431567192077637,0.4395107328891754,-0.21875014901161194,0.4306846261024475,0.21875014901161194,-0.24381056427955627,-0.3810420632362366,0.24381056427955627,-0.46457111835479736,-0.3674109876155853,0.46457111835479736,-0.24381056427955627,-0.3810420632362366,0.24381056427955627,-0.46457111835479736,-0.3674109876155853,0.46457111835479736,