{"schemaVersion":4,"source":{"uri":"models/npcs/fish/barracuda.gltf","sha256":"2259cc6f64ae5602384a5e3ec7d3bc023dd3076350737027f7565330f9425a83"},"animationNames":["idle","walk"],"boundingBox":{"min":{"x":-0.375,"y":0.03659824830922187,"z":-0.8252325},"max":{"x":0.375,"y":0.7247988021249655,"z":0.7967504772124546}},"nodeNames":["cube","cube","fin","cube","fin2","cube","bone","cube","cube","cube","cube","cube","tail","cube","cube","top_gaw","cube","bottom_gaw","head","barracuda",""],"trimesh":{"vertices":[0.125,0.1875,0.5,0.125,-0.0625,0.5,0.125,0.1875,-0.375,0.125,-0.0625,-0.375,-0.125,0.1875,-0.375,-0.125,-0.0625,-0.375,-0.125,0.1875,0.5,-0.125,-0.0625,0.5,-0.125,0.1875,-0.375,-0.125,0.1875,0.5,0.125,0.1875,-0.375,0.125,0.1875,0.5,-0.125,-0.0625,0.5,-0.125,-0.0625,-0.375,0.125,-0.0625,0.5,0.125,-0.0625,-0.375,-0.125,0.1875,0.5,-0.125,-0.0625,0.5,0.125,0.1875,0.5,0.125,-0.0625,0.5,0.125,0.1875,-0.375,0.125,-0.0625,-0.375,-0.125,0.1875,-0.375,-0.125,-0.0625,-0.375,-0.125,0.09375,-0.125,-0.125,0.03125,-0.125,-0.125,0.09375,-0.3125,-0.125,0.03125,-0.3125,-0.375,0.09375,-0.3125,-0.375,0.03125,-0.3125,-0.375,0.09375,-0.125,-0.375,0.03125,-0.125,-0.375,0.09375,-0.3125,-0.375,0.09375,-0.125,-0.125,0.09375,-0.3125,-0.125,0.09375,-0.125,-0.375,0.03125,-0.125,-0.375,0.03125,-0.3125,-0.125,0.03125,-0.125,-0.125,0.03125,-0.3125,-0.375,0.09375,-0.125,-0.375,0.03125,-0.125,-0.125,0.09375,-0.125,-0.125,0.03125,-0.125,-0.125,0.09375,-0.3125,-0.125,0.03125,-0.3125,-0.375,0.09375,-0.3125,-0.375,0.03125,-0.3125,0.375,0.09375,-0.125,0.375,0.03125,-0.125,0.375,0.09375,-0.3125,0.375,0.03125,-0.3125,0.125,0.09375,-0.3125,0.125,0.03125,-0.3125,0.125,0.09375,-0.125,0.125,0.03125,-0.125,0.125,0.09375,-0.3125,0.125,0.09375,-0.125,0.375,0.09375,-0.3125,0.375,0.09375,-0.125,0.125,0.03125,-0.125,0.125,0.03125,-0.3125,0.375,0.03125,-0.125,0.375,0.03125,-0.3125,0.125,0.09375,-0.125,0.125,0.03125,-0.125,0.375,0.09375,-0.125,0.375,0.03125,-0.125,0.375,0.09375,-0.3125,0.375,0.03125,-0.3125,0.125,0.09375,-0.3125,0.125,0.03125,-0.3125,0.0625,0.0625,-0.0625,0.0625,-0.25,-0.0625,0.0625,0.0625,-0.25,0.0625,-0.25,-0.25,-0.0625,0.0625,-0.25,-0.0625,-0.25,-0.25,-0.0625,0.0625,-0.0625,-0.0625,-0.25,-0.0625,-0.0625,0.0625,-0.25,-0.0625,0.0625,-0.0625,0.0625,0.0625,-0.25,0.0625,0.0625,-0.0625,-0.0625,-0.25,-0.0625,-0.0625,-0.25,-0.25,0.0625,-0.25,-0.0625,0.0625,-0.25,-0.25,-0.0625,0.0625,-0.0625,-0.0625,-0.25,-0.0625,0.0625,0.0625,-0.0625,0.0625,-0.25,-0.0625,0.0625,0.0625,-0.25,0.0625,-0.25,-0.25,-0.0625,0.0625,-0.25,-0.0625,-0.25,-0.25,0.0625,0.15625,-0.3125,0.0625,-0.03125,-0.3125,0.0625,0.15625,-0.5,0.0625,-0.03125,-0.5,-0.0625,0.15625,-0.5,-0.0625,-0.03125,-0.5,-0.0625,0.15625,-0.3125,-0.0625,-0.03125,-0.3125,-0.0625,0.15625,-0.5,-0.0625,0.15625,-0.3125,0.0625,0.15625,-0.5,0.0625,0.15625,-0.3125,-0.0625,-0.03125,-0.3125,-0.0625,-0.03125,-0.5,0.0625,-0.03125,-0.3125,0.0625,-0.03125,-0.5,-0.0625,0.15625,-0.3125,-0.0625,-0.03125,-0.3125,0.0625,0.15625,-0.3125,0.0625,-0.03125,-0.3125,0.0625,0.15625,-0.5,0.0625,-0.03125,-0.5,-0.0625,0.15625,-0.5,-0.0625,-0.03125,-0.5,0,-0.1751580685377121,-0.1807289868593216,0,-0.1415768563747406,-0.12801702320575714,0,0.12198297679424286,-0.2959231436252594,0,0.08840174973011017,-0.34863510727882385,0,-0.1751580685377121,-0.1807289868593216,0,-0.1751580685377121,-0.1807289868593216,0,-0.1415768563747406,-0.12801702320575714,0,0.12198297679424286,-0.2959231436252594,0,0.12198297679424286,-0.2959231436252594,0,0.08840174973011017,-0.34863510727882385,0,-0.1415768563747406,-0.12801702320575714,0,-0.1415768563747406,-0.12801702320575714,0,0.12198297679424286,-0.2959231436252594,0,-0.1751580685377121,-0.1807289868593216,0,-0.1751580685377121,-0.1807289868593216,0,0.08840174973011017,-0.34863510727882385,0.03125,0.08840174973011017,-0.34863510727882385,0.03125,-0.1751580685377121,-0.1807289868593216,0.03125,-0.01234192494302988,-0.5067710280418396,0.03125,-0.27590176463127136,-0.33886489272117615,-0.03125,-0.01234192494302988,-0.5067710280418396,-0.03125,-0.27590176463127136,-0.33886489272117615,-0.03125,0.08840174973011017,-0.34863510727882385,-0.03125,-0.1751580685377121,-0.1807289868593216,-0.03125,-0.01234192494302988,-0.5067710280418396,-0.03125,0.08840174973011017,-0.34863510727882385,0.03125,-0.01234192494302988,-0.5067710280418396,0.03125,0.08840174973011017,-0.34863510727882385,-0.03125,-0.1751580685377121,-0.1807289868593216,-0.03125,-0.27590176463127136,-0.33886489272117615,0.03125,-0.1751580685377121,-0.1807289868593216,0.03125,-0.27590176463127136,-0.33886489272117615,-0.03125,0.08840174973011017,-0.34863510727882385,-0.03125,-0.1751580685377121,-0.1807289868593216,0.03125,0.08840174973011017,-0.34863510727882385,0.03125,-0.1751580685377121,-0.1807289868593216,0.03125,-0.01234192494302988,-0.5067710280418396,0.03125,-0.27590176463127136,-0.33886489272117615,-0.03125,-0.01234192494302988,-0.5067710280418396,-0.03125,-0.27590176463127136,-0.33886489272117615,0.03125,0.3001580834388733,-0.1807289868593216,0.03125,0.03659824654459953,-0.34863510727882385,0.03125,0.40090176463127136,-0.33886489272117615,0.03125,0.1373419314622879,-0.5067710280418396,-0.03125,0.40090176463127136,-0.33886489272117615,-0.03125,0.1373419314622879,-0.5067710280418396,-0.03125,0.3001580834388733,-0.1807289868593216,-0.03125,0.03659824654459953,-0.34863510727882385,-0.03125,0.40090176463127136,-0.33886489272117615,-0.03125,0.3001580834388733,-0.1807289868593216,0.03125,0.40090176463127136,-0.33886489272117615,0.03125,0.3001580834388733,-0.1807289868593216,-0.03125,0.03659824654459953,-0.34863510727882385,-0.03125,0.1373419314622879,-0.5067710280418396,0.03125,0.03659824654459953,-0.34863510727882385,0.03125,0.1373419314622879,-0.5067710280418396,-0.03125,0.3001580834388733,-0.1807289868593216,-0.03125,0.03659824654459953,-0.34863510727882385,0.03125,0.3001580834388733,-0.1807289868593216,0.03125,0.03659824654459953,-0.34863510727882385,0.03125,0.40090176463127136,-0.33886489272117615,0.03125,0.1373419314622879,-0.5067710280418396,-0.03125,0.40090176463127136,-0.33886489272117615,-0.03125,0.1373419314622879,-0.5067710280418396,0,0.003017022740095854,-0.2959231436252594,0,0.2665768563747406,-0.12801702320575714,0,0.3001580834388733,-0.1807289868593216,0,0.03659824654459953,-0.34863510727882385,0,0.3001580834388733,-0.1807289868593216,0,0.3001580834388733,-0.1807289868593216,0,0.2665768563747406,-0.12801702320575714,0,0.003017022740095854,-0.2959231436252594,0,0.003017022740095854,-0.2959231436252594,0,0.03659824654459953,-0.34863510727882385,0,0.2665768563747406,-0.12801702320575714,0,0.2665768563747406,-0.12801702320575714,0,0.003017022740095854,-0.2959231436252594,0,0.3001580834388733,-0.1807289868593216,0,0.3001580834388733,-0.1807289868593216,0,0.03659824654459953,-0.34863510727882385,0.09531249850988388,0.09531249850988388,0.3765625059604645,0.09531249850988388,-0.12656250596046448,0.3765625059604645,0.09531249850988388,0.09531249850988388,0.24843749403953552,0.09531249850988388,-0.12656250596046448,0.24843749403953552,-0.09531249850988388,0.09531249850988388,0.24843749403953552,-0.09531249850988388,-0.12656250596046448,0.24843749403953552,-0.09531249850988388,0.09531249850988388,0.3765625059604645,-0.09531249850988388,-0.12656250596046448,0.3765625059604645,-0.09531249850988388,0.09531249850988388,0.24843749403953552,-0.09531249850988388,0.09531249850988388,0.3765625059604645,0.09531249850988388,0.09531249850988388,0.24843749403953552,0.09531249850988388,0.09531249850988388,0.3765625059604645,-0.09531249850988388,-0.12656250596046448,0.3765625059604645,-0.09531249850988388,-0.12656250596046448,0.24843749403953552,0.09531249850988388,-0.12656250596046448,0.3765625059604645,0.09531249850988388,-0.12656250596046448,0.24843749403953552,-0.09531249850988388,0.09531249850988388,0.3765625059604645,-0.09531249850988388,-0.12656250596046448,0.3765625059604645,0.09531249850988388,0.09531249850988388,0.3765625059604645,0.09531249850988388,-0.12656250596046448,0.3765625059604645,