{"schemaVersion":4,"source":{"uri":"models/environment/Dungeon/weapon-rack.gltf","sha256":"abf607cae2d6953cb45b191acec36242c17d3a065b8616a2cd0c20b02f0ebfde"},"animationNames":[],"boundingBox":{"min":{"x":-1.0625,"y":0,"z":-0.4375},"max":{"x":1.0625,"y":2.0011996041640234,"z":0.484389430789125}},"nodeNames":["cube","cube","cube","cube","cube","cube","cube","cube","cube","sword","cube","cube","axe","cube","cube","hammer","root",""],"trimesh":{"vertices":[1,-0.8130998015403748,0.4140552878379822,1,-1.0005998611450195,0.4140552878379822,1,-0.8130998015403748,-0.4609447121620178,1,-1.0005998611450195,-0.4609447121620178,-1,-0.8130998015403748,-0.4609447121620178,-1,-1.0005998611450195,-0.4609447121620178,-1,-0.8130998015403748,0.4140552878379822,-1,-1.0005998611450195,0.4140552878379822,-1,-0.8130998015403748,-0.4609447121620178,-1,-0.8130998015403748,0.4140552878379822,1,-0.8130998015403748,-0.4609447121620178,1,-0.8130998015403748,0.4140552878379822,-1,-1.0005998611450195,0.4140552878379822,-1,-1.0005998611450195,-0.4609447121620178,1,-1.0005998611450195,0.4140552878379822,1,-1.0005998611450195,-0.4609447121620178,-1,-0.8130998015403748,0.4140552878379822,-1,-1.0005998611450195,0.4140552878379822,1,-0.8130998015403748,0.4140552878379822,1,-1.0005998611450195,0.4140552878379822,1,-0.8130998015403748,-0.4609447121620178,1,-1.0005998611450195,-0.4609447121620178,-1,-0.8130998015403748,-0.4609447121620178,-1,-1.0005998611450195,-0.4609447121620178,1,-0.06309980154037476,0.4140552878379822,1,-0.8130998015403748,0.4140552878379822,1,-0.06309980154037476,0.22655528783798218,1,-0.8130998015403748,0.22655528783798218,-1,-0.06309980154037476,0.22655528783798218,-1,-0.8130998015403748,0.22655528783798218,-1,-0.06309980154037476,0.4140552878379822,-1,-0.8130998015403748,0.4140552878379822,-1,-0.06309980154037476,0.22655528783798218,-1,-0.06309980154037476,0.4140552878379822,1,-0.06309980154037476,0.22655528783798218,1,-0.06309980154037476,0.4140552878379822,-1,-0.8130998015403748,0.4140552878379822,-1,-0.8130998015403748,0.22655528783798218,1,-0.8130998015403748,0.4140552878379822,1,-0.8130998015403748,0.22655528783798218,-1,-0.06309980154037476,0.4140552878379822,-1,-0.8130998015403748,0.4140552878379822,1,-0.06309980154037476,0.4140552878379822,1,-0.8130998015403748,0.4140552878379822,1,-0.06309980154037476,0.22655528783798218,1,-0.8130998015403748,0.22655528783798218,-1,-0.06309980154037476,0.22655528783798218,-1,-0.8130998015403748,0.22655528783798218,-0.8125,-0.31309980154037476,0.22655528783798218,-0.8125,-0.8130998015403748,0.22655528783798218,-0.8125,-0.31309980154037476,-0.2734447121620178,-0.8125,-0.8130998015403748,-0.2734447121620178,-1,-0.31309980154037476,-0.2734447121620178,-1,-0.8130998015403748,-0.2734447121620178,-1,-0.31309980154037476,0.22655528783798218,-1,-0.8130998015403748,0.22655528783798218,-1,-0.31309980154037476,-0.2734447121620178,-1,-0.31309980154037476,0.22655528783798218,-0.8125,-0.31309980154037476,-0.2734447121620178,-0.8125,-0.31309980154037476,0.22655528783798218,-1,-0.8130998015403748,0.22655528783798218,-1,-0.8130998015403748,-0.2734447121620178,-0.8125,-0.8130998015403748,0.22655528783798218,-0.8125,-0.8130998015403748,-0.2734447121620178,-1,-0.31309980154037476,0.22655528783798218,-1,-0.8130998015403748,0.22655528783798218,-0.8125,-0.31309980154037476,0.22655528783798218,-0.8125,-0.8130998015403748,0.22655528783798218,-0.8125,-0.31309980154037476,-0.2734447121620178,-0.8125,-0.8130998015403748,-0.2734447121620178,-1,-0.31309980154037476,-0.2734447121620178,-1,-0.8130998015403748,-0.2734447121620178,1.0625,-0.43809980154037476,-0.2734447121620178,1.0625,-0.6880998015403748,-0.2734447121620178,1.0625,-0.43809980154037476,-0.3359447121620178,1.0625,-0.6880998015403748,-0.3359447121620178,-1.0625,-0.43809980154037476,-0.3359447121620178,-1.0625,-0.6880998015403748,-0.3359447121620178,-1.0625,-0.43809980154037476,-0.2734447121620178,-1.0625,-0.6880998015403748,-0.2734447121620178,-1.0625,-0.43809980154037476,-0.3359447121620178,-1.0625,-0.43809980154037476,-0.2734447121620178,1.0625,-0.43809980154037476,-0.3359447121620178,1.0625,-0.43809980154037476,-0.2734447121620178,-1.0625,-0.6880998015403748,-0.2734447121620178,-1.0625,-0.6880998015403748,-0.3359447121620178,1.0625,-0.6880998015403748,-0.2734447121620178,1.0625,-0.6880998015403748,-0.3359447121620178,-1.0625,-0.43809980154037476,-0.2734447121620178,-1.0625,-0.6880998015403748,-0.2734447121620178,1.0625,-0.43809980154037476,-0.2734447121620178,1.0625,-0.6880998015403748,-0.2734447121620178,1.0625,-0.43809980154037476,-0.3359447121620178,1.0625,-0.6880998015403748,-0.3359447121620178,-1.0625,-0.43809980154037476,-0.3359447121620178,-1.0625,-0.6880998015403748,-0.3359447121620178,0.09375,-0.43809980154037476,0.22655528783798218,0.09375,-0.8130998015403748,0.22655528783798218,0.09375,-0.43809980154037476,-0.2734447121620178,0.09375,-0.8130998015403748,-0.2734447121620178,-0.09375,-0.43809980154037476,-0.2734447121620178,-0.09375,-0.8130998015403748,-0.2734447121620178,-0.09375,-0.43809980154037476,0.22655528783798218,-0.09375,-0.8130998015403748,0.22655528783798218,-0.09375,-0.43809980154037476,-0.2734447121620178,-0.09375,-0.43809980154037476,0.22655528783798218,0.09375,-0.43809980154037476,-0.2734447121620178,0.09375,-0.43809980154037476,0.22655528783798218,-0.09375,-0.8130998015403748,0.22655528783798218,-0.09375,-0.8130998015403748,-0.2734447121620178,0.09375,-0.8130998015403748,0.22655528783798218,0.09375,-0.8130998015403748,-0.2734447121620178,-0.09375,-0.43809980154037476,0.22655528783798218,-0.09375,-0.8130998015403748,0.22655528783798218,0.09375,-0.43809980154037476,0.22655528783798218,0.09375,-0.8130998015403748,0.22655528783798218,0.09375,-0.43809980154037476,-0.2734447121620178,0.09375,-0.8130998015403748,-0.2734447121620178,-0.09375,-0.43809980154037476,-0.2734447121620178,-0.09375,-0.8130998015403748,-0.2734447121620178,1,-0.31309980154037476,0.22655528783798218,1,-0.8130998015403748,0.22655528783798218,1,-0.31309980154037476,-0.2734447121620178,1,-0.8130998015403748,-0.2734447121620178,0.8125,-0.31309980154037476,-0.2734447121620178,0.8125,-0.8130998015403748,-0.2734447121620178,0.8125,-0.31309980154037476,0.22655528783798218,0.8125,-0.8130998015403748,0.22655528783798218,0.8125,-0.31309980154037476,-0.2734447121620178,0.8125,-0.31309980154037476,0.22655528783798218,1,-0.31309980154037476,-0.2734447121620178,1,-0.31309980154037476,0.22655528783798218,0.8125,-0.8130998015403748,0.22655528783798218,0.8125,-0.8130998015403748,-0.2734447121620178,1,-0.8130998015403748,0.22655528783798218,1,-0.8130998015403748,-0.2734447121620178,0.8125,-0.31309980154037476,0.22655528783798218,0.8125,-0.8130998015403748,0.22655528783798218,1,-0.31309980154037476,0.22655528783798218,1,-0.8130998015403748,0.22655528783798218,1,-0.31309980154037476,-0.2734447121620178,1,-0.8130998015403748,-0.2734447121620178,0.8125,-0.31309980154037476,-0.2734447121620178,0.8125,-0.8130998015403748,-0.2734447121620178,0.40625,0.5426138639450073,0.4157488942146301,0.40625,0.41951292753219604,0.39404284954071045,0.40625,0.5751729011535645,0.23109742999076843,0.40625,0.4520719349384308,0.20939140021800995,-0.03125,0.5751729011535645,0.23109742999076843,-0.03125,0.4520719349384308,0.20939140021800995,-0.03125,0.5426138639450073,0.4157488942146301,-0.03125,0.41951292753219604,0.39404284954071045,-0.03125,0.5751729011535645,0.23109742999076843,-0.03125,0.5426138639450073,0.4157488942146301,0.40625,0.5751729011535645,0.23109742999076843,0.40625,0.5426138639450073,0.4157488942146301,-0.03125,0.41951292753219604,0.39404284954071045,-0.03125,0.4520719349384308,0.20939140021800995,0.40625,0.41951292753219604,0.39404284954071045,0.40625,0.4520719349384308,0.20939140021800995,-0.03125,0.5426138639450073,0.4157488942146301,-0.03125,0.41951292753219604,0.39404284954071045,0.40625,0.5426138639450073,0.4157488942146301,0.40625,0.41951292753219604,0.39404284954071045,0.40625,0.5751729011535645,0.23109742999076843,