{"schemaVersion":4,"source":{"uri":"models/environment/X-Mas/present1.gltf","sha256":"3734f160fc55b53f17ffbf2c8205387fea9c084032bdf4aee3696cec967246a3"},"animationNames":[],"boundingBox":{"min":{"x":-0.4375,"y":0,"z":-0.4375},"max":{"x":0.4375,"y":1.75,"z":0.4375}},"nodeNames":["cube","cube","cube","cube","bone","bone",""],"trimesh":{"vertices":[0.375,0.0625,0.375,0.375,-0.875,0.375,0.375,0.0625,-0.375,0.375,-0.875,-0.375,-0.375,0.0625,-0.375,-0.375,-0.875,-0.375,-0.375,0.0625,0.375,-0.375,-0.875,0.375,-0.375,0.0625,-0.375,-0.375,0.0625,0.375,0.375,0.0625,-0.375,0.375,0.0625,0.375,-0.375,-0.875,0.375,-0.375,-0.875,-0.375,0.375,-0.875,0.375,0.375,-0.875,-0.375,-0.375,0.0625,0.375,-0.375,-0.875,0.375,0.375,0.0625,0.375,0.375,-0.875,0.375,0.375,0.0625,-0.375,0.375,-0.875,-0.375,-0.375,0.0625,-0.375,-0.375,-0.875,-0.375,0.4375,0.3125,0.4375,0.4375,0.0625,0.4375,0.4375,0.3125,-0.4375,0.4375,0.0625,-0.4375,-0.4375,0.3125,-0.4375,-0.4375,0.0625,-0.4375,-0.4375,0.3125,0.4375,-0.4375,0.0625,0.4375,-0.4375,0.3125,-0.4375,-0.4375,0.3125,0.4375,0.4375,0.3125,-0.4375,0.4375,0.3125,0.4375,-0.4375,0.0625,0.4375,-0.4375,0.0625,-0.4375,0.4375,0.0625,0.4375,0.4375,0.0625,-0.4375,-0.4375,0.3125,0.4375,-0.4375,0.0625,0.4375,0.4375,0.3125,0.4375,0.4375,0.0625,0.4375,0.4375,0.3125,-0.4375,0.4375,0.0625,-0.4375,-0.4375,0.3125,-0.4375,-0.4375,0.0625,-0.4375,0.3314563035964966,0.875,-0.3314563035964966,0.3314563035964966,0.875,-0.3314563035964966,0.3314563035964966,0.3125,-0.3314563035964966,-0.3314563035964966,0.875,0.3314563035964966,-0.3314563035964966,0.875,0.3314563035964966,-0.3314563035964966,0.3125,0.3314563035964966,0.3314563035964966,0.875,-0.3314563035964966,0.3314563035964966,0.875,-0.3314563035964966,0.3314563035964966,0.3125,-0.3314563035964966,-0.3314563035964966,0.3125,0.3314563035964966,0.3314563035964966,0.3125,-0.3314563035964966,-0.3314563035964966,0.3125,0.3314563035964966,-0.3314563035964966,0.875,0.3314563035964966,0.3314563035964966,0.875,-0.3314563035964966,0.3314563035964966,0.3125,-0.3314563035964966,0.3314563035964966,0.875,0.3314563035964966,0.3314563035964966,0.875,0.3314563035964966,0.3314563035964966,0.3125,0.3314563035964966,-0.3314563035964966,0.875,-0.3314563035964966,-0.3314563035964966,0.875,-0.3314563035964966,-0.3314563035964966,0.3125,-0.3314563035964966,0.3314563035964966,0.875,0.3314563035964966,0.3314563035964966,0.875,0.3314563035964966,0.3314563035964966,0.3125,0.3314563035964966,-0.3314563035964966,0.3125,-0.3314563035964966,0.3314563035964966,0.3125,0.3314563035964966,-0.3314563035964966,0.3125,-0.3314563035964966,-0.3314563035964966,0.875,-0.3314563035964966,0.3314563035964966,0.875,0.3314563035964966,0.3314563035964966,0.3125,0.3314563035964966],"indices":[0,1,2,1,3,2,4,5,6,5,7,6,8,9,10,9,11,10,12,13,14,13,15,14,16,17,18,17,19,18,20,21,22,21,23,22,24,25,26,25,27,26,28,29,30,29,31,30,32,33,34,33,35,34,36,37,38,37,39,38,40,41,42,41,43,42,44,45,46,45,47,46,48,49,50,48,50,50,51,52,53,51,53,53,54,51,55,54,55,51,56,57,58,56,58,57,59,60,61,59,61,62,63,64,65,63,65,65,66,67,68,66,68,68,69,66,70,69,70,66,71,72,73,71,73,72,74,75,76,74,76,77]},"optimizedModelData":{"":{"meshCount":1},"-named-nodes":{"meshCount":4},"-no-animations":{"meshCount":1}}}