{"schemaVersion":4,"source":{"uri":"models/eggs/epic/azurian-egg.gltf","sha256":"daed12ea8a875308752c358a22f009f97c8f64cfa6d5371efd5621452c4e5cf6"},"animationNames":[],"boundingBox":{"min":{"x":-0.5499522787870237,"y":0,"z":-0.375},"max":{"x":0.5499522787870237,"y":0.875,"z":0.375}},"nodeNames":["cube","cube","cube","cube","cube","cube","cube","cube","group2","cube","cube","cube","group"],"trimesh":{"vertices":[0.5499522686004639,0.02471078187227249,-0.125,0.3586105704307556,-0.4372289776802063,-0.125,0.5499522686004639,0.02471078187227249,-0.375,0.3586105704307556,-0.4372289776802063,-0.375,0.37672486901283264,0.09646392613649368,-0.375,0.1853831559419632,-0.3654758334159851,-0.375,0.37672486901283264,0.09646392613649368,-0.125,0.1853831559419632,-0.3654758334159851,-0.125,0.37672486901283264,0.09646392613649368,-0.375,0.37672486901283264,0.09646392613649368,-0.125,0.5499522686004639,0.02471078187227249,-0.375,0.5499522686004639,0.02471078187227249,-0.125,0.1853831559419632,-0.3654758334159851,-0.125,0.1853831559419632,-0.3654758334159851,-0.375,0.3586105704307556,-0.4372289776802063,-0.125,0.3586105704307556,-0.4372289776802063,-0.375,0.37672486901283264,0.09646392613649368,-0.125,0.1853831559419632,-0.3654758334159851,-0.125,0.5499522686004639,0.02471078187227249,-0.125,0.3586105704307556,-0.4372289776802063,-0.125,0.5499522686004639,0.02471078187227249,-0.375,0.3586105704307556,-0.4372289776802063,-0.375,0.37672486901283264,0.09646392613649368,-0.375,0.1853831559419632,-0.3654758334159851,-0.375,0.37672486901283264,0.09646392613649368,-0.1875,0.2810540199279785,-0.134505957365036,-0.1875,0.37672486901283264,0.09646392613649368,-0.375,0.2810540199279785,-0.134505957365036,-0.375,0.2612399160861969,0.14429935812950134,-0.375,0.16556906700134277,-0.08667052537202835,-0.375,0.2612399160861969,0.14429935812950134,-0.1875,0.16556906700134277,-0.08667052537202835,-0.1875,0.2612399160861969,0.14429935812950134,-0.375,0.2612399160861969,0.14429935812950134,-0.1875,0.37672486901283264,0.09646392613649368,-0.375,0.37672486901283264,0.09646392613649368,-0.1875,0.16556906700134277,-0.08667052537202835,-0.1875,0.16556906700134277,-0.08667052537202835,-0.375,0.2810540199279785,-0.134505957365036,-0.1875,0.2810540199279785,-0.134505957365036,-0.375,0.2612399160861969,0.14429935812950134,-0.1875,0.16556906700134277,-0.08667052537202835,-0.1875,0.37672486901283264,0.09646392613649368,-0.1875,0.2810540199279785,-0.134505957365036,-0.1875,0.37672486901283264,0.09646392613649368,-0.375,0.2810540199279785,-0.134505957365036,-0.375,0.2612399160861969,0.14429935812950134,-0.375,0.16556906700134277,-0.08667052537202835,-0.375,-0.2752504348754883,-0.07676349580287933,-0.125,-0.1556619107723236,-0.3654758334159851,-0.125,-0.2752504348754883,-0.07676349580287933,-0.375,-0.1556619107723236,-0.3654758334159851,-0.375,-0.4484778940677643,-0.14851662516593933,-0.375,-0.32888931035995483,-0.4372289776802063,-0.375,-0.4484778940677643,-0.14851662516593933,-0.125,-0.32888931035995483,-0.4372289776802063,-0.125,-0.4484778940677643,-0.14851662516593933,-0.375,-0.4484778940677643,-0.14851662516593933,-0.125,-0.2752504348754883,-0.07676349580287933,-0.375,-0.2752504348754883,-0.07676349580287933,-0.125,-0.32888931035995483,-0.4372289776802063,-0.125,-0.32888931035995483,-0.4372289776802063,-0.375,-0.1556619107723236,-0.3654758334159851,-0.125,-0.1556619107723236,-0.3654758334159851,-0.375,-0.4484778940677643,-0.14851662516593933,-0.125,-0.32888931035995483,-0.4372289776802063,-0.125,-0.2752504348754883,-0.07676349580287933,-0.125,-0.1556619107723236,-0.3654758334159851,-0.125,-0.2752504348754883,-0.07676349580287933,-0.375,-0.1556619107723236,-0.3654758334159851,-0.375,-0.4484778940677643,-0.14851662516593933,-0.375,-0.32888931035995483,-0.4372289776802063,-0.375,0.3586106300354004,-0.2184787541627884,-0.12656250596046448,0.3586106300354004,-0.4372287392616272,-0.12656250596046448,0.3586106300354004,-0.2184787541627884,-0.3734374940395355,0.3586106300354004,-0.4372287392616272,-0.3734374940395355,-0.3288893699645996,-0.2184787392616272,-0.3734374940395355,-0.3288893401622772,-0.4372287690639496,-0.3734374940395355,-0.3288893699645996,-0.2184787392616272,-0.12656250596046448,-0.3288893401622772,-0.4372287690639496,-0.12656250596046448,-0.3288893699645996,-0.2184787392616272,-0.3734374940395355,-0.3288893699645996,-0.2184787392616272,-0.12656250596046448,0.3586106300354004,-0.2184787541627884,-0.3734374940395355,0.3586106300354004,-0.2184787541627884,-0.12656250596046448,-0.3288893401622772,-0.4372287690639496,-0.12656250596046448,-0.3288893401622772,-0.4372287690639496,-0.3734374940395355,0.3586106300354004,-0.4372287392616272,-0.12656250596046448,0.3586106300354004,-0.4372287392616272,-0.3734374940395355,-0.3288893699645996,-0.2184787392616272,-0.12656250596046448,-0.3288893401622772,-0.4372287690639496,-0.12656250596046448,0.3586106300354004,-0.2184787541627884,-0.12656250596046448,0.3586106300354004,-0.4372287392616272,-0.12656250596046448,0.3586106300354004,-0.2184787541627884,-0.3734374940395355,0.3586106300354004,-0.4372287392616272,-0.3734374940395355,-0.3288893699645996,-0.2184787392616272,-0.3734374940395355,-0.3288893401622772,-0.4372287690639496,-0.3734374940395355,-0.2612399458885193,0.14429935812950134,0.375,-0.16556906700134277,-0.08667052537202835,0.375,-0.2612399458885193,0.14429935812950134,0.1875,-0.16556906700134277,-0.08667052537202835,0.1875,-0.37672486901283264,0.09646391868591309,0.1875,-0.28105399012565613,-0.134505957365036,0.1875,-0.37672486901283264,0.09646391868591309,0.375,-0.28105399012565613,-0.134505957365036,0.375,-0.37672486901283264,0.09646391868591309,0.1875,-0.37672486901283264,0.09646391868591309,0.375,-0.2612399458885193,0.14429935812950134,0.1875,-0.2612399458885193,0.14429935812950134,0.375,-0.28105399012565613,-0.134505957365036,0.375,-0.28105399012565613,-0.134505957365036,0.1875,-0.16556906700134277,-0.08667052537202835,0.375,-0.16556906700134277,-0.08667052537202835,0.1875,-0.37672486901283264,0.09646391868591309,0.375,-0.28105399012565613,-0.134505957365036,0.375,-0.2612399458885193,0.14429935812950134,0.375,-0.16556906700134277,-0.08667052537202835,0.375,-0.2612399458885193,0.14429935812950134,0.1875,-0.16556906700134277,-0.08667052537202835,0.1875,-0.37672486901283264,0.09646391868591309,0.1875,-0.28105399012565613,-0.134505957365036,0.1875,0.3288893699645996,-0.2184787541627884,0.3734374940395355,0.3288893699645996,-0.4372287690639496,0.3734374940395355,0.3288893699645996,-0.2184787541627884,0.12656250596046448,0.3288893699645996,-0.4372287690639496,0.12656250596046448,-0.3586106300354004,-0.2184787541627884,0.12656250596046448,-0.3586106598377228,-0.4372287392616272,0.12656250596046448,-0.3586106300354004,-0.2184787541627884,0.3734374940395355,-0.3586106598377228,-0.4372287392616272,0.3734374940395355,-0.3586106300354004,-0.2184787541627884,0.12656250596046448,-0.3586106300354004,-0.2184787541627884,0.3734374940395355,0.3288893699645996,-0.2184787541627884,0.12656250596046448,0.3288893699645996,-0.2184787541627884,0.3734374940395355,-0.3586106598377228,-0.4372287392616272,0.3734374940395355,-0.3586106598377228,-0.4372287392616272,0.12656250596046448,0.3288893699645996,-0.4372287690639496,0.3734374940395355,0.3288893699645996,-0.4372287690639496,0.12656250596046448,-0.3586106300354004,-0.2184787541627884,0.3734374940395355,-0.3586106598377228,-0.4372287392616272,0.3734374940395355,0.3288893699645996,-0.2184787541627884,0.3734374940395355,0.3288893699645996,-0.4372287690639496,0.3734374940395355,0.3288893699645996,-0.2184787541627884,0.12656250596046448,0.3288893699645996,-0.4372287690639496,0.12656250596046448,-0.3586106300354004,-0.2184787541627884,0.12656250596046448,-0.3586106598377228,-0.4372287392616272,0.12656250596046448,-0.37672486901283264,0.09646391868591309,0.375,-0.185383141040802,-0.3654758334159851,0.375,-0.37672486901283264,0.09646391868591309,0.125,-0.185383141040802,-0.3654758334159851,0.125,-0.5499522686004639,