{"schemaVersion":4,"source":{"uri":"models/vehicles/jetski.gltf","sha256":"48c74da95f28d353d4941f364c7ca67968a7739f1247b2a98404cbf4f54d3f08"},"animationNames":[],"boundingBox":{"min":{"x":-0.46875,"y":0,"z":-0.8916278544077954},"max":{"x":0.46875,"y":0.9866407472812083,"z":0.84375}},"nodeNames":["cube","cube","cube","cube","cube","cube","cube","cube","cube","cube","cube","cube","jetski"],"trimesh":{"vertices":[0.46875,-0.18082037568092346,0.8676889538764954,0.46875,-0.24332037568092346,0.8676889538764954,0.46875,-0.18082037568092346,-0.8198110461235046,0.46875,-0.24332037568092346,-0.8198110461235046,-0.46875,-0.18082037568092346,-0.8198110461235046,-0.46875,-0.24332037568092346,-0.8198110461235046,-0.46875,-0.18082037568092346,0.8676889538764954,-0.46875,-0.24332037568092346,0.8676889538764954,-0.46875,-0.18082037568092346,-0.8198110461235046,-0.46875,-0.18082037568092346,0.8676889538764954,0.46875,-0.18082037568092346,-0.8198110461235046,0.46875,-0.18082037568092346,0.8676889538764954,-0.46875,-0.24332037568092346,0.8676889538764954,-0.46875,-0.24332037568092346,-0.8198110461235046,0.46875,-0.24332037568092346,0.8676889538764954,0.46875,-0.24332037568092346,-0.8198110461235046,-0.46875,-0.18082037568092346,0.8676889538764954,-0.46875,-0.24332037568092346,0.8676889538764954,0.46875,-0.18082037568092346,0.8676889538764954,0.46875,-0.24332037568092346,0.8676889538764954,0.46875,-0.18082037568092346,-0.8198110461235046,0.46875,-0.24332037568092346,-0.8198110461235046,-0.46875,-0.18082037568092346,-0.8198110461235046,-0.46875,-0.24332037568092346,-0.8198110461235046,0.4375,-0.24332037568092346,0.8364389538764954,0.4375,-0.49332037568092346,0.8364389538764954,0.4375,-0.24332037568092346,-0.7885610461235046,0.4375,-0.49332037568092346,-0.7885610461235046,-0.4375,-0.24332037568092346,-0.7885610461235046,-0.4375,-0.49332037568092346,-0.7885610461235046,-0.4375,-0.24332037568092346,0.8364389538764954,-0.4375,-0.49332037568092346,0.8364389538764954,-0.4375,-0.24332037568092346,-0.7885610461235046,-0.4375,-0.24332037568092346,0.8364389538764954,0.4375,-0.24332037568092346,-0.7885610461235046,0.4375,-0.24332037568092346,0.8364389538764954,-0.4375,-0.49332037568092346,0.8364389538764954,-0.4375,-0.49332037568092346,-0.7885610461235046,0.4375,-0.49332037568092346,0.8364389538764954,0.4375,-0.49332037568092346,-0.7885610461235046,-0.4375,-0.24332037568092346,0.8364389538764954,-0.4375,-0.49332037568092346,0.8364389538764954,0.4375,-0.24332037568092346,0.8364389538764954,0.4375,-0.49332037568092346,0.8364389538764954,0.4375,-0.24332037568092346,-0.7885610461235046,0.4375,-0.49332037568092346,-0.7885610461235046,-0.4375,-0.24332037568092346,-0.7885610461235046,-0.4375,-0.49332037568092346,-0.7885610461235046,0.25,-0.041596975177526474,0.3945372998714447,0.25,-0.19769826531410217,0.40135282278060913,0.25,-0.07022222876548767,-0.2610880732536316,0.25,-0.22632351517677307,-0.25427255034446716,-0.25,-0.07022222876548767,-0.2610880732536316,-0.25,-0.22632351517677307,-0.25427255034446716,-0.25,-0.041596975177526474,0.3945372998714447,-0.25,-0.19769826531410217,0.40135282278060913,-0.25,-0.07022222876548767,-0.2610880732536316,-0.25,-0.041596975177526474,0.3945372998714447,0.25,-0.07022222876548767,-0.2610880732536316,0.25,-0.041596975177526474,0.3945372998714447,-0.25,-0.19769826531410217,0.40135282278060913,-0.25,-0.22632351517677307,-0.25427255034446716,0.25,-0.19769826531410217,0.40135282278060913,0.25,-0.22632351517677307,-0.25427255034446716,-0.25,-0.041596975177526474,0.3945372998714447,-0.25,-0.19769826531410217,0.40135282278060913,0.25,-0.041596975177526474,0.3945372998714447,0.25,-0.19769826531410217,0.40135282278060913,0.25,-0.07022222876548767,-0.2610880732536316,0.25,-0.22632351517677307,-0.25427255034446716,-0.25,-0.07022222876548767,-0.2610880732536316,-0.25,-0.22632351517677307,-0.25427255034446716,0.24843749403953552,0.21780100464820862,0.7190235257148743,0.24843749403953552,0.16367444396018982,0.7502735257148743,0.24843749403953552,-0.06344899535179138,0.2318842113018036,0.24843749403953552,-0.11757558584213257,0.2631342113018036,-0.24843749403953552,-0.06344899535179138,0.2318842113018036,-0.24843749403953552,-0.11757558584213257,0.2631342113018036,-0.24843749403953552,0.21780100464820862,0.7190235257148743,-0.24843749403953552,0.16367444396018982,0.7502735257148743,-0.24843749403953552,-0.06344899535179138,0.2318842113018036,-0.24843749403953552,0.21780100464820862,0.7190235257148743,0.24843749403953552,-0.06344899535179138,0.2318842113018036,0.24843749403953552,0.21780100464820862,0.7190235257148743,-0.24843749403953552,0.16367444396018982,0.7502735257148743,-0.24843749403953552,-0.11757558584213257,0.2631342113018036,0.24843749403953552,0.16367444396018982,0.7502735257148743,0.24843749403953552,-0.11757558584213257,0.2631342113018036,-0.24843749403953552,0.21780100464820862,0.7190235257148743,-0.24843749403953552,0.16367444396018982,0.7502735257148743,0.24843749403953552,0.21780100464820862,0.7190235257148743,0.24843749403953552,0.16367444396018982,0.7502735257148743,0.24843749403953552,-0.06344899535179138,0.2318842113018036,0.24843749403953552,-0.11757558584213257,0.2631342113018036,-0.24843749403953552,-0.06344899535179138,0.2318842113018036,-0.24843749403953552,-0.11757558584213257,0.2631342113018036,0.24843749403953552,0.2719276249408722,0.6877735257148743,0.24843749403953552,0.21780100464820862,0.7190235257148743,0.24843749403953552,0.2250526249408722,0.6065836548805237,0.24843749403953552,0.17092600464820862,0.6378336548805237,-0.24843749403953552,0.2250526249408722,0.6065836548805237,-0.24843749403953552,0.17092600464820862,0.6378336548805237,-0.24843749403953552,0.2719276249408722,0.6877735257148743,-0.24843749403953552,0.21780100464820862,0.7190235257148743,-0.24843749403953552,0.2250526249408722,0.6065836548805237,-0.24843749403953552,0.2719276249408722,0.6877735257148743,0.24843749403953552,0.2250526249408722,0.6065836548805237,0.24843749403953552,0.2719276249408722,0.6877735257148743,-0.24843749403953552,0.21780100464820862,0.7190235257148743,-0.24843749403953552,0.17092600464820862,0.6378336548805237,0.24843749403953552,0.21780100464820862,0.7190235257148743,0.24843749403953552,0.17092600464820862,0.6378336548805237,-0.24843749403953552,0.2719276249408722,0.6877735257148743,-0.24843749403953552,0.21780100464820862,0.7190235257148743,0.24843749403953552,0.2719276249408722,0.6877735257148743,0.24843749403953552,0.21780100464820862,0.7190235257148743,0.24843749403953552,0.2250526249408722,0.6065836548805237,0.24843749403953552,0.17092600464820862,0.6378336548805237,-0.24843749403953552,0.2250526249408722,0.6065836548805237,-0.24843749403953552,0.17092600464820862,0.6378336548805237,0.078125,0.30566105246543884,-0.3300168812274933,0.078125,0.20522549748420715,-0.21032245457172394,0.078125,0.1859665811061859,-0.43045246601104736,0.078125,0.08553102612495422,-0.31075799465179443,-0.078125,0.1859665811061859,-0.43045246601104736,-0.078125,0.08553102612495422,-0.31075799465179443,-0.078125,0.30566105246543884,-0.3300168812274933,-0.078125,0.20522549748420715,-0.21032245457172394,-0.078125,0.1859665811061859,-0.43045246601104736,-0.078125,0.30566105246543884,-0.3300168812274933,0.078125,0.1859665811061859,-0.43045246601104736,0.078125,0.30566105246543884,-0.3300168812274933,-0.078125,0.20522549748420715,-0.21032245457172394,-0.078125,0.08553102612495422,-0.31075799465179443,0.078125,0.20522549748420715,-0.21032245457172394,0.078125,0.08553102612495422,-0.31075799465179443,-0.078125,0.30566105246543884,-0.3300168812274933,-0.078125,0.20522549748420715,-0.21032245457172394,0.078125,0.30566105246543884,-0.3300168812274933,0.078125,0.20522549748420715,-0.21032245457172394,0.078125,0.1859665811061859,-0.43045246601104736,0.078125,0.08553102612495422,-0.31075799465179443,-0.078125,0.1859665811061859,-0.43045246601104736,-0.078125,0.08553102612495422,-0.31075799465179443,0.171875,0.49332037568092346,-0.2133459895849228,0.171875,0.3527105748653412,