{"schemaVersion":4,"source":{"uri":"models/items/melon.gltf","sha256":"4d8ff433f6a52d696447a34fd50d5a965493df199a2124d8bb6f745d14300b4a"},"animationNames":[],"boundingBox":{"min":{"x":-0.375,"y":0.0625,"z":-0.0625},"max":{"x":0.4375,"y":0.5,"z":0.0625}},"nodeNames":["cube",""],"trimesh":{"vertices":[0.40625,0.21875,0.0625,0.40625,-0.21875,0.0625,0.40625,0.21875,-0.0625,0.40625,-0.21875,-0.0625,-0.40625,0.21875,-0.0625,-0.40625,-0.21875,-0.0625,-0.40625,0.21875,0.0625,-0.40625,-0.21875,0.0625,-0.40625,0.21875,-0.0625,-0.40625,0.21875,0.0625,0.40625,0.21875,-0.0625,0.40625,0.21875,0.0625,-0.40625,-0.21875,0.0625,-0.40625,-0.21875,-0.0625,0.40625,-0.21875,0.0625,0.40625,-0.21875,-0.0625,-0.40625,0.21875,0.0625,-0.40625,-0.21875,0.0625,0.40625,0.21875,0.0625,0.40625,-0.21875,0.0625,0.40625,0.21875,-0.0625,0.40625,-0.21875,-0.0625,-0.40625,0.21875,-0.0625,-0.40625,-0.21875,-0.0625],"indices":[0,1,2,1,3,2,4,5,6,5,7,6,8,9,10,9,11,10,12,13,14,13,15,14,16,17,18,17,19,18,20,21,22,21,23,22]},"optimizedModelData":{"":{"meshCount":1},"-named-nodes":{"meshCount":1},"-no-animations":{"meshCount":1}}}