{"schemaVersion":4,"source":{"uri":"models/environment/Tropical/summer-hammock.gltf","sha256":"ca02565495f20eeb4bd566f4982235f232a256ee6fa8b6370fd3a0b94689f66f"},"animationNames":[],"boundingBox":{"min":{"x":-1.125,"y":0,"z":-0.375},"max":{"x":1.125,"y":1.125,"z":0.375}},"nodeNames":["torso","hair-0001-extra","hair-0001","hair-0002-extra","hair-0002","hair-0003","hair-0004-extra","hair-0004","hair-0005-extra","hair-0005","hair-0006-extra","hair-0006","hair-0007-extra","hair-0007","hair-0008-extra","hair-0008","hair-0009-extra","hair-0009","hair-0010-extra","hair-0010","eye-right","pupil-right","eye-left","pupil-left","eyes","closed-mouth","closed-smile","closed-smile2","closed-teeth-smile","closed-frown","open-smile","open-frown","shocked","mouths","brow","brow2","brows","head","neck","hand-left","arm-left","hand-right","arm-right","arms","upper","foot-right","leg-right","foot-left","leg-left","lower","third-person","root","cube","cube","cube","cube","cube","cube","cube","summer_hammock",""],"trimesh":{"vertices":[1.125,0.5625,0.046875,1.125,-0.5625,0.046875,1.125,0.5625,-0.046875,1.125,-0.5625,-0.046875,1.03125,0.5625,-0.046875,1.03125,-0.5625,-0.046875,1.03125,0.5625,0.046875,1.03125,-0.5625,0.046875,1.03125,0.5625,-0.046875,1.03125,0.5625,0.046875,1.125,0.5625,-0.046875,1.125,0.5625,0.046875,1.03125,-0.5625,0.046875,1.03125,-0.5625,-0.046875,1.125,-0.5625,0.046875,1.125,-0.5625,-0.046875,1.03125,0.5625,0.046875,1.03125,-0.5625,0.046875,1.125,0.5625,0.046875,1.125,-0.5625,0.046875,1.125,0.5625,-0.046875,1.125,-0.5625,-0.046875,1.03125,0.5625,-0.046875,1.03125,-0.5625,-0.046875,0.609375,0.046875,0.375,0.609375,-0.046875,0.375,0.609375,0.046875,-0.375,0.609375,-0.046875,-0.375,-0.609375,0.046875,-0.375,-0.609375,-0.046875,-0.375,-0.609375,0.046875,0.375,-0.609375,-0.046875,0.375,-0.609375,0.046875,-0.375,-0.609375,0.046875,0.375,0.609375,0.046875,-0.375,0.609375,0.046875,0.375,-0.609375,-0.046875,0.375,-0.609375,-0.046875,-0.375,0.609375,-0.046875,0.375,0.609375,-0.046875,-0.375,-0.609375,0.046875,0.375,-0.609375,-0.046875,0.375,0.609375,0.046875,0.375,0.609375,-0.046875,0.375,0.609375,0.046875,-0.375,0.609375,-0.046875,-0.375,-0.609375,0.046875,-0.375,-0.609375,-0.046875,-0.375,0.8082484006881714,0.2845812439918518,0.375,0.8745397329330444,0.21828997135162354,0.375,0.8082484006881714,0.2845812439918518,-0.375,0.8745397329330444,0.21828997135162354,-0.375,0.5430833697319031,0.019416213035583496,-0.375,0.6093746423721313,-0.046875059604644775,-0.375,0.5430833697319031,0.019416213035583496,0.375,0.6093746423721313,-0.046875059604644775,0.375,0.5430833697319031,0.019416213035583496,-0.375,0.5430833697319031,0.019416213035583496,0.375,0.8082484006881714,0.2845812439918518,-0.375,0.8082484006881714,0.2845812439918518,0.375,0.6093746423721313,-0.046875059604644775,0.375,0.6093746423721313,-0.046875059604644775,-0.375,0.8745397329330444,0.21828997135162354,0.375,0.8745397329330444,0.21828997135162354,-0.375,0.5430833697319031,0.019416213035583496,0.375,0.6093746423721313,-0.046875059604644775,0.375,0.8082484006881714,0.2845812439918518,0.375,0.8745397329330444,0.21828997135162354,0.375,0.8082484006881714,0.2845812439918518,-0.375,0.8745397329330444,0.21828997135162354,-0.375,0.5430833697319031,0.019416213035583496,-0.375,0.6093746423721313,-0.046875059604644775,-0.375,-0.5430833697319031,0.019416213035583496,0.375,-0.6093746423721313,-0.046875059604644775,0.375,-0.5430833697319031,0.019416213035583496,-0.375,-0.6093746423721313,-0.046875059604644775,-0.375,-0.8082484006881714,0.2845812439918518,-0.375,-0.8745397329330444,0.21828997135162354,-0.375,-0.8082484006881714,0.2845812439918518,0.375,-0.8745397329330444,0.21828997135162354,0.375,-0.8082484006881714,0.2845812439918518,-0.375,-0.8082484006881714,0.2845812439918518,0.375,-0.5430833697319031,0.019416213035583496,-0.375,-0.5430833697319031,0.019416213035583496,0.375,-0.8745397329330444,0.21828997135162354,0.375,-0.8745397329330444,0.21828997135162354,-0.375,-0.6093746423721313,-0.046875059604644775,0.375,-0.6093746423721313,-0.046875059604644775,-0.375,-0.8082484006881714,0.2845812439918518,0.375,-0.8745397329330444,0.21828997135162354,0.375,-0.5430833697319031,0.019416213035583496,0.375,-0.6093746423721313,-0.046875059604644775,0.375,-0.5430833697319031,0.019416213035583496,-0.375,-0.6093746423721313,-0.046875059604644775,-0.375,-0.8082484006881714,0.2845812439918518,-0.375,-0.8745397329330444,0.21828997135162354,-0.375,-1.03125,0.5625,0.046875,-1.03125,-0.5625,0.046875,-1.03125,0.5625,-0.046875,-1.03125,-0.5625,-0.046875,-1.125,0.5625,-0.046875,-1.125,-0.5625,-0.046875,-1.125,0.5625,0.046875,-1.125,-0.5625,0.046875,-1.125,0.5625,-0.046875,-1.125,0.5625,0.046875,-1.03125,0.5625,-0.046875,-1.03125,0.5625,0.046875,-1.125,-0.5625,0.046875,-1.125,-0.5625,-0.046875,-1.03125,-0.5625,0.046875,-1.03125,-0.5625,-0.046875,-1.125,0.5625,0.046875,-1.125,-0.5625,0.046875,-1.03125,0.5625,0.046875,-1.03125,-0.5625,0.046875,-1.03125,0.5625,-0.046875,-1.03125,-0.5625,-0.046875,-1.125,0.5625,-0.046875,-1.125,-0.5625,-0.046875,-0.8413940668106079,0.25143563747406006,-0.375,-0.8413940668106079,0.25143563747406006,0.375,-0.8413940668106079,0.25143563747406006,-0.375,-1.040267825126648,0.4503093957901001,0.375,-1.040267825126648,0.4503093957901001,-0.375,-1.040267825126648,0.4503093957901001,0.375,-0.8413940668106079,0.25143563747406006,0.375,-0.8413940668106079,0.25143563747406006,-0.375,-1.040267825126648,0.4503093957901001,-0.375,-1.040267825126648,0.4503093957901001,0.375,-0.8413940668106079,0.25143563747406006,0.375,-1.040267825126648,0.4503093957901001,0.375,-0.8413940668106079,0.25143563747406006,0.375,-1.040267825126648,0.4503093957901001,0.375,-1.040267825126648,0.4503093957901001,-0.375,-1.040267825126648,0.4503093957901001,-0.375,1.040267825126648,0.4503093957901001,-0.375,1.040267825126648,0.4503093957901001,0.375,1.040267825126648,0.4503093957901001,-0.375,0.8413940668106079,0.25143563747406006,0.375,0.8413940668106079,0.25143563747406006,-0.375,0.8413940668106079,0.25143563747406006,0.375,1.040267825126648,0.4503093957901001,0.375,1.040267825126648,0.4503093957901001,-0.375,0.8413940668106079,0.25143563747406006,-0.375,0.8413940668106079,0.25143563747406006,0.375,0.8413940668106079,0.25143563747406006,0.375,1.040267825126648,0.4503093957901001,0.375,1.040267825126648,0.4503093957901001,-0.375,0.8413940668106079,0.25143563747406006,-0.375],"indices":[0,1,2,1,3,2,4,5,6,5,7,6,8,9,10,9,11,10,12,13,14,13,15,14,16,17,18,17,19,18,20,21,22,21,23,22,24,25,26,25,27,26,28,29,30,29,31,30,32,33,34,33,35,34,36,37,38,37,39,38,40,41,42,41,43,42,44,45,46,45,47,46,48,49,50,49,51,50,52,53,54,53,55,54,56,57,58,57,59,58,60,61,62,61,63,62,64,65,66,65,67,66,68,69,70,69,71,70,72,73,74,73,75,74,76,77,78,77,79,78,80,81,82,81,83,82,84,85,86,85,87,86,88,89,90,89,91,90,92,93,94,93,95,94,96,97,98,97,99,98,100,101,102,101,103,102,104,105,106,105,107,106,108,109,110,109,111,110,112,113,114,113,115,114,116,117,118,117,119,118,120,121,122,120,122,121,123,124,125,123,125,124,126,127,128,126,128,129,130,131,132,130,132,133,134,120,135,134,135,120,136,137,138,136,138,137,139,140,141,139,141,140,142,143,144,142,144,145,137,146,147,137,147,146,140,148,149,140,149,148]},"optimizedModelData":{"":{"meshCount":1},"-named-nodes":{"meshCount":7},"-no-animations":{"meshCount":1}}}