{"schemaVersion":4,"source":{"uri":"models/environment/Plains/mushroom-red-multiple.gltf","sha256":"6c8036c4ae1a87dd34bc8f56b841066ec99b4110695d5cbc3101e2ecf2df5ac4"},"animationNames":[],"boundingBox":{"min":{"x":-0.401479890876024,"y":-0.026104797898635346,"z":-0.44474733036339986},"max":{"x":0.33805119986711407,"y":0.375,"z":0.4648581082411201}},"nodeNames":["cube","cube","cube","cube","Red-Mushroom2",""],"trimesh":{"vertices":[0.21921434998512268,0.013052399270236492,-0.19755539298057556,0.21921434998512268,0.20055240392684937,-0.19755539298057556,0.21921434998512268,0.20055240392684937,0.17744460701942444,0.21921434998512268,0.013052399270236492,0.17744460701942444,-0.15578565001487732,0.013052399270236492,0.17744460701942444,-0.15578565001487732,0.20055240392684937,0.17744460701942444,-0.15578565001487732,0.20055240392684937,-0.19755539298057556,-0.15578565001487732,0.013052399270236492,-0.19755539298057556,0.21921434998512268,0.20055240392684937,0.17744460701942444,0.21921434998512268,0.20055240392684937,-0.19755539298057556,-0.15578565001487732,0.20055240392684937,-0.19755539298057556,-0.15578565001487732,0.20055240392684937,0.17744460701942444,0.21921434998512268,0.013052399270236492,-0.19755539298057556,0.21921434998512268,0.013052399270236492,0.17744460701942444,-0.15578565001487732,0.013052399270236492,0.17744460701942444,-0.15578565001487732,0.013052399270236492,-0.19755539298057556,0.21921434998512268,0.013052399270236492,0.17744460701942444,0.21921434998512268,0.20055240392684937,0.17744460701942444,-0.15578565001487732,0.20055240392684937,0.17744460701942444,-0.15578565001487732,0.013052399270236492,0.17744460701942444,-0.15578565001487732,0.013052399270236492,-0.19755539298057556,-0.15578565001487732,0.20055240392684937,-0.19755539298057556,0.21921434998512268,0.20055240392684937,-0.19755539298057556,0.21921434998512268,0.013052399270236492,-0.19755539298057556,0.12546434998512268,-0.17444759607315063,-0.010055389255285263,0.12546434998512268,0.013052399270236492,-0.010055389255285263,-0.06203565374016762,0.013052399270236492,-0.010055389255285263,-0.06203565374016762,-0.17444759607315063,-0.010055389255285263,0.03171434625983238,-0.17444759607315063,0.08369461447000504,0.03171434625983238,0.013052399270236492,0.08369461447000504,0.03171434625983238,0.013052399270236492,-0.10380538552999496,0.03171434625983238,-0.17444759607315063,-0.10380538552999496,-0.3458108901977539,-0.11269528418779373,0.4164940118789673,-0.3697655498981476,0.00827764067798853,0.43690791726112366,-0.3598823845386505,0.05174550041556358,0.19091427326202393,-0.3359277546405792,-0.0692274272441864,0.17050038278102875,-0.09076041728258133,-0.023699922487139702,0.1883951872587204,-0.11471506208181381,0.09727299958467484,0.20880907773971558,-0.12459821254014969,0.053805142641067505,0.4548027217388153,-0.1006435677409172,-0.06716778129339218,0.43438881635665894,-0.3598823845386505,0.05174550041556358,0.19091427326202393,-0.3697655498981476,0.00827764067798853,0.43690791726112366,-0.12459821254014969,0.053805142641067505,0.4548027217388153,-0.11471506208181381,0.09727299958467484,0.20880907773971558,-0.3458108901977539,-0.11269528418779373,0.4164940118789673,-0.3359277546405792,-0.0692274272441864,0.17050038278102875,-0.09076041728258133,-0.023699922487139702,0.1883951872587204,-0.1006435677409172,-0.06716778129339218,0.43438881635665894,-0.3359277546405792,-0.0692274272441864,0.17050038278102875,-0.3598823845386505,0.05174550041556358,0.19091427326202393,-0.11471506208181381,0.09727299958467484,0.20880907773971558,-0.09076041728258133,-0.023699922487139702,0.1883951872587204,-0.1006435677409172,-0.06716778129339218,0.43438881635665894,-0.12459821254014969,0.053805142641067505,0.4548027217388153,-0.3697655498981476,0.00827764067798853,0.43690791726112366,-0.3458108901977539,-0.11269528418779373,0.4164940118789673,-0.25562283396720886,-0.20055238902568817,0.27755701541900635,-0.27957749366760254,-0.07957947999238968,0.29797089099884033,-0.1569938212633133,-0.056815724819898605,0.30691832304000854,-0.13303916156291962,-0.177788645029068,0.2865044176578522,-0.19186021387577057,-0.1783035546541214,0.22053231298923492,-0.21581485867500305,-0.05733063444495201,0.2409462034702301,-0.2207564413547516,-0.07906457036733627,0.3639430105686188,-0.1968017816543579,-0.20003747940063477,0.3435291349887848,-0.15769657492637634,-0.11079314351081848,-0.3249812126159668,-0.15553811192512512,-0.0485604926943779,-0.33033743500709534,-0.15157893300056458,-0.05941024795174599,-0.4548027217388153,-0.153737410902977,-0.12164289504289627,-0.44944649934768677,-0.028874725103378296,-0.12560206651687622,-0.4451295733451843,-0.026716258376836777,-0.06336942315101624,-0.45048579573631287,-0.030675429850816727,-0.05251966789364815,-0.3260205090045929,-0.032833900302648544,-0.11475231498479843,-0.32066428661346436,-0.15157893300056458,-0.05941024795174599,-0.4548027217388153,-0.15553811192512512,-0.0485604926943779,-0.33033743500709534,-0.030675429850816727,-0.05251966789364815,-0.3260205090045929,-0.026716258376836777,-0.06336942315101624,-0.45048579573631287,-0.15769657492637634,-0.11079314351081848,-0.3249812126159668,-0.153737410902977,-0.12164289504289627,-0.44944649934768677,-0.028874725103378296,-0.12560206651687622,-0.4451295733451843,-0.032833900302648544,-0.11475231498479843,-0.32066428661346436,-0.153737410902977,-0.12164289504289627,-0.44944649934768677,-0.15157893300056458,-0.05941024795174599,-0.4548027217388153,-0.026716258376836777,-0.06336942315101624,-0.45048579573631287,-0.028874725103378296,-0.12560206651687622,-0.4451295733451843,-0.032833900302648544,-0.11475231498479843,-0.32066428661346436,-0.030675429850816727,-0.05251966789364815,-0.3260205090045929,-0.15553811192512512,-0.0485604926943779,-0.33033743500709534,-0.15769657492637634,-0.11079314351081848,-0.3249812126159668,-0.1266597956418991,-0.1794404536485672,-0.38077840209007263,-0.12450132519006729,-0.11720780283212662,-0.38613462448120117,-0.06206998601555824,-0.11918739229440689,-0.38397616147994995,-0.06422846019268036,-0.18142002820968628,-0.3786199390888214,-0.0944543406367302,-0.18314267694950104,-0.4108155071735382,-0.09229586273431778,-0.12091004103422165,-0.41617172956466675,-0.09427545219659805,-0.11548516899347305,-0.3539390563964844,-0.09643391519784927,-0.17771780490875244,-0.3485828638076782,0.2618137300014496,-0.11744611710309982,-0.3461710214614868,0.2637914717197418,-0.05497747287154198,-0.3460829257965088,0.3697655498981476,-0.058425914496183395,-0.27988168597221375,0.36778783798217773,-0.12089455872774124,-0.2799697816371918,0.3016149401664734,-0.11894909292459488,-0.1739397644996643,0.3035926818847656,-0.05648044869303703,-0.17385166883468628,0.19761860370635986,-0.053032007068395615,-0.24005290865898132,0.19564087688922882,-0.11550065129995346,-0.24014100432395935,0.3697655498981476,-0.058425914496183395,-0.27988168597221375,0.2637914717197418,-0.05497747287154198,-0.3460829257965088,0.19761860370635986,-0.053032007068395615,-0.24005290865898132,0.3035926818847656,-0.05648044869303703,-0.17385166883468628,0.2618137300014496,-0.11744611710309982,-0.3461710214614868,0.36778783798217773,-0.12089455872774124,-0.2799697816371918,0.3016149401664734,-0.11894909292459488,-0.1739397644996643,0.19564087688922882,-0.11550065129995346,-0.24014100432395935,0.36778783798217773,-0.12089455872774124,-0.2799697816371918,0.3697655498981476,-0.058425914496183395,-0.27988168597221375,0.3035926818847656,-0.05648044869303703,-0.17385166883468628,0.3016149401664734,-0.11894909292459488,-0.1739397644996643,0.19564087688922882,-0.11550065129995346,-0.24014100432395935,0.19761860370635986,-0.053032007068395615,-0.24005290865898132,0.2637914717197418,-0.05497747287154198,-0.3460829257965088,0.2618137300014496,-0.11744611710309982,-0.3461710214614868,0.2962798476219177,-0.1811525970697403,-0.28665098547935486,0.2982575595378876,-0.11868397146463394,-0.28656288981437683,0.2651711106300354,-0.11771123856306076,-0.2335478812456131,