{"schemaVersion":4,"source":{"uri":"models/environment/Plains/mushroom-red-single.gltf","sha256":"0a2396e67a6aedfcffa29bdd43fa056353655d09d6c36d4fd63b8d06c10e2aaf"},"animationNames":[],"boundingBox":{"min":{"x":-0.1875,"y":-5.551115123125783e-17,"z":-0.1875},"max":{"x":0.1875,"y":0.375,"z":0.1875}},"nodeNames":["cube","plane","plane","Red-Mushroom",""],"trimesh":{"vertices":[0.1875,0.1875,0.1875,0.1875,0,0.1875,0.1875,0.1875,-0.1875,0.1875,0,-0.1875,-0.1875,0.1875,-0.1875,-0.1875,0,-0.1875,-0.1875,0.1875,0.1875,-0.1875,0,0.1875,-0.1875,0.1875,-0.1875,-0.1875,0.1875,0.1875,0.1875,0.1875,-0.1875,0.1875,0.1875,0.1875,-0.1875,0,0.1875,-0.1875,0,-0.1875,0.1875,0,0.1875,0.1875,0,-0.1875,-0.1875,0.1875,0.1875,-0.1875,0,0.1875,0.1875,0.1875,0.1875,0.1875,0,0.1875,0.1875,0.1875,-0.1875,0.1875,0,-0.1875,-0.1875,0.1875,-0.1875,-0.1875,0,-0.1875,0.09375,-0.1875,2.0816681711721685e-17,0.09375,2.7755575615628914e-17,-2.0816681711721685e-17,-0.09375,2.7755575615628914e-17,-2.0816681711721685e-17,-0.09375,-0.1875,2.0816681711721685e-17,4.163336342344337e-17,-0.1875,0.09375,4.163336342344337e-17,1.1102230246251565e-16,0.09375,-4.163336342344337e-17,-5.551115123125783e-17,-0.09375,-4.163336342344337e-17,-0.1875,-0.09375],"indices":[0,1,2,1,3,2,4,5,6,5,7,6,8,9,10,9,11,10,12,13,14,13,15,14,16,17,18,17,19,18,20,21,22,21,23,22,24,25,26,24,26,27,28,29,30,28,30,31]},"optimizedModelData":{"":{"meshCount":1},"-named-nodes":{"meshCount":3},"-no-animations":{"meshCount":1}}}