{"schemaVersion":4,"source":{"uri":"models/environment/City/mailbox-2.gltf","sha256":"c859345f459325fbaef151c49f7e174e00023e20f3b27a10ae3ce3742e53162b"},"animationNames":["interact","interact2"],"boundingBox":{"min":{"x":-0.19999999999999998,"y":0,"z":-0.6875},"max":{"x":0.1875,"y":1.4375,"z":0.0625}},"nodeNames":["cube","cube","cube","cube","cube","door","cube","lever","root",""],"trimesh":{"vertices":[0.06875000149011612,0.59375,0.375,0.06875000149011612,-0.71875,0.375,0.06875000149011612,0.59375,0.25,0.06875000149011612,-0.71875,0.25,-0.05624999850988388,0.59375,0.25,-0.05624999850988388,-0.71875,0.25,-0.05624999850988388,0.59375,0.375,-0.05624999850988388,-0.71875,0.375,-0.05624999850988388,0.59375,0.25,-0.05624999850988388,0.59375,0.375,0.06875000149011612,0.59375,0.25,0.06875000149011612,0.59375,0.375,-0.05624999850988388,-0.71875,0.375,-0.05624999850988388,-0.71875,0.25,0.06875000149011612,-0.71875,0.375,0.06875000149011612,-0.71875,0.25,-0.05624999850988388,0.59375,0.375,-0.05624999850988388,-0.71875,0.375,0.06875000149011612,0.59375,0.375,0.06875000149011612,-0.71875,0.375,0.06875000149011612,0.59375,0.25,0.06875000149011612,-0.71875,0.25,-0.05624999850988388,0.59375,0.25,-0.05624999850988388,-0.71875,0.25,0.19374999403953552,0.15625,0.3125,0.19374999403953552,0.03125,0.3125,0.19374999403953552,0.15625,-0.1875,0.19374999403953552,0.03125,-0.1875,-0.18125000596046448,0.15625,-0.1875,-0.18125000596046448,0.03125,-0.1875,-0.18125000596046448,0.15625,0.3125,-0.18125000596046448,0.03125,0.3125,-0.18125000596046448,0.15625,-0.1875,-0.18125000596046448,0.15625,0.3125,0.19374999403953552,0.15625,-0.1875,0.19374999403953552,0.15625,0.3125,-0.18125000596046448,0.03125,0.3125,-0.18125000596046448,0.03125,-0.1875,0.19374999403953552,0.03125,0.3125,0.19374999403953552,0.03125,-0.1875,-0.18125000596046448,0.15625,0.3125,-0.18125000596046448,0.03125,0.3125,0.19374999403953552,0.15625,0.3125,0.19374999403953552,0.03125,0.3125,0.19374999403953552,0.15625,-0.1875,0.19374999403953552,0.03125,-0.1875,-0.18125000596046448,0.15625,-0.1875,-0.18125000596046448,0.03125,-0.1875,0.05312500149011612,0.14552664756774902,0.0366116464138031,0.05312500149011612,-0.16383254528045654,0.34597086906433105,0.05312500149011612,0.05713832378387451,-0.0517767071723938,0.05312500149011612,-0.25222086906433105,0.25758251547813416,-0.04062499850988388,0.05713832378387451,-0.0517767071723938,-0.04062499850988388,-0.25222086906433105,0.25758251547813416,-0.04062499850988388,0.14552664756774902,0.0366116464138031,-0.04062499850988388,-0.16383254528045654,0.34597086906433105,-0.04062499850988388,0.05713832378387451,-0.0517767071723938,-0.04062499850988388,0.14552664756774902,0.0366116464138031,0.05312500149011612,0.05713832378387451,-0.0517767071723938,0.05312500149011612,0.14552664756774902,0.0366116464138031,-0.04062499850988388,-0.16383254528045654,0.34597086906433105,-0.04062499850988388,-0.25222086906433105,0.25758251547813416,0.05312500149011612,-0.16383254528045654,0.34597086906433105,0.05312500149011612,-0.25222086906433105,0.25758251547813416,-0.04062499850988388,0.14552664756774902,0.0366116464138031,-0.04062499850988388,-0.16383254528045654,0.34597086906433105,0.05312500149011612,0.14552664756774902,0.0366116464138031,0.05312500149011612,-0.16383254528045654,0.34597086906433105,0.05312500149011612,0.05713832378387451,-0.0517767071723938,0.05312500149011612,-0.25222086906433105,0.25758251547813416,-0.04062499850988388,0.05713832378387451,-0.0517767071723938,-0.04062499850988388,-0.25222086906433105,0.25758251547813416,0.19374999403953552,0.53125,0.3125,0.19374999403953552,0.15625,0.3125,0.19374999403953552,0.53125,-0.375,0.19374999403953552,0.15625,-0.375,-0.18125000596046448,0.53125,-0.375,-0.18125000596046448,0.15625,-0.375,-0.18125000596046448,0.53125,0.3125,-0.18125000596046448,0.15625,0.3125,-0.18125000596046448,0.53125,-0.375,-0.18125000596046448,0.53125,0.3125,0.19374999403953552,0.53125,-0.375,0.19374999403953552,0.53125,0.3125,-0.18125000596046448,0.15625,0.3125,-0.18125000596046448,0.15625,-0.375,0.19374999403953552,0.15625,0.3125,0.19374999403953552,0.15625,-0.375,-0.18125000596046448,0.53125,0.3125,-0.18125000596046448,0.15625,0.3125,0.19374999403953552,0.53125,0.3125,0.19374999403953552,0.15625,0.3125,0.19374999403953552,0.53125,-0.375,0.19374999403953552,0.15625,-0.375,-0.18125000596046448,0.53125,-0.375,-0.18125000596046448,0.15625,-0.375,0.1875,0.1875,0.0000625000029685907,0.1875,-0.1875,0.0000625000029685907,0.1875,0.1875,0,0.1875,-0.1875,0,-0.1875,0.1875,0,-0.1875,-0.1875,0,-0.1875,0.1875,0.0000625000029685907,-0.1875,-0.1875,0.0000625000029685907,-0.1875,0.1875,0,-0.1875,0.1875,0.0000625000029685907,0.1875,0.1875,0,0.1875,0.1875,0.0000625000029685907,-0.1875,-0.1875,0.0000625000029685907,-0.1875,-0.1875,0,0.1875,-0.1875,0.0000625000029685907,0.1875,-0.1875,0,-0.1875,0.1875,0.0000625000029685907,-0.1875,-0.1875,0.0000625000029685907,0.1875,0.1875,0.0000625000029685907,0.1875,-0.1875,0.0000625000029685907,0.1875,0.1875,0,0.1875,-0.1875,0,-0.1875,0.1875,0,-0.1875,-0.1875,0,-0.125,1,-0.3125,-0.125,1.375,-0.3125,-0.125,1.375,-0.5,-0.125,1,-0.5,-0.125,1.375,-0.5,-0.125,1.375,-0.5,-0.125,1.375,-0.3125,-0.125,1,-0.3125,-0.125,1,-0.3125,-0.125,1,-0.5,-0.125,1.375,-0.3125,-0.125,1.375,-0.3125,-0.125,1,-0.3125,-0.125,1,-0.5],"indices":[0,1,2,1,3,2,4,5,6,5,7,6,8,9,10,9,11,10,12,13,14,13,15,14,16,17,18,17,19,18,20,21,22,21,23,22,24,25,26,25,27,26,28,29,30,29,31,30,32,33,34,33,35,34,36,37,38,37,39,38,40,41,42,41,43,42,44,45,46,45,47,46,48,49,50,49,51,50,52,53,54,53,55,54,56,57,58,57,59,58,60,61,62,61,63,62,64,65,66,65,67,66,68,69,70,69,71,70,72,73,74,73,75,74,76,77,78,77,79,78,80,81,82,81,83,82,84,85,86,85,87,86,88,89,90,89,91,90,92,93,94,93,95,94,96,97,98,97,99,98,100,101,102,101,103,102,104,105,106,105,107,106,108,109,110,109,111,110,112,113,114,113,115,114,116,117,118,117,119,118,120,121,122,120,122,123,124,125,126,124,126,126,127,128,129,127,129,129,130,131,132,130,132,132,124,125,133,124,133,133]},"optimizedModelData":{"":{"meshCount":3},"-named-nodes":{"meshCount":6},"-no-animations":{"meshCount":1}}}