{"schemaVersion":4,"source":{"uri":"models/npcs/animals/sheep.gltf","sha256":"2fff6b7f6f48c4bfb1846d31026727bff4f695798d342f5c2f8a99277abdd1dd"},"animationNames":["idle","walk"],"boundingBox":{"min":{"x":-0.71875,"y":0,"z":-0.90625},"max":{"x":0.71875,"y":1.75,"z":0.7989725237712264}},"nodeNames":["cube","ear_left","ear_left_ext","cube","ear_right","ear_right_ext","cube","cube","cube","head","head_ext","cube","tail","tail_ext","wool","body","cube","leg_front_right","cube","leg_front_left","cube","leg_back_right","cube","leg_back_left","legs","body_main","body_orbit","root",""],"trimesh":{"vertices":[-0.21875,1.25,0.65625,-0.21875,1,0.65625,-0.21875,1.25,0.53125,-0.21875,1,0.53125,-0.53125,1.25,0.53125,-0.53125,1,0.53125,-0.53125,1.25,0.65625,-0.53125,1,0.65625,-0.53125,1.25,0.53125,-0.53125,1.25,0.65625,-0.21875,1.25,0.53125,-0.21875,1.25,0.65625,-0.53125,1,0.65625,-0.53125,1,0.53125,-0.21875,1,0.65625,-0.21875,1,0.53125,-0.53125,1.25,0.65625,-0.53125,1,0.65625,-0.21875,1.25,0.65625,-0.21875,1,0.65625,-0.21875,1.25,0.53125,-0.21875,1,0.53125,-0.53125,1.25,0.53125,-0.53125,1,0.53125,0.53125,1.25,0.65625,0.53125,1,0.65625,0.53125,1.25,0.53125,0.53125,1,0.53125,0.21875,1.25,0.53125,0.21875,1,0.53125,0.21875,1.25,0.65625,0.21875,1,0.65625,0.21875,1.25,0.53125,0.21875,1.25,0.65625,0.53125,1.25,0.53125,0.53125,1.25,0.65625,0.21875,1,0.65625,0.21875,1,0.53125,0.53125,1,0.65625,0.53125,1,0.53125,0.21875,1.25,0.65625,0.21875,1,0.65625,0.53125,1.25,0.65625,0.53125,1,0.65625,0.53125,1.25,0.53125,0.53125,1,0.53125,0.21875,1.25,0.53125,0.21875,1,0.53125,0.71875,1.5,1.40625,0.71875,0.6875,1.40625,0.71875,1.5,0.65625,0.71875,0.6875,0.65625,-0.21875,1.5,0.65625,-0.21875,0.6875,0.65625,-0.21875,1.5,1.40625,-0.21875,0.6875,1.40625,-0.21875,1.5,0.65625,-0.21875,1.5,1.40625,0.71875,1.5,0.65625,0.71875,1.5,1.40625,-0.21875,0.6875,1.40625,-0.21875,0.6875,0.65625,0.71875,0.6875,1.40625,0.71875,0.6875,0.65625,-0.21875,1.5,1.40625,-0.21875,0.6875,1.40625,0.71875,1.5,1.40625,0.71875,0.6875,1.40625,0.71875,1.5,0.65625,0.71875,0.6875,0.65625,-0.21875,1.5,0.65625,-0.21875,0.6875,0.65625,0.59375,1.6875,1.15625,0.59375,1.25,1.15625,0.59375,1.6875,0.53125,0.59375,1.25,0.53125,-0.09375,1.6875,0.53125,-0.09375,1.25,0.53125,-0.09375,1.6875,1.15625,-0.09375,1.25,1.15625,-0.09375,1.6875,0.53125,-0.09375,1.6875,1.15625,0.59375,1.6875,0.53125,0.59375,1.6875,1.15625,-0.09375,1.25,1.15625,-0.09375,1.25,0.53125,0.59375,1.25,1.15625,0.59375,1.25,0.53125,-0.09375,1.6875,1.15625,-0.09375,1.25,1.15625,0.59375,1.6875,1.15625,0.59375,1.25,1.15625,0.59375,1.6875,0.53125,0.59375,1.25,0.53125,-0.09375,1.6875,0.53125,-0.09375,1.25,0.53125,0.46875,1,0.65625,0.46875,0.75,0.65625,0.46875,1,0.53125,0.46875,0.75,0.53125,0.03125,1,0.53125,0.03125,0.75,0.53125,0.03125,1,0.65625,0.03125,0.75,0.65625,0.03125,1,0.53125,0.03125,1,0.65625,0.46875,1,0.53125,0.46875,1,0.65625,0.03125,0.75,0.65625,0.03125,0.75,0.53125,0.46875,0.75,0.65625,0.46875,0.75,0.53125,0.03125,1,0.65625,0.03125,0.75,0.65625,0.46875,1,0.65625,0.46875,0.75,0.65625,0.46875,1,0.53125,0.46875,0.75,0.53125,0.03125,1,0.53125,0.03125,0.75,0.53125,0.140625,0.4077315032482147,-0.013527476228773594,0.140625,-0.029768500477075577,-0.013527476228773594,0.140625,0.4077315032482147,-0.20102748274803162,0.140625,-0.029768500477075577,-0.20102748274803162,-0.234375,0.4077315032482147,-0.20102748274803162,-0.234375,-0.029768500477075577,-0.20102748274803162,-0.234375,0.4077315032482147,-0.013527476228773594,-0.234375,-0.029768500477075577,-0.013527476228773594,-0.234375,0.4077315032482147,-0.20102748274803162,-0.234375,0.4077315032482147,-0.013527476228773594,0.140625,0.4077315032482147,-0.20102748274803162,0.140625,0.4077315032482147,-0.013527476228773594,-0.234375,-0.029768500477075577,-0.013527476228773594,-0.234375,-0.029768500477075577,-0.20102748274803162,0.140625,-0.029768500477075577,-0.013527476228773594,0.140625,-0.029768500477075577,-0.20102748274803162,-0.234375,0.4077315032482147,-0.013527476228773594,-0.234375,-0.029768500477075577,-0.013527476228773594,0.140625,0.4077315032482147,-0.013527476228773594,0.140625,-0.029768500477075577,-0.013527476228773594,0.140625,0.4077315032482147,-0.20102748274803162,0.140625,-0.029768500477075577,-0.20102748274803162,-0.234375,0.4077315032482147,-0.20102748274803162,-0.234375,-0.029768500477075577,-0.20102748274803162,0.4375,0.4375,0.5625,0.4375,-0.4375,0.5625,0.4375,0.4375,-0.5625,0.4375,-0.4375,-0.5625,-0.4375,0.4375,-0.5625,-0.4375,-0.4375,-0.5625,-0.4375,0.4375,0.5625,-0.4375,-0.4375,0.5625,-0.4375,0.4375,-0.5625,-0.4375,0.4375,0.5625,0.4375,0.4375,-0.5625,0.4375,0.4375,0.5625,-0.4375,-0.4375,0.5625,-0.4375,-0.4375,-0.5625,0.4375,-0.4375,0.5625,0.4375,-0.4375,-0.5625,-0.4375,0.4375,0.5625,-0.4375,-0.4375,0.5625,0.4375,0.4375,0.5625,0.4375,-0.4375,0.5625,0.4375,0.4375,-0.5625,0.4375,-0.4375,-0.5625,-0.4375,0.4375,-0.5625,-0.4375,-0.4375,-0.5625,0.4609375,1.34375,-0.04062499850988388,0.4609375,0.90625,-0.04062499850988388,0.4609375,1.34375,-0.3531250059604645,0.4609375,0.90625,-0.3531250059604645,0.1484375,1.34375,-0.3531250059604645,0.1484375,0.90625,-0.3531250059604645,0.1484375,1.34375,-0.04062499850988388,0.1484375,0.90625,-0.04062499850988388,0.1484375,1.34375,-0.3531250059604645,0.1484375,1.34375,-0.04062499850988388,0.4609375,1.34375,-0.3531250059604645,0.4609375,1.34375,-0.04062499850988388,0.1484375,0.90625,-0.04062499850988388,0.1484375,0.90625,-0.3531250059604645,0.4609375,0.90625,-0.04062499850988388,0.4609375,0.90625,-0.3531250059604645,0.1484375,1.34375,-0.04062499850988388,0.1484375,0.90625,-0.04062499850988388,0.4609375,1.34375,-0.04062499850988388,0.4609375,0.90625,-0.04062499850988388,0.4609375,1.34375,-0.3531250059604645,0.4609375,0.90625,-0.3531250059604645,0.1484375,1.34375,-0.3531250059604645,0.1484375,0.90625,-0.3531250059604645,-0.1484375,1.34375,-0.04062499850988388,-0.1484375,0.90625,-0.04062499850988388,-0.1484375,1.34375,-0.3531250059604645,-0.1484375,0.90625,-0.3531250059604645,-0.4609375,1.34375,-0.3531250059604645,-0.4609375,0.90625,-0.3531250059604645,-0.4609375,1.34375,-0.04062499850988388,-0.4609375,0.90625,-0.04062499850988388,-0.4609375,1.34375,-0.3531250059604645,-0.4609375,1.34375,-0.04062499850988388,-0.1484375,1.34375,-0.3531250059604645,-0.1484375,1.34375,-0.04062499850988388,-0.4609375,0.90625,-0.04062499850988388,-0.4609375,0.90625,-0.3531250059604645,-0.1484375,0.90625,-0.04062499850988388,-0.1484375,0.90625,-0.3531250059604645,-0.4609375,1.34375,-0.04062499850988388,-0.4609375,0.90625,-0.04062499850988388,-0.1484375,1.34375,-0.04062499850988388,-0.1484375,0.90625,-0.04062499850988388,-0.1484375,1.34375,-0.3531250059604645,-0.1484375,0.90625,-0.3531250059604645,-0.4609375,1.34375,-0.3531250059604645,-0.4609375,0.90625,-0.3531250059604645,0.3984375,1.34375,0.3531250059604645,0.3984375,0.90625,0.3531250059604645,0.3984375,1.34375,0.04062499850988388,0.3984375,0.90625,0.04062499850988388,0.0859375,1.34375,0.04062499850988388,0.0859375,0.90625,0.04062499850988388,0.0859375,1.34375,0.3531250059604645,0.0859375,0.90625,0.3531250059604645,0.0859375,1.34375,0.04062499850988388,0.0859375,1.34375,0.3531250059604645,0.3984375,1.34375,0.04062499850988388,0.3984375,1.34375,0.3531250059604645,0.0859375,0.90625,0.3531250059604645,0.0859375,0.90625,0.04062499850988388,0.3984375,0.90625,0.3531250059604645,0.3984375,0.90625,0.04062499850988388,0.0859375,1.34375,0.3531250059604645,0.0859375,0.90625,0.3531250059604645,0.3984375,1.34375,0.3531250059604645,0.3984375,0.90625,0.3531250059604645,0.3984375,1.34375,0.04062499850988388,0.3984375,0.90625,0.04062499850988388,0.0859375,1.34375,0.04062499850988388,0.0859375,0.90625,0.04062499850988388,-0.0859375,1.34375,0.3531250059604645,-0.0859375,0.90625,0.3531250059604645,-0.0859375,1.34375,0.04062499850988388,-0.0859375,0.90625,0.04062499850988388,-0.3984375,1.34375,0.04062499850988388,-0.3984375,0.90625,0.04062499850988388,-0.3984375,1.34375,0.3531250059604645,-0.3984375,0.90625,0.3531250059604645,-0.3984375,1.34375,0.04062499850988388,