{"schemaVersion":4,"source":{"uri":"models/environment/Snow/frozen-stump.gltf","sha256":"0ef32b2d8417ffa1801397c90820e0f1c446715cda17ed7576b1316ca08318d6"},"animationNames":[],"boundingBox":{"min":{"x":-0.7835853186403843,"y":0,"z":-0.5},"max":{"x":0.8100324143368673,"y":1,"z":0.5}},"nodeNames":["cube","cube","cube","cube","cube","cube","cube","cube","cube","cube","cube","root",""],"trimesh":{"vertices":[-0.2007235437631607,0.3125,0.375,-0.2007235437631607,-0.5,0.375,-0.2007235437631607,0.3125,-0.375,-0.2007235437631607,-0.5,-0.375,-0.3882235586643219,0.3125,-0.375,-0.3882235586643219,-0.5,-0.375,-0.3882235586643219,0.3125,0.375,-0.3882235586643219,-0.5,0.375,-0.3882235586643219,0.3125,-0.375,-0.3882235586643219,0.3125,0.375,-0.2007235437631607,0.3125,-0.375,-0.2007235437631607,0.3125,0.375,-0.3882235586643219,-0.5,0.375,-0.3882235586643219,-0.5,-0.375,-0.2007235437631607,-0.5,0.375,-0.2007235437631607,-0.5,-0.375,-0.3882235586643219,0.3125,0.375,-0.3882235586643219,-0.5,0.375,-0.2007235437631607,0.3125,0.375,-0.2007235437631607,-0.5,0.375,-0.2007235437631607,0.3125,-0.375,-0.2007235437631607,-0.5,-0.375,-0.3882235586643219,0.3125,-0.375,-0.3882235586643219,-0.5,-0.375,-0.1382235437631607,-0.0625,-0.1875,-0.1382235437631607,-0.5,-0.1875,-0.1382235437631607,-0.0625,-0.5,-0.1382235437631607,-0.5,-0.5,-0.5132235288619995,-0.0625,-0.5,-0.5132235288619995,-0.5,-0.5,-0.5132235288619995,-0.0625,-0.1875,-0.5132235288619995,-0.5,-0.1875,-0.5132235288619995,-0.0625,-0.5,-0.5132235288619995,-0.0625,-0.1875,-0.1382235437631607,-0.0625,-0.5,-0.1382235437631607,-0.0625,-0.1875,-0.5132235288619995,-0.5,-0.1875,-0.5132235288619995,-0.5,-0.5,-0.1382235437631607,-0.5,-0.1875,-0.1382235437631607,-0.5,-0.5,-0.5132235288619995,-0.0625,-0.1875,-0.5132235288619995,-0.5,-0.1875,-0.1382235437631607,-0.0625,-0.1875,-0.1382235437631607,-0.5,-0.1875,-0.1382235437631607,-0.0625,-0.5,-0.1382235437631607,-0.5,-0.5,-0.5132235288619995,-0.0625,-0.5,-0.5132235288619995,-0.5,-0.5,0.4867764413356781,-0.1875,0.5,0.4867764413356781,-0.5,0.5,0.4867764413356781,-0.1875,0.0625,0.4867764413356781,-0.5,0.0625,0.2367764562368393,-0.1875,0.0625,0.2367764562368393,-0.5,0.0625,0.2367764562368393,-0.1875,0.5,0.2367764562368393,-0.5,0.5,0.2367764562368393,-0.1875,0.0625,0.2367764562368393,-0.1875,0.5,0.4867764413356781,-0.1875,0.0625,0.4867764413356781,-0.1875,0.5,0.2367764562368393,-0.5,0.5,0.2367764562368393,-0.5,0.0625,0.4867764413356781,-0.5,0.5,0.4867764413356781,-0.5,0.0625,0.2367764562368393,-0.1875,0.5,0.2367764562368393,-0.5,0.5,0.4867764413356781,-0.1875,0.5,0.4867764413356781,-0.5,0.5,0.4867764413356781,-0.1875,0.0625,0.4867764413356781,-0.5,0.0625,0.2367764562368393,-0.1875,0.0625,0.2367764562368393,-0.5,0.0625,0.2367764562368393,0.3125,-0.3125,0.2367764562368393,-0.5,-0.3125,0.2367764562368393,0.3125,-0.375,0.2367764562368393,-0.5,-0.375,-0.2007235437631607,0.3125,-0.375,-0.2007235437631607,-0.5,-0.375,-0.2007235437631607,0.3125,-0.3125,-0.2007235437631607,-0.5,-0.3125,-0.2007235437631607,0.3125,-0.375,-0.2007235437631607,0.3125,-0.3125,0.2367764562368393,0.3125,-0.375,0.2367764562368393,0.3125,-0.3125,-0.2007235437631607,-0.5,-0.3125,-0.2007235437631607,-0.5,-0.375,0.2367764562368393,-0.5,-0.3125,0.2367764562368393,-0.5,-0.375,-0.2007235437631607,0.3125,-0.3125,-0.2007235437631607,-0.5,-0.3125,0.2367764562368393,0.3125,-0.3125,0.2367764562368393,-0.5,-0.3125,0.2367764562368393,0.3125,-0.375,0.2367764562368393,-0.5,-0.375,-0.2007235437631607,0.3125,-0.375,-0.2007235437631607,-0.5,-0.375,0.3617764413356781,0.3125,0.375,0.3617764413356781,-0.5,0.375,0.3617764413356781,0.3125,0.1875,0.3617764413356781,-0.5,0.1875,-0.2007235437631607,0.3125,0.1875,-0.2007235437631607,-0.5,0.1875,-0.2007235437631607,0.3125,0.375,-0.2007235437631607,-0.5,0.375,-0.2007235437631607,0.3125,0.1875,-0.2007235437631607,0.3125,0.375,0.3617764413356781,0.3125,0.1875,0.3617764413356781,0.3125,0.375,-0.2007235437631607,-0.5,0.375,-0.2007235437631607,-0.5,0.1875,0.3617764413356781,-0.5,0.375,0.3617764413356781,-0.5,0.1875,-0.2007235437631607,0.3125,0.375,-0.2007235437631607,-0.5,0.375,0.3617764413356781,0.3125,0.375,0.3617764413356781,-0.5,0.375,0.3617764413356781,0.3125,0.1875,0.3617764413356781,-0.5,0.1875,-0.2007235437631607,0.3125,0.1875,-0.2007235437631607,-0.5,0.1875,0.3617764413356781,0.3125,0.1875,0.3617764413356781,-0.5,0.1875,0.3617764413356781,0.3125,-0.375,0.3617764413356781,-0.5,-0.375,0.2367764562368393,0.3125,-0.375,0.2367764562368393,-0.5,-0.375,0.2367764562368393,0.3125,0.1875,0.2367764562368393,-0.5,0.1875,0.2367764562368393,0.3125,-0.375,0.2367764562368393,0.3125,0.1875,0.3617764413356781,0.3125,-0.375,0.3617764413356781,0.3125,0.1875,0.2367764562368393,-0.5,0.1875,0.2367764562368393,-0.5,-0.375,0.3617764413356781,-0.5,0.1875,0.3617764413356781,-0.5,-0.375,0.2367764562368393,0.3125,0.1875,0.2367764562368393,-0.5,0.1875,0.3617764413356781,0.3125,0.1875,0.3617764413356781,-0.5,0.1875,0.3617764413356781,0.3125,-0.375,0.3617764413356781,-0.5,-0.375,0.2367764562368393,0.3125,-0.375,0.2367764562368393,-0.5,-0.375,0.2367764562368393,0.1875,0.1875,0.2367764562368393,-0.5,0.1875,0.2367764562368393,0.1875,-0.3125,0.2367764562368393,-0.5,-0.3125,-0.2007235437631607,0.1875,-0.3125,-0.2007235437631607,-0.5,-0.3125,-0.2007235437631607,0.1875,0.1875,-0.2007235437631607,-0.5,0.1875,-0.2007235437631607,0.1875,-0.3125,-0.2007235437631607,0.1875,0.1875,0.2367764562368393,0.1875,-0.3125,0.2367764562368393,0.1875,0.1875,-0.2007235437631607,-0.5,0.1875,-0.2007235437631607,-0.5,-0.3125,0.2367764562368393,-0.5,0.1875,0.2367764562368393,-0.5,-0.3125,-0.2007235437631607,0.1875,0.1875,-0.2007235437631607,-0.5,0.1875,0.2367764562368393,0.1875,0.1875,0.2367764562368393,-0.5,0.1875,0.2367764562368393,0.1875,-0.3125,0.2367764562368393,-0.5,-0.3125,-0.2007235437631607,0.1875,-0.3125,-0.2007235437631607,-0.5,-0.3125,-0.38569334149360657,0.3125,-0.04815050587058067,-0.38569334149360657,0.3125,-0.04815050587058067,-0.38569334149360657,-0.1875,-0.04815050587058067,-0.38569334149360657,0.3125,-0.04815050587058067,-0.7968088388442993,0.3125,0.1014833003282547,-0.38569334149360657,0.3125,-0.04815050587058067,-0.38569334149360657,-0.1875,-0.04815050587058067,-0.7968088388442993,-0.1875,0.1014833003282547,-0.38569334149360657,-0.1875,-0.04815050587058067,-0.7968088388442993,0.3125,0.1014833003282547,-0.38569334149360657,0.3125,-0.04815050587058067,-0.38569334149360657,-0.1875,-0.04815050587058067,-0.7968088388442993,-0.1875,0.1014833003282547,0.2992764413356781,0.5,0.375,0.2992764413356781,0.5,0.375,0.2992764413356781,0.3125,0.375,0.2992764413356781,0.5,0.375,-0.3882235586643219,0.5,0.375,0.2992764413356781,0.5,0.375,0.2992764413356781,0.3125,0.375,-0.3882235586643219,0.3125,0.375,0.2992764413356781,0.3125,0.375,-0.3882235586643219,0.5,0.375,0.2992764413356781,0.5,0.375,0.2992764413356781,0.3125,0.375,-0.3882235586643219,0.3125,0.375,-0.3882235586643219,0.5,0.375,-0.3882235586643219,0.3125,0.375,-0.3882235586643219,0.5,0.375,-0.3882235586643219,0.5,-0.3125,-0.3882235586643219,0.5,0.375,-0.3882235586643219,0.3125,0.375,-0.3882235586643219,0.3125,-0.3125,-0.3882235586643219,0.3125,0.375,-0.3882235586643219,0.5,-0.3125,-0.3882235586643219,0.5,0.375,-0.3882235586643219,0.3125,0.375,-0.3882235586643219,0.3125,-0.3125,0.7968088984489441,-0.1875,-0.05086846649646759,0.049662839621305466,-0.1875,0.014498338103294373,0.7968088984489441,-0.1875,-0.05086846649646759,0.7968088984489441,0.375,-0.05086846649646759,0.7968088984489441,-0.1875,-0.05086846649646759,0.049662839621305466,-0.1875,0.014498338103294373,0.049662839621305466,0.375,0.014498338103294373],