{"schemaVersion":1,"source":{"uri":"models/environment/Farm/peony-stage1.gltf","sha256":"4976835c81ab8a22191ec24418c5964868632ecaa1a378286d0ae0da96236d29"},"animationNames":[],"boundingBox":{"min":{"x":-0.20685617695488856,"y":0,"z":-0.13236043456039806},"max":{"x":0.08185617695488856,"y":0.5,"z":0.08861043456039805}},"nodeNames":["cube","cube","cube","root",""],"trimesh":{"vertices":[0.125,0.25,0.08437500149011612,0.125,0.0625,0.08437500149011612,0.125,0.25,-0.04062499850988388,0.125,0.0625,-0.04062499850988388,0,0.25,-0.04062499850988388,0,0.0625,-0.04062499850988388,0,0.25,0.08437500149011612,0,0.0625,0.08437500149011612,0,0.25,-0.04062499850988388,0,0.25,0.08437500149011612,0.125,0.25,-0.04062499850988388,0.125,0.25,0.08437500149011612,0,0.0625,0.08437500149011612,0,0.0625,-0.04062499850988388,0.125,0.0625,0.08437500149011612,0.125,0.0625,-0.04062499850988388,0,0.25,0.08437500149011612,0,0.0625,0.08437500149011612,0.125,0.25,0.08437500149011612,0.125,0.0625,0.08437500149011612,0.125,0.25,-0.04062499850988388,0.125,0.0625,-0.04062499850988388,0,0.25,-0.04062499850988388,0,0.0625,-0.04062499850988388,0.11048543453216553,0.125,0.11048544198274612,0.11048543453216553,0.125,0.11048544198274612,0.11048543453216553,-0.25,0.11048544198274612,-0.11048543453216553,0.125,-0.11048543453216553,-0.11048543453216553,0.125,-0.11048543453216553,-0.11048543453216553,-0.25,-0.11048543453216553,0.11048543453216553,0.125,0.11048544198274612,0.11048543453216553,0.125,0.11048544198274612,0.11048543453216553,-0.25,0.11048544198274612,-0.11048543453216553,-0.25,-0.11048543453216553,0.11048543453216553,-0.25,0.11048544198274612,-0.11048543453216553,-0.25,-0.11048543453216553,-0.11048543453216553,0.125,-0.11048543453216553,0.11048543453216553,0.125,0.11048544198274612,0.11048543453216553,-0.25,0.11048544198274612,0.14435617625713348,0.125,-0.016044287011027336,0.14435617625713348,0.125,-0.016044287011027336,0.14435617625713348,-0.25,-0.016044287011027336,-0.14435617625713348,0.125,0.10354428738355637,-0.14435617625713348,0.125,0.10354428738355637,-0.14435617625713348,-0.25,0.10354428738355637,0.14435617625713348,0.125,-0.016044287011027336,0.14435617625713348,0.125,-0.016044287011027336,0.14435617625713348,-0.25,-0.016044287011027336,-0.14435617625713348,-0.25,0.10354428738355637,0.14435617625713348,-0.25,-0.016044287011027336,-0.14435617625713348,-0.25,0.10354428738355637,-0.14435617625713348,0.125,0.10354428738355637,0.14435617625713348,0.125,-0.016044287011027336,0.14435617625713348,-0.25,-0.016044287011027336],"indices":[0,1,2,1,3,2,4,5,6,5,7,6,8,9,10,9,11,10,12,13,14,13,15,14,16,17,18,17,19,18,20,21,22,21,23,22,24,25,26,24,26,26,27,28,29,27,29,29,30,27,31,30,31,27,32,33,34,32,34,33,35,36,37,35,37,38,39,40,41,39,41,41,42,43,44,42,44,44,45,42,46,45,46,42,47,48,49,47,49,48,50,51,52,50,52,53]}}