{"schemaVersion":4,"source":{"uri":"models/environment/Dungeon/dungeon-torch-2.gltf","sha256":"eae757c7e85c5fea801c4bb853fee3b158e25ab1c0506a22bae8d1f4b3ecc28e"},"animationNames":[],"boundingBox":{"min":{"x":-0.1875,"y":0.06593807848093822,"z":-0.12013837185434212},"max":{"x":0.1875,"y":0.9729221452415893,"z":0.5074810004149317}},"nodeNames":["cube","cube","cube","cube","cube","cube","cube","bone5","bone4","bone3","root",""],"trimesh":{"vertices":[0.0625,0.05628316104412079,-0.020993700250983238,0.0625,-0.4056566059589386,0.17034801840782166,0.0625,0.008447732776403427,-0.13647864758968353,0.0625,-0.45349204540252686,0.05486307293176651,-0.0625,0.008447732776403427,-0.13647864758968353,-0.0625,-0.45349204540252686,0.05486307293176651,-0.0625,0.05628316104412079,-0.020993700250983238,-0.0625,-0.4056566059589386,0.17034801840782166,-0.0625,0.008447732776403427,-0.13647864758968353,-0.0625,0.05628316104412079,-0.020993700250983238,0.0625,0.008447732776403427,-0.13647864758968353,0.0625,0.05628316104412079,-0.020993700250983238,-0.0625,-0.4056566059589386,0.17034801840782166,-0.0625,-0.45349204540252686,0.05486307293176651,0.0625,-0.4056566059589386,0.17034801840782166,0.0625,-0.45349204540252686,0.05486307293176651,-0.0625,0.05628316104412079,-0.020993700250983238,-0.0625,-0.4056566059589386,0.17034801840782166,0.0625,0.05628316104412079,-0.020993700250983238,0.0625,-0.4056566059589386,0.17034801840782166,0.0625,0.008447732776403427,-0.13647864758968353,0.0625,-0.45349204540252686,0.05486307293176651,-0.0625,0.008447732776403427,-0.13647864758968353,-0.0625,-0.45349204540252686,0.05486307293176651,0.125,-0.13610443472862244,0.18880969285964966,0.125,-0.26110443472862244,0.18880967795848846,0.125,-0.13610443472862244,-0.12369031459093094,0.125,-0.26110443472862244,-0.12369031459093094,-0.125,-0.13610443472862244,-0.12369031459093094,-0.125,-0.26110443472862244,-0.12369031459093094,-0.125,-0.13610443472862244,0.18880969285964966,-0.125,-0.26110443472862244,0.18880967795848846,-0.125,-0.13610443472862244,-0.12369031459093094,-0.125,-0.13610443472862244,0.18880969285964966,0.125,-0.13610443472862244,-0.12369031459093094,0.125,-0.13610443472862244,0.18880969285964966,-0.125,-0.26110443472862244,0.18880967795848846,-0.125,-0.26110443472862244,-0.12369031459093094,0.125,-0.26110443472862244,0.18880967795848846,0.125,-0.26110443472862244,-0.12369031459093094,-0.125,-0.13610443472862244,0.18880969285964966,-0.125,-0.26110443472862244,0.18880967795848846,0.125,-0.13610443472862244,0.18880969285964966,0.125,-0.26110443472862244,0.18880967795848846,0.125,-0.13610443472862244,-0.12369031459093094,0.125,-0.26110443472862244,-0.12369031459093094,-0.125,-0.13610443472862244,-0.12369031459093094,-0.125,-0.26110443472862244,-0.12369031459093094,0.125,0.3689132332801819,-0.08283980190753937,0.125,0.08020087331533432,0.036748770624399185,0.125,0.27324238419532776,-0.31380969285964966,0.125,-0.015469981357455254,-0.1942211091518402,-0.125,0.27324238419532776,-0.31380969285964966,-0.125,-0.015469981357455254,-0.1942211091518402,-0.125,0.3689132332801819,-0.08283980190753937,-0.125,0.08020087331533432,0.036748770624399185,-0.125,0.27324238419532776,-0.31380969285964966,-0.125,0.3689132332801819,-0.08283980190753937,0.125,0.27324238419532776,-0.31380969285964966,0.125,0.3689132332801819,-0.08283980190753937,-0.125,0.08020087331533432,0.036748770624399185,-0.125,-0.015469981357455254,-0.1942211091518402,0.125,0.08020087331533432,0.036748770624399185,0.125,-0.015469981357455254,-0.1942211091518402,-0.125,0.3689132332801819,-0.08283980190753937,-0.125,0.08020087331533432,0.036748770624399185,0.125,0.3689132332801819,-0.08283980190753937,0.125,0.08020087331533432,0.036748770624399185,0.125,0.27324238419532776,-0.31380969285964966,0.125,-0.015469981357455254,-0.1942211091518402,-0.125,0.27324238419532776,-0.31380969285964966,-0.125,-0.015469981357455254,-0.1942211091518402,0.0625,0.2295105755329132,-0.09274684637784958,0.0625,0.05628316104412079,-0.020993700250983238,0.0625,0.18167515099048615,-0.20823179185390472,0.0625,0.008447732776403427,-0.13647864758968353,-0.0625,0.18167515099048615,-0.20823179185390472,-0.0625,0.008447732776403427,-0.13647864758968353,-0.0625,0.2295105755329132,-0.09274684637784958,-0.0625,0.05628316104412079,-0.020993700250983238,-0.0625,0.18167515099048615,-0.20823179185390472,-0.0625,0.2295105755329132,-0.09274684637784958,0.0625,0.18167515099048615,-0.20823179185390472,0.0625,0.2295105755329132,-0.09274684637784958,-0.0625,0.05628316104412079,-0.020993700250983238,-0.0625,0.008447732776403427,-0.13647864758968353,0.0625,0.05628316104412079,-0.020993700250983238,0.0625,0.008447732776403427,-0.13647864758968353,-0.0625,0.2295105755329132,-0.09274684637784958,-0.0625,0.05628316104412079,-0.020993700250983238,0.0625,0.2295105755329132,-0.09274684637784958,0.0625,0.05628316104412079,-0.020993700250983238,0.0625,0.18167515099048615,-0.20823179185390472,0.0625,0.008447732776403427,-0.13647864758968353,-0.0625,0.18167515099048615,-0.20823179185390472,-0.0625,0.008447732776403427,-0.13647864758968353,0.1875,-0.011104440316557884,0.31380969285964966,0.1875,-0.38610443472862244,0.31380969285964966,0.1875,-0.011104434728622437,0.18880967795848846,0.1875,-0.38610443472862244,0.18880967795848846,-0.1875,-0.011104434728622437,0.18880967795848846,-0.1875,-0.38610443472862244,0.18880967795848846,-0.1875,-0.011104440316557884,0.31380969285964966,-0.1875,-0.38610443472862244,0.31380969285964966,-0.1875,-0.011104434728622437,0.18880967795848846,-0.1875,-0.011104440316557884,0.31380969285964966,0.1875,-0.011104434728622437,0.18880967795848846,0.1875,-0.011104440316557884,0.31380969285964966,-0.1875,-0.38610443472862244,0.31380969285964966,-0.1875,-0.38610443472862244,0.18880967795848846,0.1875,-0.38610443472862244,0.31380969285964966,0.1875,-0.38610443472862244,0.18880967795848846,-0.1875,-0.011104440316557884,0.31380969285964966,-0.1875,-0.38610443472862244,0.31380969285964966,0.1875,-0.011104440316557884,0.31380969285964966,0.1875,-0.38610443472862244,0.31380969285964966,0.1875,-0.011104434728622437,0.18880967795848846,0.1875,-0.38610443472862244,0.18880967795848846,-0.1875,-0.011104434728622437,0.18880967795848846,-0.1875,-0.38610443472862244,0.18880967795848846,0.06093750149011612,0.16972656548023224,-0.06967473775148392,0.06093750149011612,0.05712876096367836,-0.023035194724798203,0.06093750149011612,0.12308701872825623,-0.1822725534439087,0.06093750149011612,0.010489215143024921,-0.13563302159309387,-0.06093750149011612,0.12308701872825623,-0.1822725534439087,-0.06093750149011612,0.010489215143024921,-0.13563302159309387,-0.06093750149011612,0.16972656548023224,-0.06967473775148392,-0.06093750149011612,0.05712876096367836,-0.023035194724798203,-0.06093750149011612,0.12308701872825623,-0.1822725534439087,-0.06093750149011612,0.16972656548023224,-0.06967473775148392,0.06093750149011612,0.12308701872825623,-0.1822725534439087,0.06093750149011612,0.16972656548023224,-0.06967473775148392,-0.06093750149011612,0.05712876096367836,-0.023035194724798203,-0.06093750149011612,0.010489215143024921,-0.13563302159309387,0.06093750149011612,0.05712876096367836,-0.023035194724798203,0.06093750149011612,0.010489215143024921,-0.13563302159309387,-0.06093750149011612,0.16972656548023224,-0.06967473775148392,-0.06093750149011612,0.05712876096367836,-0.023035194724798203,0.06093750149011612,0.16972656548023224,-0.06967473775148392,0.06093750149011612,0.05712876096367836,-0.023035194724798203,0.06093750149011612,0.12308701872825623,-0.1822725534439087,0.06093750149011612,0.010489215143024921,-0.13563302159309387,-0.06093750149011612,0.12308701872825623,-0.1822725534439087,-0.06093750149011612,0.010489215143024921,-0.13563302159309387,-0.0441499799489975,0.45349204540252686,-0.20528924465179443,-0.0441499799489975,0.22252215445041656,-0.10961839556694031,0.044238366186618805,0.4196672737598419,-0.28694942593574524,0.044238366186618805,0.18869739770889282,-0.1912785768508911,