{"schemaVersion":4,"source":{"uri":"models/environment/Farm/carrot-stage3.gltf","sha256":"fe0ae6eab5511c71825c4c74312a7bef1f1adfcd0f6581ed035a61949248ee44"},"animationNames":[],"boundingBox":{"min":{"x":-0.4930679560328757,"y":-0.4375,"z":-0.49306795603287573},"max":{"x":0.4930679560328757,"y":0.8125,"z":0.49306795603287573}},"nodeNames":["cube","cube","cube","cube","cube","cube","cube","cube","cube","cube","cube","cube","cube","cube","cube","cube","root",""],"trimesh":{"vertices":[-0.15625,-0.0625,-0.15625,-0.15625,-0.3125,-0.15625,-0.15625,-0.0625,-0.34375,-0.15625,-0.3125,-0.34375,-0.34375,-0.0625,-0.34375,-0.34375,-0.3125,-0.34375,-0.34375,-0.0625,-0.15625,-0.34375,-0.3125,-0.15625,-0.34375,-0.0625,-0.34375,-0.34375,-0.0625,-0.15625,-0.15625,-0.0625,-0.34375,-0.15625,-0.0625,-0.15625,-0.34375,-0.3125,-0.15625,-0.34375,-0.3125,-0.34375,-0.15625,-0.3125,-0.15625,-0.15625,-0.3125,-0.34375,-0.34375,-0.0625,-0.15625,-0.34375,-0.3125,-0.15625,-0.15625,-0.0625,-0.15625,-0.15625,-0.3125,-0.15625,-0.15625,-0.0625,-0.34375,-0.15625,-0.3125,-0.34375,-0.34375,-0.0625,-0.34375,-0.34375,-0.3125,-0.34375,-0.006932049989700317,0.625,-0.006932049989700317,-0.006932049989700317,0.625,-0.006932049989700317,-0.006932049989700317,-0.0625,-0.006932049989700317,-0.4930679500102997,0.625,-0.4930679500102997,-0.4930679500102997,0.625,-0.4930679500102997,-0.4930679500102997,-0.0625,-0.4930679500102997,-0.006932049989700317,0.625,-0.006932049989700317,-0.4930679500102997,0.625,-0.4930679500102997,-0.4930679500102997,-0.0625,-0.4930679500102997,-0.006932049989700317,-0.0625,-0.006932049989700317,-0.006932049989700317,0.625,-0.006932049989700317,-0.4930679500102997,0.625,-0.4930679500102997,-0.4930679500102997,-0.0625,-0.4930679500102997,-0.006932049989700317,-0.0625,-0.006932049989700317,-0.1875,-0.3125,-0.1875,-0.1875,-0.625,-0.1875,-0.1875,-0.3125,-0.3125,-0.1875,-0.625,-0.3125,-0.3125,-0.3125,-0.3125,-0.3125,-0.625,-0.3125,-0.3125,-0.3125,-0.1875,-0.3125,-0.625,-0.1875,-0.3125,-0.3125,-0.3125,-0.3125,-0.3125,-0.1875,-0.1875,-0.3125,-0.3125,-0.1875,-0.3125,-0.1875,-0.3125,-0.625,-0.1875,-0.3125,-0.625,-0.3125,-0.1875,-0.625,-0.1875,-0.1875,-0.625,-0.3125,-0.3125,-0.3125,-0.1875,-0.3125,-0.625,-0.1875,-0.1875,-0.3125,-0.1875,-0.1875,-0.625,-0.1875,-0.1875,-0.3125,-0.3125,-0.1875,-0.625,-0.3125,-0.3125,-0.3125,-0.3125,-0.3125,-0.625,-0.3125,-0.006932049989700317,0.625,-0.4930679500102997,-0.006932049989700317,0.625,-0.4930679500102997,-0.006932049989700317,-0.0625,-0.4930679500102997,-0.4930679500102997,0.625,-0.006932049989700317,-0.4930679500102997,0.625,-0.006932049989700317,-0.4930679500102997,-0.0625,-0.006932049989700317,-0.006932049989700317,0.625,-0.4930679500102997,-0.006932049989700317,0.625,-0.4930679500102997,-0.006932049989700317,-0.0625,-0.4930679500102997,-0.4930679500102997,-0.0625,-0.006932049989700317,-0.006932049989700317,-0.0625,-0.4930679500102997,-0.4930679500102997,-0.0625,-0.006932049989700317,-0.4930679500102997,0.625,-0.006932049989700317,-0.006932049989700317,0.625,-0.4930679500102997,-0.006932049989700317,-0.0625,-0.4930679500102997,-0.006932049989700317,0.625,0.49306797981262207,-0.006932049989700317,0.625,0.49306797981262207,-0.006932049989700317,-0.0625,0.49306797981262207,-0.4930679500102997,0.625,0.006932049989700317,-0.4930679500102997,0.625,0.006932049989700317,-0.4930679500102997,-0.0625,0.006932049989700317,-0.006932049989700317,0.625,0.49306797981262207,-0.4930679500102997,0.625,0.006932049989700317,-0.4930679500102997,-0.0625,0.006932049989700317,-0.006932049989700317,-0.0625,0.49306797981262207,-0.006932049989700317,0.625,0.49306797981262207,-0.4930679500102997,0.625,0.006932049989700317,-0.4930679500102997,-0.0625,0.006932049989700317,-0.006932049989700317,-0.0625,0.49306797981262207,-0.1875,-0.3125,0.3125,-0.1875,-0.625,0.3125,-0.1875,-0.3125,0.1875,-0.1875,-0.625,0.1875,-0.3125,-0.3125,0.1875,-0.3125,-0.625,0.1875,-0.3125,-0.3125,0.3125,-0.3125,-0.625,0.3125,-0.3125,-0.3125,0.1875,-0.3125,-0.3125,0.3125,-0.1875,-0.3125,0.1875,-0.1875,-0.3125,0.3125,-0.3125,-0.625,0.3125,-0.3125,-0.625,0.1875,-0.1875,-0.625,0.3125,-0.1875,-0.625,0.1875,-0.3125,-0.3125,0.3125,-0.3125,-0.625,0.3125,-0.1875,-0.3125,0.3125,-0.1875,-0.625,0.3125,-0.1875,-0.3125,0.1875,-0.1875,-0.625,0.1875,-0.3125,-0.3125,0.1875,-0.3125,-0.625,0.1875,-0.006932049989700317,0.625,0.006932049989700317,-0.006932049989700317,0.625,0.006932049989700317,-0.006932049989700317,-0.0625,0.006932049989700317,-0.4930679500102997,0.625,0.49306797981262207,-0.4930679500102997,0.625,0.49306797981262207,-0.4930679500102997,-0.0625,0.49306797981262207,-0.006932049989700317,0.625,0.006932049989700317,-0.006932049989700317,0.625,0.006932049989700317,-0.006932049989700317,-0.0625,0.006932049989700317,-0.4930679500102997,-0.0625,0.49306797981262207,-0.006932049989700317,-0.0625,0.006932049989700317,-0.4930679500102997,-0.0625,0.49306797981262207,-0.4930679500102997,0.625,0.49306797981262207,-0.006932049989700317,0.625,0.006932049989700317,-0.006932049989700317,-0.0625,0.006932049989700317,-0.15625,-0.0625,0.34375,-0.15625,-0.3125,0.34375,-0.15625,-0.0625,0.15625,-0.15625,-0.3125,0.15625,-0.34375,-0.0625,0.15625,-0.34375,-0.3125,0.15625,-0.34375,-0.0625,0.34375,-0.34375,-0.3125,0.34375,-0.34375,-0.0625,0.15625,-0.34375,-0.0625,0.34375,-0.15625,-0.0625,0.15625,-0.15625,-0.0625,0.34375,-0.34375,-0.3125,0.34375,-0.34375,-0.3125,0.15625,-0.15625,-0.3125,0.34375,-0.15625,-0.3125,0.15625,-0.34375,-0.0625,0.34375,-0.34375,-0.3125,0.34375,-0.15625,-0.0625,0.34375,-0.15625,-0.3125,0.34375,-0.15625,-0.0625,0.15625,-0.15625,-0.3125,0.15625,-0.34375,-0.0625,0.15625,-0.34375,-0.3125,0.15625,0.006932049989700317,0.625,-0.4930679500102997,0.006932049989700317,0.625,-0.4930679500102997,0.006932049989700317,-0.0625,-0.4930679500102997,0.49306797981262207,0.625,-0.006932049989700317,0.49306797981262207,0.625,-0.006932049989700317,0.49306797981262207,-0.0625,-0.006932049989700317,0.006932049989700317,0.625,-0.4930679500102997,0.49306797981262207,0.625,-0.006932049989700317,0.49306797981262207,-0.0625,-0.006932049989700317,0.006932049989700317,-0.0625,-0.4930679500102997,0.006932049989700317,0.625,-0.4930679500102997,0.49306797981262207,0.625,-0.006932049989700317,0.49306797981262207,-0.0625,-0.006932049989700317,0.006932049989700317,-0.0625,-0.4930679500102997,0.3125,-0.3125,-0.1875,0.3125,-0.625,-0.1875,0.3125,-0.3125,-0.3125,0.3125,-0.625,-0.3125,0.1875,-0.3125,-0.3125,0.1875,-0.625,-0.3125,0.1875,-0.3125,-0.1875,0.1875,-0.625,-0.1875,0.1875,-0.3125,-0.3125,0.1875,-0.3125,-0.1875,0.3125,-0.3125,-0.3125,0.3125,-0.3125,-0.1875,0.1875,-0.625,-0.1875,0.1875,-0.625,-0.3125,0.3125,-0.625,-0.1875,0.3125,-0.625,-0.3125,0.1875,-0.3125,-0.1875,0.1875,-0.625,-0.1875,0.3125,-0.3125,-0.1875,0.3125,-0.625,-0.1875,0.3125,-0.3125,-0.3125,0.3125,-0.625,-0.3125,0.1875,-0.3125,-0.3125,0.1875,-0.625,-0.3125,0.006932049989700317,0.625,-0.006932049989700317,0.006932049989700317,0.625,-0.006932049989700317,0.006932049989700317,-0.0625,-0.006932049989700317,0.49306797981262207,0.625,-0.4930679500102997,0.49306797981262207,0.625,-0.4930679500102997,0.49306797981262207,-0.0625,-0.4930679500102997,0.006932049989700317,0.625,-0.006932049989700317,0.006932049989700317,0.625,-0.006932049989700317,0.006932049989700317,-0.0625,-0.006932049989700317,0.49306797981262207,-0.0625,-0.4930679500102997,0.006932049989700317,-0.0625,-0.006932049989700317,0.49306797981262207,-0.0625,-0.4930679500102997,0.49306797981262207,0.625,-0.4930679500102997,0.006932049989700317,0.625,-0.006932049989700317,0.006932049989700317,-0.0625,-0.006932049989700317,0.34375,-0.0625,-0.15625,0.34375,-0.3125,-0.15625,0.34375,-0.0625,-0.34375,0.34375,-0.3125,-0.34375,0.15625,-0.0625,-0.34375,0.15625,-0.3125,-0.34375,0.15625,-0.0625,-0.15625,0.15625,-0.3125,-0.15625,0.15625,-0.0625,-0.34375,0.15625,-0.0625,-0.15625,0.34375,-0.0625,-0.34375,0.34375,-0.0625,-0.15625,0.15625,-0.3125,-0.15625,0.15625,-0.3125,-0.34375,0.34375,-0.3125,-0.15625,0.34375,-0.3125,-0.34375,0.15625,