{"schemaVersion":4,"source":{"uri":"models/tools/shovel/iron-shovel.gltf","sha256":"a558981ea2849841b6e995d682149f2fc8106caa2f327916cc3fb450bcff3994"},"animationNames":[],"boundingBox":{"min":{"x":-0.140625,"y":0,"z":-0.0625},"max":{"x":0.140625,"y":1.0916284522386104,"z":0.0625}},"nodeNames":["cube","cube","cube","cube","cube","cube","cube","shovel"],"trimesh":{"vertices":[0.03125,0.14168576896190643,0.03125,0.03125,-0.4520642161369324,0.03125,0.03125,0.14168576896190643,-0.03125,0.03125,-0.4520642161369324,-0.03125,-0.03125,0.14168576896190643,-0.03125,-0.03125,-0.4520642161369324,-0.03125,-0.03125,0.14168576896190643,0.03125,-0.03125,-0.4520642161369324,0.03125,-0.03125,0.14168576896190643,-0.03125,-0.03125,0.14168576896190643,0.03125,0.03125,0.14168576896190643,-0.03125,0.03125,0.14168576896190643,0.03125,-0.03125,-0.4520642161369324,0.03125,-0.03125,-0.4520642161369324,-0.03125,0.03125,-0.4520642161369324,0.03125,0.03125,-0.4520642161369324,-0.03125,-0.03125,0.14168576896190643,0.03125,-0.03125,-0.4520642161369324,0.03125,0.03125,0.14168576896190643,0.03125,0.03125,-0.4520642161369324,0.03125,0.03125,0.14168576896190643,-0.03125,0.03125,-0.4520642161369324,-0.03125,-0.03125,0.14168576896190643,-0.03125,-0.03125,-0.4520642161369324,-0.03125,0.0625,0.2979357838630676,0.0625,0.0625,0.14168576896190643,0.0625,0.0625,0.2979357838630676,-0.0625,0.0625,0.14168576896190643,-0.0625,-0.0625,0.2979357838630676,-0.0625,-0.0625,0.14168576896190643,-0.0625,-0.0625,0.2979357838630676,0.0625,-0.0625,0.14168576896190643,0.0625,-0.0625,0.2979357838630676,-0.0625,-0.0625,0.2979357838630676,0.0625,0.0625,0.2979357838630676,-0.0625,0.0625,0.2979357838630676,0.0625,-0.0625,0.14168576896190643,0.0625,-0.0625,0.14168576896190643,-0.0625,0.0625,0.14168576896190643,0.0625,0.0625,0.14168576896190643,-0.0625,-0.0625,0.2979357838630676,0.0625,-0.0625,0.14168576896190643,0.0625,0.0625,0.2979357838630676,0.0625,0.0625,0.14168576896190643,0.0625,0.0625,0.2979357838630676,-0.0625,0.0625,0.14168576896190643,-0.0625,-0.0625,0.2979357838630676,-0.0625,-0.0625,0.14168576896190643,-0.0625,0.140625,0.2666857838630676,0.03125,0.140625,0.23543576896190643,0.03125,0.140625,0.2666857838630676,-0.03125,0.140625,0.23543576896190643,-0.03125,-0.140625,0.2666857838630676,-0.03125,-0.140625,0.23543576896190643,-0.03125,-0.140625,0.2666857838630676,0.03125,-0.140625,0.23543576896190643,0.03125,-0.140625,0.2666857838630676,-0.03125,-0.140625,0.2666857838630676,0.03125,0.140625,0.2666857838630676,-0.03125,0.140625,0.2666857838630676,0.03125,-0.140625,0.23543576896190643,0.03125,-0.140625,0.23543576896190643,-0.03125,0.140625,0.23543576896190643,0.03125,0.140625,0.23543576896190643,-0.03125,-0.140625,0.2666857838630676,0.03125,-0.140625,0.23543576896190643,0.03125,0.140625,0.2666857838630676,0.03125,0.140625,0.23543576896190643,0.03125,0.140625,0.2666857838630676,-0.03125,0.140625,0.23543576896190643,-0.03125,-0.140625,0.2666857838630676,-0.03125,-0.140625,0.23543576896190643,-0.03125,0.0625,-0.3895642161369324,0.0625,0.0625,-0.5458142161369324,0.0625,0.0625,-0.3895642161369324,-0.0625,0.0625,-0.5458142161369324,-0.0625,-0.0625,-0.3895642161369324,-0.0625,-0.0625,-0.5458142161369324,-0.0625,-0.0625,-0.3895642161369324,0.0625,-0.0625,-0.5458142161369324,0.0625,-0.0625,-0.3895642161369324,-0.0625,-0.0625,-0.3895642161369324,0.0625,0.0625,-0.3895642161369324,-0.0625,0.0625,-0.3895642161369324,0.0625,-0.0625,-0.5458142161369324,0.0625,-0.0625,-0.5458142161369324,-0.0625,0.0625,-0.5458142161369324,0.0625,0.0625,-0.5458142161369324,-0.0625,-0.0625,-0.3895642161369324,0.0625,-0.0625,-0.5458142161369324,0.0625,0.0625,-0.3895642161369324,0.0625,0.0625,-0.5458142161369324,0.0625,0.0625,-0.3895642161369324,-0.0625,0.0625,-0.5458142161369324,-0.0625,-0.0625,-0.3895642161369324,-0.0625,-0.0625,-0.5458142161369324,-0.0625,0.109375,0.4854357838630676,0.03125,0.109375,0.2666857838630676,0.03125,0.109375,0.4854357838630676,-0.03125,0.109375,0.2666857838630676,-0.03125,-0.109375,0.4854357838630676,-0.03125,-0.109375,0.2666857838630676,-0.03125,-0.109375,0.4854357838630676,0.03125,-0.109375,0.2666857838630676,0.03125,-0.109375,0.4854357838630676,-0.03125,-0.109375,0.4854357838630676,0.03125,0.109375,0.4854357838630676,-0.03125,0.109375,0.4854357838630676,0.03125,-0.109375,0.2666857838630676,0.03125,-0.109375,0.2666857838630676,-0.03125,0.109375,0.2666857838630676,0.03125,0.109375,0.2666857838630676,-0.03125,-0.109375,0.4854357838630676,0.03125,-0.109375,0.2666857838630676,0.03125,0.109375,0.4854357838630676,0.03125,0.109375,0.2666857838630676,0.03125,0.109375,0.4854357838630676,-0.03125,0.109375,0.2666857838630676,-0.03125,-0.109375,0.4854357838630676,-0.03125,-0.109375,0.2666857838630676,-0.03125,0.03125,0.3916857838630676,-0.03125,0.03125,0.2979357838630676,-0.03125,0.03125,0.3916857838630676,-0.046875,0.03125,0.2979357838630676,-0.046875,-0.03125,0.3916857838630676,-0.046875,-0.03125,0.2979357838630676,-0.046875,-0.03125,0.3916857838630676,-0.03125,-0.03125,0.2979357838630676,-0.03125,-0.03125,0.3916857838630676,-0.046875,-0.03125,0.3916857838630676,-0.03125,0.03125,0.3916857838630676,-0.046875,0.03125,0.3916857838630676,-0.03125,-0.03125,0.2979357838630676,-0.03125,-0.03125,0.2979357838630676,-0.046875,0.03125,0.2979357838630676,-0.03125,0.03125,0.2979357838630676,-0.046875,-0.03125,0.3916857838630676,-0.03125,-0.03125,0.2979357838630676,-0.03125,0.03125,0.3916857838630676,-0.03125,0.03125,0.2979357838630676,-0.03125,0.03125,0.3916857838630676,-0.046875,0.03125,0.2979357838630676,-0.046875,-0.03125,0.3916857838630676,-0.046875,-0.03125,0.2979357838630676,-0.046875,0.109375,0.5458142161369324,-0.01614600419998169,0.109375,0.4854438900947571,0.00003018602728843689,0.109375,0.5458061695098877,-0.016176190227270126,0.109375,0.4854357838630676,0,-0.109375,0.5458061695098877,-0.016176190227270126,-0.109375,0.4854357838630676,0,-0.109375,0.5458142161369324,-0.01614600419998169,-0.109375,0.4854438900947571,0.00003018602728843689,-0.109375,0.5458061695098877,-0.016176190227270126,-0.109375,0.5458142161369324,-0.01614600419998169,0.109375,0.5458061695098877,-0.016176190227270126,0.109375,0.5458142161369324,-0.01614600419998169,-0.109375,0.4854438900947571,0.00003018602728843689,-0.109375,0.4854357838630676,0,0.109375,0.4854438900947571,0.00003018602728843689,0.109375,0.4854357838630676,0,-0.109375,0.5458142161369324,-0.01614600419998169,-0.109375,0.4854438900947571,0.00003018602728843689,0.109375,0.5458142161369324,-0.01614600419998169,0.109375,0.4854438900947571,0.00003018602728843689,0.109375,0.5458061695098877,-0.016176190227270126,0.109375,0.4854357838630676,0,-0.109375,0.5458061695098877,-0.016176190227270126,-0.109375,0.4854357838630676,0],"indices":[0,1,2,1,3,2,4,5,6,5,7,6,8,9,10,9,11,10,12,13,14,13,15,14,16,17,18,17,19,18,20,21,22,21,23,22,24,25,26,25,27,26,28,29,30,29,31,30,32,33,34,33,35,34,36,37,38,37,39,38,40,41,42,41,43,42,44,45,46,45,47,46,48,49,50,49,51,50,52,53,54,53,55,54,56,57,58,57,59,58,60,61,62,61,63,62,64,65,66,65,67,66,68,69,70,69,71,70,72,73,74,73,75,74,76,77,78,77,79,78,80,81,82,81,83,82,84,85,86,85,87,86,88,89,90,89,91,90,92,93,94,93,95,94,96,97,98,97,99,98,100,101,102,101,103,102,104,105,106,105,107,106,108,109,110,109,111,110,112,113,114,113,115,114,116,117,118,117,119,118,120,121,122,121,123,122,124,125,126,125,127,126,128,129,130,129,131,130,132,133,134,133,135,134,136,137,138,137,139,138,140,141,142,141,143,142,144,145,146,145,147,146,148,149,150,149,151,150,152,153,154,153,155,154,156,157,158,157,159,158,160,161,162,161,163,162,164,165,166,165,167,166]},"optimizedModelData":{"":{"meshCount":1},"-named-nodes":{"meshCount":7},"-no-animations":{"meshCount":1}}}