{"schemaVersion":4,"source":{"uri":"models/projectiles/fireball.gltf","sha256":"be7c4be061c498641b3a6b2fe70192f74061e8348dca7926e53fc0383be3f17e"},"animationNames":[],"boundingBox":{"min":{"x":-0.25,"y":-0.0625,"z":-1.03125},"max":{"x":0.25000000000000006,"y":0.4375,"z":0.2250000000000001}},"nodeNames":["cube","cube","cube","cube","cube","cube","cube","plane","plane","long_flame","flameshorzontal","plane","plane","long_flame","flames","cube","Outer_Flames","fireball",""],"trimesh":{"vertices":[0.1875,-0.1875,0.21562500298023224,0.1875,0.1875,0.21562500298023224,0.1875,0.1875,0.590624988079071,0.1875,-0.1875,0.590624988079071,-0.1875,-0.1875,0.590624988079071,-0.1875,0.1875,0.590624988079071,-0.1875,0.1875,0.21562500298023224,-0.1875,-0.1875,0.21562500298023224,0.1875,0.1875,0.590624988079071,0.1875,0.1875,0.21562500298023224,-0.1875,0.1875,0.21562500298023224,-0.1875,0.1875,0.590624988079071,0.1875,-0.1875,0.21562500298023224,0.1875,-0.1875,0.590624988079071,-0.1875,-0.1875,0.590624988079071,-0.1875,-0.1875,0.21562500298023224,0.1875,-0.1875,0.590624988079071,0.1875,0.1875,0.590624988079071,-0.1875,0.1875,0.590624988079071,-0.1875,-0.1875,0.590624988079071,-0.1875,-0.1875,0.21562500298023224,-0.1875,0.1875,0.21562500298023224,0.1875,0.1875,0.21562500298023224,0.1875,-0.1875,0.21562500298023224,0.125,0.1875,0.27812498807907104,0.125,0.21875,0.27812498807907104,0.125,0.21875,0.528124988079071,0.125,0.1875,0.528124988079071,-0.125,0.1875,0.528124988079071,-0.125,0.21875,0.528124988079071,-0.125,0.21875,0.27812498807907104,-0.125,0.1875,0.27812498807907104,0.125,0.21875,0.528124988079071,0.125,0.21875,0.27812498807907104,-0.125,0.21875,0.27812498807907104,-0.125,0.21875,0.528124988079071,0.125,0.1875,0.27812498807907104,0.125,0.1875,0.528124988079071,-0.125,0.1875,0.528124988079071,-0.125,0.1875,0.27812498807907104,0.125,0.1875,0.528124988079071,0.125,0.21875,0.528124988079071,-0.125,0.21875,0.528124988079071,-0.125,0.1875,0.528124988079071,-0.125,0.1875,0.27812498807907104,-0.125,0.21875,0.27812498807907104,0.125,0.21875,0.27812498807907104,0.125,0.1875,0.27812498807907104,0.125,-0.21875,0.27812498807907104,0.125,-0.1875,0.27812498807907104,0.125,-0.1875,0.528124988079071,0.125,-0.21875,0.528124988079071,-0.125,-0.21875,0.528124988079071,-0.125,-0.1875,0.528124988079071,-0.125,-0.1875,0.27812498807907104,-0.125,-0.21875,0.27812498807907104,0.125,-0.1875,0.528124988079071,0.125,-0.1875,0.27812498807907104,-0.125,-0.1875,0.27812498807907104,-0.125,-0.1875,0.528124988079071,0.125,-0.21875,0.27812498807907104,0.125,-0.21875,0.528124988079071,-0.125,-0.21875,0.528124988079071,-0.125,-0.21875,0.27812498807907104,0.125,-0.21875,0.528124988079071,0.125,-0.1875,0.528124988079071,-0.125,-0.1875,0.528124988079071,-0.125,-0.21875,0.528124988079071,-0.125,-0.21875,0.27812498807907104,-0.125,-0.1875,0.27812498807907104,0.125,-0.1875,0.27812498807907104,0.125,-0.21875,0.27812498807907104,0.21875,-0.15625,0.27812498807907104,0.1875,-0.15625,0.27812498807907104,0.1875,0.15625,0.27812498807907104,0.21875,0.15625,0.27812498807907104,0.21875,0.15625,0.528124988079071,0.1875,0.15625,0.528124988079071,0.1875,-0.15625,0.528124988079071,0.21875,-0.15625,0.528124988079071,0.1875,0.15625,0.27812498807907104,0.1875,-0.15625,0.27812498807907104,0.1875,-0.15625,0.528124988079071,0.1875,0.15625,0.528124988079071,0.21875,-0.15625,0.27812498807907104,0.21875,0.15625,0.27812498807907104,0.21875,0.15625,0.528124988079071,0.21875,-0.15625,0.528124988079071,0.21875,0.15625,0.27812498807907104,0.1875,0.15625,0.27812498807907104,0.1875,0.15625,0.528124988079071,0.21875,0.15625,0.528124988079071,0.21875,-0.15625,0.528124988079071,0.1875,-0.15625,0.528124988079071,0.1875,-0.15625,0.27812498807907104,0.21875,-0.15625,0.27812498807907104,0.125,0.15625,0.18437500298023224,0.125,0.15625,0.21562500298023224,0.125,-0.15625,0.21562500298023224,0.125,-0.15625,0.18437500298023224,-0.125,-0.15625,0.18437500298023224,-0.125,-0.15625,0.21562500298023224,-0.125,0.15625,0.21562500298023224,-0.125,0.15625,0.18437500298023224,0.125,-0.15625,0.21562500298023224,0.125,0.15625,0.21562500298023224,-0.125,0.15625,0.21562500298023224,-0.125,-0.15625,0.21562500298023224,0.125,0.15625,0.18437500298023224,0.125,-0.15625,0.18437500298023224,-0.125,-0.15625,0.18437500298023224,-0.125,0.15625,0.18437500298023224,0.125,-0.15625,0.18437500298023224,0.125,-0.15625,0.21562500298023224,-0.125,-0.15625,0.21562500298023224,-0.125,-0.15625,0.18437500298023224,-0.125,0.15625,0.18437500298023224,-0.125,0.15625,0.21562500298023224,0.125,0.15625,0.21562500298023224,0.125,0.15625,0.18437500298023224,0.125,0.15625,0.590624988079071,0.125,0.15625,0.621874988079071,0.125,-0.15625,0.621874988079071,0.125,-0.15625,0.590624988079071,-0.125,-0.15625,0.590624988079071,-0.125,-0.15625,0.621874988079071,-0.125,0.15625,0.621874988079071,-0.125,0.15625,0.590624988079071,0.125,-0.15625,0.621874988079071,0.125,0.15625,0.621874988079071,-0.125,0.15625,0.621874988079071,-0.125,-0.15625,0.621874988079071,0.125,0.15625,0.590624988079071,0.125,-0.15625,0.590624988079071,-0.125,-0.15625,0.590624988079071,-0.125,0.15625,0.590624988079071,0.125,-0.15625,0.590624988079071,0.125,-0.15625,0.621874988079071,-0.125,-0.15625,0.621874988079071,-0.125,-0.15625,0.590624988079071,-0.125,0.15625,0.590624988079071,-0.125,0.15625,0.621874988079071,0.125,0.15625,0.621874988079071,0.125,0.15625,0.590624988079071,-0.1875,-0.15625,0.30937498807907104,-0.21875,-0.15625,0.30937498807907104,-0.21875,0.15625,0.30937498807907104,-0.1875,0.15625,0.30937498807907104,-0.1875,0.15625,0.559374988079071,-0.21875,0.15625,0.559374988079071,-0.21875,-0.15625,0.559374988079071,-0.1875,-0.15625,0.559374988079071,-0.21875,0.15625,0.30937498807907104,-0.21875,-0.15625,0.30937498807907104,-0.21875,-0.15625,0.559374988079071,-0.21875,0.15625,0.559374988079071,-0.1875,-0.15625,0.30937498807907104,-0.1875,0.15625,0.30937498807907104,-0.1875,0.15625,0.559374988079071,-0.1875,-0.15625,0.559374988079071,-0.1875,0.15625,0.30937498807907104,-0.21875,0.15625,0.30937498807907104,-0.21875,0.15625,0.559374988079071,-0.1875,0.15625,0.559374988079071,-0.1875,-0.15625,0.559374988079071,-0.21875,-0.15625,0.559374988079071,-0.21875,-0.15625,0.30937498807907104,-0.1875,-0.15625,0.30937498807907104,-0.25,0.125,0.30937498807907104,-0.25,0.125,-0.12812499701976776,0.25,0.125,-0.12812499701976776,0.25,0.125,0.30937498807907104,-0.25,-0.125,0.30937498807907104,-0.25,-0.125,-0.12812499701976776,0.25,-0.125,-0.12812499701976776,0.25,-0.125,0.30937498807907104,0.125,0.25,0.30937498807907104,0.125,0.25,-0.12812499701976776,0.125,-0.25,-0.12812499701976776,0.125,-0.25,0.30937498807907104,-0.125,0.25,0.30937498807907104,-0.125,0.25,-0.12812499701976776,-0.125,-0.25,-0.12812499701976776,-0.125,-0.25,0.30937498807907104,-0.25,1.1102230246251565e-16,0.30937498807907104,-0.25,1.1102230246251565e-16,-0.628125011920929,0.25,-1.1102230246251565e-16,-0.628125011920929,0.25,-1.1102230246251565e-16,0.30937498807907104,5.551115123125783e-17,0.25,0.30937498807907104,5.551115123125783e-17,0.25,-0.628125011920929,-5.551115123125783e-17,-0.25,-0.628125011920929,-5.551115123125783e-17,-0.25,0.30937498807907104,0.23749999701976776,0.22812500596046448,0.628125011920929,0.23749999701976776,-0.22499999403953552,0.628125011920929,0.23749999701976776,0.22812500596046448,-0.09062500298023224,0.23749999701976776,-0.22499999403953552,-0.09062500298023224,-0.23125000298023224,0.22812500596046448,-0.09062500298023224,-0.23125000298023224,-0.22499999403953552,-0.09062500298023224,-0.23125000298023224,0.22812500596046448,0.628125011920929,-0.23125000298023224,-0.22499999403953552,0.628125011920929,-0.23125000298023224,0.22812500596046448,-0.09062500298023224,-0.23125000298023224,0.22812500596046448,0.628125011920929,0.23749999701976776,0.22812500596046448,-0.09062500298023224,0.23749999701976776,0.22812500596046448,0.628125011920929,-0.23125000298023224,-0.22499999403953552,0.628125011920929,-0.23125000298023224,-0.22499999403953552,