{"schemaVersion":4,"source":{"uri":"models/tools/shovel/stone-shovel.gltf","sha256":"6e3cb1e563735f175bf2d9bc790fa1a6b0310617f9cfe0e80707685f5a2b38c3"},"animationNames":[],"boundingBox":{"min":{"x":-0.109375,"y":0,"z":-0.0625},"max":{"x":0.109375,"y":1.0291203641430668,"z":0.0625}},"nodeNames":["cube","cube","cube","cube","cube","shovel"],"trimesh":{"vertices":[0.03125,0.11043981462717056,0.03125,0.03125,-0.48331019282341003,0.03125,0.03125,0.11043981462717056,-0.03125,0.03125,-0.48331019282341003,-0.03125,-0.03125,0.11043981462717056,-0.03125,-0.03125,-0.48331019282341003,-0.03125,-0.03125,0.11043981462717056,0.03125,-0.03125,-0.48331019282341003,0.03125,-0.03125,0.11043981462717056,-0.03125,-0.03125,0.11043981462717056,0.03125,0.03125,0.11043981462717056,-0.03125,0.03125,0.11043981462717056,0.03125,-0.03125,-0.48331019282341003,0.03125,-0.03125,-0.48331019282341003,-0.03125,0.03125,-0.48331019282341003,0.03125,0.03125,-0.48331019282341003,-0.03125,-0.03125,0.11043981462717056,0.03125,-0.03125,-0.48331019282341003,0.03125,0.03125,0.11043981462717056,0.03125,0.03125,-0.48331019282341003,0.03125,0.03125,0.11043981462717056,-0.03125,0.03125,-0.48331019282341003,-0.03125,-0.03125,0.11043981462717056,-0.03125,-0.03125,-0.48331019282341003,-0.03125,0.0625,0.26668980717658997,0.0625,0.0625,0.11043981462717056,0.0625,0.0625,0.26668980717658997,-0.0625,0.0625,0.11043981462717056,-0.0625,-0.0625,0.26668980717658997,-0.0625,-0.0625,0.11043981462717056,-0.0625,-0.0625,0.26668980717658997,0.0625,-0.0625,0.11043981462717056,0.0625,-0.0625,0.26668980717658997,-0.0625,-0.0625,0.26668980717658997,0.0625,0.0625,0.26668980717658997,-0.0625,0.0625,0.26668980717658997,0.0625,-0.0625,0.11043981462717056,0.0625,-0.0625,0.11043981462717056,-0.0625,0.0625,0.11043981462717056,0.0625,0.0625,0.11043981462717056,-0.0625,-0.0625,0.26668980717658997,0.0625,-0.0625,0.11043981462717056,0.0625,0.0625,0.26668980717658997,0.0625,0.0625,0.11043981462717056,0.0625,0.0625,0.26668980717658997,-0.0625,0.0625,0.11043981462717056,-0.0625,-0.0625,0.26668980717658997,-0.0625,-0.0625,0.11043981462717056,-0.0625,0.109375,0.45418980717658997,0.03125,0.109375,0.20418982207775116,0.03125,0.109375,0.45418980717658997,-0.03125,0.109375,0.20418982207775116,-0.03125,-0.109375,0.45418980717658997,-0.03125,-0.109375,0.20418982207775116,-0.03125,-0.109375,0.45418980717658997,0.03125,-0.109375,0.20418982207775116,0.03125,-0.109375,0.45418980717658997,-0.03125,-0.109375,0.45418980717658997,0.03125,0.109375,0.45418980717658997,-0.03125,0.109375,0.45418980717658997,0.03125,-0.109375,0.20418982207775116,0.03125,-0.109375,0.20418982207775116,-0.03125,0.109375,0.20418982207775116,0.03125,0.109375,0.20418982207775116,-0.03125,-0.109375,0.45418980717658997,0.03125,-0.109375,0.20418982207775116,0.03125,0.109375,0.45418980717658997,0.03125,0.109375,0.20418982207775116,0.03125,0.109375,0.45418980717658997,-0.03125,0.109375,0.20418982207775116,-0.03125,-0.109375,0.45418980717658997,-0.03125,-0.109375,0.20418982207775116,-0.03125,0.0625,-0.45206019282341003,0.0625,0.0625,-0.5145601630210876,0.0625,0.0625,-0.45206019282341003,-0.0625,0.0625,-0.5145601630210876,-0.0625,-0.0625,-0.45206019282341003,-0.0625,-0.0625,-0.5145601630210876,-0.0625,-0.0625,-0.45206019282341003,0.0625,-0.0625,-0.5145601630210876,0.0625,-0.0625,-0.45206019282341003,-0.0625,-0.0625,-0.45206019282341003,0.0625,0.0625,-0.45206019282341003,-0.0625,0.0625,-0.45206019282341003,0.0625,-0.0625,-0.5145601630210876,0.0625,-0.0625,-0.5145601630210876,-0.0625,0.0625,-0.5145601630210876,0.0625,0.0625,-0.5145601630210876,-0.0625,-0.0625,-0.45206019282341003,0.0625,-0.0625,-0.5145601630210876,0.0625,0.0625,-0.45206019282341003,0.0625,0.0625,-0.5145601630210876,0.0625,0.0625,-0.45206019282341003,-0.0625,0.0625,-0.5145601630210876,-0.0625,-0.0625,-0.45206019282341003,-0.0625,-0.0625,-0.5145601630210876,-0.0625,0.109375,0.5145602226257324,-0.016176190227270126,0.109375,0.5145602226257324,-0.016176190227270126,0.109375,0.45418980717658997,0,-0.109375,0.5145602226257324,-0.016176190227270126,-0.109375,0.5145602226257324,-0.016176190227270126,-0.109375,0.45418980717658997,0,0.109375,0.5145602226257324,-0.016176190227270126,-0.109375,0.5145602226257324,-0.016176190227270126,0.109375,0.5145602226257324,-0.016176190227270126,0.109375,0.45418980717658997,0,-0.109375,0.45418980717658997,0,0.109375,0.45418980717658997,0,-0.109375,0.45418980717658997,0,-0.109375,0.5145602226257324,-0.016176190227270126,0.109375,0.5145602226257324,-0.016176190227270126,0.109375,0.45418980717658997,0],"indices":[0,1,2,1,3,2,4,5,6,5,7,6,8,9,10,9,11,10,12,13,14,13,15,14,16,17,18,17,19,18,20,21,22,21,23,22,24,25,26,25,27,26,28,29,30,29,31,30,32,33,34,33,35,34,36,37,38,37,39,38,40,41,42,41,43,42,44,45,46,45,47,46,48,49,50,49,51,50,52,53,54,53,55,54,56,57,58,57,59,58,60,61,62,61,63,62,64,65,66,65,67,66,68,69,70,69,71,70,72,73,74,73,75,74,76,77,78,77,79,78,80,81,82,81,83,82,84,85,86,85,87,86,88,89,90,89,91,90,92,93,94,93,95,94,96,97,98,96,98,98,99,100,101,99,101,101,102,103,104,102,104,103,105,106,107,105,107,106,108,109,110,108,110,111]},"optimizedModelData":{"":{"meshCount":1},"-named-nodes":{"meshCount":5},"-no-animations":{"meshCount":1}}}