{"schemaVersion":4,"source":{"uri":"models/environment/Farm/carrot-seeds.gltf","sha256":"c1f91988f264b22ce443f8bd440c28c787548d25928dd248f95ad4db8c89c234"},"animationNames":[],"boundingBox":{"min":{"x":-0.25083737250350546,"y":-0.03692678933081864,"z":-0.29281127465122114},"max":{"x":0.12583737250350546,"y":0.061926789330818646,"z":0.10531127465122112}},"nodeNames":["cube","cube","cube","cube","root",""],"trimesh":{"vertices":[0.12175873667001724,0.043565068393945694,0.06285661458969116,0.13521112501621246,-0.016432752832770348,0.07406127452850342,0.17488497495651245,0.049426790326833725,0.030460739508271217,0.18833737075328827,-0.010571032762527466,0.04166540130972862,0.11478886753320694,0.016432752832770348,-0.07406127452850342,0.12824127078056335,-0.043565068393945694,-0.06285661458969116,0.06166262924671173,0.010571032762527466,-0.04166540130972862,0.07511502504348755,-0.049426790326833725,-0.030460739508271217,0.11478886753320694,0.016432752832770348,-0.07406127452850342,0.06166262924671173,0.010571032762527466,-0.04166540130972862,0.17488497495651245,0.049426790326833725,0.030460739508271217,0.12175873667001724,0.043565068393945694,0.06285661458969116,0.07511502504348755,-0.049426790326833725,-0.030460739508271217,0.12824127078056335,-0.043565068393945694,-0.06285661458969116,0.13521112501621246,-0.016432752832770348,0.07406127452850342,0.18833737075328827,-0.010571032762527466,0.04166540130972862,0.06166262924671173,0.010571032762527466,-0.04166540130972862,0.07511502504348755,-0.049426790326833725,-0.030460739508271217,0.12175873667001724,0.043565068393945694,0.06285661458969116,0.13521112501621246,-0.016432752832770348,0.07406127452850342,0.17488497495651245,0.049426790326833725,0.030460739508271217,0.18833737075328827,-0.010571032762527466,0.04166540130972862,0.11478886753320694,0.016432752832770348,-0.07406127452850342,0.12824127078056335,-0.043565068393945694,-0.06285661458969116,-0.12824127078056335,0.043565064668655396,0.18785661458969116,-0.11478887498378754,-0.016432754695415497,0.19906127452850342,-0.07511502504348755,0.049426786601543427,0.15546074509620667,-0.06166263297200203,-0.010571032762527466,0.16666540503501892,-0.13521113991737366,0.01643274910748005,0.05093872919678688,-0.12175874412059784,-0.043565068393945694,0.06214338541030884,-0.18833738565444946,0.010571028105914593,0.08333460241556168,-0.17488498985767365,-0.049426790326833725,0.09453926235437393,-0.13521113991737366,0.01643274910748005,0.05093872919678688,-0.18833738565444946,0.010571028105914593,0.08333460241556168,-0.07511502504348755,0.049426786601543427,0.15546074509620667,-0.12824127078056335,0.043565064668655396,0.18785661458969116,-0.17488498985767365,-0.049426790326833725,0.09453926235437393,-0.12175874412059784,-0.043565068393945694,0.06214338541030884,-0.11478887498378754,-0.016432754695415497,0.19906127452850342,-0.06166263297200203,-0.010571032762527466,0.16666540503501892,-0.18833738565444946,0.010571028105914593,0.08333460241556168,-0.17488498985767365,-0.049426790326833725,0.09453926235437393,-0.12824127078056335,0.043565064668655396,0.18785661458969116,-0.11478887498378754,-0.016432754695415497,0.19906127452850342,-0.07511502504348755,0.049426786601543427,0.15546074509620667,-0.06166263297200203,-0.010571032762527466,0.16666540503501892,-0.13521113991737366,0.01643274910748005,0.05093872919678688,-0.12175874412059784,-0.043565068393945694,0.06214338541030884,0.12583737075328827,0.010571031831204891,0.08333460241556168,0.11238497495651245,-0.049426786601543427,0.09453925490379333,0.07271113246679306,0.016432754695415497,0.05093872547149658,0.05925873667001724,-0.043565068393945694,0.06214338541030884,0.012615028768777847,0.049426790326833725,0.15546074509620667,-0.000837376806885004,-0.010571032762527466,0.16666540503501892,0.06574126332998276,0.043565064668655396,0.18785661458969116,0.05228887125849724,-0.016432752832770348,0.19906127452850342,0.012615028768777847,0.049426790326833725,0.15546074509620667,0.06574126332998276,0.043565064668655396,0.18785661458969116,0.07271113246679306,0.016432754695415497,0.05093872547149658,0.12583737075328827,0.010571031831204891,0.08333460241556168,0.05228887125849724,-0.016432752832770348,0.19906127452850342,-0.000837376806885004,-0.010571032762527466,0.16666540503501892,0.11238497495651245,-0.049426786601543427,0.09453925490379333,0.05925873667001724,-0.043565068393945694,0.06214338541030884,0.06574126332998276,0.043565064668655396,0.18785661458969116,0.05228887125849724,-0.016432752832770348,0.19906127452850342,0.12583737075328827,0.010571031831204891,0.08333460241556168,0.11238497495651245,-0.049426786601543427,0.09453925490379333,0.07271113246679306,0.016432754695415497,0.05093872547149658,0.05925873667001724,-0.043565068393945694,0.06214338541030884,0.012615028768777847,0.049426790326833725,0.15546074509620667,-0.000837376806885004,-0.010571032762527466,0.16666540503501892,0.06333737075328827,0.010571031831204891,-0.16666540503501892,0.04988497868180275,-0.049426790326833725,-0.15546073019504547,0.01021113432943821,0.0164327509701252,-0.19906127452850342,-0.0032412689179182053,-0.043565068393945694,-0.18785661458969116,-0.04988497495651245,0.049426786601543427,-0.09453925490379333,-0.06333737075328827,-0.010571032762527466,-0.08333459496498108,0.0032412665896117687,0.04356507211923599,-0.06214338168501854,-0.010211131535470486,-0.016432754695415497,-0.05093872547149658,-0.04988497495651245,0.049426786601543427,-0.09453925490379333,0.0032412665896117687,0.04356507211923599,-0.06214338168501854,0.01021113432943821,0.0164327509701252,-0.19906127452850342,0.06333737075328827,0.010571031831204891,-0.16666540503501892,-0.010211131535470486,-0.016432754695415497,-0.05093872547149658,-0.06333737075328827,-0.010571032762527466,-0.08333459496498108,0.04988497868180275,-0.049426790326833725,-0.15546073019504547,-0.0032412689179182053,-0.043565068393945694,-0.18785661458969116,0.0032412665896117687,0.04356507211923599,-0.06214338168501854,-0.010211131535470486,-0.016432754695415497,-0.05093872547149658,0.06333737075328827,0.010571031831204891,-0.16666540503501892,0.04988497868180275,-0.049426790326833725,-0.15546073019504547,0.01021113432943821,0.0164327509701252,-0.19906127452850342,-0.0032412689179182053,-0.043565068393945694,-0.18785661458969116,-0.04988497495651245,0.049426786601543427,-0.09453925490379333,-0.06333737075328827,-0.010571032762527466,-0.08333459496498108],"indices":[0,1,2,1,3,2,4,5,6,5,7,6,8,9,10,9,11,10,12,13,14,13,15,14,16,17,18,17,19,18,20,21,22,21,23,22,24,25,26,25,27,26,28,29,30,29,31,30,32,33,34,33,35,34,36,37,38,37,39,38,40,41,42,41,43,42,44,45,46,45,47,46,48,49,50,49,51,50,52,53,54,53,55,54,56,57,58,57,59,58,60,61,62,61,63,62,64,65,66,65,67,66,68,69,70,69,71,70,72,73,74,73,75,74,76,77,78,77,79,78,80,81,82,81,83,82,84,85,86,85,87,86,88,89,90,89,91,90,92,93,94,93,95,94]},"optimizedModelData":{"":{"meshCount":1},"-named-nodes":{"meshCount":3},"-no-animations":{"meshCount":1}}}