{"schemaVersion":4,"source":{"uri":"models/items/feather.gltf","sha256":"a35c93a1a3531310a576ebe37ad80fb33262d11adb36b84874de62dbd6436c11"},"animationNames":[],"boundingBox":{"min":{"x":-0.28125,"y":0,"z":-0.25},"max":{"x":0.21875,"y":0.9375,"z":0.25}},"nodeNames":["cube","cube",""],"trimesh":{"vertices":[0.25,0.46875,0.0000625000029685907,0.25,-0.46875,0.0000625000029685907,0.25,0.46875,0,0.25,-0.46875,0,-0.25,0.46875,0,-0.25,-0.46875,0,-0.25,0.46875,0.0000625000029685907,-0.25,-0.46875,0.0000625000029685907,-0.25,0.46875,0,-0.25,0.46875,0.0000625000029685907,0.25,0.46875,0,0.25,0.46875,0.0000625000029685907,-0.25,-0.46875,0.0000625000029685907,-0.25,-0.46875,0,0.25,-0.46875,0.0000625000029685907,0.25,-0.46875,0,-0.25,0.46875,0.0000625000029685907,-0.25,-0.46875,0.0000625000029685907,0.25,0.46875,0.0000625000029685907,0.25,-0.46875,0.0000625000029685907,0.25,0.46875,0,0.25,-0.46875,0,-0.25,0.46875,0,-0.25,-0.46875,0,0.00006249919533729553,0.46875,-0.25,0.00006249919533729553,-0.46875,-0.25,0,0.46875,-0.25,0,-0.46875,-0.25,0,0.46875,0.25,0,-0.46875,0.25,0.00006249919533729553,0.46875,0.25,0.00006249919533729553,-0.46875,0.25,0,0.46875,0.25,0.00006249919533729553,0.46875,0.25,0,0.46875,-0.25,0.00006249919533729553,0.46875,-0.25,0.00006249919533729553,-0.46875,0.25,0,-0.46875,0.25,0.00006249919533729553,-0.46875,-0.25,0,-0.46875,-0.25,0.00006249919533729553,0.46875,0.25,0.00006249919533729553,-0.46875,0.25,0.00006249919533729553,0.46875,-0.25,0.00006249919533729553,-0.46875,-0.25,0,0.46875,-0.25,0,-0.46875,-0.25,0,0.46875,0.25,0,-0.46875,0.25],"indices":[0,1,2,1,3,2,4,5,6,5,7,6,8,9,10,9,11,10,12,13,14,13,15,14,16,17,18,17,19,18,20,21,22,21,23,22,24,25,26,25,27,26,28,29,30,29,31,30,32,33,34,33,35,34,36,37,38,37,39,38,40,41,42,41,43,42,44,45,46,45,47,46]},"optimizedModelData":{"":{"meshCount":1},"-named-nodes":{"meshCount":2},"-no-animations":{"meshCount":1}}}