{"schemaVersion":4,"source":{"uri":"models/tools/shovel/ruby-shovel.gltf","sha256":"819e84cd7c7e74f92920808044cabefd0fce0e70088ce19f3a68213ba118dd98"},"animationNames":[],"boundingBox":{"min":{"x":-0.1875,"y":-0.0011564206957512396,"z":-0.08838834764831843},"max":{"x":0.1875,"y":1.2788402192127606,"z":0.08838834764831843}},"nodeNames":["cube","cube","cube","cube","cube","cube","cube","cube","cube","cube","cube","cube","cube","cube","cube","cube","shovel"],"trimesh":{"vertices":[0.03125,0.1111581027507782,0.03125,0.03125,-0.4825918972492218,0.03125,0.03125,0.1111581027507782,-0.03125,0.03125,-0.4825918972492218,-0.03125,-0.03125,0.1111581027507782,-0.03125,-0.03125,-0.4825918972492218,-0.03125,-0.03125,0.1111581027507782,0.03125,-0.03125,-0.4825918972492218,0.03125,-0.03125,0.1111581027507782,-0.03125,-0.03125,0.1111581027507782,0.03125,0.03125,0.1111581027507782,-0.03125,0.03125,0.1111581027507782,0.03125,-0.03125,-0.4825918972492218,0.03125,-0.03125,-0.4825918972492218,-0.03125,0.03125,-0.4825918972492218,0.03125,0.03125,-0.4825918972492218,-0.03125,-0.03125,0.1111581027507782,0.03125,-0.03125,-0.4825918972492218,0.03125,0.03125,0.1111581027507782,0.03125,0.03125,-0.4825918972492218,0.03125,0.03125,0.1111581027507782,-0.03125,0.03125,-0.4825918972492218,-0.03125,-0.03125,0.1111581027507782,-0.03125,-0.03125,-0.4825918972492218,-0.03125,0.0625,-0.3888418972492218,0.0625,0.0625,-0.4513418972492218,0.0625,0.0625,-0.3888418972492218,-0.0625,0.0625,-0.4513418972492218,-0.0625,-0.0625,-0.3888418972492218,-0.0625,-0.0625,-0.4513418972492218,-0.0625,-0.0625,-0.3888418972492218,0.0625,-0.0625,-0.4513418972492218,0.0625,-0.0625,-0.3888418972492218,-0.0625,-0.0625,-0.3888418972492218,0.0625,0.0625,-0.3888418972492218,-0.0625,0.0625,-0.3888418972492218,0.0625,-0.0625,-0.4513418972492218,0.0625,-0.0625,-0.4513418972492218,-0.0625,0.0625,-0.4513418972492218,0.0625,0.0625,-0.4513418972492218,-0.0625,-0.0625,-0.3888418972492218,0.0625,-0.0625,-0.4513418972492218,0.0625,0.0625,-0.3888418972492218,0.0625,0.0625,-0.4513418972492218,0.0625,0.0625,-0.3888418972492218,-0.0625,0.0625,-0.4513418972492218,-0.0625,-0.0625,-0.3888418972492218,-0.0625,-0.0625,-0.4513418972492218,-0.0625,0.109375,0.484817773103714,0.03125,0.109375,0.266067773103714,0.03125,0.109375,0.484817773103714,-0.03125,0.109375,0.266067773103714,-0.03125,-0.109375,0.484817773103714,-0.03125,-0.109375,0.266067773103714,-0.03125,-0.109375,0.484817773103714,0.03125,-0.109375,0.266067773103714,0.03125,-0.109375,0.484817773103714,-0.03125,-0.109375,0.484817773103714,0.03125,0.109375,0.484817773103714,-0.03125,0.109375,0.484817773103714,0.03125,-0.109375,0.266067773103714,0.03125,-0.109375,0.266067773103714,-0.03125,0.109375,0.266067773103714,0.03125,0.109375,0.266067773103714,-0.03125,-0.109375,0.484817773103714,0.03125,-0.109375,0.266067773103714,0.03125,0.109375,0.484817773103714,0.03125,0.109375,0.266067773103714,0.03125,0.109375,0.484817773103714,-0.03125,0.109375,0.266067773103714,-0.03125,-0.109375,0.484817773103714,-0.03125,-0.109375,0.266067773103714,-0.03125,0,-0.4254535436630249,0.0546875,0.0883883461356163,-0.5138419270515442,0.0546875,0,-0.4254535436630249,-0.0546875,0.0883883461356163,-0.5138419270515442,-0.0546875,-0.0883883461356163,-0.5138419270515442,-0.0546875,0,-0.6022302508354187,-0.0546875,-0.0883883461356163,-0.5138419270515442,0.0546875,0,-0.6022302508354187,0.0546875,-0.0883883461356163,-0.5138419270515442,-0.0546875,-0.0883883461356163,-0.5138419270515442,0.0546875,0,-0.4254535436630249,-0.0546875,0,-0.4254535436630249,0.0546875,0,-0.6022302508354187,0.0546875,0,-0.6022302508354187,-0.0546875,0.0883883461356163,-0.5138419270515442,0.0546875,0.0883883461356163,-0.5138419270515442,-0.0546875,-0.0883883461356163,-0.5138419270515442,0.0546875,0,-0.6022302508354187,0.0546875,0,-0.4254535436630249,0.0546875,0.0883883461356163,-0.5138419270515442,0.0546875,0,-0.4254535436630249,-0.0546875,0.0883883461356163,-0.5138419270515442,-0.0546875,-0.0883883461356163,-0.5138419270515442,-0.0546875,0,-0.6022302508354187,-0.0546875,0.15611624717712402,0.6399982571601868,-0.027016926556825638,0.15611624717712402,0.6399982571601868,-0.027016926556825638,0.15611624717712402,0.42311975359916687,0.0015356764197349548,-0.15638375282287598,0.6399982571601868,-0.027016926556825638,-0.15638375282287598,0.6399982571601868,-0.027016926556825638,-0.15638375282287598,0.42311975359916687,0.0015356764197349548,0.15611624717712402,0.6399982571601868,-0.027016926556825638,0.15611624717712402,0.6399982571601868,-0.027016926556825638,0.15611624717712402,0.42311975359916687,0.0015356764197349548,-0.15638375282287598,0.42311975359916687,0.0015356764197349548,0.15611624717712402,0.42311975359916687,0.0015356764197349548,-0.15638375282287598,0.42311975359916687,0.0015356764197349548,-0.15638375282287598,0.6399982571601868,-0.027016926556825638,0.15611624717712402,0.6399982571601868,-0.027016926556825638,0.15611624717712402,0.42311975359916687,0.0015356764197349548,0.0390625,-0.1075918972492218,0.0390625,0.0390625,-0.3263418972492218,0.0390625,0.0390625,-0.1075918972492218,-0.0390625,0.0390625,-0.3263418972492218,-0.0390625,-0.0390625,-0.1075918972492218,-0.0390625,-0.0390625,-0.3263418972492218,-0.0390625,-0.0390625,-0.1075918972492218,0.0390625,-0.0390625,-0.3263418972492218,0.0390625,-0.0390625,-0.1075918972492218,-0.0390625,-0.0390625,-0.1075918972492218,0.0390625,0.0390625,-0.1075918972492218,-0.0390625,0.0390625,-0.1075918972492218,0.0390625,-0.0390625,-0.3263418972492218,0.0390625,-0.0390625,-0.3263418972492218,-0.0390625,0.0390625,-0.3263418972492218,0.0390625,0.0390625,-0.3263418972492218,-0.0390625,-0.0390625,-0.1075918972492218,0.0390625,-0.0390625,-0.3263418972492218,0.0390625,0.0390625,-0.1075918972492218,0.0390625,0.0390625,-0.3263418972492218,0.0390625,0.0390625,-0.1075918972492218,-0.0390625,0.0390625,-0.3263418972492218,-0.0390625,-0.0390625,-0.1075918972492218,-0.0390625,-0.0390625,-0.3263418972492218,-0.0390625,0.01549404114484787,-0.5921629071235657,0,0.01549404114484787,-0.5921629071235657,0,-0.09999089688062668,-0.6399983167648315,0,-0.03234138712286949,-0.47667795419692993,0,-0.03234138712286949,-0.47667795419692993,0,-0.14782632887363434,-0.5245133638381958,0,0.01549404114484787,-0.5921629071235657,0,0.01549404114484787,-0.5921629071235657,0,-0.09999089688062668,-0.6399983167648315,0,-0.14782632887363434,-0.5245133638381958,0,-0.09999089688062668,-0.6399983167648315,0,-0.14782632887363434,-0.5245133638381958,0,-0.03234138712286949,-0.47667795419692993,0,0.01549404114484787,-0.5921629071235657,0,-0.09999089688062668,-0.6399983167648315,0,0.09375,0.27544280886650085,0.0625,0.09375,0.08794280886650085,0.0625,0.09375,0.27544280886650085,-0.0625,0.09375,0.08794280886650085,-0.0625,-0.09375,0.27544280886650085,-0.0625,-0.09375,0.08794280886650085,-0.0625,-0.09375,0.27544280886650085,0.0625,-0.09375,0.08794280886650085,0.0625,-0.09375,0.27544280886650085,-0.0625,-0.09375,0.27544280886650085,0.0625,0.09375,0.27544280886650085,-0.0625,0.09375,0.27544280886650085,0.0625,-0.09375,0.08794280886650085,0.0625,-0.09375,0.08794280886650085,-0.0625,0.09375,0.08794280886650085,0.0625,0.09375,0.08794280886650085,-0.0625,-0.09375,0.27544280886650085,0.0625,-0.09375,0.08794280886650085,0.0625,0.09375,0.27544280886650085,0.0625,0.09375,0.08794280886650085,0.0625,0.09375,0.27544280886650085,-0.0625,0.09375,0.08794280886650085,-0.0625,-0.09375,0.27544280886650085,-0.0625,-0.09375,0.08794280886650085,-0.0625,-0.015494043007493019,-0.5921629071235657,0,-0.015494043007493019,-0.5921629071235657,0,0.09999090433120728,-0.6399983167648315,0,0.03234138339757919,-0.47667795419692993,0,0.03234138339757919,-0.47667795419692993,0,0.14782632887363434,-0.5245133638381958,0,-0.015494043007493019,-0.5921629071235657,0,0.03234138339757919,-0.47667795419692993,0,0.14782632887363434,-0.5245133638381958,0,0.09999090433120728,-0.6399983167648315,0,-0.015494043007493019,-0.5921629071235657,0,0.03234138339757919,-0.47667795419692993,0,