{"schemaVersion":2,"source":{"uri":"models/items/golden-apple.gltf","sha256":"c78ea5457c0bfa70e5ef5d78cab3b25d1f716f85609be6dceecbfebde94135ca"},"animationNames":[],"boundingBox":{"min":{"x":-0.25,"y":0,"z":-0.1875},"max":{"x":0.25,"y":0.75,"z":0.1875}},"nodeNames":["cube","cube",""],"trimesh":{"vertices":[0.1875,0,0.1875,0.1875,-0.375,0.1875,0.1875,0,-0.1875,0.1875,-0.375,-0.1875,-0.1875,0,-0.1875,-0.1875,-0.375,-0.1875,-0.1875,0,0.1875,-0.1875,-0.375,0.1875,-0.1875,0,-0.1875,-0.1875,0,0.1875,0.1875,0,-0.1875,0.1875,0,0.1875,-0.1875,-0.375,0.1875,-0.1875,-0.375,-0.1875,0.1875,-0.375,0.1875,0.1875,-0.375,-0.1875,-0.1875,0,0.1875,-0.1875,-0.375,0.1875,0.1875,0,0.1875,0.1875,-0.375,0.1875,0.1875,0,-0.1875,0.1875,-0.375,-0.1875,-0.1875,0,-0.1875,-0.1875,-0.375,-0.1875,0.25,0.375,0.0000625000029685907,0.25,0,0.0000625000029685907,0.25,0.375,0,0.25,0,0,-0.25,0.375,0,-0.25,0,0,-0.25,0.375,0.0000625000029685907,-0.25,0,0.0000625000029685907,-0.25,0.375,0,-0.25,0.375,0.0000625000029685907,0.25,0.375,0,0.25,0.375,0.0000625000029685907,-0.25,0,0.0000625000029685907,-0.25,0,0,0.25,0,0.0000625000029685907,0.25,0,0,-0.25,0.375,0.0000625000029685907,-0.25,0,0.0000625000029685907,0.25,0.375,0.0000625000029685907,0.25,0,0.0000625000029685907,0.25,0.375,0,0.25,0,0,-0.25,0.375,0,-0.25,0,0],"indices":[0,1,2,1,3,2,4,5,6,5,7,6,8,9,10,9,11,10,12,13,14,13,15,14,16,17,18,17,19,18,20,21,22,21,23,22,24,25,26,25,27,26,28,29,30,29,31,30,32,33,34,33,35,34,36,37,38,37,39,38,40,41,42,41,43,42,44,45,46,45,47,46]}}