{"schemaVersion":4,"source":{"uri":"models/environment/Volcano/obsidian-formation.gltf","sha256":"406708c2a998c9e1531b75647c86127fe3ad79b19972f624b1cb6166341a7a89"},"animationNames":[],"boundingBox":{"min":{"x":-0.4375,"y":0,"z":-0.4375},"max":{"x":0.4375,"y":1.5053795399511067,"z":0.5}},"nodeNames":["cube","cube","cube","cube","cube","cube","root",""],"trimesh":{"vertices":[0.3125,-0.37768977880477905,0.28125,0.3125,-0.752689778804779,0.28125,0.3125,-0.37768977880477905,-0.34375,0.3125,-0.752689778804779,-0.34375,-0.3125,-0.37768977880477905,-0.34375,-0.3125,-0.752689778804779,-0.34375,-0.3125,-0.37768977880477905,0.28125,-0.3125,-0.752689778804779,0.28125,-0.3125,-0.37768977880477905,-0.34375,-0.3125,-0.37768977880477905,0.28125,0.3125,-0.37768977880477905,-0.34375,0.3125,-0.37768977880477905,0.28125,-0.3125,-0.752689778804779,0.28125,-0.3125,-0.752689778804779,-0.34375,0.3125,-0.752689778804779,0.28125,0.3125,-0.752689778804779,-0.34375,-0.3125,-0.37768977880477905,0.28125,-0.3125,-0.752689778804779,0.28125,0.3125,-0.37768977880477905,0.28125,0.3125,-0.752689778804779,0.28125,0.3125,-0.37768977880477905,-0.34375,0.3125,-0.752689778804779,-0.34375,-0.3125,-0.37768977880477905,-0.34375,-0.3125,-0.752689778804779,-0.34375,0.19749045372009277,0.062358684837818146,0.15625,0.23562109470367432,-0.373476505279541,0.15625,0.19749045372009277,0.062358684837818146,-0.21875,0.23562109470367432,-0.373476505279541,-0.21875,-0.300606906414032,0.018780836835503578,-0.21875,-0.26247626543045044,-0.4170543849468231,-0.21875,-0.300606906414032,0.018780836835503578,0.15625,-0.26247626543045044,-0.4170543849468231,0.15625,-0.300606906414032,0.018780836835503578,-0.21875,-0.300606906414032,0.018780836835503578,0.15625,0.19749045372009277,0.062358684837818146,-0.21875,0.19749045372009277,0.062358684837818146,0.15625,-0.26247626543045044,-0.4170543849468231,0.15625,-0.26247626543045044,-0.4170543849468231,-0.21875,0.23562109470367432,-0.373476505279541,0.15625,0.23562109470367432,-0.373476505279541,-0.21875,-0.300606906414032,0.018780836835503578,0.15625,-0.26247626543045044,-0.4170543849468231,0.15625,0.19749045372009277,0.062358684837818146,0.15625,0.23562109470367432,-0.373476505279541,0.15625,0.19749045372009277,0.062358684837818146,-0.21875,0.23562109470367432,-0.373476505279541,-0.21875,-0.300606906414032,0.018780836835503578,-0.21875,-0.26247626543045044,-0.4170543849468231,-0.21875,0.21617475152015686,0.5659032464027405,0.15625,0.25975263118743896,0.06780589371919632,0.15625,0.21617475152015686,0.5659032464027405,-0.21875,0.25975263118743896,0.06780589371919632,-0.21875,-0.3441847562789917,0.5168781876564026,-0.21875,-0.300606906414032,0.018780836835503578,-0.21875,-0.3441847562789917,0.5168781876564026,0.15625,-0.300606906414032,0.018780836835503578,0.15625,-0.3441847562789917,0.5168781876564026,-0.21875,-0.3441847562789917,0.5168781876564026,0.15625,0.21617475152015686,0.5659032464027405,-0.21875,0.21617475152015686,0.5659032464027405,0.15625,-0.300606906414032,0.018780836835503578,0.15625,-0.300606906414032,0.018780836835503578,-0.21875,0.25975263118743896,0.06780589371919632,0.15625,0.25975263118743896,0.06780589371919632,-0.21875,-0.3441847562789917,0.5168781876564026,0.15625,-0.300606906414032,0.018780836835503578,0.15625,0.21617475152015686,0.5659032464027405,0.15625,0.25975263118743896,0.06780589371919632,0.15625,0.21617475152015686,0.5659032464027405,-0.21875,0.25975263118743896,0.06780589371919632,-0.21875,-0.3441847562789917,0.5168781876564026,-0.21875,-0.300606906414032,0.018780836835503578,-0.21875,0.19983306527137756,0.752689778804779,0.15625,0.21617475152015686,0.5659032464027405,0.15625,0.19983306527137756,0.752689778804779,-0.21875,0.21617475152015686,0.5659032464027405,-0.21875,-0.173739954829216,0.7200064063072205,-0.21875,-0.1573982536792755,0.5332198739051819,-0.21875,-0.173739954829216,0.7200064063072205,0.15625,-0.1573982536792755,0.5332198739051819,0.15625,-0.173739954829216,0.7200064063072205,-0.21875,-0.173739954829216,0.7200064063072205,0.15625,0.19983306527137756,0.752689778804779,-0.21875,0.19983306527137756,0.752689778804779,0.15625,-0.1573982536792755,0.5332198739051819,0.15625,-0.1573982536792755,0.5332198739051819,-0.21875,0.21617475152015686,0.5659032464027405,0.15625,0.21617475152015686,0.5659032464027405,-0.21875,-0.173739954829216,0.7200064063072205,0.15625,-0.1573982536792755,0.5332198739051819,0.15625,0.19983306527137756,0.752689778804779,0.15625,0.21617475152015686,0.5659032464027405,0.15625,0.19983306527137756,0.752689778804779,-0.21875,0.21617475152015686,0.5659032464027405,-0.21875,-0.173739954829216,0.7200064063072205,-0.21875,-0.1573982536792755,0.5332198739051819,-0.21875,-0.0625,-0.565189778804779,0.46875,-0.0625,-0.752689778804779,0.46875,-0.0625,-0.565189778804779,-0.03125,-0.0625,-0.752689778804779,-0.03125,-0.4375,-0.565189778804779,-0.03125,-0.4375,-0.752689778804779,-0.03125,-0.4375,-0.565189778804779,0.46875,-0.4375,-0.752689778804779,0.46875,-0.4375,-0.565189778804779,-0.03125,-0.4375,-0.565189778804779,0.46875,-0.0625,-0.565189778804779,-0.03125,-0.0625,-0.565189778804779,0.46875,-0.4375,-0.752689778804779,0.46875,-0.4375,-0.752689778804779,-0.03125,-0.0625,-0.752689778804779,0.46875,-0.0625,-0.752689778804779,-0.03125,-0.4375,-0.565189778804779,0.46875,-0.4375,-0.752689778804779,0.46875,-0.0625,-0.565189778804779,0.46875,-0.0625,-0.752689778804779,0.46875,-0.0625,-0.565189778804779,-0.03125,-0.0625,-0.752689778804779,-0.03125,-0.4375,-0.565189778804779,-0.03125,-0.4375,-0.752689778804779,-0.03125,0.4375,-0.44018977880477905,0.03125,0.4375,-0.752689778804779,0.03125,0.4375,-0.44018977880477905,-0.46875,0.4375,-0.752689778804779,-0.46875,0.0625,-0.44018977880477905,-0.46875,0.0625,-0.752689778804779,-0.46875,0.0625,-0.44018977880477905,0.03125,0.0625,-0.752689778804779,0.03125,0.0625,-0.44018977880477905,-0.46875,0.0625,-0.44018977880477905,0.03125,0.4375,-0.44018977880477905,-0.46875,0.4375,-0.44018977880477905,0.03125,0.0625,-0.752689778804779,0.03125,0.0625,-0.752689778804779,-0.46875,0.4375,-0.752689778804779,0.03125,0.4375,-0.752689778804779,-0.46875,0.0625,-0.44018977880477905,0.03125,0.0625,-0.752689778804779,0.03125,0.4375,-0.44018977880477905,0.03125,0.4375,-0.752689778804779,0.03125,0.4375,-0.44018977880477905,-0.46875,0.4375,-0.752689778804779,-0.46875,0.0625,-0.44018977880477905,-0.46875,0.0625,-0.752689778804779,-0.46875],"indices":[0,1,2,1,3,2,4,5,6,5,7,6,8,9,10,9,11,10,12,13,14,13,15,14,16,17,18,17,19,18,20,21,22,21,23,22,24,25,26,25,27,26,28,29,30,29,31,30,32,33,34,33,35,34,36,37,38,37,39,38,40,41,42,41,43,42,44,45,46,45,47,46,48,49,50,49,51,50,52,53,54,53,55,54,56,57,58,57,59,58,60,61,62,61,63,62,64,65,66,65,67,66,68,69,70,69,71,70,72,73,74,73,75,74,76,77,78,77,79,78,80,81,82,81,83,82,84,85,86,85,87,86,88,89,90,89,91,90,92,93,94,93,95,94,96,97,98,97,99,98,100,101,102,101,103,102,104,105,106,105,107,106,108,109,110,109,111,110,112,113,114,113,115,114,116,117,118,117,119,118,120,121,122,121,123,122,124,125,126,125,127,126,128,129,130,129,131,130,132,133,134,133,135,134,136,137,138,137,139,138,140,141,142,141,143,142]},"optimizedModelData":{"":{"meshCount":1},"-named-nodes":{"meshCount":6},"-no-animations":{"meshCount":1}}}