{"schemaVersion":4,"source":{"uri":"models/environment/Dungeon/banner-hytopia-1.gltf","sha256":"84f647b4e0bad4f688c001adf129a807150014f0de8cd7daf1d556112bd8592c"},"animationNames":[],"boundingBox":{"min":{"x":-0.5,"y":0,"z":-0.15625},"max":{"x":0.5,"y":3.25,"z":0.09375}},"nodeNames":["cube","cube","cube","banner_1","root",""],"trimesh":{"vertices":[0.5,1.5,0.0625,0.5,1.375,0.0625,0.5,1.5,-0.125,0.5,1.375,-0.125,-0.5,1.5,-0.125,-0.5,1.375,-0.125,-0.5,1.5,0.0625,-0.5,1.375,0.0625,-0.5,1.5,-0.125,-0.5,1.5,0.0625,0.5,1.5,-0.125,0.5,1.5,0.0625,-0.5,1.375,0.0625,-0.5,1.375,-0.125,0.5,1.375,0.0625,0.5,1.375,-0.125,-0.5,1.5,0.0625,-0.5,1.375,0.0625,0.5,1.5,0.0625,0.5,1.375,0.0625,0.5,1.5,-0.125,0.5,1.375,-0.125,-0.5,1.5,-0.125,-0.5,1.375,-0.125,0.5,1.375,-0.09375,0.5,1.375,-0.09375,0.5,-0.25,-0.09375,-0.5,1.375,-0.09375,-0.5,1.375,-0.09375,-0.5,-0.25,-0.09375,0.5,1.375,-0.09375,0.5,-0.25,-0.09375,-0.5,-0.25,-0.09375,0.5,-0.25,-0.09375,-0.5,-0.25,-0.09375,-0.5,1.375,-0.09375,0.5,1.375,-0.09375,0.5,-0.25,-0.09375,0.09375,1.625,0.125,0.09375,-1.625,0.125,0.09375,1.625,-0.0625,0.09375,-1.625,-0.0625,-0.09375,1.625,-0.0625,-0.09375,-1.625,-0.0625,-0.09375,1.625,0.125,-0.09375,-1.625,0.125,-0.09375,1.625,-0.0625,-0.09375,1.625,0.125,0.09375,1.625,-0.0625,0.09375,1.625,0.125,-0.09375,-1.625,0.125,-0.09375,-1.625,-0.0625,0.09375,-1.625,0.125,0.09375,-1.625,-0.0625,-0.09375,1.625,0.125,-0.09375,-1.625,0.125,0.09375,1.625,0.125,0.09375,-1.625,0.125,0.09375,1.625,-0.0625,0.09375,-1.625,-0.0625,-0.09375,1.625,-0.0625,-0.09375,-1.625,-0.0625],"indices":[0,1,2,1,3,2,4,5,6,5,7,6,8,9,10,9,11,10,12,13,14,13,15,14,16,17,18,17,19,18,20,21,22,21,23,22,24,25,26,24,26,26,27,28,29,27,29,29,24,27,30,24,30,27,31,32,33,31,33,32,34,35,36,34,36,37,38,39,40,39,41,40,42,43,44,43,45,44,46,47,48,47,49,48,50,51,52,51,53,52,54,55,56,55,57,56,58,59,60,59,61,60]},"optimizedModelData":{"":{"meshCount":1},"-named-nodes":{"meshCount":3},"-no-animations":{"meshCount":1}}}