{"schemaVersion":4,"source":{"uri":"models/environment/Essentials/sleeping-bag-red.gltf","sha256":"8751147c90469ef6e981f093af2d6cd9ca4ef6709e570ee92263e535075b1832"},"animationNames":[],"boundingBox":{"min":{"x":-0.4000000059604645,"y":-7.450580569168253e-10,"z":-1.149999988079071},"max":{"x":0.4000000059604645,"y":0.10000000074505806,"z":0.49999998807907103}},"nodeNames":["cube","root",""],"trimesh":{"vertices":[0.4000000059604645,0.05000000074505806,0.824999988079071,0.4000000059604645,-0.05000000074505806,0.824999988079071,0.4000000059604645,0.05000000074505806,-0.824999988079071,0.4000000059604645,-0.05000000074505806,-0.824999988079071,-0.4000000059604645,0.05000000074505806,-0.824999988079071,-0.4000000059604645,-0.05000000074505806,-0.824999988079071,-0.4000000059604645,0.05000000074505806,0.824999988079071,-0.4000000059604645,-0.05000000074505806,0.824999988079071,-0.4000000059604645,0.05000000074505806,-0.824999988079071,-0.4000000059604645,0.05000000074505806,0.824999988079071,0.4000000059604645,0.05000000074505806,-0.824999988079071,0.4000000059604645,0.05000000074505806,0.824999988079071,-0.4000000059604645,-0.05000000074505806,0.824999988079071,-0.4000000059604645,-0.05000000074505806,-0.824999988079071,0.4000000059604645,-0.05000000074505806,0.824999988079071,0.4000000059604645,-0.05000000074505806,-0.824999988079071,-0.4000000059604645,0.05000000074505806,0.824999988079071,-0.4000000059604645,-0.05000000074505806,0.824999988079071,0.4000000059604645,0.05000000074505806,0.824999988079071,0.4000000059604645,-0.05000000074505806,0.824999988079071,0.4000000059604645,0.05000000074505806,-0.824999988079071,0.4000000059604645,-0.05000000074505806,-0.824999988079071,-0.4000000059604645,0.05000000074505806,-0.824999988079071,-0.4000000059604645,-0.05000000074505806,-0.824999988079071],"indices":[0,1,2,1,3,2,4,5,6,5,7,6,8,9,10,9,11,10,12,13,14,13,15,14,16,17,18,17,19,18,20,21,22,21,23,22]},"optimizedModelData":{"":{"meshCount":1},"-named-nodes":{"meshCount":1},"-no-animations":{"meshCount":1}}}