{"schemaVersion":4,"source":{"uri":"models/npcs/fish/trout.gltf","sha256":"8db45dd0e42df821f7b5e8c7042539d44b8f06ef3a33d7f21a5a56d7e9546a66"},"animationNames":["idle","walk"],"boundingBox":{"min":{"x":-0.28125,"y":0.046875,"z":-0.375},"max":{"x":0.28125,"y":0.5625,"z":0.5}},"nodeNames":["cube","cube","arm","cube","arm2","cube","top_fin","cube","cube","back","cube","head","trout",""],"trimesh":{"vertices":[0.09375,0.25,0.4375,0.09375,0,0.4375,0.09375,0.25,-0.0625,0.09375,0,-0.0625,-0.09375,0.25,-0.0625,-0.09375,0,-0.0625,-0.09375,0.25,0.4375,-0.09375,0,0.4375,-0.09375,0.25,-0.0625,-0.09375,0.25,0.4375,0.09375,0.25,-0.0625,0.09375,0.25,0.4375,-0.09375,0,0.4375,-0.09375,0,-0.0625,0.09375,0,0.4375,0.09375,0,-0.0625,-0.09375,0.25,0.4375,-0.09375,0,0.4375,0.09375,0.25,0.4375,0.09375,0,0.4375,0.09375,0.25,-0.0625,0.09375,0,-0.0625,-0.09375,0.25,-0.0625,-0.09375,0,-0.0625,0.09375,0.125,0,0.09375,0.125,0.25,0.09375,0.125,0,-0.09375,0.125,0.25,-0.09375,0.125,0,-0.09375,0.125,0.25,0.09375,0.125,0.25,0.09375,0.125,0,-0.09375,0.125,0,-0.09375,0.125,0.25,0.09375,0.125,0.25,-0.09375,0.125,0.25,0.09375,0.125,0.25,0.09375,0.125,0,-0.09375,0.125,0,-0.09375,0.125,0.25,-0.09375,0.125,0,-0.09375,0.125,0.25,0.09375,0.125,0,0.09375,0.125,0.25,0.09375,0.125,0,0.09375,0.125,0,-0.09375,0.125,0,-0.09375,0.125,0.25,0.09375,0.125,0.25,0.09375,0.125,0.25,-0.09375,0.125,0.25,0.09375,0.125,0.25,-0.09375,0.125,0,-0.09375,0.125,0,0,0,0.3125,0,0.1875,0.3125,0,0.1875,0.0625,0,0,0.0625,0,0.1875,0.0625,0,0.1875,0.0625,0,0.1875,0.3125,0,0,0.3125,0,0,0.3125,0,0,0.0625,0,0.1875,0.3125,0,0.1875,0.3125,0,0,0.3125,0,0,0.0625,0.046875,0.078125,0.0625,0.046875,-0.078125,0.0625,0.046875,0.078125,-0.0625,0.046875,-0.078125,-0.0625,-0.046875,0.078125,-0.0625,-0.046875,-0.078125,-0.0625,-0.046875,0.078125,0.0625,-0.046875,-0.078125,0.0625,-0.046875,0.078125,-0.0625,-0.046875,0.078125,0.0625,0.046875,0.078125,-0.0625,0.046875,0.078125,0.0625,-0.046875,-0.078125,0.0625,-0.046875,-0.078125,-0.0625,0.046875,-0.078125,0.0625,0.046875,-0.078125,-0.0625,-0.046875,0.078125,0.0625,-0.046875,-0.078125,0.0625,0.046875,0.078125,0.0625,0.046875,-0.078125,0.0625,0.046875,0.078125,-0.0625,0.046875,-0.078125,-0.0625,-0.046875,0.078125,-0.0625,-0.046875,-0.078125,-0.0625,0,-0.203125,0.1875,0,0.203125,0.1875,0,0.203125,-0.0625,0,-0.203125,-0.0625,0,0.203125,-0.0625,0,0.203125,-0.0625,0,0.203125,0.1875,0,-0.203125,0.1875,0,-0.203125,0.1875,0,-0.203125,-0.0625,0,0.203125,0.1875,0,0.203125,0.1875,0,-0.203125,0.1875,0,-0.203125,-0.0625,0.0625,0.1875,0.3125,0.0625,0,0.3125,0.0625,0.1875,0.1875,0.0625,0,0.1875,-0.0625,0.1875,0.1875,-0.0625,0,0.1875,-0.0625,0.1875,0.3125,-0.0625,0,0.3125,-0.0625,0.1875,0.1875,-0.0625,0.1875,0.3125,0.0625,0.1875,0.1875,0.0625,0.1875,0.3125,-0.0625,0,0.3125,-0.0625,0,0.1875,0.0625,0,0.3125,0.0625,0,0.1875,-0.0625,0.1875,0.3125,-0.0625,0,0.3125,0.0625,0.1875,0.3125,0.0625,0,0.3125,0.0625,0.1875,0.1875,0.0625,0,0.1875,-0.0625,0.1875,0.1875,-0.0625,0,0.1875],"indices":[0,1,2,1,3,2,4,5,6,5,7,6,8,9,10,9,11,10,12,13,14,13,15,14,16,17,18,17,19,18,20,21,22,21,23,22,24,25,26,24,26,25,27,28,29,27,29,28,30,31,32,30,32,33,34,35,36,34,36,35,28,37,38,28,38,37,39,40,40,39,40,41,42,43,43,42,43,44,45,46,47,45,47,48,49,50,50,49,50,51,52,42,42,52,42,53,54,55,56,54,56,57,58,59,60,58,60,60,61,62,63,61,63,63,64,65,66,64,66,66,58,59,67,58,67,67,68,69,70,69,71,70,72,73,74,73,75,74,76,77,78,77,79,78,80,81,82,81,83,82,84,85,86,85,87,86,88,89,90,89,91,90,92,93,94,92,94,95,96,97,98,96,98,98,99,100,101,99,101,101,102,103,104,102,104,104,96,97,105,96,105,105,106,107,108,107,109,108,110,111,112,111,113,112,114,115,116,115,117,116,118,119,120,119,121,120,122,123,124,123,125,124,126,127,128,127,129,128]},"optimizedModelData":{"":{"meshCount":6},"-named-nodes":{"meshCount":7},"-no-animations":{"meshCount":1}}}