{"schemaVersion":4,"source":{"uri":"models/npcs/fish/carp.gltf","sha256":"07e6f6fe85f5b01b09b63c67998b9a7c6f703f949a10c88b57434d3db0574d32"},"animationNames":["idle","walk"],"boundingBox":{"min":{"x":-0.3653876300269153,"y":-0.09375,"z":-0.5625},"max":{"x":0.3653876300269153,"y":0.6875,"z":0.9375}},"nodeNames":["cube","cube","cube","cube","cube","cube","fin","cube","fin2","cube","top_fin","cube","cube","tail","cube","cube","head","carp"],"trimesh":{"vertices":[0.125,0.375,0.5625,0.125,-0.0625,0.5625,0.125,0.375,-0.125,0.125,-0.0625,-0.125,-0.125,0.375,-0.125,-0.125,-0.0625,-0.125,-0.125,0.375,0.5625,-0.125,-0.0625,0.5625,-0.125,0.375,-0.125,-0.125,0.375,0.5625,0.125,0.375,-0.125,0.125,0.375,0.5625,-0.125,-0.0625,0.5625,-0.125,-0.0625,-0.125,0.125,-0.0625,0.5625,0.125,-0.0625,-0.125,-0.125,0.375,0.5625,-0.125,-0.0625,0.5625,0.125,0.375,0.5625,0.125,-0.0625,0.5625,0.125,0.375,-0.125,0.125,-0.0625,-0.125,-0.125,0.375,-0.125,-0.125,-0.0625,-0.125,-0.10336236655712128,0.055138614028692245,0.1264476627111435,-0.10336236655712128,0.055138614028692245,0.1264476627111435,-0.10336236655712128,-0.050515953451395035,0.3530246317386627,-0.33828553557395935,-0.1280098408460617,0.31688863039016724,-0.33828553557395935,-0.1280098408460617,0.31688863039016724,-0.33828553557395935,-0.02235526591539383,0.0903116762638092,-0.10336236655712128,-0.050515953451395035,0.3530246317386627,-0.10336236655712128,0.055138614028692245,0.1264476627111435,-0.33828553557395935,-0.02235526591539383,0.0903116762638092,-0.33828553557395935,-0.1280098408460617,0.31688863039016724,-0.10336236655712128,0.055138614028692245,0.1264476627111435,-0.10336236655712128,-0.050515953451395035,0.3530246317386627,-0.33828553557395935,-0.1280098408460617,0.31688863039016724,-0.33828553557395935,-0.02235526591539383,0.0903116762638092,-0.10336236655712128,-0.050515953451395035,0.3530246317386627,-0.33828553557395935,-0.1280098408460617,0.31688863039016724,-0.10336236655712128,-0.050515953451395035,0.3530246317386627,-0.33828553557395935,-0.02235526591539383,0.0903116762638092,-0.10336236655712128,0.055138614028692245,0.1264476627111435,-0.33828553557395935,-0.02235526591539383,0.0903116762638092,-0.13046447932720184,0.024394264444708824,0.3685722351074219,-0.13046447932720184,-0.054846663028001785,0.538504958152771,-0.13046447932720184,0.024394264444708824,0.3685722351074219,-0.36538761854171753,-0.13234055042266846,0.5023689866065979,-0.36538761854171753,-0.0530996173620224,0.3324362337589264,-0.36538761854171753,-0.13234055042266846,0.5023689866065979,-0.13046447932720184,-0.054846663028001785,0.538504958152771,-0.13046447932720184,0.024394264444708824,0.3685722351074219,-0.36538761854171753,-0.0530996173620224,0.3324362337589264,-0.36538761854171753,-0.13234055042266846,0.5023689866065979,-0.13046447932720184,0.024394264444708824,0.3685722351074219,-0.13046447932720184,-0.054846663028001785,0.538504958152771,-0.36538761854171753,-0.13234055042266846,0.5023689866065979,-0.36538761854171753,-0.0530996173620224,0.3324362337589264,-0.13046447932720184,-0.054846663028001785,0.538504958152771,-0.36538761854171753,-0.13234055042266846,0.5023689866065979,-0.13046447932720184,-0.054846663028001785,0.538504958152771,-0.36538761854171753,-0.0530996173620224,0.3324362337589264,-0.13046447932720184,0.024394264444708824,0.3685722351074219,-0.36538761854171753,-0.0530996173620224,0.3324362337589264,0.10336236655712128,-0.050515953451395035,0.3530246317386627,0.10336236655712128,0.055138614028692245,0.1264476627111435,0.10336236655712128,-0.050515953451395035,0.3530246317386627,0.33828553557395935,-0.02235526591539383,0.0903116762638092,0.33828553557395935,-0.1280098408460617,0.31688863039016724,0.33828553557395935,-0.02235526591539383,0.0903116762638092,0.33828553557395935,-0.02235526591539383,0.0903116762638092,0.10336236655712128,0.055138614028692245,0.1264476627111435,0.10336236655712128,-0.050515953451395035,0.3530246317386627,0.33828553557395935,-0.1280098408460617,0.31688863039016724,0.33828553557395935,-0.1280098408460617,0.31688863039016724,0.10336236655712128,-0.050515953451395035,0.3530246317386627,0.10336236655712128,0.055138614028692245,0.1264476627111435,0.33828553557395935,-0.02235526591539383,0.0903116762638092,0.33828553557395935,-0.1280098408460617,0.31688863039016724,0.10336236655712128,-0.050515953451395035,0.3530246317386627,0.33828553557395935,-0.1280098408460617,0.31688863039016724,0.10336236655712128,0.055138614028692245,0.1264476627111435,0.33828553557395935,-0.02235526591539383,0.0903116762638092,0.10336236655712128,0.055138614028692245,0.1264476627111435,0.13046447932720184,-0.054846663028001785,0.538504958152771,0.13046447932720184,0.024394264444708824,0.3685722351074219,0.13046447932720184,-0.054846663028001785,0.538504958152771,0.36538761854171753,-0.0530996173620224,0.3324362337589264,0.36538761854171753,-0.13234055042266846,0.5023689866065979,0.36538761854171753,-0.0530996173620224,0.3324362337589264,0.36538761854171753,-0.0530996173620224,0.3324362337589264,0.13046447932720184,0.024394264444708824,0.3685722351074219,0.13046447932720184,-0.054846663028001785,0.538504958152771,0.36538761854171753,-0.13234055042266846,0.5023689866065979,0.36538761854171753,-0.13234055042266846,0.5023689866065979,0.13046447932720184,-0.054846663028001785,0.538504958152771,0.13046447932720184,0.024394264444708824,0.3685722351074219,0.36538761854171753,-0.0530996173620224,0.3324362337589264,0.36538761854171753,-0.13234055042266846,0.5023689866065979,0.13046447932720184,-0.054846663028001785,0.538504958152771,0.36538761854171753,-0.13234055042266846,0.5023689866065979,0.13046447932720184,0.024394264444708824,0.3685722351074219,0.36538761854171753,-0.0530996173620224,0.3324362337589264,0.13046447932720184,0.024394264444708824,0.3685722351074219,0.09375,0.125,0,0.09375,0.125,0.25,0.09375,0.125,0,-0.15625,0.125,0.25,-0.15625,0.125,0,-0.15625,0.125,0.25,0.09375,0.125,0.25,0.09375,0.125,0,-0.15625,0.125,0,-0.15625,0.125,0.25,0.09375,0.125,0.25,-0.15625,0.125,0.25,0.09375,0.125,0.25,0.09375,0.125,0,-0.15625,0.125,0,-0.09375,0.125,0.25,-0.09375,0.125,0,-0.09375,0.125,0.25,0.15625,0.125,0,0.15625,0.125,0.25,0.15625,0.125,0,0.15625,0.125,0,-0.09375,0.125,0,-0.09375,0.125,0.25,0.15625,0.125,0.25,0.15625,0.125,0.25,-0.09375,0.125,0.25,0.15625,0.125,0.25,-0.09375,0.125,0,-0.09375,0.125,0,0,0.125,0.40625,0,0.3125,0.40625,0,0.3125,-0.28125,0,0.125,-0.28125,0,0.3125,-0.28125,0,0.3125,-0.28125,0,0.3125,0.40625,0,0.125,0.40625,0,0.125,0.40625,0,0.125,-0.28125,0,0.3125,0.40625,0,0.3125,0.40625,0,0.125,0.40625,0,0.125,-0.28125,0,-0.3125,0.5,0,0.375,0.5,0,0.375,0,0,-0.3125,0,0,0.375,0,0,0.375,0,0,0.375,0.5,0,-0.3125,0.5,0,-0.3125,0.5,0,-0.3125,0,0,0.375,0.5,0,0.375,0.5,0,-0.3125,0.5,0,-0.3125,0,0.078125,0.21875,0.125,0.078125,-0.15625,0.125,0.078125,0.21875,-0.0625,0.078125,-0.15625,-0.0625,-0.078125,0.21875,-0.0625,-0.078125,-0.15625,-0.0625,-0.078125,0.21875,0.125,-0.078125,-0.15625,0.125,-0.078125,0.21875,-0.0625,-0.078125,0.21875,0.125,0.078125,0.21875,-0.0625,0.078125,0.21875,0.125,-0.078125,-0.15625,0.125,-0.078125,-0.15625,-0.0625,0.078125,-0.15625,0.125,0.078125,-0.15625,-0.0625,-0.078125,0.21875,0.125,-0.078125,-0.15625,0.125,0.078125,0.21875,0.125,0.078125,-0.15625,0.125,0.078125,0.21875,-0.0625,0.078125,-0.15625,-0.0625,-0.078125,0.21875,-0.0625,-0.078125,-0.15625,-0.0625,0.09375,0.3268750011920929,0.3125,0.09375,-0.048124998807907104,0.3125,0.09375,0.3268750011920929,0.125,0.09375,-0.048124998807907104,0.125,-0.09375,0.3268750011920929,0.125,-0.09375,-0.048124998807907104,0.125,-0.09375,0.3268750011920929,0.3125,-0.09375,-0.048124998807907104,0.3125,-0.09375,0.3268750011920929,0.125,-0.09375,0.3268750011920929,0.3125,0.09375,0.3268750011920929,0.125,0.09375,0.3268750011920929,0.3125,-0.09375,-0.048124998807907104,0.3125,-0.09375,-0.048124998807907104,0.125,0.09375,-0.048124998807907104,0.3125,0.09375,-0.048124998807907104,0.125,-0.09375,0.3268750011920929,0.3125,-0.09375,-0.048124998807907104,0.3125,0.09375,