{"schemaVersion":4,"source":{"uri":"models/environment/Farm/peony-stage2.gltf","sha256":"7827cc2ed41a2f8d3ed9fcc241b06e1d94ddf4223da670ae4f0af069227cfe8d"},"animationNames":[],"boundingBox":{"min":{"x":-0.48139460125001804,"y":0,"z":-0.20631353614445463},"max":{"x":0.45541612929613634,"y":0.6875,"z":0.10524081003834815}},"nodeNames":["cube","cube","cube","cube","cube","root",""],"trimesh":{"vertices":[0.10673923790454865,0.34375,0.1442863643169403,0.10673923790454865,0.15625,0.1442863643169403,0.10673923790454865,0.34375,-0.04321363568305969,0.10673923790454865,0.15625,-0.04321363568305969,-0.08076076209545135,0.34375,-0.04321363568305969,-0.08076076209545135,0.15625,-0.04321363568305969,-0.08076076209545135,0.34375,0.1442863643169403,-0.08076076209545135,0.15625,0.1442863643169403,-0.08076076209545135,0.34375,-0.04321363568305969,-0.08076076209545135,0.34375,0.1442863643169403,0.10673923790454865,0.34375,-0.04321363568305969,0.10673923790454865,0.34375,0.1442863643169403,-0.08076076209545135,0.15625,0.1442863643169403,-0.08076076209545135,0.15625,-0.04321363568305969,0.10673923790454865,0.15625,0.1442863643169403,0.10673923790454865,0.15625,-0.04321363568305969,-0.08076076209545135,0.34375,0.1442863643169403,-0.08076076209545135,0.15625,0.1442863643169403,0.10673923790454865,0.34375,0.1442863643169403,0.10673923790454865,0.15625,0.1442863643169403,0.10673923790454865,0.34375,-0.04321363568305969,0.10673923790454865,0.15625,-0.04321363568305969,-0.08076076209545135,0.34375,-0.04321363568305969,-0.08076076209545135,0.15625,-0.04321363568305969,0.060974668711423874,0.15625,0.1391468048095703,0.060974668711423874,-0.34375,0.1391468048095703,-0.11580201983451843,0.15625,-0.03762989863753319,-0.11580201983451843,-0.34375,-0.03762989863753319,0.060974668711423874,0.15625,0.1391468048095703,-0.11580201983451843,0.15625,-0.03762989863753319,0.060974668711423874,0.15625,0.1391468048095703,0.060974668711423874,-0.34375,0.1391468048095703,-0.11580201983451843,-0.34375,-0.03762989863753319,0.060974668711423874,-0.34375,0.1391468048095703,-0.11580201983451843,-0.34375,-0.03762989863753319,-0.11580201983451843,0.15625,-0.03762989863753319,0.060974668711423874,0.15625,0.1391468048095703,0.060974668711423874,-0.34375,0.1391468048095703,0.060974668711423874,0.15625,-0.0380740724503994,0.060974668711423874,-0.34375,-0.0380740724503994,-0.11580201983451843,0.15625,0.1387026309967041,-0.11580201983451843,-0.34375,0.1387026309967041,-0.11580201983451843,0.15625,0.1387026309967041,0.060974668711423874,0.15625,-0.0380740724503994,-0.11580201983451843,0.15625,0.1387026309967041,-0.11580201983451843,-0.34375,0.1387026309967041,0.060974668711423874,-0.34375,-0.0380740724503994,-0.11580201983451843,-0.34375,0.1387026309967041,0.060974668711423874,0.15625,-0.0380740724503994,-0.11580201983451843,0.15625,0.1387026309967041,-0.11580201983451843,-0.34375,0.1387026309967041,0.060974668711423874,-0.34375,-0.0380740724503994,0.4279603064060211,0.14781257510185242,0.049249712377786636,0.4684053659439087,0.030368566513061523,0.03524584695696831,0.3778890371322632,0.15210837125778198,-0.13138987123966217,0.41833406686782837,0.03466437757015228,-0.1453937292098999,-0.019247880205512047,0.0026412755250930786,-0.024862410500645638,0.021197153255343437,-0.11480271816253662,-0.038866277784109116,0.030823415145277977,-0.0016545355319976807,0.15577717125415802,0.07126845419406891,-0.11909852921962738,0.1417733132839203,-0.019247880205512047,0.0026412755250930786,-0.024862410500645638,0.030823415145277977,-0.0016545355319976807,0.15577717125415802,0.3778890371322632,0.15210837125778198,-0.13138987123966217,0.4279603064060211,0.14781257510185242,0.049249712377786636,0.07126845419406891,-0.11909852921962738,0.1417733132839203,0.021197153255343437,-0.11480271816253662,-0.038866277784109116,0.4684053659439087,0.030368566513061523,0.03524584695696831,0.41833406686782837,0.03466437757015228,-0.1453937292098999,0.030823415145277977,-0.0016545355319976807,0.15577717125415802,0.07126845419406891,-0.11909852921962738,0.1417733132839203,0.4279603064060211,0.14781257510185242,0.049249712377786636,0.4684053659439087,0.030368566513061523,0.03524584695696831,0.3778890371322632,0.15210837125778198,-0.13138987123966217,0.41833406686782837,0.03466437757015228,-0.1453937292098999,-0.019247880205512047,0.0026412755250930786,-0.024862410500645638,0.021197153255343437,-0.11480271816253662,-0.038866277784109116,-0.035116083920001984,-0.036508284509181976,0.1465574949979782,-0.0500435046851635,-0.16041141748428345,0.13947321474552155,0.01495521329343319,-0.03221247345209122,-0.03408209607005119,0.00002778873749775812,-0.1561155915260315,-0.04116636887192726,-0.40340664982795715,0.024743303656578064,-0.14869290590286255,-0.41833409667015076,-0.09915982186794281,-0.15577717125415802,-0.4534779489040375,0.020447492599487305,0.031946685165166855,-0.4684053659439087,-0.10345564037561417,0.024862410500645638,-0.40340664982795715,0.024743303656578064,-0.14869290590286255,-0.4534779489040375,0.020447492599487305,0.031946685165166855,0.01495521329343319,-0.03221247345209122,-0.03408209607005119,-0.035116083920001984,-0.036508284509181976,0.1465574949979782,-0.4684053659439087,-0.10345564037561417,0.024862410500645638,-0.41833409667015076,-0.09915982186794281,-0.15577717125415802,-0.0500435046851635,-0.16041141748428345,0.13947321474552155,0.00002778873749775812,-0.1561155915260315,-0.04116636887192726,-0.4534779489040375,0.020447492599487305,0.031946685165166855,-0.4684053659439087,-0.10345564037561417,0.024862410500645638,-0.035116083920001984,-0.036508284509181976,0.1465574949979782,-0.0500435046851635,-0.16041141748428345,0.13947321474552155,0.01495521329343319,-0.03221247345209122,-0.03408209607005119,0.00002778873749775812,-0.1561155915260315,-0.04116636887192726,-0.40340664982795715,0.024743303656578064,-0.14869290590286255,-0.41833409667015076,-0.09915982186794281,-0.15577717125415802],"indices":[0,1,2,1,3,2,4,5,6,5,7,6,8,9,10,9,11,10,12,13,14,13,15,14,16,17,18,17,19,18,20,21,22,21,23,22,24,24,25,24,25,25,26,26,27,26,27,27,28,29,30,28,30,29,31,32,33,31,33,32,34,35,36,34,36,37,38,38,39,38,39,39,40,40,41,40,41,41,42,43,43,42,43,44,45,46,46,45,46,47,48,49,50,48,50,51,52,53,54,53,55,54,56,57,58,57,59,58,60,61,62,61,63,62,64,65,66,65,67,66,68,69,70,69,71,70,72,73,74,73,75,74,76,77,78,77,79,78,80,81,82,81,83,82,84,85,86,85,87,86,88,89,90,89,91,90,92,93,94,93,95,94,96,97,98,97,99,98]},"optimizedModelData":{"":{"meshCount":1},"-named-nodes":{"meshCount":5},"-no-animations":{"meshCount":1}}}