{"schemaVersion":4,"source":{"uri":"models/tools/hoe/diamond-hoe.gltf","sha256":"e39d7d8778a91151c8649d9b4aa6a6235766b87721452557b845b3e29aed3dd2"},"animationNames":[],"boundingBox":{"min":{"x":-0.19887378220871652,"y":0.0006741523516815562,"z":-0.140625},"max":{"x":0.33544668070640665,"y":1.0019987822087164,"z":0.140625}},"nodeNames":["cube","cube","cube","cube","cube","cube","cube","cube","hoe"],"trimesh":{"vertices":[-0.03703644871711731,0.2080385386943817,0.03125,-0.03703644871711731,-0.3857114613056183,0.03125,-0.03703644871711731,0.2080385386943817,-0.03125,-0.03703644871711731,-0.3857114613056183,-0.03125,-0.09953644871711731,0.2080385386943817,-0.03125,-0.09953644871711731,-0.3857114613056183,-0.03125,-0.09953644871711731,0.2080385386943817,0.03125,-0.09953644871711731,-0.3857114613056183,0.03125,-0.09953644871711731,0.2080385386943817,-0.03125,-0.09953644871711731,0.2080385386943817,0.03125,-0.03703644871711731,0.2080385386943817,-0.03125,-0.03703644871711731,0.2080385386943817,0.03125,-0.09953644871711731,-0.3857114613056183,0.03125,-0.09953644871711731,-0.3857114613056183,-0.03125,-0.03703644871711731,-0.3857114613056183,0.03125,-0.03703644871711731,-0.3857114613056183,-0.03125,-0.09953644871711731,0.2080385386943817,0.03125,-0.09953644871711731,-0.3857114613056183,0.03125,-0.03703644871711731,0.2080385386943817,0.03125,-0.03703644871711731,-0.3857114613056183,0.03125,-0.03703644871711731,0.2080385386943817,-0.03125,-0.03703644871711731,-0.3857114613056183,-0.03125,-0.09953644871711731,0.2080385386943817,-0.03125,-0.09953644871711731,-0.3857114613056183,-0.03125,-0.06828644871711731,0.41227397322654724,0.0546875,0.04219898581504822,0.3017885386943817,0.0546875,-0.06828644871711731,0.41227397322654724,-0.0546875,0.04219898581504822,0.3017885386943817,-0.0546875,-0.17877188324928284,0.3017885386943817,-0.0546875,-0.06828644871711731,0.1913031041622162,-0.0546875,-0.17877188324928284,0.3017885386943817,0.0546875,-0.06828644871711731,0.1913031041622162,0.0546875,-0.17877188324928284,0.3017885386943817,-0.0546875,-0.17877188324928284,0.3017885386943817,0.0546875,-0.06828644871711731,0.41227397322654724,-0.0546875,-0.06828644871711731,0.41227397322654724,0.0546875,-0.06828644871711731,0.1913031041622162,0.0546875,-0.06828644871711731,0.1913031041622162,-0.0546875,0.04219898581504822,0.3017885386943817,0.0546875,0.04219898581504822,0.3017885386943817,-0.0546875,-0.17877188324928284,0.3017885386943817,0.0546875,-0.06828644871711731,0.1913031041622162,0.0546875,-0.06828644871711731,0.41227397322654724,0.0546875,0.04219898581504822,0.3017885386943817,0.0546875,-0.06828644871711731,0.41227397322654724,-0.0546875,0.04219898581504822,0.3017885386943817,-0.0546875,-0.17877188324928284,0.3017885386943817,-0.0546875,-0.06828644871711731,0.1913031041622162,-0.0546875,0.1504635512828827,0.3330385386943817,0.078125,0.1504635512828827,0.2705385386943817,0.078125,0.1504635512828827,0.3330385386943817,-0.078125,0.1504635512828827,0.2705385386943817,-0.078125,-0.1932864487171173,0.3330385386943817,-0.078125,-0.1932864487171173,0.2705385386943817,-0.078125,-0.1932864487171173,0.3330385386943817,0.078125,-0.1932864487171173,0.2705385386943817,0.078125,-0.1932864487171173,0.3330385386943817,-0.078125,-0.1932864487171173,0.3330385386943817,0.078125,0.1504635512828827,0.3330385386943817,-0.078125,0.1504635512828827,0.3330385386943817,0.078125,-0.1932864487171173,0.2705385386943817,0.078125,-0.1932864487171173,0.2705385386943817,-0.078125,0.1504635512828827,0.2705385386943817,0.078125,0.1504635512828827,0.2705385386943817,-0.078125,-0.1932864487171173,0.3330385386943817,0.078125,-0.1932864487171173,0.2705385386943817,0.078125,0.1504635512828827,0.3330385386943817,0.078125,0.1504635512828827,0.2705385386943817,0.078125,0.1504635512828827,0.3330385386943817,-0.078125,0.1504635512828827,0.2705385386943817,-0.078125,-0.1932864487171173,0.3330385386943817,-0.078125,-0.1932864487171173,0.2705385386943817,-0.078125,-0.06828644871711731,-0.32388561964035034,0.0546875,0.020101897418498993,-0.41227397322654724,0.0546875,-0.06828644871711731,-0.32388561964035034,-0.0546875,0.020101897418498993,-0.41227397322654724,-0.0546875,-0.1566748023033142,-0.41227397322654724,-0.0546875,-0.06828644871711731,-0.5006623268127441,-0.0546875,-0.1566748023033142,-0.41227397322654724,0.0546875,-0.06828644871711731,-0.5006623268127441,0.0546875,-0.1566748023033142,-0.41227397322654724,-0.0546875,-0.1566748023033142,-0.41227397322654724,0.0546875,-0.06828644871711731,-0.32388561964035034,-0.0546875,-0.06828644871711731,-0.32388561964035034,0.0546875,-0.06828644871711731,-0.5006623268127441,0.0546875,-0.06828644871711731,-0.5006623268127441,-0.0546875,0.020101897418498993,-0.41227397322654724,0.0546875,0.020101897418498993,-0.41227397322654724,-0.0546875,-0.1566748023033142,-0.41227397322654724,0.0546875,-0.06828644871711731,-0.5006623268127441,0.0546875,-0.06828644871711731,-0.32388561964035034,0.0546875,0.020101897418498993,-0.41227397322654724,0.0546875,-0.06828644871711731,-0.32388561964035034,-0.0546875,0.020101897418498993,-0.41227397322654724,-0.0546875,-0.1566748023033142,-0.41227397322654724,-0.0546875,-0.06828644871711731,-0.5006623268127441,-0.0546875,0.26716023683547974,0.25434353947639465,-0.140625,0.26716023683547974,0.25434353947639465,0.140625,0.26716023683547974,0.25434353947639465,-0.140625,0.055863961577415466,0.31096020340919495,0.140625,0.055863961577415466,0.31096020340919495,-0.140625,0.055863961577415466,0.31096020340919495,0.140625,0.26716023683547974,0.25434353947639465,-0.140625,0.26716023683547974,0.25434353947639465,0.140625,0.055863961577415466,0.31096020340919495,0.140625,0.055863961577415466,0.31096020340919495,-0.140625,0.26716023683547974,0.25434353947639465,0.140625,0.055863961577415466,0.31096020340919495,0.140625,0.26716023683547974,0.25434353947639465,0.140625,0.26716023683547974,0.25434353947639465,-0.140625,0.055863961577415466,0.31096020340919495,-0.140625,-0.005786449182778597,-0.3232114613056183,0.0625,-0.005786449182778597,-0.3544614613056183,0.0625,-0.005786449182778597,-0.3232114613056183,-0.0625,-0.005786449182778597,-0.3544614613056183,-0.0625,-0.1307864487171173,-0.3232114613056183,-0.0625,-0.1307864487171173,-0.3544614613056183,-0.0625,-0.1307864487171173,-0.3232114613056183,0.0625,-0.1307864487171173,-0.3544614613056183,0.0625,-0.1307864487171173,-0.3232114613056183,-0.0625,-0.1307864487171173,-0.3232114613056183,0.0625,-0.005786449182778597,-0.3232114613056183,-0.0625,-0.005786449182778597,-0.3232114613056183,0.0625,-0.1307864487171173,-0.3544614613056183,0.0625,-0.1307864487171173,-0.3544614613056183,-0.0625,-0.005786449182778597,-0.3544614613056183,0.0625,-0.005786449182778597,-0.3544614613056183,-0.0625,-0.1307864487171173,-0.3232114613056183,0.0625,-0.1307864487171173,-0.3544614613056183,0.0625,-0.005786449182778597,-0.3232114613056183,0.0625,-0.005786449182778597,-0.3544614613056183,0.0625,-0.005786449182778597,-0.3232114613056183,-0.0625,-0.005786449182778597,-0.3544614613056183,-0.0625,-0.1307864487171173,-0.3232114613056183,-0.0625,-0.1307864487171173,-0.3544614613056183,-0.0625,-0.005786449182778597,0.2392885386943817,0.0625,-0.005786449182778597,0.1767885386943817,0.0625,-0.005786449182778597,0.2392885386943817,-0.0625,-0.005786449182778597,0.1767885386943817,-0.0625,-0.1307864487171173,0.2392885386943817,-0.0625,-0.1307864487171173,0.1767885386943817,-0.0625,-0.1307864487171173,0.2392885386943817,0.0625,-0.1307864487171173,0.1767885386943817,0.0625,-0.1307864487171173,0.2392885386943817,-0.0625,-0.1307864487171173,0.2392885386943817,0.0625,-0.005786449182778597,0.2392885386943817,-0.0625,-0.005786449182778597,0.2392885386943817,0.0625,-0.1307864487171173,0.1767885386943817,0.0625,-0.1307864487171173,0.1767885386943817,-0.0625,-0.005786449182778597,0.1767885386943817,0.0625,-0.005786449182778597,0.1767885386943817,-0.0625,-0.1307864487171173,0.2392885386943817,0.0625,-0.1307864487171173,0.1767885386943817,0.0625,-0.005786449182778597,