{"schemaVersion":1,"source":{"uri":"models/environment/Farm/blueberry/blueberry-stage2.gltf","sha256":"f90fd250f0369b21c8953a772fa37d25da3f842d27b913cffb0442a8c11bd667"},"animationNames":[],"boundingBox":{"min":{"x":-0.1988737822087165,"y":0,"z":-0.19887378220871652},"max":{"x":0.1988737822087165,"y":0.75,"z":0.19887378220871652}},"nodeNames":["cube","cube","root",""],"trimesh":{"vertices":[0.19887378811836243,0.375,0.19887378811836243,0.19887378811836243,0.375,0.19887378811836243,0.19887378811836243,-0.375,0.19887378811836243,-0.19887378811836243,0.375,-0.19887378811836243,-0.19887378811836243,0.375,-0.19887378811836243,-0.19887378811836243,-0.375,-0.19887378811836243,0.19887378811836243,0.375,0.19887378811836243,0.19887378811836243,0.375,0.19887378811836243,0.19887378811836243,-0.375,0.19887378811836243,-0.19887378811836243,-0.375,-0.19887378811836243,0.19887378811836243,-0.375,0.19887378811836243,-0.19887378811836243,-0.375,-0.19887378811836243,-0.19887378811836243,0.375,-0.19887378811836243,0.19887378811836243,0.375,0.19887378811836243,0.19887378811836243,-0.375,0.19887378811836243,0.19887378811836243,0.375,-0.19887378811836243,0.19887378811836243,0.375,-0.19887378811836243,0.19887378811836243,-0.375,-0.19887378811836243,-0.19887378811836243,0.375,0.19887378811836243,-0.19887378811836243,0.375,0.19887378811836243,-0.19887378811836243,-0.375,0.19887378811836243,0.19887378811836243,0.375,-0.19887378811836243,-0.19887378811836243,0.375,0.19887378811836243,-0.19887378811836243,-0.375,0.19887378811836243,0.19887378811836243,-0.375,-0.19887378811836243,0.19887378811836243,0.375,-0.19887378811836243,-0.19887378811836243,0.375,0.19887378811836243,-0.19887378811836243,-0.375,0.19887378811836243,0.19887378811836243,-0.375,-0.19887378811836243],"indices":[0,1,2,0,2,2,3,4,5,3,5,5,6,3,7,6,7,3,8,9,10,8,10,9,11,12,13,11,13,14,15,16,17,15,17,17,18,19,20,18,20,20,18,21,21,18,21,22,23,24,24,23,24,20,25,26,27,25,27,28]}}