{"schemaVersion":2,"source":{"uri":"models/projectiles/laser-beam.gltf","sha256":"edcb7dea0a06f66b7e947cbf5fc0aaea99df8956cb7b429a4b3f8ab92a2e3497"},"animationNames":[],"boundingBox":{"min":{"x":-0.03125,"y":0,"z":-1.5625},"max":{"x":0.03125,"y":0.0625,"z":1.5625}},"nodeNames":["beam","root",""],"trimesh":{"vertices":[0.03125,0.03125,1.5625,0.03125,-0.03125,1.5625,0.03125,0.03125,-1.5625,0.03125,-0.03125,-1.5625,-0.03125,0.03125,-1.5625,-0.03125,-0.03125,-1.5625,-0.03125,0.03125,1.5625,-0.03125,-0.03125,1.5625,-0.03125,0.03125,-1.5625,-0.03125,0.03125,1.5625,0.03125,0.03125,-1.5625,0.03125,0.03125,1.5625,-0.03125,-0.03125,1.5625,-0.03125,-0.03125,-1.5625,0.03125,-0.03125,1.5625,0.03125,-0.03125,-1.5625,-0.03125,0.03125,1.5625,-0.03125,-0.03125,1.5625,0.03125,0.03125,1.5625,0.03125,-0.03125,1.5625,0.03125,0.03125,-1.5625,0.03125,-0.03125,-1.5625,-0.03125,0.03125,-1.5625,-0.03125,-0.03125,-1.5625],"indices":[0,1,2,1,3,2,4,5,6,5,7,6,8,9,10,9,11,10,12,13,14,13,15,14,16,17,18,17,19,18,20,21,22,21,23,22]}}