{"schemaVersion":4,"source":{"uri":"models/environment/Dungeon/iron-gate.gltf","sha256":"d6f365f632b8df19c5b2324f4c5d9f73bd82b23014ff405e67e92d7026d4c27f"},"animationNames":["interact","interact2","open"],"boundingBox":{"min":{"x":-1.5,"y":0,"z":-0.125},"max":{"x":1.5,"y":3,"z":0.125}},"nodeNames":["cube","cube","cube","bone","root",""],"trimesh":{"vertices":[-1.21875,1.5,0.125,-1.21875,-1.5,0.125,-1.21875,1.5,-0.125,-1.21875,-1.5,-0.125,-1.5,1.5,-0.125,-1.5,-1.5,-0.125,-1.5,1.5,0.125,-1.5,-1.5,0.125,-1.5,1.5,-0.125,-1.5,1.5,0.125,-1.21875,1.5,-0.125,-1.21875,1.5,0.125,-1.5,-1.5,0.125,-1.5,-1.5,-0.125,-1.21875,-1.5,0.125,-1.21875,-1.5,-0.125,-1.5,1.5,0.125,-1.5,-1.5,0.125,-1.21875,1.5,0.125,-1.21875,-1.5,0.125,-1.21875,1.5,-0.125,-1.21875,-1.5,-0.125,-1.5,1.5,-0.125,-1.5,-1.5,-0.125,1.5,1.5,0.125,1.5,-1.5,0.125,1.5,1.5,-0.125,1.5,-1.5,-0.125,1.21875,1.5,-0.125,1.21875,-1.5,-0.125,1.21875,1.5,0.125,1.21875,-1.5,0.125,1.21875,1.5,-0.125,1.21875,1.5,0.125,1.5,1.5,-0.125,1.5,1.5,0.125,1.21875,-1.5,0.125,1.21875,-1.5,-0.125,1.5,-1.5,0.125,1.5,-1.5,-0.125,1.21875,1.5,0.125,1.21875,-1.5,0.125,1.5,1.5,0.125,1.5,-1.5,0.125,1.5,1.5,-0.125,1.5,-1.5,-0.125,1.21875,1.5,-0.125,1.21875,-1.5,-0.125,1.3125,0,0.0000625000029685907,1.3125,-3,0.0000625000029685907,1.3125,0,0,1.3125,-3,0,-1.3125,0,0,-1.3125,-3,0,-1.3125,0,0.0000625000029685907,-1.3125,-3,0.0000625000029685907,-1.3125,0,0,-1.3125,0,0.0000625000029685907,1.3125,0,0,1.3125,0,0.0000625000029685907,-1.3125,-3,0.0000625000029685907,-1.3125,-3,0,1.3125,-3,0.0000625000029685907,1.3125,-3,0,-1.3125,0,0.0000625000029685907,-1.3125,-3,0.0000625000029685907,1.3125,0,0.0000625000029685907,1.3125,-3,0.0000625000029685907,1.3125,0,0,1.3125,-3,0,-1.3125,0,0,-1.3125,-3,0],"indices":[0,1,2,1,3,2,4,5,6,5,7,6,8,9,10,9,11,10,12,13,14,13,15,14,16,17,18,17,19,18,20,21,22,21,23,22,24,25,26,25,27,26,28,29,30,29,31,30,32,33,34,33,35,34,36,37,38,37,39,38,40,41,42,41,43,42,44,45,46,45,47,46,48,49,50,49,51,50,52,53,54,53,55,54,56,57,58,57,59,58,60,61,62,61,63,62,64,65,66,65,67,66,68,69,70,69,71,70]},"optimizedModelData":{"":{"meshCount":2},"-named-nodes":{"meshCount":3},"-no-animations":{"meshCount":1}}}