{"schemaVersion":4,"source":{"uri":"models/environment/Farm/blueberry/blueberry-stage4.gltf","sha256":"8ae87c53c1ccd31511db8c45bff22b62eea24026bdcf59e8dc595c4246f1778b"},"animationNames":[],"boundingBox":{"min":{"x":-0.24306795603287568,"y":0,"z":-0.24306795603287573},"max":{"x":0.24306795603287568,"y":1,"z":0.24306795603287573}},"nodeNames":["cube","cube","cube","cube","cube","cube","root",""],"trimesh":{"vertices":[0.24306795001029968,0.5,0.24306795001029968,0.24306795001029968,0.5,0.24306795001029968,0.24306795001029968,-0.5,0.24306795001029968,-0.24306795001029968,0.5,-0.24306795001029968,-0.24306795001029968,0.5,-0.24306795001029968,-0.24306795001029968,-0.5,-0.24306795001029968,0.24306795001029968,0.5,0.24306795001029968,0.24306795001029968,0.5,0.24306795001029968,0.24306795001029968,-0.5,0.24306795001029968,-0.24306795001029968,-0.5,-0.24306795001029968,0.24306795001029968,-0.5,0.24306795001029968,-0.24306795001029968,-0.5,-0.24306795001029968,-0.24306795001029968,0.5,-0.24306795001029968,0.24306795001029968,0.5,0.24306795001029968,0.24306795001029968,-0.5,0.24306795001029968,0.05498790368437767,-0.12149678170681,-0.06295402348041534,0.09672702103853226,-0.23617404699325562,-0.09000898152589798,0.04573456197977066,-0.09607343375682831,-0.1849910318851471,0.08747367560863495,-0.21075069904327393,-0.21204598248004913,-0.07172701507806778,-0.13882595300674438,-0.1849910169839859,-0.02998790331184864,-0.2535032331943512,-0.21204598248004913,-0.06247367709875107,-0.16424930095672607,-0.06295402348041534,-0.02073456346988678,-0.2789265513420105,-0.09000898152589798,-0.07172701507806778,-0.13882595300674438,-0.1849910169839859,-0.06247367709875107,-0.16424930095672607,-0.06295402348041534,0.04573456197977066,-0.09607343375682831,-0.1849910318851471,0.05498790368437767,-0.12149678170681,-0.06295402348041534,-0.02073456346988678,-0.2789265513420105,-0.09000898152589798,-0.02998790331184864,-0.2535032331943512,-0.21204598248004913,0.09672702103853226,-0.23617404699325562,-0.09000898152589798,0.08747367560863495,-0.21075069904327393,-0.21204598248004913,-0.06247367709875107,-0.16424930095672607,-0.06295402348041534,-0.02073456346988678,-0.2789265513420105,-0.09000898152589798,0.05498790368437767,-0.12149678170681,-0.06295402348041534,0.09672702103853226,-0.23617404699325562,-0.09000898152589798,0.04573456197977066,-0.09607343375682831,-0.1849910318851471,0.08747367560863495,-0.21075069904327393,-0.21204598248004913,-0.07172701507806778,-0.13882595300674438,-0.1849910169839859,-0.02998790331184864,-0.2535032331943512,-0.21204598248004913,0.07485201209783554,-0.13882595300674438,0.19436602294445038,0.03311290219426155,-0.2535032331943512,0.22142097353935242,0.06559867411851883,-0.16424930095672607,0.07232902199029922,0.02385956235229969,-0.2789265513420105,0.09938397258520126,-0.05186290293931961,-0.12149678170681,0.07232902199029922,-0.0936020165681839,-0.23617404699325562,0.09938398003578186,-0.0426095612347126,-0.09607343375682831,0.19436602294445038,-0.08434867858886719,-0.21075069904327393,0.22142097353935242,-0.05186290293931961,-0.12149678170681,0.07232902199029922,-0.0426095612347126,-0.09607343375682831,0.19436602294445038,0.06559867411851883,-0.16424930095672607,0.07232902199029922,0.07485201209783554,-0.13882595300674438,0.19436602294445038,-0.08434867858886719,-0.21075069904327393,0.22142097353935242,-0.0936020165681839,-0.23617404699325562,0.09938398003578186,0.03311290219426155,-0.2535032331943512,0.22142097353935242,0.02385956235229969,-0.2789265513420105,0.09938397258520126,-0.0426095612347126,-0.09607343375682831,0.19436602294445038,-0.08434867858886719,-0.21075069904327393,0.22142097353935242,0.07485201209783554,-0.13882595300674438,0.19436602294445038,0.03311290219426155,-0.2535032331943512,0.22142097353935242,0.06559867411851883,-0.16424930095672607,0.07232902199029922,0.02385956235229969,-0.2789265513420105,0.09938397258520126,-0.05186290293931961,-0.12149678170681,0.07232902199029922,-0.0936020165681839,-0.23617404699325562,0.09938398003578186,0.12455567717552185,0.1681537628173828,0.00932371523231268,0.180714949965477,0.07633313536643982,0.07288554310798645,0.1573006808757782,0.11367395520210266,-0.09830859303474426,0.21345995366573334,0.021853327751159668,-0.03474675863981247,0.050535041838884354,0.04866686463356018,-0.09788554906845093,0.10669432580471039,-0.04315376281738281,-0.03432371839880943,0.017790043726563454,0.10314667224884033,0.009746760129928589,0.07394932210445404,0.011326044797897339,0.07330859452486038,0.050535041838884354,0.04866686463356018,-0.09788554906845093,0.017790043726563454,0.10314667224884033,0.009746760129928589,0.1573006808757782,0.11367395520210266,-0.09830859303474426,0.12455567717552185,0.1681537628173828,0.00932371523231268,0.07394932210445404,0.011326044797897339,0.07330859452486038,0.10669432580471039,-0.04315376281738281,-0.03432371839880943,0.180714949965477,0.07633313536643982,0.07288554310798645,0.21345995366573334,0.021853327751159668,-0.03474675863981247,0.017790043726563454,0.10314667224884033,0.009746760129928589,0.07394932210445404,0.011326044797897339,0.07330859452486038,0.12455567717552185,0.1681537628173828,0.00932371523231268,0.180714949965477,0.07633313536643982,0.07288554310798645,0.1573006808757782,0.11367395520210266,-0.09830859303474426,0.21345995366573334,0.021853327751159668,-0.03474675863981247,0.050535041838884354,0.04866686463356018,-0.09788554906845093,0.10669432580471039,-0.04315376281738281,-0.03432371839880943,-0.07553504407405853,0.04866686463356018,0.07288555055856705,-0.13169431686401367,-0.04315376281738281,0.009323720820248127,-0.042790044099092484,0.10314667224884033,-0.03474675863981247,-0.09894932061433792,0.011326044797897339,-0.09830859303474426,-0.14955566823482513,0.1681537628173828,-0.034323714673519135,-0.20571495592594147,0.07633313536643982,-0.09788554906845093,-0.18230068683624268,0.11367395520210266,0.07330859452486038,-0.23845995962619781,0.021853327751159668,0.009746753610670567,-0.14955566823482513,0.1681537628173828,-0.034323714673519135,-0.18230068683624268,0.11367395520210266,0.07330859452486038,-0.042790044099092484,0.10314667224884033,-0.03474675863981247,-0.07553504407405853,0.04866686463356018,0.07288555055856705,-0.23845995962619781,0.021853327751159668,0.009746753610670567,-0.20571495592594147,0.07633313536643982,-0.09788554906845093,-0.13169431686401367,-0.04315376281738281,0.009323720820248127,-0.09894932061433792,0.011326044797897339,-0.09830859303474426,-0.18230068683624268,0.11367395520210266,0.07330859452486038,-0.23845995962619781,0.021853327751159668,0.009746753610670567,-0.07553504407405853,0.04866686463356018,0.07288555055856705,-0.13169431686401367,-0.04315376281738281,0.009323720820248127,-0.042790044099092484,0.10314667224884033,-0.03474675863981247,-0.09894932061433792,0.011326044797897339,-0.09830859303474426,-0.14955566823482513,0.1681537628173828,-0.034323714673519135,-0.20571495592594147,0.07633313536643982,-0.09788554906845093,0.24306795001029968,0.5,-0.24306795001029968,0.24306795001029968,0.5,-0.24306795001029968,0.24306795001029968,-0.5,-0.24306795001029968,-0.24306795001029968,0.5,0.24306795001029968,-0.24306795001029968,0.5,0.24306795001029968,-0.24306795001029968,-0.5,0.24306795001029968,0.24306795001029968,0.5,-0.24306795001029968,-0.24306795001029968,0.5,0.24306795001029968,-0.24306795001029968,-0.5,0.24306795001029968,0.24306795001029968,-0.5,-0.24306795001029968,0.24306795001029968,0.5,-0.24306795001029968,-0.24306795001029968,0.5,0.24306795001029968,-0.24306795001029968,-0.5,0.24306795001029968,0.24306795001029968,-0.5,-0.24306795001029968],