{"schemaVersion":4,"source":{"uri":"models/environment/X-Mas/firewood.gltf","sha256":"67468e6cbb5b3e2230ca1ec3c6a8c841e911ca781e09a75c3f239745148752c5"},"animationNames":[],"boundingBox":{"min":{"x":-0.3844674796278619,"y":0,"z":-0.3125},"max":{"x":0.3844674796278619,"y":0.5,"z":0.25095774079184}},"nodeNames":["cube","cube","cube","bone",""],"trimesh":{"vertices":[0.3844674825668335,0,0.21636205911636353,0.3844674825668335,-0.25,0.21636205911636353,0.36267855763435364,0,-0.03268660977482796,0.36267855763435364,-0.25,-0.03268660977482796,-0.3844674825668335,0,0.032680194824934006,-0.3844674825668335,-0.25,0.032680194824934006,-0.36267855763435364,0,0.2817288637161255,-0.36267855763435364,-0.25,0.2817288637161255,-0.3844674825668335,0,0.032680194824934006,-0.36267855763435364,0,0.2817288637161255,0.36267855763435364,0,-0.03268660977482796,0.3844674825668335,0,0.21636205911636353,-0.36267855763435364,-0.25,0.2817288637161255,-0.3844674825668335,-0.25,0.032680194824934006,0.3844674825668335,-0.25,0.21636205911636353,0.36267855763435364,-0.25,-0.03268660977482796,-0.36267855763435364,0,0.2817288637161255,-0.36267855763435364,-0.25,0.2817288637161255,0.3844674825668335,0,0.21636205911636353,0.3844674825668335,-0.25,0.21636205911636353,0.36267855763435364,0,-0.03268660977482796,0.36267855763435364,-0.25,-0.03268660977482796,-0.3844674825668335,0,0.032680194824934006,-0.3844674825668335,-0.25,0.032680194824934006,0.375,0,-0.031728871166706085,0.375,-0.25,-0.031728871166706085,0.375,0,-0.2817288637161255,0.375,-0.25,-0.2817288637161255,-0.375,0,-0.2817288637161255,-0.375,-0.25,-0.2817288637161255,-0.375,0,-0.031728874891996384,-0.375,-0.25,-0.031728874891996384,-0.375,0,-0.2817288637161255,-0.375,0,-0.031728874891996384,0.375,0,-0.2817288637161255,0.375,0,-0.031728871166706085,-0.375,-0.25,-0.031728874891996384,-0.375,-0.25,-0.2817288637161255,0.375,-0.25,-0.031728871166706085,0.375,-0.25,-0.2817288637161255,-0.375,0,-0.031728874891996384,-0.375,-0.25,-0.031728874891996384,0.375,0,-0.031728871166706085,0.375,-0.25,-0.031728871166706085,0.375,0,-0.2817288637161255,0.375,-0.25,-0.2817288637161255,-0.375,0,-0.2817288637161255,-0.375,-0.25,-0.2817288637161255,0.375,0.25,0.09327112883329391,0.375,0,0.09327112883329391,0.375,0.25,-0.1567288637161255,0.375,0,-0.1567288637161255,-0.375,0.25,-0.15672887861728668,-0.375,0,-0.15672887861728668,-0.375,0.25,0.09327112883329391,-0.375,0,0.09327112883329391,-0.375,0.25,-0.15672887861728668,-0.375,0.25,0.09327112883329391,0.375,0.25,-0.1567288637161255,0.375,0.25,0.09327112883329391,-0.375,0,0.09327112883329391,-0.375,0,-0.15672887861728668,0.375,0,0.09327112883329391,0.375,0,-0.1567288637161255,-0.375,0.25,0.09327112883329391,-0.375,0,0.09327112883329391,0.375,0.25,0.09327112883329391,0.375,0,0.09327112883329391,0.375,0.25,-0.1567288637161255,0.375,0,-0.1567288637161255,-0.375,0.25,-0.15672887861728668,-0.375,0,-0.15672887861728668],"indices":[0,1,2,1,3,2,4,5,6,5,7,6,8,9,10,9,11,10,12,13,14,13,15,14,16,17,18,17,19,18,20,21,22,21,23,22,24,25,26,25,27,26,28,29,30,29,31,30,32,33,34,33,35,34,36,37,38,37,39,38,40,41,42,41,43,42,44,45,46,45,47,46,48,49,50,49,51,50,52,53,54,53,55,54,56,57,58,57,59,58,60,61,62,61,63,62,64,65,66,65,67,66,68,69,70,69,71,70]},"optimizedModelData":{"":{"meshCount":1},"-named-nodes":{"meshCount":2},"-no-animations":{"meshCount":1}}}