{"schemaVersion":4,"source":{"uri":"models/misc/muzzle-flash.gltf","sha256":"167c8ad0bd1be9ea7a5cdd3c199f9e81a5d4b21d3e2797bc1aa9c6f362d7685c"},"animationNames":[],"boundingBox":{"min":{"x":-1.1102230246251565e-16,"y":-0.5,"z":-0.5},"max":{"x":1,"y":0.5,"z":0.5}},"nodeNames":["plane","plane","plane",""],"trimesh":{"vertices":[-0.5,0.5,0.5,-0.5,0.5,-0.5,-0.5,-0.5,-0.5,-0.5,-0.5,0.5,0.5,0,0.5,0.5,0,-0.5,-0.5,0,-0.5,-0.5,0,0.5,0.5,-0.5,1.1102230246251565e-16,0.5,0.5,-1.1102230246251565e-16,-0.5,0.5,-1.1102230246251565e-16,-0.5,-0.5,1.1102230246251565e-16],"indices":[0,1,2,0,2,3,4,5,6,4,6,7,8,9,10,8,10,11]},"optimizedModelData":{"":{"meshCount":2},"-named-nodes":{"meshCount":2},"-no-animations":{"meshCount":2}}}