{"schemaVersion":2,"source":{"uri":"models/misc/muzzle-flash.gltf","sha256":"2e62c48aeb0233a5e4552746cecb438179e19fa6d78d48f727d6a0474debb85e"},"animationNames":[],"boundingBox":{"min":{"x":-1.1102230246251565e-16,"y":-0.5,"z":-0.5},"max":{"x":1,"y":0.5,"z":0.5}},"nodeNames":["plane","plane","plane",""],"trimesh":{"vertices":[-0.5,0.5,0.5,-0.5,0.5,-0.5,-0.5,-0.5,-0.5,-0.5,-0.5,0.5,0.5,0,0.5,0.5,0,-0.5,-0.5,0,-0.5,-0.5,0,0.5,0.5,-0.5,1.1102230246251565e-16,0.5,0.5,-1.1102230246251565e-16,-0.5,0.5,-1.1102230246251565e-16,-0.5,-0.5,1.1102230246251565e-16],"indices":[0,1,2,0,2,3,4,5,6,4,6,7,8,9,10,8,10,11]}}