{"schemaVersion":4,"source":{"uri":"models/environment/Desert/player-statue.gltf","sha256":"8161d368bf79c567c2578045e92210a817a803bfc22c02ec5150a874eb4c956c"},"animationNames":[],"boundingBox":{"min":{"x":-0.4375,"y":0,"z":-0.4375},"max":{"x":0.4375,"y":1.9375,"z":0.4375}},"nodeNames":["cube","cube","cube","cube","cube","cube","cube","root2","root",""],"trimesh":{"vertices":[0.4375,-0.46875,0.4375,0.4375,-0.71875,0.4375,0.4375,-0.46875,-0.4375,0.4375,-0.71875,-0.4375,-0.4375,-0.46875,-0.4375,-0.4375,-0.71875,-0.4375,-0.4375,-0.46875,0.4375,-0.4375,-0.71875,0.4375,-0.4375,-0.46875,-0.4375,-0.4375,-0.46875,0.4375,0.4375,-0.46875,-0.4375,0.4375,-0.46875,0.4375,-0.4375,-0.71875,0.4375,-0.4375,-0.71875,-0.4375,0.4375,-0.71875,0.4375,0.4375,-0.71875,-0.4375,-0.4375,-0.46875,0.4375,-0.4375,-0.71875,0.4375,0.4375,-0.46875,0.4375,0.4375,-0.71875,0.4375,0.4375,-0.46875,-0.4375,0.4375,-0.71875,-0.4375,-0.4375,-0.46875,-0.4375,-0.4375,-0.71875,-0.4375,0.1875,-0.71875,-0.4375,0.1875,-0.71875,-0.4375,0.1875,-0.90625,-0.4375,-0.1875,-0.71875,-0.4375,-0.1875,-0.71875,-0.4375,-0.1875,-0.90625,-0.4375,0.1875,-0.71875,-0.4375,0.1875,-0.71875,-0.4375,0.1875,-0.90625,-0.4375,-0.1875,-0.90625,-0.4375,0.1875,-0.90625,-0.4375,-0.1875,-0.90625,-0.4375,-0.1875,-0.71875,-0.4375,0.1875,-0.71875,-0.4375,0.1875,-0.90625,-0.4375,0.375,-0.71875,0.375,0.375,-0.90625,0.375,0.375,-0.71875,-0.375,0.375,-0.90625,-0.375,-0.375,-0.71875,-0.375,-0.375,-0.90625,-0.375,-0.375,-0.71875,0.375,-0.375,-0.90625,0.375,-0.375,-0.71875,-0.375,-0.375,-0.71875,0.375,0.375,-0.71875,-0.375,0.375,-0.71875,0.375,-0.375,-0.90625,0.375,-0.375,-0.90625,-0.375,0.375,-0.90625,0.375,0.375,-0.90625,-0.375,-0.375,-0.71875,0.375,-0.375,-0.90625,0.375,0.375,-0.71875,0.375,0.375,-0.90625,0.375,0.375,-0.71875,-0.375,0.375,-0.90625,-0.375,-0.375,-0.71875,-0.375,-0.375,-0.90625,-0.375,0.4375,-0.90625,0.4375,0.4375,-0.96875,0.4375,0.4375,-0.90625,-0.4375,0.4375,-0.96875,-0.4375,-0.4375,-0.90625,-0.4375,-0.4375,-0.96875,-0.4375,-0.4375,-0.90625,0.4375,-0.4375,-0.96875,0.4375,-0.4375,-0.90625,-0.4375,-0.4375,-0.90625,0.4375,0.4375,-0.90625,-0.4375,0.4375,-0.90625,0.4375,-0.4375,-0.96875,0.4375,-0.4375,-0.96875,-0.4375,0.4375,-0.96875,0.4375,0.4375,-0.96875,-0.4375,-0.4375,-0.90625,0.4375,-0.4375,-0.96875,0.4375,0.4375,-0.90625,0.4375,0.4375,-0.96875,0.4375,0.4375,-0.90625,-0.4375,0.4375,-0.96875,-0.4375,-0.4375,-0.90625,-0.4375,-0.4375,-0.96875,-0.4375,0.375,0.96875,0.25,0.375,-0.34375,0.25,0.375,0.96875,-0.0625,0.375,-0.34375,-0.0625,-0.375,0.96875,-0.0625,-0.375,-0.34375,-0.0625,-0.375,0.96875,0.25,-0.375,-0.34375,0.25,-0.375,0.96875,-0.0625,-0.375,0.96875,0.25,0.375,0.96875,-0.0625,0.375,0.96875,0.25,-0.375,-0.34375,0.25,-0.375,-0.34375,-0.0625,0.375,-0.34375,0.25,0.375,-0.34375,-0.0625,-0.375,0.96875,0.25,-0.375,-0.34375,0.25,0.375,0.96875,0.25,0.375,-0.34375,0.25,0.375,0.96875,-0.0625,0.375,-0.34375,-0.0625,-0.375,0.96875,-0.0625,-0.375,-0.34375,-0.0625,0.4375,-0.34375,0.3125,0.4375,-0.46875,0.3125,0.4375,-0.34375,-0.1875,0.4375,-0.46875,-0.1875,-0.4375,-0.34375,-0.1875,-0.4375,-0.46875,-0.1875,-0.4375,-0.34375,0.3125,-0.4375,-0.46875,0.3125,-0.4375,-0.34375,-0.1875,-0.4375,-0.34375,0.3125,0.4375,-0.34375,-0.1875,0.4375,-0.34375,0.3125,-0.4375,-0.46875,0.3125,-0.4375,-0.46875,-0.1875,0.4375,-0.46875,0.3125,0.4375,-0.46875,-0.1875,-0.4375,-0.34375,0.3125,-0.4375,-0.46875,0.3125,0.4375,-0.34375,0.3125,0.4375,-0.46875,0.3125,0.4375,-0.34375,-0.1875,0.4375,-0.46875,-0.1875,-0.4375,-0.34375,-0.1875,-0.4375,-0.46875,-0.1875,0.25,0.84375,0.125,0.25,0.21875,0.125,0.25,0.84375,-0.1875,0.25,0.21875,-0.1875,-0.25,0.84375,-0.1875,-0.25,0.21875,-0.1875,-0.25,0.84375,0.125,-0.25,0.21875,0.125,-0.25,0.84375,-0.1875,-0.25,0.84375,0.125,0.25,0.84375,-0.1875,0.25,0.84375,0.125,-0.25,0.21875,0.125,-0.25,0.21875,-0.1875,0.25,0.21875,0.125,0.25,0.21875,-0.1875,-0.25,0.84375,0.125,-0.25,0.21875,0.125,0.25,0.84375,0.125,0.25,0.21875,0.125,0.25,0.84375,-0.1875,0.25,0.21875,-0.1875,-0.25,0.84375,-0.1875,-0.25,0.21875,-0.1875],"indices":[0,1,2,1,3,2,4,5,6,5,7,6,8,9,10,9,11,10,12,13,14,13,15,14,16,17,18,17,19,18,20,21,22,21,23,22,24,25,26,24,26,26,27,28,29,27,29,29,30,27,31,30,31,27,32,33,34,32,34,33,35,36,37,35,37,38,39,40,41,40,42,41,43,44,45,44,46,45,47,48,49,48,50,49,51,52,53,52,54,53,55,56,57,56,58,57,59,60,61,60,62,61,63,64,65,64,66,65,67,68,69,68,70,69,71,72,73,72,74,73,75,76,77,76,78,77,79,80,81,80,82,81,83,84,85,84,86,85,87,88,89,88,90,89,91,92,93,92,94,93,95,96,97,96,98,97,99,100,101,100,102,101,103,104,105,104,106,105,107,108,109,108,110,109,111,112,113,112,114,113,115,116,117,116,118,117,119,120,121,120,122,121,123,124,125,124,126,125,127,128,129,128,130,129,131,132,133,132,134,133,135,136,137,136,138,137,139,140,141,140,142,141,143,144,145,144,146,145,147,148,149,148,150,149,151,152,153,152,154,153,155,156,157,156,158,157]},"optimizedModelData":{"":{"meshCount":1},"-named-nodes":{"meshCount":7},"-no-animations":{"meshCount":1}}}