{"schemaVersion":2,"source":{"uri":"models/environment/Dungeon/chains-2.gltf","sha256":"48207a84fbe459f68c08bd7e5a3f7303ef121986b25742ffe299b030a1cb4e3c"},"animationNames":[],"boundingBox":{"min":{"x":-0.121875,"y":0.8125,"z":-0.12812500000000004},"max":{"x":0.190625,"y":2,"z":0.12187499999999996}},"nodeNames":["cube","cube","cube","cube","chains_with_hook","root",""],"trimesh":{"vertices":[-0.03125,0.59375,0.125,-0.03125,0.59375,0.125,-0.03125,0.21875,0.125,-0.03125,0.59375,-0.125,-0.03125,0.59375,-0.125,-0.03125,0.21875,-0.125,-0.03125,0.59375,0.125,-0.03125,0.59375,0.125,-0.03125,0.21875,0.125,-0.03125,0.21875,-0.125,-0.03125,0.21875,0.125,-0.03125,0.21875,-0.125,-0.03125,0.59375,-0.125,-0.03125,0.59375,0.125,-0.03125,0.21875,0.125,0.15625,-0.21875,0,0.15625,-0.21875,0,0.15625,-0.59375,0,-0.09375,-0.21875,0,-0.09375,-0.21875,0,-0.09375,-0.59375,0,0.15625,-0.21875,0,0.15625,-0.21875,0,0.15625,-0.59375,0,-0.09375,-0.59375,0,0.15625,-0.59375,0,-0.09375,-0.59375,0,-0.09375,-0.21875,0,0.15625,-0.21875,0,0.15625,-0.59375,0,0.09375,0.34375,0,0.09375,0.34375,0,0.09375,-0.03125,0,-0.15625,0.34375,5.551115123125783e-17,-0.15625,0.34375,5.551115123125783e-17,-0.15625,-0.03125,5.551115123125783e-17,0.09375,0.34375,0,0.09375,0.34375,0,0.09375,-0.03125,0,-0.15625,-0.03125,5.551115123125783e-17,0.09375,-0.03125,0,-0.15625,-0.03125,5.551115123125783e-17,-0.15625,0.34375,5.551115123125783e-17,0.09375,0.34375,0,0.09375,-0.03125,0,-0.03125,0.09375,0.125,-0.03125,0.09375,0.125,-0.03125,-0.28125,0.125,-0.03125,0.09375,-0.125,-0.03125,0.09375,-0.125,-0.03125,-0.28125,-0.125,-0.03125,0.09375,0.125,-0.03125,0.09375,0.125,-0.03125,-0.28125,0.125,-0.03125,-0.28125,-0.125,-0.03125,-0.28125,0.125,-0.03125,-0.28125,-0.125,-0.03125,0.09375,-0.125,-0.03125,0.09375,0.125,-0.03125,-0.28125,0.125],"indices":[0,1,2,0,2,2,3,4,5,3,5,5,6,3,7,6,7,3,8,9,10,8,10,9,11,12,13,11,13,14,15,16,17,15,17,17,18,19,20,18,20,20,21,18,22,21,22,18,23,24,25,23,25,24,26,27,28,26,28,29,30,31,32,30,32,32,33,34,35,33,35,35,36,33,37,36,37,33,38,39,40,38,40,39,41,42,43,41,43,44,45,46,47,45,47,47,48,49,50,48,50,50,51,48,52,51,52,48,53,54,55,53,55,54,56,57,58,56,58,59]}}