{"schemaVersion":4,"source":{"uri":"models/tools/hoe/golden-hoe.gltf","sha256":"5a03063740c72ccdabf92b3e1f6896b3f408acfee91f63c3f1ff1cfb011605b2"},"animationNames":[],"boundingBox":{"min":{"x":-0.09375,"y":0.0006741523516815562,"z":-0.125},"max":{"x":0.33544668070640665,"y":0.865625,"z":0.125}},"nodeNames":["cube","cube","cube","cube","cube","cube","hoe"],"trimesh":{"vertices":[-0.08959834277629852,0.27622541785240173,0.03125,-0.08959834277629852,-0.31752458214759827,0.03125,-0.08959834277629852,0.27622541785240173,-0.03125,-0.08959834277629852,-0.31752458214759827,-0.03125,-0.15209834277629852,0.27622541785240173,-0.03125,-0.15209834277629852,-0.31752458214759827,-0.03125,-0.15209834277629852,0.27622541785240173,0.03125,-0.15209834277629852,-0.31752458214759827,0.03125,-0.15209834277629852,0.27622541785240173,-0.03125,-0.15209834277629852,0.27622541785240173,0.03125,-0.08959834277629852,0.27622541785240173,-0.03125,-0.08959834277629852,0.27622541785240173,0.03125,-0.15209834277629852,-0.31752458214759827,0.03125,-0.15209834277629852,-0.31752458214759827,-0.03125,-0.08959834277629852,-0.31752458214759827,0.03125,-0.08959834277629852,-0.31752458214759827,-0.03125,-0.15209834277629852,0.27622541785240173,0.03125,-0.15209834277629852,-0.31752458214759827,0.03125,-0.08959834277629852,0.27622541785240173,0.03125,-0.08959834277629852,-0.31752458214759827,0.03125,-0.08959834277629852,0.27622541785240173,-0.03125,-0.08959834277629852,-0.31752458214759827,-0.03125,-0.15209834277629852,0.27622541785240173,-0.03125,-0.15209834277629852,-0.31752458214759827,-0.03125,-0.058348339051008224,0.43247541785240173,0.0625,-0.058348339051008224,0.24497541785240173,0.0625,-0.058348339051008224,0.43247541785240173,-0.0625,-0.058348339051008224,0.24497541785240173,-0.0625,-0.18334834277629852,0.43247541785240173,-0.0625,-0.18334834277629852,0.24497541785240173,-0.0625,-0.18334834277629852,0.43247541785240173,0.0625,-0.18334834277629852,0.24497541785240173,0.0625,-0.18334834277629852,0.43247541785240173,-0.0625,-0.18334834277629852,0.43247541785240173,0.0625,-0.058348339051008224,0.43247541785240173,-0.0625,-0.058348339051008224,0.43247541785240173,0.0625,-0.18334834277629852,0.24497541785240173,0.0625,-0.18334834277629852,0.24497541785240173,-0.0625,-0.058348339051008224,0.24497541785240173,0.0625,-0.058348339051008224,0.24497541785240173,-0.0625,-0.18334834277629852,0.43247541785240173,0.0625,-0.18334834277629852,0.24497541785240173,0.0625,-0.058348339051008224,0.43247541785240173,0.0625,-0.058348339051008224,0.24497541785240173,0.0625,-0.058348339051008224,0.43247541785240173,-0.0625,-0.058348339051008224,0.24497541785240173,-0.0625,-0.18334834277629852,0.43247541785240173,-0.0625,-0.18334834277629852,0.24497541785240173,-0.0625,0.09790165722370148,0.36997541785240173,0.078125,0.09790165722370148,0.30747541785240173,0.078125,0.09790165722370148,0.36997541785240173,-0.078125,0.09790165722370148,0.30747541785240173,-0.078125,-0.21459834277629852,0.36997541785240173,-0.078125,-0.21459834277629852,0.30747541785240173,-0.078125,-0.21459834277629852,0.36997541785240173,0.078125,-0.21459834277629852,0.30747541785240173,0.078125,-0.21459834277629852,0.36997541785240173,-0.078125,-0.21459834277629852,0.36997541785240173,0.078125,0.09790165722370148,0.36997541785240173,-0.078125,0.09790165722370148,0.36997541785240173,0.078125,-0.21459834277629852,0.30747541785240173,0.078125,-0.21459834277629852,0.30747541785240173,-0.078125,0.09790165722370148,0.30747541785240173,0.078125,0.09790165722370148,0.30747541785240173,-0.078125,-0.21459834277629852,0.36997541785240173,0.078125,-0.21459834277629852,0.30747541785240173,0.078125,0.09790165722370148,0.36997541785240173,0.078125,0.09790165722370148,0.30747541785240173,0.078125,0.09790165722370148,0.36997541785240173,-0.078125,0.09790165722370148,0.30747541785240173,-0.078125,-0.21459834277629852,0.36997541785240173,-0.078125,-0.21459834277629852,0.30747541785240173,-0.078125,-0.12084834277629852,-0.2556987404823303,0.0546875,-0.03245999291539192,-0.34408706426620483,0.0546875,-0.12084834277629852,-0.2556987404823303,-0.0546875,-0.03245999291539192,-0.34408706426620483,-0.0546875,-0.20923668146133423,-0.34408706426620483,-0.0546875,-0.12084834277629852,-0.43247541785240173,-0.0546875,-0.20923668146133423,-0.34408706426620483,0.0546875,-0.12084834277629852,-0.43247541785240173,0.0546875,-0.20923668146133423,-0.34408706426620483,-0.0546875,-0.20923668146133423,-0.34408706426620483,0.0546875,-0.12084834277629852,-0.2556987404823303,-0.0546875,-0.12084834277629852,-0.2556987404823303,0.0546875,-0.12084834277629852,-0.43247541785240173,0.0546875,-0.12084834277629852,-0.43247541785240173,-0.0546875,-0.03245999291539192,-0.34408706426620483,0.0546875,-0.03245999291539192,-0.34408706426620483,-0.0546875,-0.20923668146133423,-0.34408706426620483,0.0546875,-0.12084834277629852,-0.43247541785240173,0.0546875,-0.12084834277629852,-0.2556987404823303,0.0546875,-0.03245999291539192,-0.34408706426620483,0.0546875,-0.12084834277629852,-0.2556987404823303,-0.0546875,-0.03245999291539192,-0.34408706426620483,-0.0546875,-0.20923668146133423,-0.34408706426620483,-0.0546875,-0.12084834277629852,-0.43247541785240173,-0.0546875,-0.058348339051008224,-0.25502458214759827,0.0625,-0.058348339051008224,-0.28627458214759827,0.0625,-0.058348339051008224,-0.25502458214759827,-0.0625,-0.058348339051008224,-0.28627458214759827,-0.0625,-0.18334834277629852,-0.25502458214759827,-0.0625,-0.18334834277629852,-0.28627458214759827,-0.0625,-0.18334834277629852,-0.25502458214759827,0.0625,-0.18334834277629852,-0.28627458214759827,0.0625,-0.18334834277629852,-0.25502458214759827,-0.0625,-0.18334834277629852,-0.25502458214759827,0.0625,-0.058348339051008224,-0.25502458214759827,-0.0625,-0.058348339051008224,-0.25502458214759827,0.0625,-0.18334834277629852,-0.28627458214759827,0.0625,-0.18334834277629852,-0.28627458214759827,-0.0625,-0.058348339051008224,-0.28627458214759827,0.0625,-0.058348339051008224,-0.28627458214759827,-0.0625,-0.18334834277629852,-0.25502458214759827,0.0625,-0.18334834277629852,-0.28627458214759827,0.0625,-0.058348339051008224,-0.25502458214759827,0.0625,-0.058348339051008224,-0.28627458214759827,0.0625,-0.058348339051008224,-0.25502458214759827,-0.0625,-0.058348339051008224,-0.28627458214759827,-0.0625,-0.18334834277629852,-0.25502458214759827,-0.0625,-0.18334834277629852,-0.28627458214759827,-0.0625,0.21459834277629852,0.2912804186344147,-0.125,0.21459834277629852,0.2912804186344147,0.125,0.21459834277629852,0.2912804186344147,-0.125,0.0033020698465406895,0.34789708256721497,0.125,0.0033020698465406895,0.34789708256721497,-0.125,0.0033020698465406895,0.34789708256721497,0.125,0.21459834277629852,0.2912804186344147,-0.125,0.21459834277629852,0.2912804186344147,0.125,0.0033020698465406895,0.34789708256721497,0.125,0.0033020698465406895,0.34789708256721497,-0.125,0.21459834277629852,0.2912804186344147,0.125,0.0033020698465406895,0.34789708256721497,0.125,0.21459834277629852,0.2912804186344147,0.125,0.21459834277629852,0.2912804186344147,-0.125,0.0033020698465406895,0.34789708256721497,-0.125],"indices":[0,1,2,1,3,2,4,5,6,5,7,6,8,9,10,9,11,10,12,13,14,13,15,14,16,17,18,17,19,18,20,21,22,21,23,22,24,25,26,25,27,26,28,29,30,29,31,30,32,33,34,33,35,34,36,37,38,37,39,38,40,41,42,41,43,42,44,45,46,45,47,46,48,49,50,49,51,50,52,53,54,53,55,54,56,57,58,57,59,58,60,61,62,61,63,62,64,65,66,65,67,66,68,69,70,69,71,70,72,73,74,73,75,74,76,77,78,77,79,78,80,81,82,81,83,82,84,85,86,85,87,86,88,89,90,89,91,90,92,93,94,93,95,94,96,97,98,97,99,98,100,101,102,101,103,102,104,105,106,105,107,106,108,109,110,109,111,110,112,113,114,113,115,114,116,117,118,117,119,118,120,121,122,120,122,121,123,124,125,123,125,124,126,127,128,126,128,129,130,131,132,130,132,131,124,133,134,124,134,133]},"optimizedModelData":{"":{"meshCount":1},"-named-nodes":{"meshCount":6},"-no-animations":{"meshCount":1}}}