{"schemaVersion":4,"source":{"uri":"models/environment/House/sign-wood.gltf","sha256":"d61d458521a457969a6e04dd2471e22bacfdb0ac408be93058d16d9f597eebdf"},"animationNames":[],"boundingBox":{"min":{"x":-0.39374999403953553,"y":0,"z":-0.15312500037252902},"max":{"x":0.39375,"y":1.09375,"z":0.065625}},"nodeNames":["cube","cube","root",""],"trimesh":{"vertices":[0.06562499701976776,0.546875,0.109375,0.06562499701976776,-0.546875,0.109375,0.06562499701976776,0.546875,-0.02187499962747097,0.06562499701976776,-0.546875,-0.02187499962747097,-0.06562500447034836,0.546875,-0.02187499962747097,-0.06562500447034836,-0.546875,-0.02187499962747097,-0.06562500447034836,0.546875,0.109375,-0.06562500447034836,-0.546875,0.109375,-0.06562500447034836,0.546875,-0.02187499962747097,-0.06562500447034836,0.546875,0.109375,0.06562499701976776,0.546875,-0.02187499962747097,0.06562499701976776,0.546875,0.109375,-0.06562500447034836,-0.546875,0.109375,-0.06562500447034836,-0.546875,-0.02187499962747097,0.06562499701976776,-0.546875,0.109375,0.06562499701976776,-0.546875,-0.02187499962747097,-0.06562500447034836,0.546875,0.109375,-0.06562500447034836,-0.546875,0.109375,0.06562499701976776,0.546875,0.109375,0.06562499701976776,-0.546875,0.109375,0.06562499701976776,0.546875,-0.02187499962747097,0.06562499701976776,-0.546875,-0.02187499962747097,-0.06562500447034836,0.546875,-0.02187499962747097,-0.06562500447034836,-0.546875,-0.02187499962747097,0.39375001192092896,0.5031249523162842,-0.02187499962747097,0.39375001192092896,0.109375,-0.02187499962747097,0.39375001192092896,0.5031249523162842,-0.109375,0.39375001192092896,0.109375,-0.109375,-0.39375001192092896,0.5031249523162842,-0.109375,-0.39375001192092896,0.109375,-0.109375,-0.39375001192092896,0.5031249523162842,-0.02187499962747097,-0.39375001192092896,0.109375,-0.02187499962747097,-0.39375001192092896,0.5031249523162842,-0.109375,-0.39375001192092896,0.5031249523162842,-0.02187499962747097,0.39375001192092896,0.5031249523162842,-0.109375,0.39375001192092896,0.5031249523162842,-0.02187499962747097,-0.39375001192092896,0.109375,-0.02187499962747097,-0.39375001192092896,0.109375,-0.109375,0.39375001192092896,0.109375,-0.02187499962747097,0.39375001192092896,0.109375,-0.109375,-0.39375001192092896,0.5031249523162842,-0.02187499962747097,-0.39375001192092896,0.109375,-0.02187499962747097,0.39375001192092896,0.5031249523162842,-0.02187499962747097,0.39375001192092896,0.109375,-0.02187499962747097,0.39375001192092896,0.5031249523162842,-0.109375,0.39375001192092896,0.109375,-0.109375,-0.39375001192092896,0.5031249523162842,-0.109375,-0.39375001192092896,0.109375,-0.109375],"indices":[0,1,2,1,3,2,4,5,6,5,7,6,8,9,10,9,11,10,12,13,14,13,15,14,16,17,18,17,19,18,20,21,22,21,23,22,24,25,26,25,27,26,28,29,30,29,31,30,32,33,34,33,35,34,36,37,38,37,39,38,40,41,42,41,43,42,44,45,46,45,47,46]},"optimizedModelData":{"":{"meshCount":1},"-named-nodes":{"meshCount":2},"-no-animations":{"meshCount":1}}}