{"schemaVersion":4,"source":{"uri":"models/environment/Farm/carrot-stage1.gltf","sha256":"f4061fa4a753a600ec981f58c7445d7c7e622541b8c5e4fccb9c0b7775040e46"},"animationNames":[],"boundingBox":{"min":{"x":-0.36048543456039805,"y":0,"z":-0.36048543456039805},"max":{"x":0.36048543456039805,"y":0.3125,"z":0.36048543456039805}},"nodeNames":["cube","cube","cube","cube","cube","cube","cube","cube","root",""],"trimesh":{"vertices":[0.3604854345321655,0.15625,0.13951456546783447,0.3604854345321655,0.15625,0.13951456546783447,0.3604854345321655,-0.15625,0.13951456546783447,0.13951456546783447,0.15625,0.3604854345321655,0.13951456546783447,0.15625,0.3604854345321655,0.13951456546783447,-0.15625,0.3604854345321655,0.3604854345321655,0.15625,0.13951456546783447,0.3604854345321655,-0.15625,0.13951456546783447,0.13951456546783447,-0.15625,0.3604854345321655,0.3604854345321655,-0.15625,0.13951456546783447,0.13951456546783447,-0.15625,0.3604854345321655,0.13951456546783447,0.15625,0.3604854345321655,0.3604854345321655,0.15625,0.13951456546783447,0.3604854345321655,-0.15625,0.13951456546783447,0.3604854345321655,0.15625,0.3604854345321655,0.3604854345321655,0.15625,0.3604854345321655,0.3604854345321655,-0.15625,0.3604854345321655,0.13951456546783447,0.15625,0.13951456546783447,0.13951456546783447,0.15625,0.13951456546783447,0.13951456546783447,-0.15625,0.13951456546783447,0.13951456546783447,0.15625,0.13951456546783447,0.13951456546783447,-0.15625,0.13951456546783447,0.3604854345321655,-0.15625,0.3604854345321655,0.13951456546783447,-0.15625,0.13951456546783447,0.3604854345321655,0.15625,0.3604854345321655,0.13951456546783447,0.15625,0.13951456546783447,0.13951456546783447,-0.15625,0.13951456546783447,0.3604854345321655,-0.15625,0.3604854345321655,-0.13951455056667328,0.15625,0.3604854345321655,-0.13951455056667328,0.15625,0.3604854345321655,-0.13951455056667328,-0.15625,0.3604854345321655,-0.3604854345321655,0.15625,0.13951455056667328,-0.3604854345321655,0.15625,0.13951455056667328,-0.3604854345321655,-0.15625,0.13951455056667328,-0.3604854345321655,0.15625,0.13951455056667328,-0.3604854345321655,-0.15625,0.13951455056667328,-0.13951455056667328,-0.15625,0.3604854345321655,-0.3604854345321655,-0.15625,0.13951455056667328,-0.13951455056667328,0.15625,0.3604854345321655,-0.3604854345321655,0.15625,0.13951455056667328,-0.3604854345321655,-0.15625,0.13951455056667328,-0.13951455056667328,-0.15625,0.3604854345321655,-0.13951455056667328,0.15625,0.13951456546783447,-0.13951455056667328,0.15625,0.13951456546783447,-0.13951455056667328,-0.15625,0.13951456546783447,-0.3604854345321655,0.15625,0.3604854643344879,-0.3604854345321655,0.15625,0.3604854643344879,-0.3604854345321655,-0.15625,0.3604854643344879,-0.13951455056667328,0.15625,0.13951456546783447,-0.13951455056667328,-0.15625,0.13951456546783447,-0.3604854345321655,-0.15625,0.3604854643344879,-0.13951455056667328,-0.15625,0.13951456546783447,-0.3604854345321655,-0.15625,0.3604854643344879,-0.3604854345321655,0.15625,0.3604854643344879,-0.13951455056667328,0.15625,0.13951456546783447,-0.13951455056667328,-0.15625,0.13951456546783447,-0.13951455056667328,0.15625,-0.3604854345321655,-0.13951455056667328,0.15625,-0.3604854345321655,-0.13951455056667328,-0.15625,-0.3604854345321655,-0.3604854345321655,0.15625,-0.13951455056667328,-0.3604854345321655,0.15625,-0.13951455056667328,-0.3604854345321655,-0.15625,-0.13951455056667328,-0.13951455056667328,0.15625,-0.3604854345321655,-0.13951455056667328,-0.15625,-0.3604854345321655,-0.3604854345321655,-0.15625,-0.13951455056667328,-0.13951455056667328,-0.15625,-0.3604854345321655,-0.3604854345321655,-0.15625,-0.13951455056667328,-0.3604854345321655,0.15625,-0.13951455056667328,-0.13951455056667328,0.15625,-0.3604854345321655,-0.13951455056667328,-0.15625,-0.3604854345321655,-0.13951455056667328,0.15625,-0.13951455056667328,-0.13951455056667328,0.15625,-0.13951455056667328,-0.13951455056667328,-0.15625,-0.13951455056667328,-0.3604854345321655,0.15625,-0.3604854345321655,-0.3604854345321655,0.15625,-0.3604854345321655,-0.3604854345321655,-0.15625,-0.3604854345321655,-0.3604854345321655,0.15625,-0.3604854345321655,-0.3604854345321655,-0.15625,-0.3604854345321655,-0.13951455056667328,-0.15625,-0.13951455056667328,-0.3604854345321655,-0.15625,-0.3604854345321655,-0.13951455056667328,0.15625,-0.13951455056667328,-0.3604854345321655,0.15625,-0.3604854345321655,-0.3604854345321655,-0.15625,-0.3604854345321655,-0.13951455056667328,-0.15625,-0.13951455056667328,0.3604854345321655,0.15625,-0.13951455056667328,0.3604854345321655,0.15625,-0.13951455056667328,0.3604854345321655,-0.15625,-0.13951455056667328,0.13951455056667328,0.15625,-0.3604854345321655,0.13951455056667328,0.15625,-0.3604854345321655,0.13951455056667328,-0.15625,-0.3604854345321655,0.13951455056667328,0.15625,-0.3604854345321655,0.13951455056667328,-0.15625,-0.3604854345321655,0.3604854345321655,-0.15625,-0.13951455056667328,0.13951455056667328,-0.15625,-0.3604854345321655,0.3604854345321655,0.15625,-0.13951455056667328,0.13951455056667328,0.15625,-0.3604854345321655,0.13951455056667328,-0.15625,-0.3604854345321655,0.3604854345321655,-0.15625,-0.13951455056667328,0.3604854643344879,0.15625,-0.3604854345321655,0.3604854643344879,0.15625,-0.3604854345321655,0.3604854643344879,-0.15625,-0.3604854345321655,0.13951456546783447,0.15625,-0.13951455056667328,0.13951456546783447,0.15625,-0.13951455056667328,0.13951456546783447,-0.15625,-0.13951455056667328,0.3604854643344879,0.15625,-0.3604854345321655,0.3604854643344879,-0.15625,-0.3604854345321655,0.13951456546783447,-0.15625,-0.13951455056667328,0.3604854643344879,-0.15625,-0.3604854345321655,0.13951456546783447,-0.15625,-0.13951455056667328,0.13951456546783447,0.15625,-0.13951455056667328,0.3604854643344879,0.15625,-0.3604854345321655,0.3604854643344879,-0.15625,-0.3604854345321655],"indices":[0,1,2,0,2,2,3,4,5,3,5,5,0,3,6,0,6,3,7,8,9,7,9,8,10,11,12,10,12,13,14,15,16,14,16,16,17,18,19,17,19,19,17,14,14,17,14,20,21,22,22,21,22,23,24,25,26,24,26,27,28,29,30,28,30,30,31,32,33,31,33,33,31,28,28,31,28,34,35,36,36,35,36,37,38,39,40,38,40,41,42,43,44,42,44,44,45,46,47,45,47,47,42,45,48,42,48,45,49,50,51,49,51,50,52,53,54,52,54,55,56,57,58,56,58,58,59,60,61,59,61,61,56,59,62,56,62,59,63,64,65,63,65,64,66,67,68,66,68,69,70,71,72,70,72,72,73,74,75,73,75,75,73,70,70,73,70,76,77,78,78,77,78,79,80,81,82,80,82,83,84,85,86,84,86,86,87,88,89,87,89,89,87,84,84,87,84,90,91,92,92,91,92,93,94,95,96,94,96,97,98,99,100,98,100,100,101,102,103,101,103,103,98,101,104,98,104,101,105,106,107,105,107,106,108,109,110,108,110,111]},"optimizedModelData":{"":{"meshCount":1},"-named-nodes":{"meshCount":2},"-no-animations":{"meshCount":1}}}