{"schemaVersion":4,"source":{"uri":"models/eggs/rare/mage-egg.gltf","sha256":"9ff83e629854200391d8e40d2f79e48a0785bc8319204f3588e7fcfed6486f88"},"animationNames":[],"boundingBox":{"min":{"x":-0.5625,"y":0,"z":-0.5677691833347959},"max":{"x":0.5625,"y":1.4757775214108124,"z":0.7151910994838118}},"nodeNames":["cube","cube","cube","cube","cube","cube","group2","cube","cube","cube","group"],"trimesh":{"vertices":[0.5625,-0.0804578959941864,0.4792443513870239,0.5625,-0.0805201604962349,0.479238897562027,0.5625,0.017592310905456543,-0.641474723815918,0.5625,0.0175300482660532,-0.6414801478385925,-0.5625,0.017592310905456543,-0.641474723815918,-0.5625,0.0175300482660532,-0.6414801478385925,-0.5625,-0.0804578959941864,0.4792443513870239,-0.5625,-0.0805201604962349,0.479238897562027,-0.5625,0.017592310905456543,-0.641474723815918,-0.5625,-0.0804578959941864,0.4792443513870239,0.5625,0.017592310905456543,-0.641474723815918,0.5625,-0.0804578959941864,0.4792443513870239,-0.5625,-0.0805201604962349,0.479238897562027,-0.5625,0.0175300482660532,-0.6414801478385925,0.5625,-0.0805201604962349,0.479238897562027,0.5625,0.0175300482660532,-0.6414801478385925,-0.5625,-0.0804578959941864,0.4792443513870239,-0.5625,-0.0805201604962349,0.479238897562027,0.5625,-0.0804578959941864,0.4792443513870239,0.5625,-0.0805201604962349,0.479238897562027,0.5625,0.017592310905456543,-0.641474723815918,0.5625,0.0175300482660532,-0.6414801478385925,-0.5625,0.017592310905456543,-0.641474723815918,-0.5625,0.0175300482660532,-0.6414801478385925,0.328125,0.2512178122997284,0.27299192547798157,0.328125,-0.06009303405880928,0.24575576186180115,0.328125,0.3084137737751007,-0.3807608485221863,0.328125,-0.0028970781713724136,-0.4079970121383667,-0.328125,0.3084137737751007,-0.3807608485221863,-0.328125,-0.0028970781713724136,-0.4079970121383667,-0.328125,0.2512178122997284,0.27299192547798157,-0.328125,-0.06009303405880928,0.24575576186180115,-0.328125,0.3084137737751007,-0.3807608485221863,-0.328125,0.2512178122997284,0.27299192547798157,0.328125,0.3084137737751007,-0.3807608485221863,0.328125,0.2512178122997284,0.27299192547798157,-0.328125,-0.06009303405880928,0.24575576186180115,-0.328125,-0.0028970781713724136,-0.4079970121383667,0.328125,-0.06009303405880928,0.24575576186180115,0.328125,-0.0028970781713724136,-0.4079970121383667,-0.328125,0.2512178122997284,0.27299192547798157,-0.328125,-0.06009303405880928,0.24575576186180115,0.328125,0.2512178122997284,0.27299192547798157,0.328125,-0.06009303405880928,0.24575576186180115,0.328125,0.3084137737751007,-0.3807608485221863,0.328125,-0.0028970781713724136,-0.4079970121383667,-0.328125,0.3084137737751007,-0.3807608485221863,-0.328125,-0.0028970781713724136,-0.4079970121383667,0.265625,0.4369051158428192,0.316864937543869,0.265625,0.1388685554265976,0.2228943556547165,0.265625,0.596655011177063,-0.18979722261428833,0.265625,0.29861852526664734,-0.28376778960227966,-0.265625,0.596655011177063,-0.18979722261428833,-0.265625,0.29861852526664734,-0.28376778960227966,-0.265625,0.4369051158428192,0.316864937543869,-0.265625,0.1388685554265976,0.2228943556547165,-0.265625,0.596655011177063,-0.18979722261428833,-0.265625,0.4369051158428192,0.316864937543869,0.265625,0.596655011177063,-0.18979722261428833,0.265625,0.4369051158428192,0.316864937543869,-0.265625,0.1388685554265976,0.2228943556547165,-0.265625,0.29861852526664734,-0.28376778960227966,0.265625,0.1388685554265976,0.2228943556547165,0.265625,0.29861852526664734,-0.28376778960227966,-0.265625,0.4369051158428192,0.316864937543869,-0.265625,0.1388685554265976,0.2228943556547165,0.265625,0.4369051158428192,0.316864937543869,0.265625,0.1388685554265976,0.2228943556547165,0.265625,0.596655011177063,-0.18979722261428833,0.265625,0.29861852526664734,-0.28376778960227966,-0.265625,0.596655011177063,-0.18979722261428833,-0.265625,0.29861852526664734,-0.28376778960227966,0.140625,0.5311535000801086,0.6414801478385925,0.140625,0.2331169694662094,0.5475096106529236,0.140625,0.737888753414154,-0.014200263656675816,0.140625,0.43985220789909363,-0.10817082971334457,-0.140625,0.737888753414154,-0.014200263656675816,-0.140625,0.43985220789909363,-0.10817082971334457,-0.140625,0.5311535000801086,0.6414801478385925,-0.140625,0.2331169694662094,0.5475096106529236,-0.140625,0.737888753414154,-0.014200263656675816,-0.140625,0.5311535000801086,0.6414801478385925,0.140625,0.737888753414154,-0.014200263656675816,0.140625,0.5311535000801086,0.6414801478385925,-0.140625,0.2331169694662094,0.5475096106529236,-0.140625,0.43985220789909363,-0.10817082971334457,0.140625,0.2331169694662094,0.5475096106529236,0.140625,0.43985220789909363,-0.10817082971334457,-0.140625,0.5311535000801086,0.6414801478385925,-0.140625,0.2331169694662094,0.5475096106529236,0.140625,0.5311535000801086,0.6414801478385925,0.140625,0.2331169694662094,0.5475096106529236,0.140625,0.737888753414154,-0.014200263656675816,0.140625,0.43985220789909363,-0.10817082971334457,-0.140625,0.737888753414154,-0.014200263656675816,-0.140625,0.43985220789909363,-0.10817082971334457,0.140625,0.2331169694662094,0.5475096106529236,0.140625,0.11390235275030136,0.5099213719367981,0.140625,0.2707051932811737,0.42829495668411255,0.140625,0.15149058401584625,0.39070671796798706,-0.140625,0.2707051932811737,0.42829495668411255,-0.140625,0.15149058401584625,0.39070671796798706,-0.140625,0.2331169694662094,0.5475096106529236,-0.140625,0.11390235275030136,0.5099213719367981,-0.140625,0.2707051932811737,0.42829495668411255,-0.140625,0.2331169694662094,0.5475096106529236,0.140625,0.2707051932811737,0.42829495668411255,0.140625,0.2331169694662094,0.5475096106529236,-0.140625,0.11390235275030136,0.5099213719367981,-0.140625,0.15149058401584625,0.39070671796798706,0.140625,0.11390235275030136,0.5099213719367981,0.140625,0.15149058401584625,0.39070671796798706,-0.140625,0.2331169694662094,0.5475096106529236,-0.140625,0.11390235275030136,0.5099213719367981,0.140625,0.2331169694662094,0.5475096106529236,0.140625,0.11390235275030136,0.5099213719367981,0.140625,0.2707051932811737,0.42829495668411255,0.140625,0.15149058401584625,0.39070671796798706,-0.140625,0.2707051932811737,0.42829495668411255,-0.140625,0.15149058401584625,0.39070671796798706,0.140625,0.21109789609909058,0.4095008373260498,0.140625,0.15149058401584625,0.39070671796798706,0.140625,0.22989201545715332,0.3498935401439667,0.140625,0.170284703373909,0.33109942078590393,-0.140625,0.22989201545715332,0.3498935401439667,-0.140625,0.170284703373909,0.33109942078590393,-0.140625,0.21109789609909058,0.4095008373260498,-0.140625,0.15149058401584625,0.39070671796798706,-0.140625,0.22989201545715332,0.3498935401439667,-0.140625,0.21109789609909058,0.4095008373260498,0.140625,0.22989201545715332,0.3498935401439667,0.140625,0.21109789609909058,0.4095008373260498,-0.140625,0.15149058401584625,0.39070671796798706,-0.140625,0.170284703373909,0.33109942078590393,0.140625,0.15149058401584625,0.39070671796798706,0.140625,0.170284703373909,0.33109942078590393,-0.140625,0.21109789609909058,0.4095008373260498,-0.140625,0.15149058401584625,0.39070671796798706,0.140625,0.21109789609909058,0.4095008373260498,0.140625,0.15149058401584625,0.39070671796798706,0.140625,0.22989201545715332,0.3498935401439667,0.140625,0.170284703373909,0.33109942078590393,-0.140625,0.22989201545715332,0.3498935401439667,-0.140625,0.170284703373909,0.33109942078590393,0.28125,0.13711124658584595,-0.35496094822883606,0.3125,0.13711124658584595,-0.07371095567941666,0.3125,-0.11288876086473465,-0.07371095567941666,0.3125,-0.11288876086473465,-0.38621094822883606,-0.3125,-0.11288876086473465,-0.38621094822883606,-0.3125,-0.11288876086473465,-0.07371095567941666,-0.3125,0.13711124658584595,-0.07371095567941666,-0.28125,0.13711124658584595,-0.35496094822883606,-0.28125,0.13711124658584595,-0.35496094822883606,-0.3125,0.13711124658584595,-0.07371095567941666,0,0.13711124658584595,-0.07371095567941666,0,0.13711124658584595,-0.38621094822883606,0,-0.11288876086473465,