{"schemaVersion":4,"source":{"uri":"models/tools/sword/sword-iron.gltf","sha256":"7e4d8c077783ad4a39177cfc269c9072cd713b28cccf0d0853ae89ab36074aee"},"animationNames":[],"boundingBox":{"min":{"x":-0.17187500000621922,"y":0.0007812500000000666,"z":-0.046875},"max":{"x":0.17187499999378078,"y":1.125,"z":0.046875}},"nodeNames":["cube","cube","cube","cube","cube"],"trimesh":{"vertices":[0.078125,0.4683593809604645,0.03125,0.078125,-0.12539061903953552,0.03125,0.078125,0.4683593809604645,-0.03125,0.078125,-0.12539061903953552,-0.03125,-0.078125,0.4683593809604645,-0.03125,-0.078125,-0.12539061903953552,-0.03125,-0.078125,0.4683593809604645,0.03125,-0.078125,-0.12539061903953552,0.03125,-0.078125,0.4683593809604645,-0.03125,-0.078125,0.4683593809604645,0.03125,0.078125,0.4683593809604645,-0.03125,0.078125,0.4683593809604645,0.03125,-0.078125,-0.12539061903953552,0.03125,-0.078125,-0.12539061903953552,-0.03125,0.078125,-0.12539061903953552,0.03125,0.078125,-0.12539061903953552,-0.03125,-0.078125,0.4683593809604645,0.03125,-0.078125,-0.12539061903953552,0.03125,0.078125,0.4683593809604645,0.03125,0.078125,-0.12539061903953552,0.03125,0.078125,0.4683593809604645,-0.03125,0.078125,-0.12539061903953552,-0.03125,-0.078125,0.4683593809604645,-0.03125,-0.078125,-0.12539061903953552,-0.03125,0.078125,0.5621093511581421,0.000031249597668647766,0.078125,0.4683593809604645,0.000031249597668647766,0.078125,0.5621093511581421,0,0.078125,0.4683593809604645,0,-0.078125,0.5621093511581421,0,-0.078125,0.4683593809604645,0,-0.078125,0.5621093511581421,0.000031249597668647766,-0.078125,0.4683593809604645,0.000031249597668647766,-0.078125,0.5621093511581421,0,-0.078125,0.5621093511581421,0.000031249597668647766,0.078125,0.5621093511581421,0,0.078125,0.5621093511581421,0.000031249597668647766,-0.078125,0.4683593809604645,0.000031249597668647766,-0.078125,0.4683593809604645,0,0.078125,0.4683593809604645,0.000031249597668647766,0.078125,0.4683593809604645,0,-0.078125,0.5621093511581421,0.000031249597668647766,-0.078125,0.4683593809604645,0.000031249597668647766,0.078125,0.5621093511581421,0.000031249597668647766,0.078125,0.4683593809604645,0.000031249597668647766,0.078125,0.5621093511581421,0,0.078125,0.4683593809604645,0,-0.078125,0.5621093511581421,0,-0.078125,0.4683593809604645,0,0.03125,-0.21914061903953552,0.03125,0.03125,-0.4378906190395355,0.03125,0.03125,-0.21914061903953552,-0.03125,0.03125,-0.4378906190395355,-0.03125,-0.03125,-0.21914061903953552,-0.03125,-0.03125,-0.4378906190395355,-0.03125,-0.03125,-0.21914061903953552,0.03125,-0.03125,-0.4378906190395355,0.03125,-0.03125,-0.21914061903953552,-0.03125,-0.03125,-0.21914061903953552,0.03125,0.03125,-0.21914061903953552,-0.03125,0.03125,-0.21914061903953552,0.03125,-0.03125,-0.4378906190395355,0.03125,-0.03125,-0.4378906190395355,-0.03125,0.03125,-0.4378906190395355,0.03125,0.03125,-0.4378906190395355,-0.03125,-0.03125,-0.21914061903953552,0.03125,-0.03125,-0.4378906190395355,0.03125,0.03125,-0.21914061903953552,0.03125,0.03125,-0.4378906190395355,0.03125,0.03125,-0.21914061903953552,-0.03125,0.03125,-0.4378906190395355,-0.03125,-0.03125,-0.21914061903953552,-0.03125,-0.03125,-0.4378906190395355,-0.03125,0.0625,-0.4371093809604645,0.046875,0.0625,-0.5621093511581421,0.046875,0.0625,-0.4371093809604645,-0.046875,0.0625,-0.5621093511581421,-0.046875,-0.0625,-0.4371093809604645,-0.046875,-0.0625,-0.5621093511581421,-0.046875,-0.0625,-0.4371093809604645,0.046875,-0.0625,-0.5621093511581421,0.046875,-0.0625,-0.4371093809604645,-0.046875,-0.0625,-0.4371093809604645,0.046875,0.0625,-0.4371093809604645,-0.046875,0.0625,-0.4371093809604645,0.046875,-0.0625,-0.5621093511581421,0.046875,-0.0625,-0.5621093511581421,-0.046875,0.0625,-0.5621093511581421,0.046875,0.0625,-0.5621093511581421,-0.046875,-0.0625,-0.4371093809604645,0.046875,-0.0625,-0.5621093511581421,0.046875,0.0625,-0.4371093809604645,0.046875,0.0625,-0.5621093511581421,0.046875,0.0625,-0.4371093809604645,-0.046875,0.0625,-0.5621093511581421,-0.046875,-0.0625,-0.4371093809604645,-0.046875,-0.0625,-0.5621093511581421,-0.046875,0.171875,-0.12539061903953552,0.046875,0.171875,-0.21914061903953552,0.046875,0.171875,-0.12539061903953552,-0.046875,0.171875,-0.21914061903953552,-0.046875,-0.171875,-0.12539061903953552,-0.046875,-0.171875,-0.21914061903953552,-0.046875,-0.171875,-0.12539061903953552,0.046875,-0.171875,-0.21914061903953552,0.046875,-0.171875,-0.12539061903953552,-0.046875,-0.171875,-0.12539061903953552,0.046875,0.171875,-0.12539061903953552,-0.046875,0.171875,-0.12539061903953552,0.046875,-0.171875,-0.21914061903953552,0.046875,-0.171875,-0.21914061903953552,-0.046875,0.171875,-0.21914061903953552,0.046875,0.171875,-0.21914061903953552,-0.046875,-0.171875,-0.12539061903953552,0.046875,-0.171875,-0.21914061903953552,0.046875,0.171875,-0.12539061903953552,0.046875,0.171875,-0.21914061903953552,0.046875,0.171875,-0.12539061903953552,-0.046875,0.171875,-0.21914061903953552,-0.046875,-0.171875,-0.12539061903953552,-0.046875,-0.171875,-0.21914061903953552,-0.046875],"indices":[0,1,2,1,3,2,4,5,6,5,7,6,8,9,10,9,11,10,12,13,14,13,15,14,16,17,18,17,19,18,20,21,22,21,23,22,24,25,26,25,27,26,28,29,30,29,31,30,32,33,34,33,35,34,36,37,38,37,39,38,40,41,42,41,43,42,44,45,46,45,47,46,48,49,50,49,51,50,52,53,54,53,55,54,56,57,58,57,59,58,60,61,62,61,63,62,64,65,66,65,67,66,68,69,70,69,71,70,72,73,74,73,75,74,76,77,78,77,79,78,80,81,82,81,83,82,84,85,86,85,87,86,88,89,90,89,91,90,92,93,94,93,95,94,96,97,98,97,99,98,100,101,102,101,103,102,104,105,106,105,107,106,108,109,110,109,111,110,112,113,114,113,115,114,116,117,118,117,119,118]},"optimizedModelData":{"":{"meshCount":1},"-named-nodes":{"meshCount":5},"-no-animations":{"meshCount":1}}}