{"schemaVersion":1,"source":{"uri":"models/items/map.gltf","sha256":"d09af81b12d957b0b569e4fb46fa19e54149cff3bc77395fe06580c1d817dd74"},"animationNames":[],"boundingBox":{"min":{"x":-0.5625,"y":-0.0625,"z":-0.00625},"max":{"x":0.5625,"y":0.8125,"z":0.0000625000029685907}},"nodeNames":["cube","cube",""],"trimesh":{"vertices":[0.5625,0.4375,0.003156250109896064,0.5625,-0.4375,0.003156250109896064,0.5625,0.4375,0.0030937499832361937,0.5625,-0.4375,0.0030937499832361937,-0.5625,0.4375,0.0030937499832361937,-0.5625,-0.4375,0.0030937499832361937,-0.5625,0.4375,0.003156250109896064,-0.5625,-0.4375,0.003156250109896064,-0.5625,0.4375,0.0030937499832361937,-0.5625,0.4375,0.003156250109896064,0.5625,0.4375,0.0030937499832361937,0.5625,0.4375,0.003156250109896064,-0.5625,-0.4375,0.003156250109896064,-0.5625,-0.4375,0.0030937499832361937,0.5625,-0.4375,0.003156250109896064,0.5625,-0.4375,0.0030937499832361937,-0.5625,0.4375,0.003156250109896064,-0.5625,-0.4375,0.003156250109896064,0.5625,0.4375,0.003156250109896064,0.5625,-0.4375,0.003156250109896064,0.5625,0.4375,0.0030937499832361937,0.5625,-0.4375,0.0030937499832361937,-0.5625,0.4375,0.0030937499832361937,-0.5625,-0.4375,0.0030937499832361937,0.5625,0.4375,-0.0030937499832361937,0.5625,-0.4375,-0.0030937499832361937,0.5625,0.4375,-0.003156250109896064,0.5625,-0.4375,-0.003156250109896064,-0.5625,0.4375,-0.003156250109896064,-0.5625,-0.4375,-0.003156250109896064,-0.5625,0.4375,-0.0030937499832361937,-0.5625,-0.4375,-0.0030937499832361937,-0.5625,0.4375,-0.003156250109896064,-0.5625,0.4375,-0.0030937499832361937,0.5625,0.4375,-0.003156250109896064,0.5625,0.4375,-0.0030937499832361937,-0.5625,-0.4375,-0.0030937499832361937,-0.5625,-0.4375,-0.003156250109896064,0.5625,-0.4375,-0.0030937499832361937,0.5625,-0.4375,-0.003156250109896064,-0.5625,0.4375,-0.0030937499832361937,-0.5625,-0.4375,-0.0030937499832361937,0.5625,0.4375,-0.0030937499832361937,0.5625,-0.4375,-0.0030937499832361937,0.5625,0.4375,-0.003156250109896064,0.5625,-0.4375,-0.003156250109896064,-0.5625,0.4375,-0.003156250109896064,-0.5625,-0.4375,-0.003156250109896064],"indices":[0,1,2,1,3,2,4,5,6,5,7,6,8,9,10,9,11,10,12,13,14,13,15,14,16,17,18,17,19,18,20,21,22,21,23,22,24,25,26,25,27,26,28,29,30,29,31,30,32,33,34,33,35,34,36,37,38,37,39,38,40,41,42,41,43,42,44,45,46,45,47,46]}}