{"schemaVersion":4,"source":{"uri":"models/environment/Dungeon/candles-1.gltf","sha256":"77df83c048f2fcb1b95e58c54544e3488d782d3e308e1a1470cfe2862a3aedfb"},"animationNames":[],"boundingBox":{"min":{"x":-0.25,"y":0,"z":-0.234375},"max":{"x":0.28125,"y":0.78125,"z":0.15625}},"nodeNames":["cube","cube","cube","cube","cube","cube","cube","candles_1","root",""],"trimesh":{"vertices":[0.234375,0.234375,0.1640625,0.234375,-0.390625,0.1640625,0.234375,0.234375,-0.0859375,0.234375,-0.390625,-0.0859375,-0.015625,0.234375,-0.0859375,-0.015625,-0.390625,-0.0859375,-0.015625,0.234375,0.1640625,-0.015625,-0.390625,0.1640625,-0.015625,0.234375,-0.0859375,-0.015625,0.234375,0.1640625,0.234375,0.234375,-0.0859375,0.234375,0.234375,0.1640625,-0.015625,-0.390625,0.1640625,-0.015625,-0.390625,-0.0859375,0.234375,-0.390625,0.1640625,0.234375,-0.390625,-0.0859375,-0.015625,0.234375,0.1640625,-0.015625,-0.390625,0.1640625,0.234375,0.234375,0.1640625,0.234375,-0.390625,0.1640625,0.234375,0.234375,-0.0859375,0.234375,-0.390625,-0.0859375,-0.015625,0.234375,-0.0859375,-0.015625,-0.390625,-0.0859375,0.265625,0.265625,0.1953125,0.265625,-0.046875,0.1953125,0.265625,0.265625,-0.1171875,0.265625,-0.046875,-0.1171875,-0.046875,0.265625,-0.1171875,-0.046875,-0.046875,-0.1171875,-0.046875,0.265625,0.1953125,-0.046875,-0.046875,0.1953125,-0.046875,0.265625,-0.1171875,-0.046875,0.265625,0.1953125,0.265625,0.265625,-0.1171875,0.265625,0.265625,0.1953125,-0.046875,-0.046875,0.1953125,-0.046875,-0.046875,-0.1171875,0.265625,-0.046875,0.1953125,0.265625,-0.046875,-0.1171875,-0.046875,0.265625,0.1953125,-0.046875,-0.046875,0.1953125,0.265625,0.265625,0.1953125,0.265625,-0.046875,0.1953125,0.265625,0.265625,-0.1171875,0.265625,-0.046875,-0.1171875,-0.046875,0.265625,-0.1171875,-0.046875,-0.046875,-0.1171875,-0.015625,-0.140625,0.0546875,-0.015625,-0.390625,0.0546875,-0.015625,-0.140625,-0.1953125,-0.015625,-0.390625,-0.1953125,-0.265625,-0.140625,-0.1953125,-0.265625,-0.390625,-0.1953125,-0.265625,-0.140625,0.0546875,-0.265625,-0.390625,0.0546875,-0.265625,-0.140625,-0.1953125,-0.265625,-0.140625,0.0546875,-0.015625,-0.140625,-0.1953125,-0.015625,-0.140625,0.0546875,-0.265625,-0.390625,0.0546875,-0.265625,-0.390625,-0.1953125,-0.015625,-0.390625,0.0546875,-0.015625,-0.390625,-0.1953125,-0.265625,-0.140625,0.0546875,-0.265625,-0.390625,0.0546875,-0.015625,-0.140625,0.0546875,-0.015625,-0.390625,0.0546875,-0.015625,-0.140625,-0.1953125,-0.015625,-0.390625,-0.1953125,-0.265625,-0.140625,-0.1953125,-0.265625,-0.390625,-0.1953125,-0.109375,-0.015625,-0.0703125,-0.109375,-0.015625,-0.0703125,-0.109375,-0.140625,-0.0703125,-0.171875,-0.015625,-0.0703125,-0.171875,-0.015625,-0.0703125,-0.171875,-0.140625,-0.0703125,-0.109375,-0.015625,-0.0703125,-0.109375,-0.015625,-0.0703125,-0.109375,-0.140625,-0.0703125,-0.171875,-0.140625,-0.0703125,-0.109375,-0.140625,-0.0703125,-0.171875,-0.140625,-0.0703125,-0.171875,-0.015625,-0.0703125,-0.109375,-0.015625,-0.0703125,-0.109375,-0.140625,-0.0703125,-0.140625,-0.015625,-0.1015625,-0.140625,-0.015625,-0.1015625,-0.140625,-0.140625,-0.1015625,-0.140625,-0.015625,-0.0390625,-0.140625,-0.015625,-0.0390625,-0.140625,-0.140625,-0.0390625,-0.140625,-0.015625,-0.1015625,-0.140625,-0.015625,-0.1015625,-0.140625,-0.140625,-0.1015625,-0.140625,-0.140625,-0.0390625,-0.140625,-0.140625,-0.1015625,-0.140625,-0.140625,-0.0390625,-0.140625,-0.015625,-0.0390625,-0.140625,-0.015625,-0.1015625,-0.140625,-0.140625,-0.1015625,0.140625,0.390625,0.0390625,0.140625,0.390625,0.0390625,0.140625,0.265625,0.0390625,0.078125,0.390625,0.0390625,0.078125,0.390625,0.0390625,0.078125,0.265625,0.0390625,0.140625,0.390625,0.0390625,0.140625,0.390625,0.0390625,0.140625,0.265625,0.0390625,0.078125,0.265625,0.0390625,0.140625,0.265625,0.0390625,0.078125,0.265625,0.0390625,0.078125,0.390625,0.0390625,0.140625,0.390625,0.0390625,0.140625,0.265625,0.0390625,0.109375,0.390625,0.0078125,0.109375,0.390625,0.0078125,0.109375,0.265625,0.0078125,0.109375,0.390625,0.0703125,0.109375,0.390625,0.0703125,0.109375,0.265625,0.0703125,0.109375,0.390625,0.0078125,0.109375,0.390625,0.0078125,0.109375,0.265625,0.0078125,0.109375,0.265625,0.0703125,0.109375,0.265625,0.0078125,0.109375,0.265625,0.0703125,0.109375,0.390625,0.0703125,0.109375,0.390625,0.0078125,0.109375,0.265625,0.0078125],"indices":[0,1,2,1,3,2,4,5,6,5,7,6,8,9,10,9,11,10,12,13,14,13,15,14,16,17,18,17,19,18,20,21,22,21,23,22,24,25,26,25,27,26,28,29,30,29,31,30,32,33,34,33,35,34,36,37,38,37,39,38,40,41,42,41,43,42,44,45,46,45,47,46,48,49,50,49,51,50,52,53,54,53,55,54,56,57,58,57,59,58,60,61,62,61,63,62,64,65,66,65,67,66,68,69,70,69,71,70,72,73,74,72,74,74,75,76,77,75,77,77,78,75,79,78,79,75,80,81,82,80,82,81,83,84,85,83,85,86,87,88,89,87,89,89,90,91,92,90,92,92,93,90,94,93,94,90,95,96,97,95,97,96,98,99,100,98,100,101,102,103,104,102,104,104,105,106,107,105,107,107,108,105,109,108,109,105,110,111,112,110,112,111,113,114,115,113,115,116,117,118,119,117,119,119,120,121,122,120,122,122,123,120,124,123,124,120,125,126,127,125,127,126,128,129,130,128,130,131]},"optimizedModelData":{"":{"meshCount":1},"-named-nodes":{"meshCount":7},"-no-animations":{"meshCount":1}}}