{"schemaVersion":4,"source":{"uri":"models/environment/City/stop-sign.gltf","sha256":"5db14a10d93b73a7807576dc11519a633c19b2a7e0536a6c875c440791ca00f1"},"animationNames":[],"boundingBox":{"min":{"x":-0.5,"y":0,"z":-0.1875},"max":{"x":0.49999999999999994,"y":2.875,"z":0.0625}},"nodeNames":["cube","cylinder","root",""],"trimesh":{"vertices":[0.0625,1.4375,0.125,0.0625,-1.4375,0.125,0.0625,1.4375,0,0.0625,-1.4375,0,-0.0625,1.4375,0,-0.0625,-1.4375,0,-0.0625,1.4375,0.125,-0.0625,-1.4375,0.125,-0.0625,1.4375,0,-0.0625,1.4375,0.125,0.0625,1.4375,0,0.0625,1.4375,0.125,-0.0625,-1.4375,0.125,-0.0625,-1.4375,0,0.0625,-1.4375,0.125,0.0625,-1.4375,0,-0.0625,1.4375,0.125,-0.0625,-1.4375,0.125,0.0625,1.4375,0.125,0.0625,-1.4375,0.125,0.0625,1.4375,0,0.0625,-1.4375,0,-0.0625,1.4375,0,-0.0625,-1.4375,0,0.5,0.6678931713104248,-0.125,0.20710676908493042,0.375,-0.125,0,0.875,-0.125,0.20710676908493042,0.375,-0.125,0.5,0.6678931713104248,-0.125,0.5,0.6678931713104248,0,0.20710676908493042,0.375,0,0.20710676908493042,0.375,0,0.5,0.6678931713104248,0,0,0.875,0,0.5,1.0821068286895752,-0.125,0.5,0.6678931713104248,-0.125,0,0.875,-0.125,0.5,0.6678931713104248,-0.125,0.5,1.0821068286895752,-0.125,0.5,1.0821068286895752,0,0.5,0.6678931713104248,0,0.5,0.6678931713104248,0,0.5,1.0821068286895752,0,0,0.875,0,0.20710676908493042,1.375,-0.125,0.5,1.0821068286895752,-0.125,0,0.875,-0.125,0.5,1.0821068286895752,-0.125,0.20710676908493042,1.375,-0.125,0.20710676908493042,1.375,0,0.5,1.0821068286895752,0,0.5,1.0821068286895752,0,0.20710676908493042,1.375,0,0,0.875,0,-0.2071067839860916,1.375,-0.125,0.20710676908493042,1.375,-0.125,0,0.875,-0.125,0.20710676908493042,1.375,-0.125,-0.2071067839860916,1.375,-0.125,-0.2071067839860916,1.375,0,0.20710676908493042,1.375,0,0.20710676908493042,1.375,0,-0.2071067839860916,1.375,0,0,0.875,0,-0.5,1.0821068286895752,-0.125,-0.2071067839860916,1.375,-0.125,0,0.875,-0.125,-0.2071067839860916,1.375,-0.125,-0.5,1.0821068286895752,-0.125,-0.5,1.0821068286895752,0,-0.2071067839860916,1.375,0,-0.2071067839860916,1.375,0,-0.5,1.0821068286895752,0,0,0.875,0,-0.5,0.6678931713104248,-0.125,-0.5,1.0821068286895752,-0.125,0,0.875,-0.125,-0.5,1.0821068286895752,-0.125,-0.5,0.6678931713104248,-0.125,-0.5,0.6678931713104248,0,-0.5,1.0821068286895752,0,-0.5,1.0821068286895752,0,-0.5,0.6678931713104248,0,0,0.875,0,-0.2071067839860916,0.375,-0.125,-0.5,0.6678931713104248,-0.125,0,0.875,-0.125,-0.5,0.6678931713104248,-0.125,-0.2071067839860916,0.375,-0.125,-0.2071067839860916,0.375,0,-0.5,0.6678931713104248,0,-0.5,0.6678931713104248,0,-0.2071067839860916,0.375,0,0,0.875,0,0.20710676908493042,0.375,-0.125,-0.2071067839860916,0.375,-0.125,0,0.875,-0.125,-0.2071067839860916,0.375,-0.125,0.20710676908493042,0.375,-0.125,0.20710676908493042,0.375,0,-0.2071067839860916,0.375,0,-0.2071067839860916,0.375,0,0.20710676908493042,0.375,0,0,0.875,0],"indices":[0,1,2,1,3,2,4,5,6,5,7,6,8,9,10,9,11,10,12,13,14,13,15,14,16,17,18,17,19,18,20,21,22,21,23,22,24,25,26,27,28,29,27,29,30,31,32,33,34,35,36,37,38,39,37,39,40,41,42,43,44,45,46,47,48,49,47,49,50,51,52,53,54,55,56,57,58,59,57,59,60,61,62,63,64,65,66,67,68,69,67,69,70,71,72,73,74,75,76,77,78,79,77,79,80,81,82,83,84,85,86,87,88,89,87,89,90,91,92,93,94,95,96,97,98,99,97,99,100,101,102,103]},"optimizedModelData":{"":{"meshCount":1},"-named-nodes":{"meshCount":2},"-no-animations":{"meshCount":1}}}