{"schemaVersion":4,"source":{"uri":"models/environment/Farm/carrot-stage2.gltf","sha256":"18f463e4627133d8a831ab82245f8760966f8274e97e8e36e26ca273cb98905e"},"animationNames":[],"boundingBox":{"min":{"x":-0.4930679560328757,"y":-0.5,"z":-0.49306795603287573},"max":{"x":0.4930679560328757,"y":0.75,"z":0.49306795603287573}},"nodeNames":["cube","cube","cube","cube","cube","cube","cube","cube","cube","cube","cube","cube","cube","cube","cube","cube","root",""],"trimesh":{"vertices":[-0.006932043936103582,0.625,-0.006932043936103582,-0.006932043936103582,0.625,-0.006932043936103582,-0.006932043936103582,-0.0625,-0.006932043936103582,-0.4930679500102997,0.625,-0.4930679500102997,-0.4930679500102997,0.625,-0.4930679500102997,-0.4930679500102997,-0.0625,-0.4930679500102997,-0.006932043936103582,0.625,-0.006932043936103582,-0.4930679500102997,0.625,-0.4930679500102997,-0.4930679500102997,-0.0625,-0.4930679500102997,-0.006932043936103582,-0.0625,-0.006932043936103582,-0.006932043936103582,0.625,-0.006932043936103582,-0.4930679500102997,0.625,-0.4930679500102997,-0.4930679500102997,-0.0625,-0.4930679500102997,-0.006932043936103582,-0.0625,-0.006932043936103582,-0.006932043936103582,0.625,-0.4930679500102997,-0.006932043936103582,0.625,-0.4930679500102997,-0.006932043936103582,-0.0625,-0.4930679500102997,-0.4930679500102997,0.625,-0.006932043936103582,-0.4930679500102997,0.625,-0.006932043936103582,-0.4930679500102997,-0.0625,-0.006932043936103582,-0.006932043936103582,0.625,-0.4930679500102997,-0.006932043936103582,0.625,-0.4930679500102997,-0.006932043936103582,-0.0625,-0.4930679500102997,-0.4930679500102997,-0.0625,-0.006932043936103582,-0.006932043936103582,-0.0625,-0.4930679500102997,-0.4930679500102997,-0.0625,-0.006932043936103582,-0.4930679500102997,0.625,-0.006932043936103582,-0.006932043936103582,0.625,-0.4930679500102997,-0.006932043936103582,-0.0625,-0.4930679500102997,-0.15625,-0.0625,-0.15625,-0.15625,-0.3125,-0.15625,-0.15625,-0.0625,-0.34375,-0.15625,-0.3125,-0.34375,-0.34375,-0.0625,-0.34375,-0.34375,-0.3125,-0.34375,-0.34375,-0.0625,-0.15625,-0.34375,-0.3125,-0.15625,-0.34375,-0.0625,-0.34375,-0.34375,-0.0625,-0.15625,-0.15625,-0.0625,-0.34375,-0.15625,-0.0625,-0.15625,-0.34375,-0.3125,-0.15625,-0.34375,-0.3125,-0.34375,-0.15625,-0.3125,-0.15625,-0.15625,-0.3125,-0.34375,-0.34375,-0.0625,-0.15625,-0.34375,-0.3125,-0.15625,-0.15625,-0.0625,-0.15625,-0.15625,-0.3125,-0.15625,-0.15625,-0.0625,-0.34375,-0.15625,-0.3125,-0.34375,-0.34375,-0.0625,-0.34375,-0.34375,-0.3125,-0.34375,-0.1875,-0.3125,-0.1875,-0.1875,-0.625,-0.1875,-0.1875,-0.3125,-0.3125,-0.1875,-0.625,-0.3125,-0.3125,-0.3125,-0.3125,-0.3125,-0.625,-0.3125,-0.3125,-0.3125,-0.1875,-0.3125,-0.625,-0.1875,-0.3125,-0.3125,-0.3125,-0.3125,-0.3125,-0.1875,-0.1875,-0.3125,-0.3125,-0.1875,-0.3125,-0.1875,-0.3125,-0.625,-0.1875,-0.3125,-0.625,-0.3125,-0.1875,-0.625,-0.1875,-0.1875,-0.625,-0.3125,-0.3125,-0.3125,-0.1875,-0.3125,-0.625,-0.1875,-0.1875,-0.3125,-0.1875,-0.1875,-0.625,-0.1875,-0.1875,-0.3125,-0.3125,-0.1875,-0.625,-0.3125,-0.3125,-0.3125,-0.3125,-0.3125,-0.625,-0.3125,-0.15625,-0.0625,0.34375,-0.15625,-0.3125,0.34375,-0.15625,-0.0625,0.15625,-0.15625,-0.3125,0.15625,-0.34375,-0.0625,0.15625,-0.34375,-0.3125,0.15625,-0.34375,-0.0625,0.34375,-0.34375,-0.3125,0.34375,-0.34375,-0.0625,0.15625,-0.34375,-0.0625,0.34375,-0.15625,-0.0625,0.15625,-0.15625,-0.0625,0.34375,-0.34375,-0.3125,0.34375,-0.34375,-0.3125,0.15625,-0.15625,-0.3125,0.34375,-0.15625,-0.3125,0.15625,-0.34375,-0.0625,0.34375,-0.34375,-0.3125,0.34375,-0.15625,-0.0625,0.34375,-0.15625,-0.3125,0.34375,-0.15625,-0.0625,0.15625,-0.15625,-0.3125,0.15625,-0.34375,-0.0625,0.15625,-0.34375,-0.3125,0.15625,-0.006932048127055168,0.625,0.006932039279490709,-0.006932048127055168,0.625,0.006932039279490709,-0.006932048127055168,-0.0625,0.006932039279490709,-0.49306797981262207,0.625,0.49306797981262207,-0.49306797981262207,0.625,0.49306797981262207,-0.49306797981262207,-0.0625,0.49306797981262207,-0.006932048127055168,0.625,0.006932039279490709,-0.006932048127055168,0.625,0.006932039279490709,-0.006932048127055168,-0.0625,0.006932039279490709,-0.49306797981262207,-0.0625,0.49306797981262207,-0.006932048127055168,-0.0625,0.006932039279490709,-0.49306797981262207,-0.0625,0.49306797981262207,-0.49306797981262207,0.625,0.49306797981262207,-0.006932048127055168,0.625,0.006932039279490709,-0.006932048127055168,-0.0625,0.006932039279490709,-0.1875,-0.3125,0.3125,-0.1875,-0.625,0.3125,-0.1875,-0.3125,0.1874999850988388,-0.1875,-0.625,0.1874999850988388,-0.3125,-0.3125,0.1874999850988388,-0.3125,-0.625,0.1874999850988388,-0.3125,-0.3125,0.3125,-0.3125,-0.625,0.3125,-0.3125,-0.3125,0.1874999850988388,-0.3125,-0.3125,0.3125,-0.1875,-0.3125,0.1874999850988388,-0.1875,-0.3125,0.3125,-0.3125,-0.625,0.3125,-0.3125,-0.625,0.1874999850988388,-0.1875,-0.625,0.3125,-0.1875,-0.625,0.1874999850988388,-0.3125,-0.3125,0.3125,-0.3125,-0.625,0.3125,-0.1875,-0.3125,0.3125,-0.1875,-0.625,0.3125,-0.1875,-0.3125,0.1874999850988388,-0.1875,-0.625,0.1874999850988388,-0.3125,-0.3125,0.1874999850988388,-0.3125,-0.625,0.1874999850988388,-0.0069320229813456535,0.625,0.49306797981262207,-0.0069320229813456535,0.625,0.49306797981262207,-0.0069320229813456535,-0.0625,0.49306797981262207,-0.4930679500102997,0.625,0.006932039279490709,-0.4930679500102997,0.625,0.006932039279490709,-0.4930679500102997,-0.0625,0.006932039279490709,-0.0069320229813456535,0.625,0.49306797981262207,-0.4930679500102997,0.625,0.006932039279490709,-0.4930679500102997,-0.0625,0.006932039279490709,-0.0069320229813456535,-0.0625,0.49306797981262207,-0.0069320229813456535,0.625,0.49306797981262207,-0.4930679500102997,0.625,0.006932039279490709,-0.4930679500102997,-0.0625,0.006932039279490709,-0.0069320229813456535,-0.0625,0.49306797981262207,0.34375,-0.0625,-0.15625,0.34375,-0.3125,-0.15625,0.34375,-0.0625,-0.34375,0.34375,-0.3125,-0.34375,0.15625,-0.0625,-0.34375,0.15625,-0.3125,-0.34375,0.15625,-0.0625,-0.15625,0.15625,-0.3125,-0.15625,0.15625,-0.0625,-0.34375,0.15625,-0.0625,-0.15625,0.34375,-0.0625,-0.34375,0.34375,-0.0625,-0.15625,0.15625,-0.3125,-0.15625,0.15625,-0.3125,-0.34375,0.34375,-0.3125,-0.15625,0.34375,-0.3125,-0.34375,0.15625,-0.0625,-0.15625,0.15625,-0.3125,-0.15625,0.34375,-0.0625,-0.15625,0.34375,-0.3125,-0.15625,0.34375,-0.0625,-0.34375,0.34375,-0.3125,-0.34375,0.15625,-0.0625,-0.34375,0.15625,-0.3125,-0.34375,0.006932039279490709,0.625,-0.006932048127055168,0.006932039279490709,0.625,-0.006932048127055168,0.006932039279490709,-0.0625,-0.006932048127055168,0.49306797981262207,0.625,-0.49306797981262207,0.49306797981262207,0.625,-0.49306797981262207,0.49306797981262207,-0.0625,-0.49306797981262207,0.006932039279490709,0.625,-0.006932048127055168,0.006932039279490709,0.625,-0.006932048127055168,0.006932039279490709,-0.0625,-0.006932048127055168,0.49306797981262207,-0.0625,-0.49306797981262207,0.006932039279490709,-0.0625,-0.006932048127055168,0.49306797981262207,-0.0625,-0.49306797981262207,0.49306797981262207,0.625,-0.49306797981262207,0.006932039279490709,0.625,-0.006932048127055168,0.006932039279490709,-0.0625,-0.006932048127055168,0.3125,-0.3125,-0.1875,0.3125,-0.625,-0.1875,0.3125,-0.3125,-0.3125,0.3125,-0.625,-0.3125,0.1874999850988388,-0.3125,-0.3125,0.1874999850988388,-0.625,-0.3125,0.1874999850988388,-0.3125,-0.1875,0.1874999850988388,-0.625,-0.1875,0.1874999850988388,-0.3125,-0.3125,0.1874999850988388,-0.3125,-0.1875,0.3125,-0.3125,-0.3125,0.3125,-0.3125,-0.1875,0.1874999850988388,-0.625,-0.1875,0.1874999850988388,-0.625,-0.3125,0.3125,-0.625,-0.1875,0.3125,-0.625,-0.3125,0.1874999850988388,-0.3125,-0.1875,0.1874999850988388,-0.625,-0.1875,0.3125,-0.3125,-0.1875,0.3125,-0.625,-0.1875,0.3125,-0.3125,-0.3125,0.3125,-0.625,-0.3125,0.1874999850988388,-0.3125,-0.3125,0.1874999850988388,-0.625,-0.3125,0.006932039279490709,0.625,-0.4930679500102997,0.006932039279490709,0.625,-0.4930679500102997,0.006932039279490709,-0.0625,-0.4930679500102997,0.49306797981262207,0.625,