{"schemaVersion":4,"source":{"uri":"models/environment/Plains/wild-grass-clump.gltf","sha256":"cfce5c01c7fd646fa493a1a0c69176a4c2670efa147fccf9caecfd95f3ffe6cb"},"animationNames":["idle"],"boundingBox":{"min":{"x":-0.39593353271758747,"y":-0.0011855577681653875,"z":-0.40557386818576385},"max":{"x":0.39593353467286274,"y":0.7500918609046936,"z":0.40557375}},"nodeNames":["wild-grass-clump","bone","wild-grass-clump","bone2","wild-grass-clump","bone3","wild-grass-clump","bone5","wild-grass-clump","bone7","wild-grass-clump","bone9","wild-grass-clump","bone10","root"],"trimesh":{"vertices":[0.25,0,0,0.25,0.75,0,-0.25,0.75,0,-0.25,0,0,-0.25,0,0,-0.25,0.75,0,0.25,0.75,0,0.25,0,0,0.25,-0.4248918890953064,0.16022375226020813,0.25,0.3251081109046936,0.16022375226020813,-0.25,0.3251081109046936,0.16022375226020813,-0.25,-0.4248918890953064,0.16022375226020813,-0.25,-0.4248918890953064,0.16022375226020813,-0.25,0.3251081109046936,0.16022375226020813,0.25,0.3251081109046936,0.16022375226020813,0.25,-0.4248918890953064,0.16022375226020813,0.25,-0.4248918890953064,0.16022375226020813,0.25,0.3251081109046936,0.16022375226020813,-0.25,0.3251081109046936,0.16022375226020813,-0.25,-0.4248918890953064,0.16022375226020813,-0.25,-0.4248918890953064,0.16022375226020813,-0.25,0.3251081109046936,0.16022375226020813,0.25,0.3251081109046936,0.16022375226020813,0.25,-0.4248918890953064,0.16022375226020813,0.25,-0.25,0,0.25,0,0,-0.25,0,0,-0.25,-0.25,0,-0.25,-0.25,0,-0.25,0,0,0.25,0,0,0.25,-0.25,0,0.25,-0.6161243319511414,0.08116628974676132,0.25,-0.2500133216381073,0.000001433214947610395,-0.25,-0.2500133216381073,0.000001433214947610395,-0.25,-0.6161243319511414,0.08116628974676132,-0.25,-0.6161243319511414,0.08116628974676132,-0.25,-0.2500133216381073,0.000001433214947610395,0.25,-0.2500133216381073,0.000001433214947610395,0.25,-0.6161243319511414,0.08116628974676132,0.25,0.07992374897003174,-0.08883937448263168,0.25,0.32992374897003174,-0.08883937448263168,-0.25,0.32992374897003174,-0.08883937448263168,-0.25,0.07992374897003174,-0.08883937448263168,-0.25,0.07992374897003174,-0.08883937448263168,-0.25,0.32992374897003174,-0.08883937448263168,0.25,0.32992374897003174,-0.08883937448263168,0.25,0.07992374897003174,-0.08883937448263168,0.25,-0.28620126843452454,-0.17000572383403778,0.25,0.07990974187850952,-0.08884087204933167,-0.25,0.07990974187850952,-0.08884087204933167,-0.25,-0.28620126843452454,-0.17000572383403778,-0.25,-0.28620126843452454,-0.17000572383403778,-0.25,0.07990974187850952,-0.08884087204933167,0.25,0.07990974187850952,-0.08884087204933167,0.25,-0.28620126843452454,-0.17000572383403778,0.25,-0.125,0,0.25,0.125,0,-0.25,0.125,0,-0.25,-0.125,0,-0.25,-0.125,0,-0.25,0.125,0,0.25,0.125,0,0.25,-0.125,0,0.25,-0.4911108911037445,0.08116468042135239,0.25,-0.12499989569187164,-1.719664339816518e-7,-0.25,-0.12499989569187164,-1.719664339816518e-7,-0.25,-0.4911108911037445,0.08116468042135239,-0.25,-0.4911108911037445,0.08116468042135239,-0.25,-0.12499989569187164,-1.719664339816518e-7,0.25,-0.12499989569187164,-1.719664339816518e-7,0.25,-0.4911108911037445,0.08116468042135239,0.25,0.005855625029653311,-0.0048362500965595245,0.25,0.38085561990737915,-0.0048362500965595245,-0.25,0.38085561990737915,-0.0048362500965595245,-0.25,0.005855625029653311,-0.0048362500965595245,-0.25,0.005855625029653311,-0.0048362500965595245,-0.25,0.38085561990737915,-0.0048362500965595245,0.25,0.38085561990737915,-0.0048362500965595245,0.25,0.005855625029653311,-0.0048362500965595245,0.25,0.3808554708957672,-0.004836394917219877,0.25,0.6249294877052307,-0.05894630029797554,-0.25,0.6249294877052307,-0.05894630029797554,-0.25,0.3808554708957672,-0.004836394917219877,-0.25,0.3808554708957672,-0.004836394917219877,-0.25,0.6249294877052307,-0.05894630029797554,0.25,0.6249294877052307,-0.05894630029797554,0.25,0.3808554708957672,-0.004836394917219877],"indices":[0,1,2,0,2,3,4,5,6,4,6,7,8,9,10,8,10,11,12,13,14,12,14,15,16,17,18,16,18,19,20,21,22,20,22,23,24,25,26,24,26,27,28,29,30,28,30,31,32,33,34,32,34,35,36,37,38,36,38,39,40,41,42,40,42,43,44,45,46,44,46,47,48,49,50,48,50,51,52,53,54,52,54,55,56,57,58,56,58,59,60,61,62,60,62,63,64,65,66,64,66,67,68,69,70,68,70,71,72,73,74,72,74,75,76,77,78,76,78,79,80,81,82,80,82,83,84,85,86,84,86,87]},"optimizedModelData":{"":{"meshCount":7},"-named-nodes":{"meshCount":7},"-no-animations":{"meshCount":1}}}