{"schemaVersion":4,"source":{"uri":"models/eggs/epic/strawberry-egg.gltf","sha256":"203b8ff871fef82fb431ca5343d4f5940250995006f21e117ab722540c012478"},"animationNames":[],"boundingBox":{"min":{"x":-0.5237962745007336,"y":-0.031242070605555117,"z":-0.5377580768680716},"max":{"x":0.5237962745007336,"y":0.875,"z":0.5377580768680716}},"nodeNames":["cube","cube","cube","cube","cube","cube","cube","group2","group"],"trimesh":{"vertices":[0.28125,0.45312103629112244,-0.28125,0.3125,0.45312103629112244,0,0.3125,0.20312103629112244,0,0.3125,0.20312103629112244,-0.3125,-0.3125,0.20312103629112244,-0.3125,-0.3125,0.20312103629112244,0,-0.3125,0.45312103629112244,0,-0.28125,0.45312103629112244,-0.28125,-0.28125,0.45312103629112244,-0.28125,-0.3125,0.45312103629112244,0,0,0.45312103629112244,0,0,0.45312103629112244,-0.3125,0,0.20312103629112244,-0.3125,0,0.20312103629112244,0,-0.3125,0.20312103629112244,0,-0.3125,0.20312103629112244,-0.3125,-0.3125,0.20312103629112244,0.3125,0,0.20312103629112244,0.3125,0,0.45312103629112244,0.3125,-0.28125,0.45312103629112244,0.28125,-0.28125,0.45312103629112244,-0.28125,0,0.45312103629112244,-0.3125,0,0.20312103629112244,-0.3125,-0.3125,0.20312103629112244,-0.3125,0.3125,0.45312103629112244,0,0.28125,0.45312103629112244,-0.28125,0.28125,0.45312103629112244,0.28125,0,0.45312103629112244,0.3125,0,0.20312103629112244,0.3125,0.3125,0.20312103629112244,0.3125,0.3125,0.20312103629112244,-0.3125,0.3125,0.20312103629112244,0,0.3125,0.20312103629112244,-0.3125,0,0.20312103629112244,-0.3125,0,0.45312103629112244,-0.3125,0.28125,0.45312103629112244,-0.28125,-0.28125,0.45312103629112244,0.28125,-0.3125,0.45312103629112244,0,-0.3125,0.20312103629112244,0,-0.3125,0.20312103629112244,0.3125,-0.3125,0.20312103629112244,0.3125,0,0.20312103629112244,0.3125,0.3125,0.20312103629112244,0.3125,0.3125,0.20312103629112244,0.3125,0.3125,0.20312103629112244,0,0.3125,0.45312103629112244,0,0.28125,0.45312103629112244,0.28125,0.28125,0.45312103629112244,0.28125,0,0.45312103629112244,0.3125,-0.28125,0.45312103629112244,0.28125,0.359375,-0.29687896370887756,-0.359375,0.375,-0.046878963708877563,-0.375,0.375,-0.046878963708877563,0.375,0.359375,-0.29687896370887756,0.359375,-0.359375,-0.29687896370887756,0.359375,-0.375,-0.046878963708877563,0.375,-0.375,-0.046878963708877563,-0.375,-0.359375,-0.29687896370887756,-0.359375,0.34375,0.20312103629112244,0.34375,0.34375,0.20312103629112244,-0.34375,-0.34375,0.20312103629112244,-0.34375,-0.34375,0.20312103629112244,0.34375,0.359375,-0.29687896370887756,-0.359375,0.359375,-0.29687896370887756,0.359375,-0.359375,-0.29687896370887756,0.359375,-0.359375,-0.29687896370887756,-0.359375,0.359375,-0.29687896370887756,0.359375,0.375,-0.046878963708877563,0.375,-0.375,-0.046878963708877563,0.375,-0.359375,-0.29687896370887756,0.359375,-0.359375,-0.29687896370887756,-0.359375,-0.375,-0.046878963708877563,-0.375,0.375,-0.046878963708877563,-0.375,0.359375,-0.29687896370887756,-0.359375,-0.34375,0.20312103629112244,-0.34375,-0.375,-0.046878963708877563,-0.375,-0.375,-0.046878963708877563,0.375,-0.34375,0.20312103629112244,0.34375,-0.34375,0.20312103629112244,0.34375,-0.375,-0.046878963708877563,0.375,0.375,-0.046878963708877563,0.375,0.34375,0.20312103629112244,0.34375,0.34375,0.20312103629112244,0.34375,0.375,-0.046878963708877563,0.375,0.375,-0.046878963708877563,-0.375,0.34375,0.20312103629112244,-0.34375,0.34375,0.20312103629112244,-0.34375,0.375,-0.046878963708877563,-0.375,-0.375,-0.046878963708877563,-0.375,-0.34375,0.20312103629112244,-0.34375,0.3125,-0.42187896370887756,-0.3125,0.34375,-0.29687896370887756,-0.34375,0.34375,-0.29687896370887756,0.34375,0.3125,-0.42187896370887756,0.3125,-0.3125,-0.42187896370887756,0.3125,-0.34375,-0.29687896370887756,0.34375,-0.34375,-0.29687896370887756,-0.34375,-0.3125,-0.42187896370887756,-0.3125,0.34375,-0.29687896370887756,0.34375,0.34375,-0.29687896370887756,-0.34375,-0.34375,-0.29687896370887756,-0.34375,-0.34375,-0.29687896370887756,0.34375,0.3125,-0.42187896370887756,-0.3125,0.3125,-0.42187896370887756,0.3125,-0.3125,-0.42187896370887756,0.3125,-0.3125,-0.42187896370887756,-0.3125,0.3125,-0.42187896370887756,0.3125,0.34375,-0.29687896370887756,0.34375,-0.34375,-0.29687896370887756,0.34375,-0.3125,-0.42187896370887756,0.3125,-0.3125,-0.42187896370887756,-0.3125,-0.34375,-0.29687896370887756,-0.34375,0.34375,-0.29687896370887756,-0.34375,0.3125,-0.42187896370887756,-0.3125,-0.10120372474193573,-0.45312103629112244,0.10690468549728394,-0.10120372474193573,-0.3771499693393707,0.5377580523490906,-0.10120372474193573,-0.45312103629112244,0.10690468549728394,-0.5237962603569031,-0.2656368911266327,0.5180953145027161,-0.5237962603569031,-0.3416079580783844,0.08724192529916763,-0.5237962603569031,-0.2656368911266327,0.5180953145027161,-0.10120372474193573,-0.45312103629112244,0.10690468549728394,-0.10120372474193573,-0.3771499693393707,0.5377580523490906,-0.5237962603569031,-0.2656368911266327,0.5180953145027161,-0.5237962603569031,-0.3416079580783844,0.08724192529916763,-0.10120372474193573,-0.3771499693393707,0.5377580523490906,-0.5237962603569031,-0.2656368911266327,0.5180953145027161,-0.10120372474193573,-0.3771499693393707,0.5377580523490906,-0.5237962603569031,-0.3416079580783844,0.08724192529916763,-0.10120372474193573,-0.45312103629112244,0.10690468549728394,-0.5237962603569031,-0.3416079580783844,0.08724192529916763,0.5237962603569031,-0.3416079580783844,0.08724191784858704,0.5237962603569031,-0.2656368911266327,0.5180953145027161,0.5237962603569031,-0.3416079580783844,0.08724191784858704,0.10120373964309692,-0.3771499693393707,0.5377580523490906,0.10120373964309692,-0.45312103629112244,0.10690468549728394,0.10120373964309692,-0.3771499693393707,0.5377580523490906,0.5237962603569031,-0.3416079580783844,0.08724191784858704,0.5237962603569031,-0.2656368911266327,0.5180953145027161,0.10120373964309692,-0.3771499693393707,0.5377580523490906,0.10120373964309692,-0.45312103629112244,0.10690468549728394,0.5237962603569031,-0.2656368911266327,0.5180953145027161,0.10120373964309692,-0.3771499693393707,0.5377580523490906,0.5237962603569031,-0.2656368911266327,0.5180953145027161,0.10120373964309692,-0.45312103629112244,0.10690468549728394,0.5237962603569031,-0.3416079580783844,0.08724191784858704,0.10120373964309692,-0.45312103629112244,0.10690468549728394,0.5237962603569031,-0.2656369209289551,-0.5180953145027161,0.5237962603569031,-0.3416079580783844,-0.08724191784858704,0.5237962603569031,-0.2656369209289551,-0.5180953145027161,0.10120372474193573,-0.45312103629112244,-0.10690468549728394,0.10120371729135513,-0.37714993953704834,-0.5377580523490906,0.10120372474193573,-0.45312103629112244,-0.10690468549728394,0.5237962603569031,-0.2656369209289551,-0.5180953145027161,0.5237962603569031,-0.3416079580783844,-0.08724191784858704,0.10120372474193573,-0.45312103629112244,-0.10690468549728394,0.10120371729135513,-0.37714993953704834,-0.5377580523490906,0.5237962603569031,-0.3416079580783844,-0.08724191784858704,0.10120372474193573,-0.45312103629112244,-0.10690468549728394,0.5237962603569031,-0.3416079580783844,-0.08724191784858704,0.10120371729135513,-0.37714993953704834,-0.5377580523490906,0.5237962603569031,-0.2656369209289551,-0.5180953145027161,0.10120371729135513,-0.37714993953704834,-0.5377580523490906,-0.10120373219251633,-0.3771499693393707,-0.5377580523490906,-0.10120371729135513,-0.45312103629112244,-0.10690468549728394,-0.10120373219251633,-0.3771499693393707,-0.5377580523490906,-0.5237962603569031,-0.3416079878807068,-0.08724191784858704,-0.5237962603569031,-0.2656368911266327,-0.5180953145027161,-0.5237962603569031,-0.3416079878807068,-0.08724191784858704,-0.10120373219251633,-0.3771499693393707,-0.5377580523490906,-0.10120371729135513,-0.45312103629112244,-0.10690468549728394,-0.5237962603569031,-0.3416079878807068,-0.08724191784858704,-0.5237962603569031,-0.2656368911266327,-0.5180953145027161,-0.10120371729135513,-0.45312103629112244,-0.10690468549728394,