{"schemaVersion":1,"source":{"uri":"models/npcs/moray_eel.gltf","sha256":"7015f14eccb49d92fa76c49d69a21ef09b71a069dc01b331f08c9d511cd78b90"},"animationNames":[],"boundingBox":{"min":{"x":-0.09375,"y":0.3125,"z":-0.5},"max":{"x":0.09375,"y":0.6875,"z":0.6875}},"nodeNames":["cube","head","cube","cube","tail","cube","cube","moray_eel",""],"trimesh":{"vertices":[0.0625,0,-0.40625,0.0625,-0.1875,-0.40625,0.0625,0,-0.59375,0.0625,-0.1875,-0.59375,-0.0625,0,-0.59375,-0.0625,-0.1875,-0.59375,-0.0625,0,-0.40625,-0.0625,-0.1875,-0.40625,-0.0625,0,-0.59375,-0.0625,0,-0.40625,0.0625,0,-0.59375,0.0625,0,-0.40625,-0.0625,-0.1875,-0.40625,-0.0625,-0.1875,-0.59375,0.0625,-0.1875,-0.40625,0.0625,-0.1875,-0.59375,-0.0625,0,-0.40625,-0.0625,-0.1875,-0.40625,0.0625,0,-0.40625,0.0625,-0.1875,-0.40625,0.0625,0,-0.59375,0.0625,-0.1875,-0.59375,-0.0625,0,-0.59375,-0.0625,-0.1875,-0.59375,0.078125,0,0.59375,0.078125,-0.1875,0.59375,0.078125,0,0.21875,0.078125,-0.1875,0.21875,-0.078125,0,0.21875,-0.078125,-0.1875,0.21875,-0.078125,0,0.59375,-0.078125,-0.1875,0.59375,-0.078125,0,0.21875,-0.078125,0,0.59375,0.078125,0,0.21875,0.078125,0,0.59375,-0.078125,-0.1875,0.59375,-0.078125,-0.1875,0.21875,0.078125,-0.1875,0.59375,0.078125,-0.1875,0.21875,-0.078125,0,0.59375,-0.078125,-0.1875,0.59375,0.078125,0,0.59375,0.078125,-0.1875,0.59375,0.078125,0,0.21875,0.078125,-0.1875,0.21875,-0.078125,0,0.21875,-0.078125,-0.1875,0.21875,0,0,0.59375,0,0.125,0.59375,0,0.125,0.21875,0,0,0.21875,0,0.125,0.21875,0,0.125,0.21875,0,0.125,0.59375,0,0,0.59375,0,0,0.59375,0,0,0.21875,0,0.125,0.59375,0,0.125,0.59375,0,0,0.59375,0,0.125,0.21875,0,0.125,0.21875,0,0,0.21875,0.09375,0.0625,0.21875,0.09375,-0.1875,0.21875,0.09375,0.0625,-0.40625,0.09375,-0.1875,-0.40625,-0.09375,0.0625,-0.40625,-0.09375,-0.1875,-0.40625,-0.09375,0.0625,0.21875,-0.09375,-0.1875,0.21875,-0.09375,0.0625,-0.40625,-0.09375,0.0625,0.21875,0.09375,0.0625,-0.40625,0.09375,0.0625,0.21875,-0.09375,-0.1875,0.21875,-0.09375,-0.1875,-0.40625,0.09375,-0.1875,0.21875,0.09375,-0.1875,-0.40625,-0.09375,0.0625,0.21875,-0.09375,-0.1875,0.21875,0.09375,0.0625,0.21875,0.09375,-0.1875,0.21875,0.09375,0.0625,-0.40625,0.09375,-0.1875,-0.40625,-0.09375,0.0625,-0.40625,-0.09375,-0.1875,-0.40625,0,0.0625,0.21875,0,0.1875,0.21875,0,0.1875,-0.40625,0,0.0625,-0.40625,0,0.1875,-0.40625,0,0.1875,-0.40625,0,0.1875,0.21875,0,0.0625,0.21875,0,0.0625,0.21875,0,0.0625,-0.40625,0,0.1875,0.21875,0,0.1875,0.21875,0,0.0625,0.21875,0,0.1875,-0.40625,0,0.1875,-0.40625,0,0.0625,-0.40625],"indices":[0,1,2,1,3,2,4,5,6,5,7,6,8,9,10,9,11,10,12,13,14,13,15,14,16,17,18,17,19,18,20,21,22,21,23,22,24,25,26,25,27,26,28,29,30,29,31,30,32,33,34,33,35,34,36,37,38,37,39,38,40,41,42,41,43,42,44,45,46,45,47,46,48,49,50,48,50,51,52,53,54,52,54,54,55,56,57,55,57,57,58,59,60,58,60,60,61,62,63,61,63,63,64,65,66,65,67,66,68,69,70,69,71,70,72,73,74,73,75,74,76,77,78,77,79,78,80,81,82,81,83,82,84,85,86,85,87,86,88,89,90,88,90,91,92,93,94,92,94,94,95,96,97,95,97,97,98,99,100,98,100,100,101,102,103,101,103,103]}}