{"schemaVersion":4,"source":{"uri":"models/environment/Desert/cat-statue.gltf","sha256":"add55d0fedb7832db0c5aa8947b29eb6eb51692999cdcea2de8dd29137c52714"},"animationNames":[],"boundingBox":{"min":{"x":-0.4375,"y":0,"z":-0.46875},"max":{"x":0.4375,"y":1.484375,"z":0.7216213466261494}},"nodeNames":["cube","cube","cube","cube","cube","cube","cube","cube","cube","cube","cube","cube","cube","cube","root",""],"trimesh":{"vertices":[0.4375,-0.2421875,0.31106433272361755,0.4375,-0.4921875,0.31106433272361755,0.4375,-0.2421875,-0.5639356970787048,0.4375,-0.4921875,-0.5639356970787048,-0.4375,-0.2421875,-0.5639356970787048,-0.4375,-0.4921875,-0.5639356970787048,-0.4375,-0.2421875,0.31106433272361755,-0.4375,-0.4921875,0.31106433272361755,-0.4375,-0.2421875,-0.5639356970787048,-0.4375,-0.2421875,0.31106433272361755,0.4375,-0.2421875,-0.5639356970787048,0.4375,-0.2421875,0.31106433272361755,-0.4375,-0.4921875,0.31106433272361755,-0.4375,-0.4921875,-0.5639356970787048,0.4375,-0.4921875,0.31106433272361755,0.4375,-0.4921875,-0.5639356970787048,-0.4375,-0.2421875,0.31106433272361755,-0.4375,-0.4921875,0.31106433272361755,0.4375,-0.2421875,0.31106433272361755,0.4375,-0.4921875,0.31106433272361755,0.4375,-0.2421875,-0.5639356970787048,0.4375,-0.4921875,-0.5639356970787048,-0.4375,-0.2421875,-0.5639356970787048,-0.4375,-0.4921875,-0.5639356970787048,0.375,-0.4921875,0.24856433272361755,0.375,-0.6796875,0.24856433272361755,0.375,-0.4921875,-0.5014356970787048,0.375,-0.6796875,-0.5014356970787048,-0.375,-0.4921875,-0.5014356970787048,-0.375,-0.6796875,-0.5014356970787048,-0.375,-0.4921875,0.24856433272361755,-0.375,-0.6796875,0.24856433272361755,-0.375,-0.4921875,-0.5014356970787048,-0.375,-0.4921875,0.24856433272361755,0.375,-0.4921875,-0.5014356970787048,0.375,-0.4921875,0.24856433272361755,-0.375,-0.6796875,0.24856433272361755,-0.375,-0.6796875,-0.5014356970787048,0.375,-0.6796875,0.24856433272361755,0.375,-0.6796875,-0.5014356970787048,-0.375,-0.4921875,0.24856433272361755,-0.375,-0.6796875,0.24856433272361755,0.375,-0.4921875,0.24856433272361755,0.375,-0.6796875,0.24856433272361755,0.375,-0.4921875,-0.5014356970787048,0.375,-0.6796875,-0.5014356970787048,-0.375,-0.4921875,-0.5014356970787048,-0.375,-0.6796875,-0.5014356970787048,0.15312500298023224,0.2484375238418579,-0.2545606791973114,0.15312500298023224,-0.24531251192092896,-0.2545606791973114,0.15312500298023224,0.2484375238418579,-0.3733106851577759,0.15312500298023224,-0.24531251192092896,-0.3733106851577759,-0.15312500298023224,0.2484375238418579,-0.3733106851577759,-0.15312500298023224,-0.24531251192092896,-0.3733106851577759,-0.15312500298023224,0.2484375238418579,-0.2545606791973114,-0.15312500298023224,-0.24531251192092896,-0.2545606791973114,-0.15312500298023224,0.2484375238418579,-0.3733106851577759,-0.15312500298023224,0.2484375238418579,-0.2545606791973114,0.15312500298023224,0.2484375238418579,-0.3733106851577759,0.15312500298023224,0.2484375238418579,-0.2545606791973114,-0.15312500298023224,-0.24531251192092896,-0.2545606791973114,-0.15312500298023224,-0.24531251192092896,-0.3733106851577759,0.15312500298023224,-0.24531251192092896,-0.2545606791973114,0.15312500298023224,-0.24531251192092896,-0.3733106851577759,-0.15312500298023224,0.2484375238418579,-0.2545606791973114,-0.15312500298023224,-0.24531251192092896,-0.2545606791973114,0.15312500298023224,0.2484375238418579,-0.2545606791973114,0.15312500298023224,-0.24531251192092896,-0.2545606791973114,0.15312500298023224,0.2484375238418579,-0.3733106851577759,0.15312500298023224,-0.24531251192092896,-0.3733106851577759,-0.15312500298023224,0.2484375238418579,-0.3733106851577759,-0.15312500298023224,-0.24531251192092896,-0.3733106851577759,0.109375,-0.1171875,0.18606433272361755,0.109375,-0.2421875,0.18606433272361755,0.109375,-0.1171875,-0.12643566727638245,0.109375,-0.2421875,-0.12643566727638245,-0.109375,-0.1171875,-0.12643566727638245,-0.109375,-0.2421875,-0.12643566727638245,-0.109375,-0.1171875,0.18606433272361755,-0.109375,-0.2421875,0.18606433272361755,-0.109375,-0.1171875,-0.12643566727638245,-0.109375,-0.1171875,0.18606433272361755,0.109375,-0.1171875,-0.12643566727638245,0.109375,-0.1171875,0.18606433272361755,-0.109375,-0.2421875,0.18606433272361755,-0.109375,-0.2421875,-0.12643566727638245,0.109375,-0.2421875,0.18606433272361755,0.109375,-0.2421875,-0.12643566727638245,-0.109375,-0.1171875,0.18606433272361755,-0.109375,-0.2421875,0.18606433272361755,0.109375,-0.1171875,0.18606433272361755,0.109375,-0.2421875,0.18606433272361755,0.109375,-0.1171875,-0.12643566727638245,0.109375,-0.2421875,-0.12643566727638245,-0.109375,-0.1171875,-0.12643566727638245,-0.109375,-0.2421875,-0.12643566727638245,0.15625,-0.05089622735977173,0.2858264744281769,0.15625,-0.22767293453216553,0.10904975980520248,0.15625,0.5015308856964111,-0.26660072803497314,0.15625,0.3247542381286621,-0.44337740540504456,-0.15625,0.5015308856964111,-0.26660072803497314,-0.15625,0.3247542381286621,-0.44337740540504456,-0.15625,-0.05089622735977173,0.2858264744281769,-0.15625,-0.22767293453216553,0.10904975980520248,-0.15625,0.5015308856964111,-0.26660072803497314,-0.15625,-0.05089622735977173,0.2858264744281769,0.15625,0.5015308856964111,-0.26660072803497314,0.15625,-0.05089622735977173,0.2858264744281769,-0.15625,-0.22767293453216553,0.10904975980520248,-0.15625,0.3247542381286621,-0.44337740540504456,0.15625,-0.22767293453216553,0.10904975980520248,0.15625,0.3247542381286621,-0.44337740540504456,-0.15625,-0.05089622735977173,0.2858264744281769,-0.15625,-0.22767293453216553,0.10904975980520248,0.15625,-0.05089622735977173,0.2858264744281769,0.15625,-0.22767293453216553,0.10904975980520248,0.15625,0.5015308856964111,-0.26660072803497314,0.15625,0.3247542381286621,-0.44337740540504456,-0.15625,0.5015308856964111,-0.26660072803497314,-0.15625,0.3247542381286621,-0.44337740540504456,0.15687499940395355,0.6178125143051147,-0.2195606678724289,0.15687499940395355,0.36656248569488525,-0.2195606678724289,0.15687499940395355,0.6178125143051147,-0.5333107113838196,0.15687499940395355,0.36656248569488525,-0.5333107113838196,-0.15687499940395355,0.6178125143051147,-0.5333107113838196,-0.15687499940395355,0.36656248569488525,-0.5333107113838196,-0.15687499940395355,0.6178125143051147,-0.2195606678724289,-0.15687499940395355,0.36656248569488525,-0.2195606678724289,-0.15687499940395355,0.6178125143051147,-0.5333107113838196,-0.15687499940395355,0.6178125143051147,-0.2195606678724289,0.15687499940395355,0.6178125143051147,-0.5333107113838196,0.15687499940395355,0.6178125143051147,-0.2195606678724289,-0.15687499940395355,0.36656248569488525,-0.2195606678724289,-0.15687499940395355,0.36656248569488525,-0.5333107113838196,0.15687499940395355,0.36656248569488525,-0.2195606678724289,0.15687499940395355,0.36656248569488525,-0.5333107113838196,-0.15687499940395355,0.6178125143051147,-0.2195606678724289,-0.15687499940395355,0.36656248569488525,-0.2195606678724289,0.15687499940395355,0.6178125143051147,-0.2195606678724289,0.15687499940395355,0.36656248569488525,-0.2195606678724289,0.15687499940395355,0.6178125143051147,-0.5333107113838196,0.15687499940395355,0.36656248569488525,-0.5333107113838196,-0.15687499940395355,0.6178125143051147,-0.5333107113838196,-0.15687499940395355,0.36656248569488525,-0.5333107113838196,0.0625,0.25846296548843384,0.5951856374740601,0.0625,-0.05089622735977173,0.2858264744281769,0.0625,0.3026571273803711,0.5509914755821228,0.0625,-0.006702065467834473,0.24163228273391724,-0.0625,0.3026571273803711,0.5509914755821228,-0.0625,-0.006702065467834473,0.24163228273391724,-0.0625,0.25846296548843384,0.5951856374740601,-0.0625,-0.05089622735977173,0.2858264744281769,-0.0625,0.3026571273803711,0.5509914755821228,-0.0625,0.25846296548843384,0.5951856374740601,0.0625,0.3026571273803711,0.5509914755821228,0.0625,0.25846296548843384,0.5951856374740601,-0.0625,-0.05089622735977173,0.2858264744281769,-0.0625,-0.006702065467834473,0.24163228273391724,0.0625,-0.05089622735977173,