{"schemaVersion":4,"source":{"uri":"models/environment/Farm/lettuce-seeds.gltf","sha256":"0bceb8093aef6e9bc8981d744e093345014bdf8ce7dd7228a0ca588a4aa6a340"},"animationNames":[],"boundingBox":{"min":{"x":-0.23459671514168465,"y":-0.06843276400049825,"z":-0.046875},"max":{"x":0.23459671514168465,"y":0.10308242761339428,"z":0.2849962234114092}},"nodeNames":["cube","cube","cube","root",""],"trimesh":{"vertices":[0.21430550515651703,0.08575759828090668,-0.07218561321496964,0.23459671437740326,-0.0057701547630131245,-0.07218561321496964,0.21430550515651703,0.08575759828090668,-0.16593560576438904,0.23459671437740326,-0.0057701547630131245,-0.16593560576438904,0.03125,0.04517516866326332,-0.16593560576438904,0.05154121294617653,-0.046352583914995193,-0.16593560576438904,0.03125,0.04517516866326332,-0.07218561321496964,0.05154121294617653,-0.046352583914995193,-0.07218561321496964,0.03125,0.04517516866326332,-0.16593560576438904,0.03125,0.04517516866326332,-0.07218561321496964,0.21430550515651703,0.08575759828090668,-0.16593560576438904,0.21430550515651703,0.08575759828090668,-0.07218561321496964,0.05154121294617653,-0.046352583914995193,-0.07218561321496964,0.05154121294617653,-0.046352583914995193,-0.16593560576438904,0.23459671437740326,-0.0057701547630131245,-0.07218561321496964,0.23459671437740326,-0.0057701547630131245,-0.16593560576438904,0.03125,0.04517516866326332,-0.07218561321496964,0.05154121294617653,-0.046352583914995193,-0.07218561321496964,0.21430550515651703,0.08575759828090668,-0.07218561321496964,0.23459671437740326,-0.0057701547630131245,-0.07218561321496964,0.21430550515651703,0.08575759828090668,-0.16593560576438904,0.23459671437740326,-0.0057701547630131245,-0.16593560576438904,0.03125,0.04517516866326332,-0.16593560576438904,0.05154121294617653,-0.046352583914995193,-0.16593560576438904,-0.03125,0.04517516866326332,-0.07218561321496964,-0.05154121294617653,-0.046352583914995193,-0.07218561321496964,-0.03125,0.04517516866326332,-0.16593560576438904,-0.05154121294617653,-0.046352583914995193,-0.16593560576438904,-0.21430549025535583,0.08575759828090668,-0.16593560576438904,-0.23459671437740326,-0.005770156159996986,-0.16593560576438904,-0.21430549025535583,0.08575759828090668,-0.07218561321496964,-0.23459671437740326,-0.005770156159996986,-0.07218561321496964,-0.21430549025535583,0.08575759828090668,-0.16593560576438904,-0.21430549025535583,0.08575759828090668,-0.07218561321496964,-0.03125,0.04517516866326332,-0.16593560576438904,-0.03125,0.04517516866326332,-0.07218561321496964,-0.23459671437740326,-0.005770156159996986,-0.07218561321496964,-0.23459671437740326,-0.005770156159996986,-0.16593560576438904,-0.05154121294617653,-0.046352583914995193,-0.07218561321496964,-0.05154121294617653,-0.046352583914995193,-0.16593560576438904,-0.21430549025535583,0.08575759828090668,-0.07218561321496964,-0.23459671437740326,-0.005770156159996986,-0.07218561321496964,-0.03125,0.04517516866326332,-0.07218561321496964,-0.05154121294617653,-0.046352583914995193,-0.07218561321496964,-0.03125,0.04517516866326332,-0.16593560576438904,-0.05154121294617653,-0.046352583914995193,-0.16593560576438904,-0.21430549025535583,0.08575759828090668,-0.16593560576438904,-0.23459671437740326,-0.005770156159996986,-0.16593560576438904,0.037573352456092834,0.05870019644498825,0.15848630666732788,0.06716898083686829,-0.029943296685814857,0.16593560576438904,0.09329191595315933,0.07105270773172379,0.08410941809415817,0.12288754433393478,-0.017590787261724472,0.09155873209238052,-0.045396268367767334,0.015238406136631966,-0.029056837782263756,-0.015800639986991882,-0.07340508699417114,-0.021607523784041405,-0.10111483186483383,0.002885896945372224,0.045320041477680206,-0.07151920348405838,-0.08575759083032608,0.05276935547590256,-0.045396268367767334,0.015238406136631966,-0.029056837782263756,-0.10111483186483383,0.002885896945372224,0.045320041477680206,0.09329191595315933,0.07105270773172379,0.08410941809415817,0.037573352456092834,0.05870019644498825,0.15848630666732788,-0.07151920348405838,-0.08575759083032608,0.05276935547590256,-0.015800639986991882,-0.07340508699417114,-0.021607523784041405,0.06716898083686829,-0.029943296685814857,0.16593560576438904,0.12288754433393478,-0.017590787261724472,0.09155873209238052,-0.10111483186483383,0.002885896945372224,0.045320041477680206,-0.07151920348405838,-0.08575759083032608,0.05276935547590256,0.037573352456092834,0.05870019644498825,0.15848630666732788,0.06716898083686829,-0.029943296685814857,0.16593560576438904,0.09329191595315933,0.07105270773172379,0.08410941809415817,0.12288754433393478,-0.017590787261724472,0.09155873209238052,-0.045396268367767334,0.015238406136631966,-0.029056837782263756,-0.015800639986991882,-0.07340508699417114,-0.021607523784041405],"indices":[0,1,2,1,3,2,4,5,6,5,7,6,8,9,10,9,11,10,12,13,14,13,15,14,16,17,18,17,19,18,20,21,22,21,23,22,24,25,26,25,27,26,28,29,30,29,31,30,32,33,34,33,35,34,36,37,38,37,39,38,40,41,42,41,43,42,44,45,46,45,47,46,48,49,50,49,51,50,52,53,54,53,55,54,56,57,58,57,59,58,60,61,62,61,63,62,64,65,66,65,67,66,68,69,70,69,71,70]},"optimizedModelData":{"":{"meshCount":1},"-named-nodes":{"meshCount":3},"-no-animations":{"meshCount":1}}}