{"schemaVersion":2,"source":{"uri":"models/items/stew-mushroom.gltf","sha256":"0d717e3f936e8434598f912f894f58c6997c0313fc2a5864560b4dc1d1ab90e2"},"animationNames":[],"boundingBox":{"min":{"x":-0.3125,"y":0,"z":-0.3125},"max":{"x":0.3125,"y":0.3125,"z":0.3125}},"nodeNames":["cube","cube",""],"trimesh":{"vertices":[0.25,0.09375,0.25,0.25,-0.15625,0.25,0.25,0.09375,-0.25,0.25,-0.15625,-0.25,-0.25,0.09375,-0.25,-0.25,-0.15625,-0.25,-0.25,0.09375,0.25,-0.25,-0.15625,0.25,-0.25,0.09375,-0.25,-0.25,0.09375,0.25,0.25,0.09375,-0.25,0.25,0.09375,0.25,-0.25,-0.15625,0.25,-0.25,-0.15625,-0.25,0.25,-0.15625,0.25,0.25,-0.15625,-0.25,-0.25,0.09375,0.25,-0.25,-0.15625,0.25,0.25,0.09375,0.25,0.25,-0.15625,0.25,0.25,0.09375,-0.25,0.25,-0.15625,-0.25,-0.25,0.09375,-0.25,-0.25,-0.15625,-0.25,0.3125,0.15625,0.3125,0.3125,-0.03125,0.3125,0.3125,0.15625,-0.3125,0.3125,-0.03125,-0.3125,-0.3125,0.15625,-0.3125,-0.3125,-0.03125,-0.3125,-0.3125,0.15625,0.3125,-0.3125,-0.03125,0.3125,-0.3125,0.15625,-0.3125,-0.3125,0.15625,0.3125,0.3125,0.15625,-0.3125,0.3125,0.15625,0.3125,-0.3125,-0.03125,0.3125,-0.3125,-0.03125,-0.3125,0.3125,-0.03125,0.3125,0.3125,-0.03125,-0.3125,-0.3125,0.15625,0.3125,-0.3125,-0.03125,0.3125,0.3125,0.15625,0.3125,0.3125,-0.03125,0.3125,0.3125,0.15625,-0.3125,0.3125,-0.03125,-0.3125,-0.3125,0.15625,-0.3125,-0.3125,-0.03125,-0.3125],"indices":[0,1,2,1,3,2,4,5,6,5,7,6,8,9,10,9,11,10,12,13,14,13,15,14,16,17,18,17,19,18,20,21,22,21,23,22,24,25,26,25,27,26,28,29,30,29,31,30,32,33,34,33,35,34,36,37,38,37,39,38,40,41,42,41,43,42,44,45,46,45,47,46]}}