{"schemaVersion":4,"source":{"uri":"models/environment/Dungeon/stone-altar-2.gltf","sha256":"8220e28f0e363b9540cc10402de51bfb5fbad41dfbd355af30e8e6abc6243f25"},"animationNames":[],"boundingBox":{"min":{"x":-0.75,"y":0,"z":-0.4375},"max":{"x":0.75,"y":0.9375,"z":0.4375}},"nodeNames":["cube","cube","cube","stone_altar_1","root",""],"trimesh":{"vertices":[0.5,-0.21875,0.4375,0.5,-0.46875,0.4375,0.5,-0.21875,-0.4375,0.5,-0.46875,-0.4375,-0.5,-0.21875,-0.4375,-0.5,-0.46875,-0.4375,-0.5,-0.21875,0.4375,-0.5,-0.46875,0.4375,-0.5,-0.21875,-0.4375,-0.5,-0.21875,0.4375,0.5,-0.21875,-0.4375,0.5,-0.21875,0.4375,-0.5,-0.46875,0.4375,-0.5,-0.46875,-0.4375,0.5,-0.46875,0.4375,0.5,-0.46875,-0.4375,-0.5,-0.21875,0.4375,-0.5,-0.46875,0.4375,0.5,-0.21875,0.4375,0.5,-0.46875,0.4375,0.5,-0.21875,-0.4375,0.5,-0.46875,-0.4375,-0.5,-0.21875,-0.4375,-0.5,-0.46875,-0.4375,0.75,0.46875,0.4375,0.75,0.09375,0.4375,0.75,0.46875,-0.4375,0.75,0.09375,-0.4375,-0.75,0.46875,-0.4375,-0.75,0.09375,-0.4375,-0.75,0.46875,0.4375,-0.75,0.09375,0.4375,-0.75,0.46875,-0.4375,-0.75,0.46875,0.4375,0.75,0.46875,-0.4375,0.75,0.46875,0.4375,-0.75,0.09375,0.4375,-0.75,0.09375,-0.4375,0.75,0.09375,0.4375,0.75,0.09375,-0.4375,-0.75,0.46875,0.4375,-0.75,0.09375,0.4375,0.75,0.46875,0.4375,0.75,0.09375,0.4375,0.75,0.46875,-0.4375,0.75,0.09375,-0.4375,-0.75,0.46875,-0.4375,-0.75,0.09375,-0.4375,0.375,0.09375,0.3125,0.375,-0.21875,0.3125,0.375,0.09375,-0.3125,0.375,-0.21875,-0.3125,-0.375,0.09375,-0.3125,-0.375,-0.21875,-0.3125,-0.375,0.09375,0.3125,-0.375,-0.21875,0.3125,-0.375,0.09375,-0.3125,-0.375,0.09375,0.3125,0.375,0.09375,-0.3125,0.375,0.09375,0.3125,-0.375,-0.21875,0.3125,-0.375,-0.21875,-0.3125,0.375,-0.21875,0.3125,0.375,-0.21875,-0.3125,-0.375,0.09375,0.3125,-0.375,-0.21875,0.3125,0.375,0.09375,0.3125,0.375,-0.21875,0.3125,0.375,0.09375,-0.3125,0.375,-0.21875,-0.3125,-0.375,0.09375,-0.3125,-0.375,-0.21875,-0.3125],"indices":[0,1,2,1,3,2,4,5,6,5,7,6,8,9,10,9,11,10,12,13,14,13,15,14,16,17,18,17,19,18,20,21,22,21,23,22,24,25,26,25,27,26,28,29,30,29,31,30,32,33,34,33,35,34,36,37,38,37,39,38,40,41,42,41,43,42,44,45,46,45,47,46,48,49,50,49,51,50,52,53,54,53,55,54,56,57,58,57,59,58,60,61,62,61,63,62,64,65,66,65,67,66,68,69,70,69,71,70]},"optimizedModelData":{"":{"meshCount":1},"-named-nodes":{"meshCount":3},"-no-animations":{"meshCount":1}}}