{"schemaVersion":1,"source":{"uri":"models/environment/Farm/pumpkin-seeds.gltf","sha256":"de05c0302f4340690152ac7ebd694cb284429e962c9e3c4bd1157ad77502f7ad"},"animationNames":[],"boundingBox":{"min":{"x":-0.15622680208684836,"y":-0.022877655149445487,"z":-0.06859218126169281},"max":{"x":0.03122680208684836,"y":0.09162765514944549,"z":0.06859218126169281}},"nodeNames":["cube","root",""],"trimesh":{"vertices":[0.06564035266637802,0.03852926194667816,0.06859218329191208,0.05410046875476837,-0.0545046441257,0.06782646477222443,0.09372679889202118,0.03578124940395355,-0.020809508860111237,0.08218692243099213,-0.057252656668424606,-0.02157522179186344,-0.05410046875476837,0.0545046441257,-0.06782646477222443,-0.06564035266637802,-0.03852926194667816,-0.06859218329191208,-0.08218692243099213,0.057252656668424606,0.02157522179186344,-0.09372679889202118,-0.03578124940395355,0.020809508860111237,-0.05410046875476837,0.0545046441257,-0.06782646477222443,-0.08218692243099213,0.057252656668424606,0.02157522179186344,0.09372679889202118,0.03578124940395355,-0.020809508860111237,0.06564035266637802,0.03852926194667816,0.06859218329191208,-0.09372679889202118,-0.03578124940395355,0.020809508860111237,-0.06564035266637802,-0.03852926194667816,-0.06859218329191208,0.05410046875476837,-0.0545046441257,0.06782646477222443,0.08218692243099213,-0.057252656668424606,-0.02157522179186344,-0.08218692243099213,0.057252656668424606,0.02157522179186344,-0.09372679889202118,-0.03578124940395355,0.020809508860111237,0.06564035266637802,0.03852926194667816,0.06859218329191208,0.05410046875476837,-0.0545046441257,0.06782646477222443,0.09372679889202118,0.03578124940395355,-0.020809508860111237,0.08218692243099213,-0.057252656668424606,-0.02157522179186344,-0.05410046875476837,0.0545046441257,-0.06782646477222443,-0.06564035266637802,-0.03852926194667816,-0.06859218329191208],"indices":[0,1,2,1,3,2,4,5,6,5,7,6,8,9,10,9,11,10,12,13,14,13,15,14,16,17,18,17,19,18,20,21,22,21,23,22]}}