{"schemaVersion":1,"source":{"uri":"models/environment/Plains/grass.gltf","sha256":"6efea7f222bb961a5ca15761d4522622326e10ec38ce6e8c8e70ac4deab263ea"},"animationNames":["idle"],"boundingBox":{"min":{"x":-0.3535533905932738,"y":0,"z":-0.3535533905932739},"max":{"x":0.3535533905932738,"y":1,"z":0.3535533905932739}},"nodeNames":["plane","bone","plane","bone2","Grass",""],"trimesh":{"vertices":[0.5,0,0.5,0.5,0,-0.5,-0.5,0,-0.5,-0.5,0,0.5,0.5,0,0.5,0.5,0,-0.5,-0.5,0,-0.5,-0.5,0,0.5],"indices":[0,1,2,0,2,3,4,5,6,4,6,7]}}