{"schemaVersion":3,"source":{"uri":"models/environment/Plains/grass.gltf","sha256":"bec077f393fb0f689e32e57fe7338997274c8bc20a7426a36ba935dffa8ece02"},"animationNames":["idle"],"boundingBox":{"min":{"x":-0.3535533905932738,"y":0,"z":-0.3535533905932739},"max":{"x":0.3535533905932738,"y":1,"z":0.3535533905932739}},"nodeNames":["plane","bone","plane","bone2","Grass",""],"trimesh":{"vertices":[0.5,0,0.5,0.5,0,-0.5,-0.5,0,-0.5,-0.5,0,0.5,0.5,0,0.5,0.5,0,-0.5,-0.5,0,-0.5,-0.5,0,0.5],"indices":[0,1,2,0,2,3,4,5,6,4,6,7]}}