{"schemaVersion":4,"source":{"uri":"models/environment/Snow/bush-frosted.gltf","sha256":"08e7cf194a01baff840e8974f1c19412322b85c5c9f6eceaa377dbc4c9687493"},"animationNames":["idle"],"boundingBox":{"min":{"x":-0.65625,"y":-0.0010258331551211697,"z":-0.6562500014624535},"max":{"x":0.65625,"y":1.125,"z":0.6562500012665221}},"nodeNames":["cube","cube","cube","bone","cube","cube","cube","cube","bone2","cube","cube","bone3","cube","bone4","cube","bone5","cube","bone6","root",""],"trimesh":{"vertices":[0.625,0.5625,0,0.625,0.5625,0,0.625,-0.5625,0,-0.6875,0.5625,0,-0.6875,0.5625,0,-0.6875,-0.5625,0,-0.6875,0.5625,0,-0.6875,-0.5625,0,0.625,-0.5625,0,-0.6875,-0.5625,0,0.625,0.5625,0,-0.6875,0.5625,0,-0.6875,-0.5625,0,0.625,-0.5625,0,0.12333837151527405,0.3040708899497986,-0.12258534878492355,0.12333837151527405,0.3040708899497986,-0.12258534878492355,0.042457424104213715,0.042659539729356766,0.02834055759012699,0.4251902103424072,0.23402592539787292,-0.08214487880468369,0.4251902103424072,0.23402592539787292,-0.08214487880468369,0.3443092405796051,-0.027385421097278595,0.06878103315830231,0.12333837151527405,0.3040708899497986,-0.12258534878492355,0.4251902103424072,0.23402592539787292,-0.08214487880468369,0.12333837151527405,0.3040708899497986,-0.12258534878492355,0.042457424104213715,0.042659539729356766,0.02834055759012699,0.3443092405796051,-0.027385421097278595,0.06878103315830231,0.042457424104213715,0.042659539729356766,0.02834055759012699,0.3443092405796051,-0.027385421097278595,0.06878103315830231,0.4251902103424072,0.23402592539787292,-0.08214487880468369,0.12333837151527405,0.3040708899497986,-0.12258534878492355,0.042457424104213715,0.042659539729356766,0.02834055759012699,-0.12333837151527405,0.3040708899497986,0.12258534878492355,-0.12333837151527405,0.3040708899497986,0.12258534878492355,-0.042457424104213715,0.042659539729356766,-0.02834055759012699,-0.4251902103424072,0.23402592539787292,0.08214487880468369,-0.4251902103424072,0.23402592539787292,0.08214487880468369,-0.3443092405796051,-0.027385421097278595,-0.06878103315830231,-0.12333837151527405,0.3040708899497986,0.12258534878492355,-0.4251902103424072,0.23402592539787292,0.08214487880468369,-0.12333837151527405,0.3040708899497986,0.12258534878492355,-0.042457424104213715,0.042659539729356766,-0.02834055759012699,-0.3443092405796051,-0.027385421097278595,-0.06878103315830231,-0.042457424104213715,0.042659539729356766,-0.02834055759012699,-0.3443092405796051,-0.027385421097278595,-0.06878103315830231,-0.4251902103424072,0.23402592539787292,0.08214487880468369,-0.12333837151527405,0.3040708899497986,0.12258534878492355,-0.042457424104213715,0.042659539729356766,-0.02834055759012699,0.65625,1.125,0,0.65625,1.125,0,0.65625,0,0,-0.65625,1.125,0,-0.65625,1.125,0,-0.65625,0,0,-0.65625,1.125,0,-0.65625,0,0,0.65625,0,0,-0.65625,0,0,0.65625,1.125,0,-0.65625,1.125,0,-0.65625,0,0,0.65625,0,0,0.12333837151527405,0.6790708899497986,0.12258534878492355,0.12333837151527405,0.6790708899497986,0.12258534878492355,0.042457424104213715,0.41765955090522766,-0.02834055759012699,0.4251902103424072,0.6090258955955505,0.08214487880468369,0.4251902103424072,0.6090258955955505,0.08214487880468369,0.3443092405796051,0.347614586353302,-0.06878103315830231,0.4251902103424072,0.6090258955955505,0.08214487880468369,0.12333837151527405,0.6790708899497986,0.12258534878492355,0.4251902103424072,0.6090258955955505,0.08214487880468369,0.3443092405796051,0.347614586353302,-0.06878103315830231,0.042457424104213715,0.41765955090522766,-0.02834055759012699,0.3443092405796051,0.347614586353302,-0.06878103315830231,0.12333837151527405,0.6790708899497986,0.12258534878492355,0.4251902103424072,0.6090258955955505,0.08214487880468369,0.3443092405796051,0.347614586353302,-0.06878103315830231,0.042457424104213715,0.41765955090522766,-0.02834055759012699,-0.12333837151527405,0.6790708899497986,-0.12258534878492355,-0.12333837151527405,0.6790708899497986,-0.12258534878492355,-0.042457424104213715,0.41765955090522766,0.02834055759012699,-0.4251902103424072,0.6090258955955505,-0.08214487880468369,-0.4251902103424072,0.6090258955955505,-0.08214487880468369,-0.3443092405796051,0.347614586353302,0.06878103315830231,-0.4251902103424072,0.6090258955955505,-0.08214487880468369,-0.12333837151527405,0.6790708899497986,-0.12258534878492355,-0.4251902103424072,0.6090258955955505,-0.08214487880468369,-0.3443092405796051,0.347614586353302,0.06878103315830231,-0.042457424104213715,0.41765955090522766,0.02834055759012699,-0.3443092405796051,0.347614586353302,0.06878103315830231,-0.12333837151527405,0.6790708899497986,-0.12258534878492355,-0.4251902103424072,0.6090258955955505,-0.08214487880468369,-0.3443092405796051,0.347614586353302,0.06878103315830231,-0.042457424104213715,0.41765955090522766,0.02834055759012699,0.1881057322025299,0.40271130204200745,0.005277051590383053,0.1881057322025299,0.40271130204200745,0.005277051590383053,0.060230083763599396,0.14306972920894623,0.12313428521156311,0.4648699462413788,0.25861573219299316,-0.011877541430294514,0.4648699462413788,0.25861573219299316,-0.011877541430294514,0.33699432015419006,-0.0010258331894874573,0.10597969591617584,0.4648699462413788,0.25861573219299316,-0.011877541430294514,0.1881057322025299,0.40271130204200745,0.005277051590383053,0.4648699462413788,0.25861573219299316,-0.011877541430294514,0.33699432015419006,-0.0010258331894874573,0.10597969591617584,0.060230083763599396,0.14306972920894623,0.12313428521156311,0.33699432015419006,-0.0010258331894874573,0.10597969591617584,0.1881057322025299,0.40271130204200745,0.005277051590383053,0.4648699462413788,0.25861573219299316,-0.011877541430294514,0.33699432015419006,-0.0010258331894874573,0.10597969591617584,0.060230083763599396,0.14306972920894623,0.12313428521156311,0.15625,0.15625,0,0.15625,0.15625,0,0.15625,-0.15625,0,-0.15625,0.15625,0,-0.15625,0.15625,0,-0.15625,-0.15625,0,-0.15625,0.15625,0,0.15625,0.15625,0,-0.15625,0.15625,0,-0.15625,-0.15625,0,0.15625,-0.15625,0,-0.15625,-0.15625,0,0.15625,0.15625,0,-0.15625,0.15625,0,-0.15625,-0.15625,0,0.15625,-0.15625,0,0.6921263933181763,0.20401199162006378,-0.9140954613685608,0.6921263933181763,0.20401199162006378,-0.9140954613685608,0.5733099579811096,-0.618221640586853,-0.15551818907260895,-0.1807679831981659,0.9338014125823975,-0.259787380695343,-0.1807679831981659,0.9338014125823975,-0.259787380695343,-0.29958438873291016,0.11156777292490005,0.49878990650177,-0.1807679831981659,0.9338014125823975,-0.259787380695343,-0.29958438873291016,0.11156777292490005,0.49878990650177,0.5733099579811096,-0.618221640586853,-0.15551818907260895,-0.29958438873291016,0.11156777292490005,0.49878990650177,0.6921263933181763,0.20401199162006378,-0.9140954613685608,-0.1807679831981659,0.9338014125823975,-0.259787380695343,-0.29958438873291016,0.11156777292490005,0.49878990650177,0.5733099579811096,-0.618221640586853,-0.15551818907260895,0.65625,1.125,0,0.65625,1.125,0,0.65625,0,0,-0.65625,1.125,0,-0.65625,1.125,0,-0.65625,0,0,-0.65625,1.125,0,-0.65625,0,0,0.65625,0,0,-0.65625,0,0,0.65625,1.125,0,-0.65625,1.125,0,-0.65625,0,0,0.65625,0,0,0.65625,1.125,0,0.65625,1.125,0,0.65625,0,0,-0.65625,1.125,0,-0.65625,1.125,0,-0.65625,0,0,0.65625,1.125,0,0.65625,0,0,-0.65625,0,0,0.65625,0,0,-0.65625,0,0,-0.65625,1.125,0,0.65625,1.125,0,0.65625,0,0,0.65625,1.125,0,0.65625,1.125,0,0.65625,0,0,-0.65625,1.125,0,-0.65625,1.125,0,-0.65625,0,0,-0.65625,1.125,0,-0.65625,0,0,0.65625,0,0,-0.65625,0,0,0.65625,1.125,0,-0.65625,1.125,0,-0.65625,0,0,0.65625,0,0],