{"schemaVersion":4,"source":{"uri":"models/players/hair/hair-0001.gltf","sha256":"57047544e847e2430868ddc0d37d9525740a57ea6f511396e6ec0d1b750ae0c2"},"animationNames":[],"boundingBox":{"min":{"x":-0.2109375,"y":0.8984375,"z":-0.2109375},"max":{"x":0.2109375,"y":1.5078125,"z":0.3359375}},"nodeNames":["hair-0001-geo","hair-0001-extra-geo","head-anchor"],"trimesh":{"vertices":[0.2109375,0.2421875,0.1484375,0.2109375,-0.1796875,0.1484375,0.2109375,0.2421875,-0.2734375,0.2109375,-0.1796875,-0.2734375,-0.2109375,0.2421875,-0.2734375,-0.2109375,-0.1796875,-0.2734375,-0.2109375,0.2421875,0.1484375,-0.2109375,-0.1796875,0.1484375,-0.2109375,0.2421875,-0.2734375,-0.2109375,0.2421875,0.1484375,0.2109375,0.2421875,-0.2734375,0.2109375,0.2421875,0.1484375,-0.2109375,-0.1796875,0.1484375,-0.2109375,-0.1796875,-0.2734375,0.2109375,-0.1796875,0.1484375,0.2109375,-0.1796875,-0.2734375,-0.2109375,0.2421875,0.1484375,-0.2109375,-0.1796875,0.1484375,0.2109375,0.2421875,0.1484375,0.2109375,-0.1796875,0.1484375,0.2109375,0.2421875,-0.2734375,0.2109375,-0.1796875,-0.2734375,-0.2109375,0.2421875,-0.2734375,-0.2109375,-0.1796875,-0.2734375,0.1171875,0.3046875,0.2734375,0.1171875,-0.3046875,0.2734375,0.1171875,0.3046875,0.0703125,0.1171875,-0.3046875,0.0703125,-0.1171875,0.3046875,0.0703125,-0.1171875,-0.3046875,0.0703125,-0.1171875,0.3046875,0.2734375,-0.1171875,-0.3046875,0.2734375,-0.1171875,0.3046875,0.0703125,-0.1171875,0.3046875,0.2734375,0.1171875,0.3046875,0.0703125,0.1171875,0.3046875,0.2734375,-0.1171875,-0.3046875,0.2734375,-0.1171875,-0.3046875,0.0703125,0.1171875,-0.3046875,0.2734375,0.1171875,-0.3046875,0.0703125,-0.1171875,0.3046875,0.2734375,-0.1171875,-0.3046875,0.2734375,0.1171875,0.3046875,0.2734375,0.1171875,-0.3046875,0.2734375,0.1171875,0.3046875,0.0703125,0.1171875,-0.3046875,0.0703125,-0.1171875,0.3046875,0.0703125,-0.1171875,-0.3046875,0.0703125],"indices":[0,1,2,1,3,2,4,5,6,5,7,6,8,9,10,9,11,10,12,13,14,13,15,14,16,17,18,17,19,18,20,21,22,21,23,22,24,25,26,25,27,26,28,29,30,29,31,30,32,33,34,33,35,34,36,37,38,37,39,38,40,41,42,41,43,42,44,45,46,45,47,46]},"optimizedModelData":{"":{"meshCount":1},"-named-nodes":{"meshCount":2},"-no-animations":{"meshCount":1}}}