{"schemaVersion":4,"source":{"uri":"models/environment/Tropical/aquarium.gltf","sha256":"ae05e55134daf64c7110f3f5338add8ca3e3d4920b362492e8c485417892ad84"},"animationNames":[],"boundingBox":{"min":{"x":-0.5,"y":0,"z":-0.25},"max":{"x":0.5,"y":0.5625,"z":0.25}},"nodeNames":["cube","cube","cube","cube","cube","cube","cube","cube","cube","cube","cube","cube","cube","cube","cube","aquarium",""],"trimesh":{"vertices":[0.5,-0.21875,0.25,0.5,-0.28125,0.25,0.5,-0.21875,-0.25,0.5,-0.28125,-0.25,-0.5,-0.21875,-0.25,-0.5,-0.28125,-0.25,-0.5,-0.21875,0.25,-0.5,-0.28125,0.25,-0.5,-0.21875,-0.25,-0.5,-0.21875,0.25,0.5,-0.21875,-0.25,0.5,-0.21875,0.25,-0.5,-0.28125,0.25,-0.5,-0.28125,-0.25,0.5,-0.28125,0.25,0.5,-0.28125,-0.25,-0.5,-0.21875,0.25,-0.5,-0.28125,0.25,0.5,-0.21875,0.25,0.5,-0.28125,0.25,0.5,-0.21875,-0.25,0.5,-0.28125,-0.25,-0.5,-0.21875,-0.25,-0.5,-0.28125,-0.25,-0.46875,0.28125,0.25,-0.46875,0.21875,0.25,-0.46875,0.28125,-0.25,-0.46875,0.21875,-0.25,-0.5,0.28125,-0.25,-0.5,0.21875,-0.25,-0.5,0.28125,0.25,-0.5,0.21875,0.25,-0.5,0.28125,-0.25,-0.5,0.28125,0.25,-0.46875,0.28125,-0.25,-0.46875,0.28125,0.25,-0.5,0.21875,0.25,-0.5,0.21875,-0.25,-0.46875,0.21875,0.25,-0.46875,0.21875,-0.25,-0.5,0.28125,0.25,-0.5,0.21875,0.25,-0.46875,0.28125,0.25,-0.46875,0.21875,0.25,-0.46875,0.28125,-0.25,-0.46875,0.21875,-0.25,-0.5,0.28125,-0.25,-0.5,0.21875,-0.25,-0.1875,-0.125,0.125,-0.1875,-0.21875,0.125,-0.1875,-0.125,0,-0.1875,-0.21875,0,-0.3125,-0.125,0,-0.3125,-0.21875,0,-0.3125,-0.125,0.125,-0.3125,-0.21875,0.125,-0.3125,-0.125,0,-0.3125,-0.125,0.125,-0.1875,-0.125,0,-0.1875,-0.125,0.125,-0.3125,-0.21875,0.125,-0.3125,-0.21875,0,-0.1875,-0.21875,0.125,-0.1875,-0.21875,0,-0.3125,-0.125,0.125,-0.3125,-0.21875,0.125,-0.1875,-0.125,0.125,-0.1875,-0.21875,0.125,-0.1875,-0.125,0,-0.1875,-0.21875,0,-0.3125,-0.125,0,-0.3125,-0.21875,0,0.375,0.0625,0,0.375,-0.21875,0,0.375,0.0625,-0.1875,0.375,-0.21875,-0.1875,0.1875,0.0625,-0.1875,0.1875,-0.21875,-0.1875,0.1875,0.0625,0,0.1875,-0.21875,0,0.1875,0.0625,-0.1875,0.1875,0.0625,0,0.375,0.0625,-0.1875,0.375,0.0625,0,0.1875,-0.21875,0,0.1875,-0.21875,-0.1875,0.375,-0.21875,0,0.375,-0.21875,-0.1875,0.1875,0.0625,0,0.1875,-0.21875,0,0.375,0.0625,0,0.375,-0.21875,0,0.375,0.0625,-0.1875,0.375,-0.21875,-0.1875,0.1875,0.0625,-0.1875,0.1875,-0.21875,-0.1875,0.1875,-0.03125,-0.046875,0.1875,-0.125,-0.046875,0.1875,-0.03125,-0.140625,0.1875,-0.125,-0.140625,0,-0.03125,-0.140625,0,-0.125,-0.140625,0,-0.03125,-0.046875,0,-0.125,-0.046875,0,-0.03125,-0.140625,0,-0.03125,-0.046875,0.1875,-0.03125,-0.140625,0.1875,-0.03125,-0.046875,0,-0.125,-0.046875,0,-0.125,-0.140625,0.1875,-0.125,-0.046875,0.1875,-0.125,-0.140625,0,-0.03125,-0.046875,0,-0.125,-0.046875,0.1875,-0.03125,-0.046875,0.1875,-0.125,-0.046875,0.1875,-0.03125,-0.140625,0.1875,-0.125,-0.140625,0,-0.03125,-0.140625,0,-0.125,-0.140625,0.46875,0.28125,-0.21875,0.46875,0.21875,-0.21875,0.46875,0.28125,-0.25,0.46875,0.21875,-0.25,-0.46875,0.28125,-0.25,-0.46875,0.21875,-0.25,-0.46875,0.28125,-0.21875,-0.46875,0.21875,-0.21875,-0.46875,0.28125,-0.21875,0.46875,0.28125,-0.25,0.46875,0.28125,-0.21875,-0.46875,0.21875,-0.21875,0.46875,0.21875,-0.21875,0.46875,0.21875,-0.25,-0.46875,0.28125,-0.21875,-0.46875,0.21875,-0.21875,0.46875,0.28125,-0.21875,0.46875,0.21875,-0.21875,0.46875,0.28125,-0.25,0.46875,0.21875,-0.25,0.5,0.28125,0.25,0.5,0.21875,0.25,0.5,0.28125,-0.25,0.5,0.21875,-0.25,0.46875,0.28125,-0.25,0.46875,0.21875,-0.25,0.46875,0.28125,0.25,0.46875,0.21875,0.25,0.46875,0.28125,0.25,0.5,0.28125,-0.25,0.5,0.28125,0.25,0.46875,0.21875,0.25,0.5,0.21875,0.25,0.5,0.21875,-0.25,0.46875,0.28125,0.25,0.46875,0.21875,0.25,0.5,0.28125,0.25,0.5,0.21875,0.25,0.5,0.28125,-0.25,0.5,0.21875,-0.25,0.46875,0.28125,0.25,0.46875,0.21875,0.25,0.46875,0.28125,0.21875,0.46875,0.21875,0.21875,-0.46875,0.28125,0.21875,-0.46875,0.21875,0.21875,-0.46875,0.28125,0.25,-0.46875,0.21875,0.25,-0.46875,0.28125,0.21875,0.46875,0.28125,0.21875,-0.46875,0.21875,0.21875,0.46875,0.21875,0.21875,0.46875,0.28125,0.21875,0.46875,0.21875,0.21875,-0.46875,0.28125,0.21875,-0.46875,0.21875,0.21875,0.25,-0.125,0.125,0.25,-0.21875,0.125,0.25,-0.125,0,0.25,-0.21875,0,0.125,-0.125,0,0.125,-0.21875,0,0.125,-0.125,0.125,0.125,-0.21875,0.125,0.125,-0.125,0,0.125,-0.125,0.125,0.25,-0.125,0,0.25,-0.125,0.125,0.125,-0.21875,0.125,0.125,-0.21875,0,0.25,-0.21875,0.125,0.25,-0.21875,0,0.125,-0.125,0.125,0.125,-0.21875,0.125,0.25,-0.125,0.125,0.25,-0.21875,0.125,0.25,-0.125,0,0.25,-0.21875,0,0.125,-0.125,0,0.125,-0.21875,0,0.46875,0.21875,0.21875,0.46875,-0.21875,0.21875,0.46875,0.21875,-0.21875,0.46875,-0.21875,-0.21875,-0.46875,0.21875,-0.21875,-0.46875,-0.21875,-0.21875,-0.46875,0.21875,0.21875,-0.46875,-0.21875,0.21875,-0.46875,0.21875,-0.21875,-0.46875,0.21875,0.21875,0.46875,0.21875,-0.21875,0.46875,0.21875,0.21875,-0.46875,-0.21875,0.21875,-0.46875,-0.21875,-0.21875,0.46875,-0.21875,0.21875,0.46875,-0.21875,-0.21875,-0.46875,0.21875,0.21875,-0.46875,-0.21875,0.21875,0.46875,0.21875,0.21875,0.46875,-0.21875,0.21875,0.46875,0.21875,-0.21875,0.46875,-0.21875,-0.21875,-0.46875,0.21875,-0.21875,-0.46875,-0.21875,-0.21875,-0.21875,-0.0625,0,-0.21875,-0.21875,0,-0.21875,-0.0625,-0.1875,-0.21875,-0.21875,-0.1875,-0.40625,-0.0625,-0.1875,-0.40625,-0.21875,-0.1875,-0.40625,-0.0625,0,-0.40625,-0.21875,0,-0.40625,-0.0625,-0.1875,-0.40625,-0.0625,0,-0.21875,-0.0625,-0.1875,-0.21875,-0.0625,0,-0.40625,-0.21875,0,-0.40625,-0.21875,-0.1875,-0.21875,-0.21875,0,-0.21875,-0.21875,-0.1875,-0.40625,-0.0625,0,-0.40625,-0.21875,0,-0.21875,-0.0625,0,-0.21875,-0.21875,0,-0.21875,-0.0625,-0.1875,-0.21875,-0.21875,-0.1875,-0.40625,-0.0625,-0.1875,-0.40625,-0.21875,-0.1875,-0.03125,0.0625,-0.09375,-0.03125,0.0625,-0.09375,-0.03125,-0.1875,-0.09375,-0.28125,0.0625,-0.09375,-0.28125,0.0625,-0.09375,-0.28125,-0.1875,-0.09375,-0.03125,0.0625,-0.09375,-0.28125,0.0625,-0.09375,-0.03125,0.0625,-0.09375,-0.03125,-0.1875,-0.09375,-0.28125,-0.1875,-0.09375,-0.03125,-0.1875,-0.09375,-0.28125,-0.1875,-0.09375,-0.28125,0.0625,-0.09375,-0.03125,0.0625,-0.09375,-0.03125,-0.1875,-0.09375,0,-0.0625,-0.1875,0,-0.0625,-0.1875,0,-0.1875,-0.1875,-0.1875,-0.0625,-0.1875,-0.1875,-0.0625,-0.1875,-0.1875,-0.1875,-0.1875,0,-0.0625,-0.1875,-0.1875,-0.0625,-0.1875,0,-0.0625,-0.1875,0,-0.1875,-0.1875,-0.1875,-0.1875,-0.1875,0,-0.1875,-0.1875,-0.1875,-0.1875,-0.1875,-0.1875,-0.0625,-0.1875,0,-0.0625,-0.1875,0,-0.1875,-0.1875,0,-0.0625,0.1875,0,-0.0625,0.1875,0,-0.1875,0.1875,0.1875,-0.0625,0.1875,0.1875,-0.0625,0.1875,0.1875,-0.1875,0.1875,0,-0.0625,0.1875,0.1875,-0.0625,0.1875,0,-0.0625,0.1875,0,-0.1875,0.1875,0.1875,-0.1875,0.1875,0,-0.1875,0.1875,0.1875,-0.1875,0.1875,0.1875,-0.0625,0.1875,0,-0.0625,0.1875,0,-0.1875,0.1875,-0.15625,0.09375,0.09375,-0.15625,0.09375,0.09375,-0.15625,-0.03125,0.09375,-0.34375,0.09375,0.09375,-0.34375,0.09375,0.09375,-0.34375,-0.03125,0.09375,-0.34375,0.09375,0.09375,-0.15625,0.09375,0.09375,-0.34375,0.09375,0.09375,-0.34375,-0.03125,0.09375,-0.15625,-0.03125,0.09375,-0.34375,-0.03125,0.09375,-0.15625,0.09375,0.09375,-0.34375,0.09375,0.09375,-0.34375,-0.03125,0.09375,-0.15625,-0.03125,0.09375],