{"schemaVersion":4,"source":{"uri":"models/environment/House/lantern.gltf","sha256":"0cad75075d36196489ec551394d7e46d326b2cbf34a7bb62562398c293761f52"},"animationNames":["idle","interact"],"boundingBox":{"min":{"x":-0.1312499985098839,"y":0,"z":-0.1312499985098839},"max":{"x":0.13124999701976792,"y":0.5607499985694885,"z":0.13124999701976775}},"nodeNames":["cube","cube","cube","root","cube","cube","cube","root2",""],"trimesh":{"vertices":[0.17499999701976776,0.3499999940395355,0.17499999701976776,0.17499999701976776,0,0.17499999701976776,0.17499999701976776,0.3499999940395355,-0.08749999850988388,0.17499999701976776,0,-0.08749999850988388,-0.08749999850988388,0.3499999940395355,-0.08749999850988388,-0.08749999850988388,0,-0.08749999850988388,-0.08749999850988388,0.3499999940395355,0.17499999701976776,-0.08749999850988388,0,0.17499999701976776,-0.08749999850988388,0.3499999940395355,-0.08749999850988388,-0.08749999850988388,0.3499999940395355,0.17499999701976776,0.17499999701976776,0.3499999940395355,-0.08749999850988388,0.17499999701976776,0.3499999940395355,0.17499999701976776,-0.08749999850988388,0,0.17499999701976776,-0.08749999850988388,0,-0.08749999850988388,0.17499999701976776,0,0.17499999701976776,0.17499999701976776,0,-0.08749999850988388,-0.08749999850988388,0.3499999940395355,0.17499999701976776,-0.08749999850988388,0,0.17499999701976776,0.17499999701976776,0.3499999940395355,0.17499999701976776,0.17499999701976776,0,0.17499999701976776,0.17499999701976776,0.3499999940395355,-0.08749999850988388,0.17499999701976776,0,-0.08749999850988388,-0.08749999850988388,0.3499999940395355,-0.08749999850988388,-0.08749999850988388,0,-0.08749999850988388,0.13124999403953552,0.4375,0.13124999403953552,0.13124999403953552,0.3499999940395355,0.13124999403953552,0.13124999403953552,0.4375,-0.04374999925494194,0.13124999403953552,0.3499999940395355,-0.04374999925494194,-0.04374999925494194,0.4375,-0.04374999925494194,-0.04374999925494194,0.3499999940395355,-0.04374999925494194,-0.04374999925494194,0.4375,0.13124999403953552,-0.04374999925494194,0.3499999940395355,0.13124999403953552,-0.04374999925494194,0.4375,-0.04374999925494194,-0.04374999925494194,0.4375,0.13124999403953552,0.13124999403953552,0.4375,-0.04374999925494194,0.13124999403953552,0.4375,0.13124999403953552,-0.04374999925494194,0.3499999940395355,0.13124999403953552,-0.04374999925494194,0.3499999940395355,-0.04374999925494194,0.13124999403953552,0.3499999940395355,0.13124999403953552,0.13124999403953552,0.3499999940395355,-0.04374999925494194,-0.04374999925494194,0.4375,0.13124999403953552,-0.04374999925494194,0.3499999940395355,0.13124999403953552,0.13124999403953552,0.4375,0.13124999403953552,0.13124999403953552,0.3499999940395355,0.13124999403953552,0.13124999403953552,0.4375,-0.04374999925494194,0.13124999403953552,0.3499999940395355,-0.04374999925494194,-0.04374999925494194,0.4375,-0.04374999925494194,-0.04374999925494194,0.3499999940395355,-0.04374999925494194,-0.04348929971456528,0.5607500076293945,-0.04348929971456528,-0.04348929971456528,0.5607500076293945,-0.04348929971456528,-0.04348929971456528,0.3140000104904175,-0.04348929971456528,0.13098929822444916,0.5607500076293945,0.13098929822444916,0.13098929822444916,0.5607500076293945,0.13098929822444916,0.13098929822444916,0.3140000104904175,0.13098929822444916,-0.04348929971456528,0.5607500076293945,-0.04348929971456528,0.13098929822444916,0.5607500076293945,0.13098929822444916,-0.04348929971456528,0.5607500076293945,-0.04348929971456528,-0.04348929971456528,0.3140000104904175,-0.04348929971456528,0.13098929822444916,0.3140000104904175,0.13098929822444916,-0.04348929971456528,0.3140000104904175,-0.04348929971456528,0.13098929822444916,0.3140000104904175,0.13098929822444916,0.13098929822444916,0.5607500076293945,0.13098929822444916,-0.04348929971456528,0.5607500076293945,-0.04348929971456528,-0.04348929971456528,0.3140000104904175,-0.04348929971456528,0.17499999701976776,0.3499999940395355,0.17499999701976776,0.17499999701976776,0,0.17499999701976776,0.17499999701976776,0.3499999940395355,-0.08749999850988388,0.17499999701976776,0,-0.08749999850988388,-0.08749999850988388,0.3499999940395355,-0.08749999850988388,-0.08749999850988388,0,-0.08749999850988388,-0.08749999850988388,0.3499999940395355,0.17499999701976776,-0.08749999850988388,0,0.17499999701976776,-0.08749999850988388,0.3499999940395355,-0.08749999850988388,-0.08749999850988388,0.3499999940395355,0.17499999701976776,0.17499999701976776,0.3499999940395355,-0.08749999850988388,0.17499999701976776,0.3499999940395355,0.17499999701976776,-0.08749999850988388,0,0.17499999701976776,-0.08749999850988388,0,-0.08749999850988388,0.17499999701976776,0,0.17499999701976776,0.17499999701976776,0,-0.08749999850988388,-0.08749999850988388,0.3499999940395355,0.17499999701976776,-0.08749999850988388,0,0.17499999701976776,0.17499999701976776,0.3499999940395355,0.17499999701976776,0.17499999701976776,0,0.17499999701976776,0.17499999701976776,0.3499999940395355,-0.08749999850988388,0.17499999701976776,0,-0.08749999850988388,-0.08749999850988388,0.3499999940395355,-0.08749999850988388,-0.08749999850988388,0,-0.08749999850988388,0.13124999403953552,0.4375,0.13124999403953552,0.13124999403953552,0.3499999940395355,0.13124999403953552,0.13124999403953552,0.4375,-0.04374999925494194,0.13124999403953552,0.3499999940395355,-0.04374999925494194,-0.04374999925494194,0.4375,-0.04374999925494194,-0.04374999925494194,0.3499999940395355,-0.04374999925494194,-0.04374999925494194,0.4375,0.13124999403953552,-0.04374999925494194,0.3499999940395355,0.13124999403953552,-0.04374999925494194,0.4375,-0.04374999925494194,-0.04374999925494194,0.4375,0.13124999403953552,0.13124999403953552,0.4375,-0.04374999925494194,0.13124999403953552,0.4375,0.13124999403953552,-0.04374999925494194,0.3499999940395355,0.13124999403953552,-0.04374999925494194,0.3499999940395355,-0.04374999925494194,0.13124999403953552,0.3499999940395355,0.13124999403953552,0.13124999403953552,0.3499999940395355,-0.04374999925494194,-0.04374999925494194,0.4375,0.13124999403953552,-0.04374999925494194,0.3499999940395355,0.13124999403953552,0.13124999403953552,0.4375,0.13124999403953552,0.13124999403953552,0.3499999940395355,0.13124999403953552,0.13124999403953552,0.4375,-0.04374999925494194,0.13124999403953552,0.3499999940395355,-0.04374999925494194,-0.04374999925494194,0.4375,-0.04374999925494194,-0.04374999925494194,0.3499999940395355,-0.04374999925494194,0.13098929822444916,0.559624969959259,0.13098929822444916,0.13098929822444916,0.559624969959259,0.13098929822444916,0.13098929822444916,0.31287500262260437,0.13098929822444916,-0.04348929971456528,0.559624969959259,-0.04348929971456528,-0.04348929971456528,0.559624969959259,-0.04348929971456528,-0.04348929971456528,0.31287500262260437,-0.04348929971456528,0.13098929822444916,0.559624969959259,0.13098929822444916,-0.04348929971456528,0.559624969959259,-0.04348929971456528,0.13098929822444916,0.559624969959259,0.13098929822444916,0.13098929822444916,0.31287500262260437,0.13098929822444916,-0.04348929971456528,0.31287500262260437,-0.04348929971456528,0.13098929822444916,0.31287500262260437,0.13098929822444916,-0.04348929971456528,0.31287500262260437,-0.04348929971456528,-0.04348929971456528,0.559624969959259,-0.04348929971456528,0.13098929822444916,0.559624969959259,0.13098929822444916,0.13098929822444916,0.31287500262260437,0.13098929822444916],