{"schemaVersion":4,"source":{"uri":"models/environment/Dungeon/candles-3.gltf","sha256":"d28aa220ce2629cbb4b59c603f5f940c375ed618e89c7ff84292b1662ea07bd1"},"animationNames":[],"boundingBox":{"min":{"x":-0.3125,"y":0,"z":-0.1875},"max":{"x":0.125,"y":0.375,"z":0.125}},"nodeNames":["cube","cube","cube","cube","cube","cube","candles_3","root",""],"trimesh":{"vertices":[0.21875,0.0625,0.15625,0.21875,-0.1875,0.15625,0.21875,0.0625,-0.09375,0.21875,-0.1875,-0.09375,-0.03125,0.0625,-0.09375,-0.03125,-0.1875,-0.09375,-0.03125,0.0625,0.15625,-0.03125,-0.1875,0.15625,-0.03125,0.0625,-0.09375,-0.03125,0.0625,0.15625,0.21875,0.0625,-0.09375,0.21875,0.0625,0.15625,-0.03125,-0.1875,0.15625,-0.03125,-0.1875,-0.09375,0.21875,-0.1875,0.15625,0.21875,-0.1875,-0.09375,-0.03125,0.0625,0.15625,-0.03125,-0.1875,0.15625,0.21875,0.0625,0.15625,0.21875,-0.1875,0.15625,0.21875,0.0625,-0.09375,0.21875,-0.1875,-0.09375,-0.03125,0.0625,-0.09375,-0.03125,-0.1875,-0.09375,-0.03125,0,0.03125,-0.03125,-0.1875,0.03125,-0.03125,0,-0.15625,-0.03125,-0.1875,-0.15625,-0.21875,0,-0.15625,-0.21875,-0.1875,-0.15625,-0.21875,0,0.03125,-0.21875,-0.1875,0.03125,-0.21875,0,-0.15625,-0.21875,0,0.03125,-0.03125,0,-0.15625,-0.03125,0,0.03125,-0.21875,-0.1875,0.03125,-0.21875,-0.1875,-0.15625,-0.03125,-0.1875,0.03125,-0.03125,-0.1875,-0.15625,-0.21875,0,0.03125,-0.21875,-0.1875,0.03125,-0.03125,0,0.03125,-0.03125,-0.1875,0.03125,-0.03125,0,-0.15625,-0.03125,-0.1875,-0.15625,-0.21875,0,-0.15625,-0.21875,-0.1875,-0.15625,0.125,0.1875,0.03125,0.125,0.1875,0.03125,0.125,0.0625,0.03125,0.0625,0.1875,0.03125,0.0625,0.1875,0.03125,0.0625,0.0625,0.03125,0.125,0.1875,0.03125,0.125,0.1875,0.03125,0.125,0.0625,0.03125,0.0625,0.0625,0.03125,0.125,0.0625,0.03125,0.0625,0.0625,0.03125,0.0625,0.1875,0.03125,0.125,0.1875,0.03125,0.125,0.0625,0.03125,0.09375,0.1875,0,0.09375,0.1875,0,0.09375,0.0625,0,0.09375,0.1875,0.0625,0.09375,0.1875,0.0625,0.09375,0.0625,0.0625,0.09375,0.1875,0,0.09375,0.1875,0,0.09375,0.0625,0,0.09375,0.0625,0.0625,0.09375,0.0625,0,0.09375,0.0625,0.0625,0.09375,0.1875,0.0625,0.09375,0.1875,0,0.09375,0.0625,0,-0.125,0.125,-0.09375,-0.125,0.125,-0.09375,-0.125,0,-0.09375,-0.125,0.125,-0.03125,-0.125,0.125,-0.03125,-0.125,0,-0.03125,-0.125,0.125,-0.09375,-0.125,0.125,-0.09375,-0.125,0,-0.09375,-0.125,0,-0.03125,-0.125,0,-0.09375,-0.125,0,-0.03125,-0.125,0.125,-0.03125,-0.125,0.125,-0.09375,-0.125,0,-0.09375,-0.09375,0.125,-0.0625,-0.09375,0.125,-0.0625,-0.09375,0,-0.0625,-0.15625,0.125,-0.0625,-0.15625,0.125,-0.0625,-0.15625,0,-0.0625,-0.09375,0.125,-0.0625,-0.09375,0.125,-0.0625,-0.09375,0,-0.0625,-0.15625,0,-0.0625,-0.09375,0,-0.0625,-0.15625,0,-0.0625,-0.15625,0.125,-0.0625,-0.09375,0.125,-0.0625,-0.09375,0,-0.0625],"indices":[0,1,2,1,3,2,4,5,6,5,7,6,8,9,10,9,11,10,12,13,14,13,15,14,16,17,18,17,19,18,20,21,22,21,23,22,24,25,26,25,27,26,28,29,30,29,31,30,32,33,34,33,35,34,36,37,38,37,39,38,40,41,42,41,43,42,44,45,46,45,47,46,48,49,50,48,50,50,51,52,53,51,53,53,54,51,55,54,55,51,56,57,58,56,58,57,59,60,61,59,61,62,63,64,65,63,65,65,66,67,68,66,68,68,69,66,70,69,70,66,71,72,73,71,73,72,74,75,76,74,76,77,78,79,80,78,80,80,81,82,83,81,83,83,84,81,85,84,85,81,86,87,88,86,88,87,89,90,91,89,91,92,93,94,95,93,95,95,96,97,98,96,98,98,99,96,100,99,100,96,101,102,103,101,103,102,104,105,106,104,106,107]},"optimizedModelData":{"":{"meshCount":1},"-named-nodes":{"meshCount":3},"-no-animations":{"meshCount":1}}}