{"schemaVersion":4,"source":{"uri":"models/environment/Gameplay/coin-bundle.gltf","sha256":"faf315d95b91181e81ecdca5fe06e46ca9c655d1488396c5ab974daa03564d9b"},"animationNames":[],"boundingBox":{"min":{"x":-0.2209708691207961,"y":0,"z":-0.21875},"max":{"x":0.2209708691207961,"y":0.6272208691207961,"z":0.21875}},"nodeNames":["cube","cube","cube","cube","coin_bundle",""],"trimesh":{"vertices":[-1.3877787807814457e-17,0.3136104345321655,0.0625,0.22097086906433105,0.09263956546783447,0.0625,-1.3877787807814457e-17,0.3136104345321655,-0.0625,0.22097086906433105,0.09263956546783447,-0.0625,-0.22097086906433105,0.09263956546783447,-0.0625,1.3877787807814457e-17,-0.12833130359649658,-0.0625,-0.22097086906433105,0.09263956546783447,0.0625,1.3877787807814457e-17,-0.12833130359649658,0.0625,-0.22097086906433105,0.09263956546783447,-0.0625,-0.22097086906433105,0.09263956546783447,0.0625,-1.3877787807814457e-17,0.3136104345321655,-0.0625,-1.3877787807814457e-17,0.3136104345321655,0.0625,1.3877787807814457e-17,-0.12833130359649658,0.0625,1.3877787807814457e-17,-0.12833130359649658,-0.0625,0.22097086906433105,0.09263956546783447,0.0625,0.22097086906433105,0.09263956546783447,-0.0625,-0.22097086906433105,0.09263956546783447,0.0625,1.3877787807814457e-17,-0.12833130359649658,0.0625,-1.3877787807814457e-17,0.3136104345321655,0.0625,0.22097086906433105,0.09263956546783447,0.0625,-1.3877787807814457e-17,0.3136104345321655,-0.0625,0.22097086906433105,0.09263956546783447,-0.0625,-0.22097086906433105,0.09263956546783447,-0.0625,1.3877787807814457e-17,-0.12833130359649658,-0.0625,0.21875,0.061389561742544174,0.21875,0.21875,-0.0011104355799034238,0.21875,0.21875,0.061389561742544174,-0.21875,0.21875,-0.0011104355799034238,-0.21875,-0.21875,0.061389561742544174,-0.21875,-0.21875,-0.0011104355799034238,-0.21875,-0.21875,0.061389561742544174,0.21875,-0.21875,-0.0011104355799034238,0.21875,-0.21875,0.061389561742544174,-0.21875,-0.21875,0.061389561742544174,0.21875,0.21875,0.061389561742544174,-0.21875,0.21875,0.061389561742544174,0.21875,-0.21875,-0.0011104355799034238,0.21875,-0.21875,-0.0011104355799034238,-0.21875,0.21875,-0.0011104355799034238,0.21875,0.21875,-0.0011104355799034238,-0.21875,-0.21875,0.061389561742544174,0.21875,-0.21875,-0.0011104355799034238,0.21875,0.21875,0.061389561742544174,0.21875,0.21875,-0.0011104355799034238,0.21875,0.21875,0.061389561742544174,-0.21875,0.21875,-0.0011104355799034238,-0.21875,-0.21875,0.061389561742544174,-0.21875,-0.21875,-0.0011104355799034238,-0.21875,0.15625,-0.0011104329023510218,0.15625,0.15625,-0.06361043453216553,0.15625,0.15625,-0.0011104329023510218,-0.15625,0.15625,-0.06361043453216553,-0.15625,-0.15625,-0.0011104329023510218,-0.15625,-0.15625,-0.06361043453216553,-0.15625,-0.15625,-0.0011104329023510218,0.15625,-0.15625,-0.06361043453216553,0.15625,-0.15625,-0.0011104329023510218,-0.15625,-0.15625,-0.0011104329023510218,0.15625,0.15625,-0.0011104329023510218,-0.15625,0.15625,-0.0011104329023510218,0.15625,-0.15625,-0.06361043453216553,0.15625,-0.15625,-0.06361043453216553,-0.15625,0.15625,-0.06361043453216553,0.15625,0.15625,-0.06361043453216553,-0.15625,-0.15625,-0.0011104329023510218,0.15625,-0.15625,-0.06361043453216553,0.15625,0.15625,-0.0011104329023510218,0.15625,0.15625,-0.06361043453216553,0.15625,0.15625,-0.0011104329023510218,-0.15625,0.15625,-0.06361043453216553,-0.15625,-0.15625,-0.0011104329023510218,-0.15625,-0.15625,-0.06361043453216553,-0.15625,0.1875,-0.06361042708158493,0.1875,0.1875,-0.3136104345321655,0.1875,0.1875,-0.06361042708158493,-0.1875,0.1875,-0.3136104345321655,-0.1875,-0.1875,-0.06361042708158493,-0.1875,-0.1875,-0.3136104345321655,-0.1875,-0.1875,-0.06361042708158493,0.1875,-0.1875,-0.3136104345321655,0.1875,-0.1875,-0.06361042708158493,-0.1875,-0.1875,-0.06361042708158493,0.1875,0.1875,-0.06361042708158493,-0.1875,0.1875,-0.06361042708158493,0.1875,-0.1875,-0.3136104345321655,0.1875,-0.1875,-0.3136104345321655,-0.1875,0.1875,-0.3136104345321655,0.1875,0.1875,-0.3136104345321655,-0.1875,-0.1875,-0.06361042708158493,0.1875,-0.1875,-0.3136104345321655,0.1875,0.1875,-0.06361042708158493,0.1875,0.1875,-0.3136104345321655,0.1875,0.1875,-0.06361042708158493,-0.1875,0.1875,-0.3136104345321655,-0.1875,-0.1875,-0.06361042708158493,-0.1875,-0.1875,-0.3136104345321655,-0.1875],"indices":[0,1,2,1,3,2,4,5,6,5,7,6,8,9,10,9,11,10,12,13,14,13,15,14,16,17,18,17,19,18,20,21,22,21,23,22,24,25,26,25,27,26,28,29,30,29,31,30,32,33,34,33,35,34,36,37,38,37,39,38,40,41,42,41,43,42,44,45,46,45,47,46,48,49,50,49,51,50,52,53,54,53,55,54,56,57,58,57,59,58,60,61,62,61,63,62,64,65,66,65,67,66,68,69,70,69,71,70,72,73,74,73,75,74,76,77,78,77,79,78,80,81,82,81,83,82,84,85,86,85,87,86,88,89,90,89,91,90,92,93,94,93,95,94]},"optimizedModelData":{"":{"meshCount":1},"-named-nodes":{"meshCount":4},"-no-animations":{"meshCount":1}}}