{"schemaVersion":4,"source":{"uri":"models/environment/Snow/snowman.gltf","sha256":"2f786b2ba3ce096549afa2597b00b45906e376c7ddc3ae700944a16b876c5985"},"animationNames":[],"boundingBox":{"min":{"x":-1.026882938682637,"y":0,"z":-0.5},"max":{"x":0.875,"y":1.5511362847327872,"z":0.375}},"nodeNames":["cube","cube","cube","cube","cube","cube","root",""],"trimesh":{"vertices":[0.4509414732456207,-0.1505681425333023,0.4375,0.4509414732456207,-0.7755681276321411,0.4375,0.4509414732456207,-0.1505681425333023,-0.3125,0.4509414732456207,-0.7755681276321411,-0.3125,-0.2990585267543793,-0.1505681425333023,-0.3125,-0.2990585267543793,-0.7755681276321411,-0.3125,-0.2990585267543793,-0.1505681425333023,0.4375,-0.2990585267543793,-0.7755681276321411,0.4375,-0.2990585267543793,-0.1505681425333023,-0.3125,-0.2990585267543793,-0.1505681425333023,0.4375,0.4509414732456207,-0.1505681425333023,-0.3125,0.4509414732456207,-0.1505681425333023,0.4375,-0.2990585267543793,-0.7755681276321411,0.4375,-0.2990585267543793,-0.7755681276321411,-0.3125,0.4509414732456207,-0.7755681276321411,0.4375,0.4509414732456207,-0.7755681276321411,-0.3125,-0.2990585267543793,-0.1505681425333023,0.4375,-0.2990585267543793,-0.7755681276321411,0.4375,0.4509414732456207,-0.1505681425333023,0.4375,0.4509414732456207,-0.7755681276321411,0.4375,0.4509414732456207,-0.1505681425333023,-0.3125,0.4509414732456207,-0.7755681276321411,-0.3125,-0.2990585267543793,-0.1505681425333023,-0.3125,-0.2990585267543793,-0.7755681276321411,-0.3125,0.3685680329799652,0.7319903373718262,0.3125,0.3249901533126831,0.23389290273189545,0.3125,0.3685680329799652,0.7319903373718262,-0.1875,0.3249901533126831,0.23389290273189545,-0.1875,-0.12952932715415955,0.7755681276321411,-0.1875,-0.17310720682144165,0.27747082710266113,-0.1875,-0.12952932715415955,0.7755681276321411,0.3125,-0.17310720682144165,0.27747082710266113,0.3125,-0.12952932715415955,0.7755681276321411,-0.1875,-0.12952932715415955,0.7755681276321411,0.3125,0.3685680329799652,0.7319903373718262,-0.1875,0.3685680329799652,0.7319903373718262,0.3125,-0.17310720682144165,0.27747082710266113,0.3125,-0.17310720682144165,0.27747082710266113,-0.1875,0.3249901533126831,0.23389290273189545,0.3125,0.3249901533126831,0.23389290273189545,-0.1875,-0.12952932715415955,0.7755681276321411,0.3125,-0.17310720682144165,0.27747082710266113,0.3125,0.3685680329799652,0.7319903373718262,0.3125,0.3249901533126831,0.23389290273189545,0.3125,0.3685680329799652,0.7319903373718262,-0.1875,0.3249901533126831,0.23389290273189545,-0.1875,-0.12952932715415955,0.7755681276321411,-0.1875,-0.17310720682144165,0.27747082710266113,-0.1875,0.3884414732456207,0.2869318723678589,0.375,0.3884414732456207,-0.1505681425333023,0.375,0.3884414732456207,0.2869318723678589,-0.25,0.3884414732456207,-0.1505681425333023,-0.25,-0.23655852675437927,0.2869318723678589,-0.25,-0.23655852675437927,-0.1505681425333023,-0.25,-0.23655852675437927,0.2869318723678589,0.375,-0.23655852675437927,-0.1505681425333023,0.375,-0.23655852675437927,0.2869318723678589,-0.25,-0.23655852675437927,0.2869318723678589,0.375,0.3884414732456207,0.2869318723678589,-0.25,0.3884414732456207,0.2869318723678589,0.375,-0.23655852675437927,-0.1505681425333023,0.375,-0.23655852675437927,-0.1505681425333023,-0.25,0.3884414732456207,-0.1505681425333023,0.375,0.3884414732456207,-0.1505681425333023,-0.25,-0.23655852675437927,0.2869318723678589,0.375,-0.23655852675437927,-0.1505681425333023,0.375,0.3884414732456207,0.2869318723678589,0.375,0.3884414732456207,-0.1505681425333023,0.375,0.3884414732456207,0.2869318723678589,-0.25,0.3884414732456207,-0.1505681425333023,-0.25,-0.23655852675437927,0.2869318723678589,-0.25,-0.23655852675437927,-0.1505681425333023,-0.25,0.2634414732456207,0.4744318723678589,0.0625,0.2634414732456207,0.4744318723678589,0.0625,0.2634414732456207,-0.1505681425333023,0.0625,0.9509414434432983,0.4744318723678589,0.0625,0.9509414434432983,0.4744318723678589,0.0625,0.9509414434432983,-0.1505681425333023,0.0625,0.9509414434432983,0.4744318723678589,0.0625,0.9509414434432983,-0.1505681425333023,0.0625,0.2634414732456207,-0.1505681425333023,0.0625,0.9509414434432983,-0.1505681425333023,0.0625,0.2634414732456207,0.4744318723678589,0.0625,0.9509414434432983,0.4744318723678589,0.0625,0.9509414434432983,-0.1505681425333023,0.0625,0.2634414732456207,-0.1505681425333023,0.0625,-0.35554900765419006,0.515697717666626,0.0625,-0.35554900765419006,0.515697717666626,0.0625,-0.043049003928899765,-0.025568142533302307,0.0625,-0.9509415030479431,0.17194776237010956,0.0625,-0.9509415030479431,0.17194776237010956,0.0625,-0.6384415030479431,-0.3693181276321411,0.0625,-0.35554900765419006,0.515697717666626,0.0625,-0.043049003928899765,-0.025568142533302307,0.0625,-0.6384415030479431,-0.3693181276321411,0.0625,-0.043049003928899765,-0.025568142533302307,0.0625,-0.6384415030479431,-0.3693181276321411,0.0625,-0.9509415030479431,0.17194776237010956,0.0625,-0.35554900765419006,0.515697717666626,0.0625,-0.043049003928899765,-0.025568142533302307,0.0625,0.16543981432914734,0.5615454912185669,-0.1875,0.15454533696174622,0.4370211362838745,-0.1875,0.16543981432914734,0.5615454912185669,-0.4375,0.15454533696174622,0.4370211362838745,-0.4375,0.04091547057032585,0.5724399089813232,-0.4375,0.030021002516150475,0.44791555404663086,-0.4375,0.04091547057032585,0.5724399089813232,-0.1875,0.030021002516150475,0.44791555404663086,-0.1875,0.04091547057032585,0.5724399089813232,-0.4375,0.04091547057032585,0.5724399089813232,-0.1875,0.16543981432914734,0.5615454912185669,-0.4375,0.16543981432914734,0.5615454912185669,-0.1875,0.030021002516150475,0.44791555404663086,-0.1875,0.030021002516150475,0.44791555404663086,-0.4375,0.15454533696174622,0.4370211362838745,-0.1875,0.15454533696174622,0.4370211362838745,-0.4375,0.04091547057032585,0.5724399089813232,-0.1875,0.030021002516150475,0.44791555404663086,-0.1875,0.16543981432914734,0.5615454912185669,-0.1875,0.15454533696174622,0.4370211362838745,-0.1875,0.16543981432914734,0.5615454912185669,-0.4375,0.15454533696174622,0.4370211362838745,-0.4375,0.04091547057032585,0.5724399089813232,-0.4375,0.030021002516150475,0.44791555404663086,-0.4375],"indices":[0,1,2,1,3,2,4,5,6,5,7,6,8,9,10,9,11,10,12,13,14,13,15,14,16,17,18,17,19,18,20,21,22,21,23,22,24,25,26,25,27,26,28,29,30,29,31,30,32,33,34,33,35,34,36,37,38,37,39,38,40,41,42,41,43,42,44,45,46,45,47,46,48,49,50,49,51,50,52,53,54,53,55,54,56,57,58,57,59,58,60,61,62,61,63,62,64,65,66,65,67,66,68,69,70,69,71,70,72,73,74,72,74,74,75,76,77,75,77,77,75,72,72,75,72,78,79,80,80,79,80,81,82,83,84,82,84,85,86,87,88,86,88,88,89,90,91,89,91,91,86,89,92,86,92,89,93,94,95,93,95,94,96,97,98,96,98,99,100,101,102,101,103,102,104,105,106,105,107,106,108,109,110,109,111,110,112,113,114,113,115,114,116,117,118,117,119,118,120,121,122,121,123,122]},"optimizedModelData":{"":{"meshCount":1},"-named-nodes":{"meshCount":6},"-no-animations":{"meshCount":1}}}