{"schemaVersion":4,"source":{"uri":"models/npcs/enemies/stalker.gltf","sha256":"07b89fa6a0796e4fa2c2ccbd7aa6ef508d824d567d364e9a1fece29c5ce6e520"},"animationNames":["idle","walk"],"boundingBox":{"min":{"x":-0.578125,"y":-0.03669349999344709,"z":-0.5596008781378441},"max":{"x":0.578125,"y":1.515625,"z":0.578125}},"nodeNames":["cube","cube","cube","cube","cube","cube","cube","cube","cube","cube","cube","cube","cube","body","cube","cube","leg_front_left","leg_front_left_ext","cube","cube","leg_front_right","leg_front_right_ext","legs_front","cube","cube","leg_back_left","leg_back_left_ext","cube","cube","leg_back_right","leg_back_right_ext","legs_back","legs","body_main","root"],"trimesh":{"vertices":[0.265625,0.515625,0.265625,0.265625,-0.515625,0.265625,0.265625,0.515625,-0.265625,0.265625,-0.515625,-0.265625,-0.265625,0.515625,-0.265625,-0.265625,-0.515625,-0.265625,-0.265625,0.515625,0.265625,-0.265625,-0.515625,0.265625,-0.265625,0.515625,-0.265625,-0.265625,0.515625,0.265625,0.265625,0.515625,-0.265625,0.265625,0.515625,0.265625,-0.265625,-0.515625,0.265625,-0.265625,-0.515625,-0.265625,0.265625,-0.515625,0.265625,0.265625,-0.515625,-0.265625,-0.265625,0.515625,0.265625,-0.265625,-0.515625,0.265625,0.265625,0.515625,0.265625,0.265625,-0.515625,0.265625,0.265625,0.515625,-0.265625,0.265625,-0.515625,-0.265625,-0.265625,0.515625,-0.265625,-0.265625,-0.515625,-0.265625,0.265625,0.671875,0.265625,0.265625,0.515625,0.265625,0.265625,0.671875,-0.265625,0.265625,0.515625,-0.265625,-0.265625,0.671875,-0.265625,-0.265625,0.515625,-0.265625,-0.265625,0.671875,0.265625,-0.265625,0.515625,0.265625,-0.265625,0.671875,-0.265625,-0.265625,0.671875,0.265625,0.265625,0.671875,-0.265625,0.265625,0.671875,0.265625,-0.265625,0.515625,0.265625,-0.265625,0.515625,-0.265625,0.265625,0.515625,0.265625,0.265625,0.515625,-0.265625,-0.265625,0.671875,0.265625,-0.265625,0.515625,0.265625,0.265625,0.671875,0.265625,0.265625,0.515625,0.265625,0.265625,0.671875,-0.265625,0.265625,0.515625,-0.265625,-0.265625,0.671875,-0.265625,-0.265625,0.515625,-0.265625,0.578125,0.828125,-0.1405937522649765,0.578125,0.203125,-0.1405937522649765,0.578125,0.828125,-0.140625,0.578125,0.203125,-0.140625,0.265625,0.828125,-0.140625,0.265625,0.203125,-0.140625,0.265625,0.828125,-0.1405937522649765,0.265625,0.203125,-0.1405937522649765,0.265625,0.828125,-0.140625,0.265625,0.828125,-0.1405937522649765,0.578125,0.828125,-0.140625,0.578125,0.828125,-0.1405937522649765,0.265625,0.203125,-0.1405937522649765,0.265625,0.203125,-0.140625,0.578125,0.203125,-0.1405937522649765,0.578125,0.203125,-0.140625,0.265625,0.828125,-0.1405937522649765,0.265625,0.203125,-0.1405937522649765,0.578125,0.828125,-0.1405937522649765,0.578125,0.203125,-0.1405937522649765,0.578125,0.828125,-0.140625,0.578125,0.203125,-0.140625,0.265625,0.828125,-0.140625,0.265625,0.203125,-0.140625,0.078125,0.140625,-0.265625,0.078125,-0.109375,-0.265625,0.078125,0.140625,-0.328125,0.078125,-0.109375,-0.328125,-0.078125,0.140625,-0.328125,-0.078125,-0.109375,-0.328125,-0.078125,0.140625,-0.265625,-0.078125,-0.109375,-0.265625,-0.078125,0.140625,-0.328125,-0.078125,0.140625,-0.265625,0.078125,0.140625,-0.328125,0.078125,0.140625,-0.265625,-0.078125,-0.109375,-0.265625,-0.078125,-0.109375,-0.328125,0.078125,-0.109375,-0.265625,0.078125,-0.109375,-0.328125,-0.078125,0.140625,-0.265625,-0.078125,-0.109375,-0.265625,0.078125,0.140625,-0.265625,0.078125,-0.109375,-0.265625,0.078125,0.140625,-0.328125,0.078125,-0.109375,-0.328125,-0.078125,0.140625,-0.328125,-0.078125,-0.109375,-0.328125,0.296875,0.421875,-0.171875,0.296875,0.296875,-0.171875,0.296875,0.421875,-0.296875,0.296875,0.296875,-0.296875,0.171875,0.421875,-0.296875,0.171875,0.296875,-0.296875,0.171875,0.421875,-0.171875,0.171875,0.296875,-0.171875,0.171875,0.421875,-0.296875,0.171875,0.421875,-0.171875,0.296875,0.421875,-0.296875,0.296875,0.421875,-0.171875,0.171875,0.296875,-0.171875,0.171875,0.296875,-0.296875,0.296875,0.296875,-0.171875,0.296875,0.296875,-0.296875,0.171875,0.421875,-0.171875,0.171875,0.296875,-0.171875,0.296875,0.421875,-0.171875,0.296875,0.296875,-0.171875,0.296875,0.421875,-0.296875,0.296875,0.296875,-0.296875,0.171875,0.421875,-0.296875,0.171875,0.296875,-0.296875,-0.171875,0.265625,-0.171875,-0.171875,0.109375,-0.171875,-0.171875,0.265625,-0.328125,-0.171875,0.109375,-0.328125,-0.328125,0.265625,-0.328125,-0.328125,0.109375,-0.328125,-0.328125,0.265625,-0.171875,-0.328125,0.109375,-0.171875,-0.328125,0.265625,-0.328125,-0.328125,0.265625,-0.171875,-0.171875,0.265625,-0.328125,-0.171875,0.265625,-0.171875,-0.328125,0.109375,-0.171875,-0.328125,0.109375,-0.328125,-0.171875,0.109375,-0.171875,-0.171875,0.109375,-0.328125,-0.328125,0.265625,-0.171875,-0.328125,0.109375,-0.171875,-0.171875,0.265625,-0.171875,-0.171875,0.109375,-0.171875,-0.171875,0.265625,-0.328125,-0.171875,0.109375,-0.328125,-0.328125,0.265625,-0.328125,-0.328125,0.109375,-0.328125,-0.203125,-0.046875,0.109375,-0.203125,-0.171875,0.109375,-0.203125,-0.046875,-0.015625,-0.203125,-0.171875,-0.015625,-0.328125,-0.046875,-0.015625,-0.328125,-0.171875,-0.015625,-0.328125,-0.046875,0.109375,-0.328125,-0.171875,0.109375,-0.328125,-0.046875,-0.015625,-0.328125,-0.046875,0.109375,-0.203125,-0.046875,-0.015625,-0.203125,-0.046875,0.109375,-0.328125,-0.171875,0.109375,-0.328125,-0.171875,-0.015625,-0.203125,-0.171875,0.109375,-0.203125,-0.171875,-0.015625,-0.328125,-0.046875,0.109375,-0.328125,-0.171875,0.109375,-0.203125,-0.046875,0.109375,-0.203125,-0.171875,0.109375,-0.203125,-0.046875,-0.015625,-0.203125,-0.171875,-0.015625,-0.328125,-0.046875,-0.015625,-0.328125,-0.171875,-0.015625,0.328125,-0.140625,-0.171875,0.328125,-0.265625,-0.171875,0.328125,-0.140625,-0.296875,0.328125,-0.265625,-0.296875,0.203125,-0.140625,-0.296875,0.203125,-0.265625,-0.296875,0.203125,-0.140625,-0.171875,0.203125,-0.265625,-0.171875,0.203125,-0.140625,-0.296875,0.203125,-0.140625,-0.171875,0.328125,-0.140625,-0.296875,0.328125,-0.140625,-0.171875,0.203125,-0.265625,-0.171875,0.203125,-0.265625,-0.296875,0.328125,-0.265625,-0.171875,0.328125,-0.265625,-0.296875,0.203125,-0.140625,-0.171875,0.203125,-0.265625,-0.171875,0.328125,-0.140625,-0.171875,0.328125,-0.265625,-0.171875,0.328125,-0.140625,-0.296875,0.328125,-0.265625,-0.296875,0.203125,-0.140625,-0.296875,0.203125,-0.265625,-0.296875,-0.046875,0.359375,0.328125,-0.046875,0.203125,0.328125,-0.046875,0.359375,0.171875,-0.046875,0.203125,0.171875,-0.203125,0.359375,0.171875,-0.203125,0.203125,0.171875,-0.203125,0.359375,0.328125,-0.203125,0.203125,0.328125,-0.203125,0.359375,0.171875,-0.203125,0.359375,0.328125,-0.046875,0.359375,0.171875,-0.046875,0.359375,0.328125,-0.203125,0.203125,0.328125,-0.203125,0.203125,0.171875,-0.046875,0.203125,0.328125,-0.046875,0.203125,0.171875,-0.203125,0.359375,0.328125,-0.203125,0.203125,0.328125,-0.046875,0.359375,0.328125,-0.046875,0.203125,0.328125,-0.046875,0.359375,0.171875,-0.046875,0.203125,0.171875,-0.203125,0.359375,0.171875,-0.203125,0.203125,0.171875,0.328125,-0.046875,0.140625,0.328125,-0.203125,0.140625,0.328125,-0.046875,-0.015625,0.328125,-0.203125,-0.015625,0.171875,-0.046875,-0.015625,0.171875,-0.203125,-0.015625,0.171875,-0.046875,0.140625,0.171875,-0.203125,0.140625,0.171875,-0.046875,-0.015625,0.171875,-0.046875,0.140625,0.328125,-0.046875,-0.015625,0.328125,-0.046875,0.140625,0.171875,-0.203125,0.140625,0.171875,-0.203125,-0.015625,0.328125,-0.203125,0.140625,0.328125,-0.203125,-0.015625,0.171875,-0.046875,0.140625,0.171875,-0.203125,0.140625,0.328125,-0.046875,0.140625,0.328125,-0.203125,0.140625,0.328125,-0.046875,-0.015625,0.328125,-0.203125,-0.015625,0.171875,-0.046875,-0.015625,0.171875,-0.203125,-0.015625,0.109375,-0.140625,0.328125,0.109375,-0.265625,0.328125,0.109375,-0.140625,0.203125,0.109375,-0.265625,0.203125,-0.015625,-0.140625,0.203125,-0.015625,-0.265625,0.203125,-0.015625,-0.140625,0.328125,-0.015625,-0.265625,0.328125,-0.015625,-0.140625,0.203125,-0.015625,-0.140625,0.328125,0.109375,-0.140625,0.203125,