{"schemaVersion":4,"source":{"uri":"models/environment/Plains/bush-berry.gltf","sha256":"6ee4f0c80f743328ee4e48abd0560d907505b24ff1fc809468aff46982802e2f"},"animationNames":["idle"],"boundingBox":{"min":{"x":-0.59375,"y":-0.000033581227116699114,"z":-0.6667543010450092},"max":{"x":0.712855972568286,"y":0.9375,"z":0.7080527830900796}},"nodeNames":["berry-bush","bone2","berry-bush","bone","root","berry-bush","cube","cube","bone3","berry-bush","cube","cube","cube","bone4","berry-bush","bone5","berry-bush","cube","bone6",""],"trimesh":{"vertices":[0.59375,0.4375,0.0000625000029685907,0.59375,-0.5,0.0000625000029685907,0.59375,0.4375,0,0.59375,-0.5,0,-0.65625,0.4375,0,-0.65625,-0.5,0,-0.65625,0.4375,0.0000625000029685907,-0.65625,-0.5,0.0000625000029685907,-0.65625,0.4375,0,-0.65625,0.4375,0.0000625000029685907,0.59375,0.4375,0,0.59375,0.4375,0.0000625000029685907,-0.65625,-0.5,0.0000625000029685907,-0.65625,-0.5,0,0.59375,-0.5,0.0000625000029685907,0.59375,-0.5,0,-0.65625,0.4375,0.0000625000029685907,-0.65625,-0.5,0.0000625000029685907,0.59375,0.4375,0.0000625000029685907,0.59375,-0.5,0.0000625000029685907,0.59375,0.4375,0,0.59375,-0.5,0,-0.65625,0.4375,0,-0.65625,-0.5,0,0.625,0.375,0.0000625000029685907,0.625,-0.5625,0.0000625000029685907,0.625,0.375,0,0.625,-0.5625,0,-0.625,0.375,0,-0.625,-0.5625,0,-0.625,0.375,0.0000625000029685907,-0.625,-0.5625,0.0000625000029685907,-0.625,0.375,0,-0.625,0.375,0.0000625000029685907,0.625,0.375,0,0.625,0.375,0.0000625000029685907,-0.625,-0.5625,0.0000625000029685907,-0.625,-0.5625,0,0.625,-0.5625,0.0000625000029685907,0.625,-0.5625,0,-0.625,0.375,0.0000625000029685907,-0.625,-0.5625,0.0000625000029685907,0.625,0.375,0.0000625000029685907,0.625,-0.5625,0.0000625000029685907,0.625,0.375,0,0.625,-0.5625,0,-0.625,0.375,0,-0.625,-0.5625,0,0.59375,0.9375,0.0000625000029685907,0.59375,0,0.0000625000029685907,0.59375,0.9375,0,0.59375,0,0,-0.59375,0.9375,0,-0.59375,0,0,-0.59375,0.9375,0.0000625000029685907,-0.59375,0,0.0000625000029685907,-0.59375,0.9375,0,-0.59375,0.9375,0.0000625000029685907,0.59375,0.9375,0,0.59375,0.9375,0.0000625000029685907,-0.59375,0,0.0000625000029685907,-0.59375,0,0,0.59375,0,0.0000625000029685907,0.59375,0,0,-0.59375,0.9375,0.0000625000029685907,-0.59375,0,0.0000625000029685907,0.59375,0.9375,0.0000625000029685907,0.59375,0,0.0000625000029685907,0.59375,0.9375,0,0.59375,0,0,-0.59375,0.9375,0,-0.59375,0,0,0.02693866938352585,0.6927300691604614,-0.08783010393381119,-0.024124804884195328,0.7319918274879456,0.019296154379844666,-0.02592194452881813,0.788598358631134,-0.14816270768642426,-0.0769854187965393,0.8278601169586182,-0.0410364493727684,0.0751882791519165,0.858546793460846,-0.12560296058654785,0.024124804884195328,0.8978085517883301,-0.018476707860827446,0.12804889678955078,0.7626785039901733,-0.06527036428451538,0.0769854187965393,0.8019402623176575,0.04185589402914047,0.0751882791519165,0.858546793460846,-0.12560296058654785,0.12804889678955078,0.7626785039901733,-0.06527036428451538,-0.02592194452881813,0.788598358631134,-0.14816270768642426,0.02693866938352585,0.6927300691604614,-0.08783010393381119,0.0769854187965393,0.8019402623176575,0.04185589402914047,0.024124804884195328,0.8978085517883301,-0.018476707860827446,-0.024124804884195328,0.7319918274879456,0.019296154379844666,-0.0769854187965393,0.8278601169586182,-0.0410364493727684,0.12804889678955078,0.7626785039901733,-0.06527036428451538,0.0769854187965393,0.8019402623176575,0.04185589402914047,0.02693866938352585,0.6927300691604614,-0.08783010393381119,-0.024124804884195328,0.7319918274879456,0.019296154379844666,-0.02592194452881813,0.788598358631134,-0.14816270768642426,-0.0769854187965393,0.8278601169586182,-0.0410364493727684,0.0751882791519165,0.858546793460846,-0.12560296058654785,0.024124804884195328,0.8978085517883301,-0.018476707860827446,0.6486254930496216,0.6766468286514282,-0.06946886330842972,0.5641766786575317,0.5989201664924622,-0.11898621916770935,0.5957648754119873,0.7725151181221008,-0.12980146706104279,0.5113160610198975,0.6947884559631348,-0.17931881546974182,0.5202720761299133,0.7923350930213928,-0.03216433897614479,0.4358232915401459,0.7146084308624268,-0.08168169111013412,0.5731326937675476,0.6964668035507202,0.028168264776468277,0.48868390917778015,0.6187401413917542,-0.021349087357521057,0.5202720761299133,0.7923350930213928,-0.03216433897614479,0.5731326937675476,0.6964668035507202,0.028168264776468277,0.5957648754119873,0.7725151181221008,-0.12980146706104279,0.6486254930496216,0.6766468286514282,-0.06946886330842972,0.48868390917778015,0.6187401413917542,-0.021349087357521057,0.4358232915401459,0.7146084308624268,-0.08168169111013412,0.5641766786575317,0.5989201664924622,-0.11898621916770935,0.5113160610198975,0.6947884559631348,-0.17931881546974182,0.5731326937675476,0.6964668035507202,0.028168264776468277,0.48868390917778015,0.6187401413917542,-0.021349087357521057,0.6486254930496216,0.6766468286514282,-0.06946886330842972,0.5641766786575317,0.5989201664924622,-0.11898621916770935,0.5957648754119873,0.7725151181221008,-0.12980146706104279,0.5113160610198975,0.6947884559631348,-0.17931881546974182,0.5202720761299133,0.7923350930213928,-0.03216433897614479,0.4358232915401459,0.7146084308624268,-0.08168169111013412,0.59375,0.9375,0.0000625000029685907,0.59375,0,0.0000625000029685907,0.59375,0.9375,0,0.59375,0,0,-0.59375,0.9375,0,-0.59375,0,0,-0.59375,0.9375,0.0000625000029685907,-0.59375,0,0.0000625000029685907,-0.59375,0.9375,0,-0.59375,0.9375,0.0000625000029685907,0.59375,0.9375,0,0.59375,0.9375,0.0000625000029685907,-0.59375,0,0.0000625000029685907,-0.59375,0,0,0.59375,0,0.0000625000029685907,0.59375,0,0,-0.59375,0.9375,0.0000625000029685907,-0.59375,0,0.0000625000029685907,0.59375,0.9375,0.0000625000029685907,0.59375,0,0.0000625000029685907,0.59375,0.9375,0,0.59375,0,0,-0.59375,0.9375,0,-0.59375,0,0,0.7080528140068054,0.47453027963638306,-0.039527975022792816,0.6157729625701904,0.5585303902626038,-0.04683616757392883,0.6815512776374817,0.455920547246933,0.08120457082986832,0.5892714262008667,0.5399206876754761,0.0738963782787323,0.6015068888664246,0.365241676568985,0.04965709522366524,0.5092270374298096,0.4492418169975281,0.04234890267252922,0.6280084252357483,0.38385140895843506,-0.0710754469037056,0.5357285737991333,0.46785154938697815,-0.07838363945484161,0.6015068888664246,0.365241676568985,0.04965709522366524,0.6280084252357483,0.38385140895843506,-0.0710754469037056,0.6815512776374817,0.455920547246933,0.08120457082986832,0.7080528140068054,0.47453027963638306,-0.039527975022792816,0.5357285737991333,0.46785154938697815,-0.07838363945484161,0.5092270374298096,0.4492418169975281,0.04234890267252922,0.6157729625701904,0.5585303902626038,-0.04683616757392883,0.5892714262008667,0.5399206876754761,0.0738963782787323,0.6280084252357483,0.38385140895843506,-0.0710754469037056,0.5357285737991333,0.46785154938697815,-0.07838363945484161,0.7080528140068054,0.47453027963638306,-0.039527975022792816,0.6157729625701904,0.5585303902626038,-0.04683616757392883,0.6815512776374817,0.455920547246933,0.08120457082986832,0.5892714262008667,0.5399206876754761,0.0738963782787323,0.6015068888664246,0.365241676568985,0.04965709522366524,0.5092270374298096,0.4492418169975281,0.04234890267252922,0.025120550766587257,0.856713056564331,0.08997771888971329,-0.033049967139959335,0.7660219073295593,0.1533520668745041,0.12908099591732025,0.7874083518981934,0.0862240418791771,0.07091046869754791,0.6967172622680664,0.1495983898639679,0.09122048318386078,0.736447811126709,-0.021454188972711563,0.03304996341466904,0.6457566618919373,0.04192015901207924,-0.012739955447614193,0.8057524561882019,-0.01770051382482052,-0.07091047614812851,0.7150613069534302,0.04567383602261543,0.09122048318386078,0.736447811126709,-0.021454188972711563,-0.012739955447614193,0.8057524561882019,-0.01770051382482052,0.12908099591732025,0.7874083518981934,0.0862240418791771,0.025120550766587257,0.856713056564331,0.08997771888971329,-0.07091047614812851,