{"schemaVersion":4,"source":{"uri":"models/environment/Farm/eggplant/eggplant-stage1.gltf","sha256":"0396f25402daf3db7dfac76e5b2c0de91f89be60970a0c40117e217a364ff670"},"animationNames":[],"boundingBox":{"min":{"x":-0.11048543456039804,"y":0,"z":-0.11048543456039808},"max":{"x":0.11048543456039804,"y":0.5,"z":0.11048543456039808}},"nodeNames":["cube","cube","root",""],"trimesh":{"vertices":[0.11048543453216553,0.25,0.11048543453216553,0.11048543453216553,0.25,0.11048543453216553,0.11048543453216553,-0.25,0.11048543453216553,-0.11048543453216553,0.25,-0.11048543453216553,-0.11048543453216553,0.25,-0.11048543453216553,-0.11048543453216553,-0.25,-0.11048543453216553,0.11048543453216553,0.25,0.11048543453216553,0.11048543453216553,-0.25,0.11048543453216553,-0.11048543453216553,-0.25,-0.11048543453216553,0.11048543453216553,-0.25,0.11048543453216553,-0.11048543453216553,-0.25,-0.11048543453216553,-0.11048543453216553,0.25,-0.11048543453216553,0.11048543453216553,0.25,0.11048543453216553,0.11048543453216553,-0.25,0.11048543453216553,0.11048543453216553,0.25,-0.11048543453216553,0.11048543453216553,0.25,-0.11048543453216553,0.11048543453216553,-0.25,-0.11048543453216553,-0.11048543453216553,0.25,0.11048543453216553,-0.11048543453216553,0.25,0.11048543453216553,-0.11048543453216553,-0.25,0.11048543453216553,-0.11048543453216553,0.25,0.11048543453216553,-0.11048543453216553,-0.25,0.11048543453216553,0.11048543453216553,-0.25,-0.11048543453216553,-0.11048543453216553,-0.25,0.11048543453216553,0.11048543453216553,0.25,-0.11048543453216553,-0.11048543453216553,0.25,0.11048543453216553,-0.11048543453216553,-0.25,0.11048543453216553,0.11048543453216553,-0.25,-0.11048543453216553],"indices":[0,1,2,0,2,2,3,4,5,3,5,5,0,3,6,0,6,3,7,8,9,7,9,8,10,11,12,10,12,13,14,15,16,14,16,16,17,18,19,17,19,19,17,14,14,17,14,20,21,22,22,21,22,23,24,25,26,24,26,27]},"optimizedModelData":{"":{"meshCount":1},"-named-nodes":{"meshCount":2},"-no-animations":{"meshCount":1}}}