{"schemaVersion":4,"source":{"uri":"models/environment/Dungeon/armor-stand.gltf","sha256":"6b476b50cb57dd7ac72e18a93dccfa233cc4b3e3ee24d6fa65ac358b62fefc7c"},"animationNames":[],"boundingBox":{"min":{"x":-0.524999988079071,"y":0,"z":-0.2500000029802322},"max":{"x":0.524999988079071,"y":1.7000000476837158,"z":0.25000001192092897}},"nodeNames":["cube","cube","cube","cube","cube","cube","cube","cube","root",""],"trimesh":{"vertices":[0.25,-0.75,0.25,0.25,-0.8500000238418579,0.25,0.25,-0.75,-0.25,0.25,-0.8500000238418579,-0.25,-0.25,-0.75,-0.25,-0.25,-0.8500000238418579,-0.25,-0.25,-0.75,0.25,-0.25,-0.8500000238418579,0.25,-0.25,-0.75,-0.25,-0.25,-0.75,0.25,0.25,-0.75,-0.25,0.25,-0.75,0.25,-0.25,-0.8500000238418579,0.25,-0.25,-0.8500000238418579,-0.25,0.25,-0.8500000238418579,0.25,0.25,-0.8500000238418579,-0.25,-0.25,-0.75,0.25,-0.25,-0.8500000238418579,0.25,0.25,-0.75,0.25,0.25,-0.8500000238418579,0.25,0.25,-0.75,-0.25,0.25,-0.8500000238418579,-0.25,-0.25,-0.75,-0.25,-0.25,-0.8500000238418579,-0.25,0.22500000894069672,0.3999999761581421,0.17499998211860657,0.22500000894069672,-0.20000004768371582,0.17499998211860657,0.22500000894069672,0.3999999761581421,-0.17500001192092896,0.22500000894069672,-0.20000004768371582,-0.17500001192092896,-0.22500000894069672,0.3999999761581421,-0.17500001192092896,-0.22500000894069672,-0.20000004768371582,-0.17500001192092896,-0.22500000894069672,0.3999999761581421,0.17499998211860657,-0.22500000894069672,-0.20000004768371582,0.17499998211860657,-0.22500000894069672,0.3999999761581421,-0.17500001192092896,-0.22500000894069672,0.3999999761581421,0.17499998211860657,0.22500000894069672,0.3999999761581421,-0.17500001192092896,0.22500000894069672,0.3999999761581421,0.17499998211860657,-0.22500000894069672,-0.20000004768371582,0.17499998211860657,-0.22500000894069672,-0.20000004768371582,-0.17500001192092896,0.22500000894069672,-0.20000004768371582,0.17499998211860657,0.22500000894069672,-0.20000004768371582,-0.17500001192092896,-0.22500000894069672,0.3999999761581421,0.17499998211860657,-0.22500000894069672,-0.20000004768371582,0.17499998211860657,0.22500000894069672,0.3999999761581421,0.17499998211860657,0.22500000894069672,-0.20000004768371582,0.17499998211860657,0.22500000894069672,0.3999999761581421,-0.17500001192092896,0.22500000894069672,-0.20000004768371582,-0.17500001192092896,-0.22500000894069672,0.3999999761581421,-0.17500001192092896,-0.22500000894069672,-0.20000004768371582,-0.17500001192092896,0.22500000894069672,0.8500000238418579,0.22499999403953552,0.22500000894069672,0.6000000238418579,0.22499999403953552,0.22500000894069672,0.8500000238418579,-0.22499999403953552,0.22500000894069672,0.6000000238418579,-0.22499999403953552,-0.22500000894069672,0.8500000238418579,-0.22499999403953552,-0.22500000894069672,0.6000000238418579,-0.22499999403953552,-0.22500000894069672,0.8500000238418579,0.22499999403953552,-0.22500000894069672,0.6000000238418579,0.22499999403953552,-0.22500000894069672,0.8500000238418579,-0.22499999403953552,-0.22500000894069672,0.8500000238418579,0.22499999403953552,0.22500000894069672,0.8500000238418579,-0.22499999403953552,0.22500000894069672,0.8500000238418579,0.22499999403953552,-0.22500000894069672,0.6000000238418579,0.22499999403953552,-0.22500000894069672,0.6000000238418579,-0.22499999403953552,0.22500000894069672,0.6000000238418579,0.22499999403953552,0.22500000894069672,0.6000000238418579,-0.22499999403953552,-0.22500000894069672,0.8500000238418579,0.22499999403953552,-0.22500000894069672,0.6000000238418579,0.22499999403953552,0.22500000894069672,0.8500000238418579,0.22499999403953552,0.22500000894069672,0.6000000238418579,0.22499999403953552,0.22500000894069672,0.8500000238418579,-0.22499999403953552,0.22500000894069672,0.6000000238418579,-0.22499999403953552,-0.22500000894069672,0.8500000238418579,-0.22499999403953552,-0.22500000894069672,0.6000000238418579,-0.22499999403953552,0.22500000894069672,0.6000000238418579,0.22499999403953552,0.22500000894069672,0.44999992847442627,0.22499999403953552,0.22500000894069672,0.6000000238418579,0.02499999850988388,0.22500000894069672,0.44999992847442627,0.02499999850988388,-0.22500000894069672,0.6000000238418579,0.02499999850988388,-0.22500000894069672,0.44999992847442627,0.02499999850988388,-0.22500000894069672,0.6000000238418579,0.22499999403953552,-0.22500000894069672,0.44999992847442627,0.22499999403953552,-0.22500000894069672,0.6000000238418579,0.02499999850988388,-0.22500000894069672,0.6000000238418579,0.22499999403953552,0.22500000894069672,0.6000000238418579,0.02499999850988388,0.22500000894069672,0.6000000238418579,0.22499999403953552,-0.22500000894069672,0.44999992847442627,0.22499999403953552,-0.22500000894069672,0.44999992847442627,0.02499999850988388,0.22500000894069672,0.44999992847442627,0.22499999403953552,0.22500000894069672,0.44999992847442627,0.02499999850988388,-0.22500000894069672,0.6000000238418579,0.22499999403953552,-0.22500000894069672,0.44999992847442627,0.22499999403953552,0.22500000894069672,0.6000000238418579,0.22499999403953552,0.22500000894069672,0.44999992847442627,0.22499999403953552,0.22500000894069672,0.6000000238418579,0.02499999850988388,0.22500000894069672,0.44999992847442627,0.02499999850988388,-0.22500000894069672,0.6000000238418579,0.02499999850988388,-0.22500000894069672,0.44999992847442627,0.02499999850988388,0.07500000298023224,0.75,0.07499999552965164,0.07500000298023224,-0.75,0.07499999552965164,0.07500000298023224,0.75,-0.07500000298023224,0.07500000298023224,-0.75,-0.07500000298023224,-0.07500000298023224,0.75,-0.07500000298023224,-0.07500000298023224,-0.75,-0.07500000298023224,-0.07500000298023224,0.75,0.07499999552965164,-0.07500000298023224,-0.75,0.07499999552965164,-0.07500000298023224,0.75,-0.07500000298023224,-0.07500000298023224,0.75,0.07499999552965164,0.07500000298023224,0.75,-0.07500000298023224,0.07500000298023224,0.75,0.07499999552965164,-0.07500000298023224,-0.75,0.07499999552965164,-0.07500000298023224,-0.75,-0.07500000298023224,0.07500000298023224,-0.75,0.07499999552965164,0.07500000298023224,-0.75,-0.07500000298023224,-0.07500000298023224,0.75,0.07499999552965164,-0.07500000298023224,-0.75,0.07499999552965164,0.07500000298023224,0.75,0.07499999552965164,0.07500000298023224,-0.75,0.07499999552965164,0.07500000298023224,0.75,-0.07500000298023224,0.07500000298023224,-0.75,-0.07500000298023224,-0.07500000298023224,0.75,-0.07500000298023224,-0.07500000298023224,-0.75,-0.07500000298023224,-0.22500000894069672,0.3999999761581421,0.17499998211860657,-0.22500000894069672,0.09999996423721313,0.17499998211860657,-0.22500000894069672,0.3999999761581421,-0.17500001192092896,-0.22500000894069672,0.09999996423721313,-0.17500001192092896,-0.5249999761581421,0.3999999761581421,-0.17500001192092896,-0.5249999761581421,0.09999996423721313,-0.17500001192092896,-0.5249999761581421,0.3999999761581421,0.17499998211860657,-0.5249999761581421,0.09999996423721313,0.17499998211860657,-0.5249999761581421,0.3999999761581421,-0.17500001192092896,-0.5249999761581421,0.3999999761581421,0.17499998211860657,-0.22500000894069672,0.3999999761581421,-0.17500001192092896,-0.22500000894069672,0.3999999761581421,0.17499998211860657,-0.5249999761581421,0.09999996423721313,0.17499998211860657,-0.5249999761581421,0.09999996423721313,-0.17500001192092896,-0.22500000894069672,0.09999996423721313,0.17499998211860657,-0.22500000894069672,0.09999996423721313,-0.17500001192092896,-0.5249999761581421,0.3999999761581421,0.17499998211860657,-0.5249999761581421,0.09999996423721313,0.17499998211860657,-0.22500000894069672,0.3999999761581421,0.17499998211860657,-0.22500000894069672,0.09999996423721313,0.17499998211860657,-0.22500000894069672,0.3999999761581421,-0.17500001192092896,-0.22500000894069672,0.09999996423721313,-0.17500001192092896,-0.5249999761581421,0.3999999761581421,-0.17500001192092896,-0.5249999761581421,0.09999996423721313,-0.17500001192092896,0.44999998807907104,0.2999999523162842,0.10000000149011612,