{"schemaVersion":4,"source":{"uri":"models/environment/Tropical/hanging-vines.gltf","sha256":"e15692325e60869425e3fee5b403d3a2a76df82ac30277f864410cb562792dff"},"animationNames":["idle"],"boundingBox":{"min":{"x":-0.5,"y":0.1328125,"z":0.36875},"max":{"x":0.5,"y":1.0015625,"z":0.49375}},"nodeNames":["cube","cube","bone","cube","bone2","root",""],"trimesh":{"vertices":[0.5,0.43437498807907104,0.0625,0.5,0.30937498807907104,0.0625,0.5,0.43437498807907104,-0.0625,0.5,0.30937498807907104,-0.0625,-0.5,0.43437498807907104,-0.0625,-0.5,0.30937498807907104,-0.0625,-0.5,0.43437498807907104,0.0625,-0.5,0.30937498807907104,0.0625,-0.5,0.43437498807907104,-0.0625,-0.5,0.43437498807907104,0.0625,0.5,0.43437498807907104,-0.0625,0.5,0.43437498807907104,0.0625,-0.5,0.30937498807907104,0.0625,-0.5,0.30937498807907104,-0.0625,0.5,0.30937498807907104,0.0625,0.5,0.30937498807907104,-0.0625,-0.5,0.43437498807907104,0.0625,-0.5,0.30937498807907104,0.0625,0.5,0.43437498807907104,0.0625,0.5,0.30937498807907104,0.0625,0.5,0.43437498807907104,-0.0625,0.5,0.30937498807907104,-0.0625,-0.5,0.43437498807907104,-0.0625,-0.5,0.30937498807907104,-0.0625,0.5625,0,0,0.5625,0,0,0.5625,-0.75,0,-0.4375,0,0,-0.4375,0,0,-0.4375,-0.75,0,0.5625,0,0,0.5625,0,0,0.5625,-0.75,0,-0.4375,-0.75,0,0.5625,-0.75,0,-0.4375,-0.75,0,-0.4375,0,0,0.5625,0,0,0.5625,-0.75,0,-0.5625,0,0,-0.5625,0,0,-0.5625,-0.5625,0,0.4375,0,0,0.4375,0,0,0.4375,-0.5625,0,-0.5625,0,0,-0.5625,0,0,-0.5625,-0.5625,0,0.4375,-0.5625,0,-0.5625,-0.5625,0,0.4375,-0.5625,0,0.4375,0,0,-0.5625,0,0,-0.5625,-0.5625,0],"indices":[0,1,2,1,3,2,4,5,6,5,7,6,8,9,10,9,11,10,12,13,14,13,15,14,16,17,18,17,19,18,20,21,22,21,23,22,24,25,26,24,26,26,27,28,29,27,29,29,30,27,31,30,31,27,32,33,34,32,34,33,35,36,37,35,37,38,39,40,41,39,41,41,42,43,44,42,44,44,45,42,46,45,46,42,47,48,49,47,49,48,50,51,52,50,52,53]},"optimizedModelData":{"":{"meshCount":3},"-named-nodes":{"meshCount":3},"-no-animations":{"meshCount":1}}}