{"schemaVersion":4,"source":{"uri":"models/environment/Farm/corn-stage3.gltf","sha256":"3aebea6e042397d166aca0d2e35369d25d7b4f4037cf78bde747bd6f100151e7"},"animationNames":[],"boundingBox":{"min":{"x":-0.3502220869120795,"y":0,"z":-0.3411716568818087},"max":{"x":0.3863737822087165,"y":1.3863737822087165,"z":0.313610434560398}},"nodeNames":["cube","cube","cube","cube","cube","root",""],"trimesh":{"vertices":[0.18079793453216553,0.68181312084198,0.21265439689159393,0.18079793453216553,-0.69318687915802,0.21265439689159393,-0.21694962680339813,0.68181312084198,-0.18509316444396973,-0.21694962680339813,-0.69318687915802,-0.18509316444396973,0.18079793453216553,0.68181312084198,0.21265439689159393,-0.21694962680339813,0.68181312084198,-0.18509316444396973,0.18079793453216553,0.68181312084198,0.21265439689159393,0.18079793453216553,-0.69318687915802,0.21265439689159393,-0.21694962680339813,-0.69318687915802,-0.18509316444396973,0.18079793453216553,-0.69318687915802,0.21265439689159393,-0.21694962680339813,-0.69318687915802,-0.18509316444396973,-0.21694962680339813,0.68181312084198,-0.18509316444396973,0.18079793453216553,0.68181312084198,0.21265439689159393,0.18079793453216553,-0.69318687915802,0.21265439689159393,0.18079793453216553,0.68181312084198,-0.18509316444396973,0.18079793453216553,-0.69318687915802,-0.18509316444396973,-0.21694962680339813,0.68181312084198,0.21265439689159393,-0.21694962680339813,-0.69318687915802,0.21265439689159393,-0.21694962680339813,0.68181312084198,0.21265439689159393,0.18079793453216553,0.68181312084198,-0.18509316444396973,-0.21694962680339813,0.68181312084198,0.21265439689159393,-0.21694962680339813,-0.69318687915802,0.21265439689159393,0.18079793453216553,-0.69318687915802,-0.18509316444396973,-0.21694962680339813,-0.69318687915802,0.21265439689159393,0.18079793453216553,0.68181312084198,-0.18509316444396973,-0.21694962680339813,0.68181312084198,0.21265439689159393,-0.21694962680339813,-0.69318687915802,0.21265439689159393,0.18079793453216553,-0.69318687915802,-0.18509316444396973,0.3682979345321655,0.5606043338775635,0.1075306162238121,0.10313289612531662,0.29543936252593994,0.1075306162238121,0.3682979345321655,0.5606043338775635,-0.07996939867734909,0.10313289612531662,0.29543936252593994,-0.0799693912267685,0.23571541905403137,0.69318687915802,-0.07996939867734909,-0.02944963239133358,0.4280218482017517,-0.0799693912267685,0.23571541905403137,0.69318687915802,0.1075306162238121,-0.02944963239133358,0.4280218482017517,0.1075306087732315,0.23571541905403137,0.69318687915802,-0.07996939867734909,0.23571541905403137,0.69318687915802,0.1075306162238121,0.3682979345321655,0.5606043338775635,-0.07996939867734909,0.3682979345321655,0.5606043338775635,0.1075306162238121,-0.02944963239133358,0.4280218482017517,0.1075306087732315,-0.02944963239133358,0.4280218482017517,-0.0799693912267685,0.10313289612531662,0.29543936252593994,0.1075306162238121,0.10313289612531662,0.29543936252593994,-0.0799693912267685,0.23571541905403137,0.69318687915802,0.1075306162238121,-0.02944963239133358,0.4280218482017517,0.1075306087732315,0.3682979345321655,0.5606043338775635,0.1075306162238121,0.10313289612531662,0.29543936252593994,0.1075306162238121,0.3682979345321655,0.5606043338775635,-0.07996939867734909,0.10313289612531662,0.29543936252593994,-0.0799693912267685,0.23571541905403137,0.69318687915802,-0.07996939867734909,-0.02944963239133358,0.4280218482017517,-0.0799693912267685,-0.14196540415287018,0.56818687915802,0.23364104330539703,0.045534588396549225,0.3030218482017517,0.04614104703068733,-0.2745479345321655,0.56818687915802,0.10105852037668228,-0.08704793453216553,0.3030218482017517,-0.08644147217273712,-0.3682979345321655,0.43560439348220825,0.19480851292610168,-0.18079793453216553,0.17043934762477875,0.007308525498956442,-0.23571540415287018,0.43560439348220825,0.32739102840423584,-0.048215411603450775,0.17043934762477875,0.13989104330539703,-0.3682979345321655,0.43560439348220825,0.19480851292610168,-0.23571540415287018,0.43560439348220825,0.32739102840423584,-0.2745479345321655,0.56818687915802,0.10105852037668228,-0.14196540415287018,0.56818687915802,0.23364104330539703,-0.048215411603450775,0.17043934762477875,0.13989104330539703,-0.18079793453216553,0.17043934762477875,0.007308525498956442,0.045534588396549225,0.3030218482017517,0.04614104703068733,-0.08704793453216553,0.3030218482017517,-0.08644147217273712,-0.23571540415287018,0.43560439348220825,0.32739102840423584,-0.048215411603450775,0.17043934762477875,0.13989104330539703,-0.14196540415287018,0.56818687915802,0.23364104330539703,0.045534588396549225,0.3030218482017517,0.04614104703068733,-0.2745479345321655,0.56818687915802,0.10105852037668228,-0.08704793453216553,0.3030218482017517,-0.08644147217273712,-0.3682979345321655,0.43560439348220825,0.19480851292610168,-0.18079793453216553,0.17043934762477875,0.007308525498956442,0.03946773335337639,0.3723706603050232,0.0785219594836235,-0.08048132061958313,0.08931873738765717,-0.13623106479644775,0.1288556009531021,0.44626837968826294,-0.06880484521389008,0.008906533010303974,0.1632164567708969,-0.28355786204338074,-0.024666761979460716,0.5445830821990967,-0.11263801902532578,-0.14461581408977509,0.2615312337875366,-0.3273910582065582,-0.11405462771654129,0.47068536281585693,0.034688785672187805,-0.2340036928653717,0.18763349950313568,-0.18006424605846405,-0.024666761979460716,0.5445830821990967,-0.11263801902532578,-0.11405462771654129,0.47068536281585693,0.034688785672187805,0.1288556009531021,0.44626837968826294,-0.06880484521389008,0.03946773335337639,0.3723706603050232,0.0785219594836235,-0.2340036928653717,0.18763349950313568,-0.18006424605846405,-0.14461581408977509,0.2615312337875366,-0.3273910582065582,-0.08048132061958313,0.08931873738765717,-0.13623106479644775,0.008906533010303974,0.1632164567708969,-0.28355786204338074,-0.11405462771654129,0.47068536281585693,0.034688785672187805,-0.2340036928653717,0.18763349950313568,-0.18006424605846405,0.03946773335337639,0.3723706603050232,0.0785219594836235,-0.08048132061958313,0.08931873738765717,-0.13623106479644775,0.1288556009531021,0.44626837968826294,-0.06880484521389008,0.008906533010303974,0.1632164567708969,-0.28355786204338074,-0.024666761979460716,0.5445830821990967,-0.11263801902532578,-0.14461581408977509,0.2615312337875366,-0.3273910582065582],"indices":[0,0,1,0,1,1,2,2,3,2,3,3,4,5,6,4,6,5,7,8,9,7,9,8,10,11,12,10,12,13,14,14,15,14,15,15,16,16,17,16,17,17,18,19,19,18,19,20,21,22,22,21,22,23,24,25,26,24,26,27,28,29,30,29,31,30,32,33,34,33,35,34,36,37,38,37,39,38,40,41,42,41,43,42,44,45,46,45,47,46,48,49,50,49,51,50,52,53,54,53,55,54,56,57,58,57,59,58,60,61,62,61,63,62,64,65,66,65,67,66,68,69,70,69,71,70,72,73,74,73,75,74,76,77,78,77,79,78,80,81,82,81,83,82,84,85,86,85,87,86,88,89,90,89,91,90,92,93,94,93,95,94,96,97,98,97,99,98]},"optimizedModelData":{"":{"meshCount":1},"-named-nodes":{"meshCount":5},"-no-animations":{"meshCount":1}}}