{"schemaVersion":4,"source":{"uri":"models/tools/axe/sapphire-axe.gltf","sha256":"a26c579f4364817c89ac7331876bbb01a00211c760aa98f56d9d5b9dba711160"},"animationNames":[],"boundingBox":{"min":{"x":-0.15625,"y":0,"z":-0.08838834764831843},"max":{"x":0.3125,"y":0.9375,"z":0.08838834764831843}},"nodeNames":["cube","cube","cube","cube","cube","cube","cube","cube","cube","cube","cube","cube","cube","bone",""],"trimesh":{"vertices":[-0.046875,0.1875,0.03125,-0.046875,-0.40625,0.03125,-0.046875,0.1875,-0.03125,-0.046875,-0.40625,-0.03125,-0.109375,0.1875,-0.03125,-0.109375,-0.40625,-0.03125,-0.109375,0.1875,0.03125,-0.109375,-0.40625,0.03125,-0.109375,0.1875,-0.03125,-0.109375,0.1875,0.03125,-0.046875,0.1875,-0.03125,-0.046875,0.1875,0.03125,-0.109375,-0.40625,0.03125,-0.109375,-0.40625,-0.03125,-0.046875,-0.40625,0.03125,-0.046875,-0.40625,-0.03125,-0.109375,0.1875,0.03125,-0.109375,-0.40625,0.03125,-0.046875,0.1875,0.03125,-0.046875,-0.40625,0.03125,-0.046875,0.1875,-0.03125,-0.046875,-0.40625,-0.03125,-0.109375,0.1875,-0.03125,-0.109375,-0.40625,-0.03125,-0.078125,0.44508254528045654,0.0625,0.054457515478134155,0.3125,0.0625,-0.078125,0.44508254528045654,-0.0625,0.054457515478134155,0.3125,-0.0625,-0.21070751547813416,0.3125,-0.0625,-0.078125,0.17991745471954346,-0.0625,-0.21070751547813416,0.3125,0.0625,-0.078125,0.17991745471954346,0.0625,-0.21070751547813416,0.3125,-0.0625,-0.21070751547813416,0.3125,0.0625,-0.078125,0.44508254528045654,-0.0625,-0.078125,0.44508254528045654,0.0625,-0.078125,0.17991745471954346,0.0625,-0.078125,0.17991745471954346,-0.0625,0.054457515478134155,0.3125,0.0625,0.054457515478134155,0.3125,-0.0625,-0.21070751547813416,0.3125,0.0625,-0.078125,0.17991745471954346,0.0625,-0.078125,0.44508254528045654,0.0625,0.054457515478134155,0.3125,0.0625,-0.078125,0.44508254528045654,-0.0625,0.054457515478134155,0.3125,-0.0625,-0.21070751547813416,0.3125,-0.0625,-0.078125,0.17991745471954346,-0.0625,0.234375,0.46875,0,0.234375,0.46875,0,0.234375,0.03125,0,0.015625,0.46875,0,0.015625,0.46875,0,0.015625,0.03125,0,0.234375,0.46875,0,0.234375,0.46875,0,0.234375,0.03125,0,0.015625,0.03125,0,0.234375,0.03125,0,0.015625,0.03125,0,0.015625,0.46875,0,0.234375,0.46875,0,0.234375,0.03125,0,-0.015625,-0.34375,0.0625,-0.015625,-0.40625,0.0625,-0.015625,-0.34375,-0.0625,-0.015625,-0.40625,-0.0625,-0.140625,-0.34375,-0.0625,-0.140625,-0.40625,-0.0625,-0.140625,-0.34375,0.0625,-0.140625,-0.40625,0.0625,-0.140625,-0.34375,-0.0625,-0.140625,-0.34375,0.0625,-0.015625,-0.34375,-0.0625,-0.015625,-0.34375,0.0625,-0.140625,-0.40625,0.0625,-0.140625,-0.40625,-0.0625,-0.015625,-0.40625,0.0625,-0.015625,-0.40625,-0.0625,-0.140625,-0.34375,0.0625,-0.140625,-0.40625,0.0625,-0.015625,-0.34375,0.0625,-0.015625,-0.40625,0.0625,-0.015625,-0.34375,-0.0625,-0.015625,-0.40625,-0.0625,-0.140625,-0.34375,-0.0625,-0.140625,-0.40625,-0.0625,-0.05602800101041794,0.3787912130355835,0.03125,-0.14441634714603424,0.290402889251709,0.03125,-0.05602800101041794,0.3787912130355835,-0.03125,-0.14441634714603424,0.290402889251709,-0.03125,-0.14441634714603424,0.4671795964241028,-0.03125,-0.23280468583106995,0.3787912130355835,-0.03125,-0.14441634714603424,0.4671795964241028,0.03125,-0.23280468583106995,0.3787912130355835,0.03125,-0.14441634714603424,0.4671795964241028,-0.03125,-0.14441634714603424,0.4671795964241028,0.03125,-0.05602800101041794,0.3787912130355835,-0.03125,-0.05602800101041794,0.3787912130355835,0.03125,-0.23280468583106995,0.3787912130355835,0.03125,-0.23280468583106995,0.3787912130355835,-0.03125,-0.14441634714603424,0.290402889251709,0.03125,-0.14441634714603424,0.290402889251709,-0.03125,-0.14441634714603424,0.4671795964241028,0.03125,-0.23280468583106995,0.3787912130355835,0.03125,-0.05602800101041794,0.3787912130355835,0.03125,-0.14441634714603424,0.290402889251709,0.03125,-0.05602800101041794,0.3787912130355835,-0.03125,-0.14441634714603424,0.290402889251709,-0.03125,-0.14441634714603424,0.4671795964241028,-0.03125,-0.23280468583106995,0.3787912130355835,-0.03125,0.140625,0.375,0.03125,0.140625,0.25,0.03125,0.140625,0.375,-0.03125,0.140625,0.25,-0.03125,-0.015625,0.375,-0.03125,-0.015625,0.25,-0.03125,-0.015625,0.375,0.03125,-0.015625,0.25,0.03125,-0.015625,0.375,-0.03125,-0.015625,0.375,0.03125,0.140625,0.375,-0.03125,0.140625,0.375,0.03125,-0.015625,0.25,0.03125,-0.015625,0.25,-0.03125,0.140625,0.25,0.03125,0.140625,0.25,-0.03125,-0.015625,0.375,0.03125,-0.015625,0.25,0.03125,0.140625,0.375,0.03125,0.140625,0.25,0.03125,0.140625,0.375,-0.03125,0.140625,0.25,-0.03125,-0.015625,0.375,-0.03125,-0.015625,0.25,-0.03125,-0.0390625,0,0.0390625,-0.0390625,-0.21875,0.0390625,-0.0390625,0,-0.0390625,-0.0390625,-0.21875,-0.0390625,-0.1171875,0,-0.0390625,-0.1171875,-0.21875,-0.0390625,-0.1171875,0,0.0390625,-0.1171875,-0.21875,0.0390625,-0.1171875,0,-0.0390625,-0.1171875,0,0.0390625,-0.0390625,0,-0.0390625,-0.0390625,0,0.0390625,-0.1171875,-0.21875,0.0390625,-0.1171875,-0.21875,-0.0390625,-0.0390625,-0.21875,0.0390625,-0.0390625,-0.21875,-0.0390625,-0.1171875,0,0.0390625,-0.1171875,-0.21875,0.0390625,-0.0390625,0,0.0390625,-0.0390625,-0.21875,0.0390625,-0.0390625,0,-0.0390625,-0.0390625,-0.21875,-0.0390625,-0.1171875,0,-0.0390625,-0.1171875,-0.21875,-0.0390625,0.078125,-0.34375,0,0.078125,-0.34375,0,0.078125,-0.4375,0,-0.015625,-0.34375,0,-0.015625,-0.34375,0,-0.015625,-0.4375,0,0.078125,-0.34375,0,0.078125,-0.34375,0,0.078125,-0.4375,0,-0.015625,-0.4375,0,0.078125,-0.4375,0,0.078125,-0.4375,0,0.078125,-0.34375,0,-0.015625,-0.34375,0,-0.015625,-0.4375,0,-0.0390625,0.21875,0.0390625,-0.0390625,0.125,0.0390625,-0.0390625,0.21875,-0.0390625,-0.0390625,0.125,-0.0390625,-0.1171875,0.21875,-0.0390625,-0.1171875,0.125,-0.0390625,-0.1171875,0.21875,0.0390625,-0.1171875,0.125,0.0390625,-0.1171875,0.21875,-0.0390625,-0.1171875,0.21875,0.0390625,-0.0390625,0.21875,-0.0390625,-0.0390625,0.21875,0.0390625,-0.1171875,0.125,0.0390625,-0.1171875,0.125,-0.0390625,-0.0390625,0.125,0.0390625,-0.0390625,0.125,-0.0390625,-0.1171875,0.21875,0.0390625,-0.1171875,0.125,0.0390625,-0.0390625,0.21875,0.0390625,-0.0390625,0.125,0.0390625,-0.0390625,0.21875,-0.0390625,-0.0390625,0.125,-0.0390625,-0.1171875,0.21875,-0.0390625,-0.1171875,0.125,-0.0390625,-0.0234375,0.125,0.0546875,-0.0234375,0.0625,0.0546875,-0.0234375,0.125,-0.0546875,-0.0234375,0.0625,-0.0546875,-0.1328125,0.125,-0.0546875,-0.1328125,0.0625,-0.0546875,-0.1328125,0.125,0.0546875,-0.1328125,0.0625,0.0546875,-0.1328125,0.125,-0.0546875,-0.1328125,0.125,0.0546875,-0.0234375,0.125,-0.0546875,-0.0234375,0.125,0.0546875,-0.1328125,0.0625,0.0546875,-0.1328125,0.0625,-0.0546875,-0.0234375,0.0625,0.0546875,-0.0234375,0.0625,-0.0546875,-0.1328125,0.125,0.0546875,-0.1328125,0.0625,0.0546875,-0.0234375,0.125,0.0546875,-0.0234375,0.0625,0.0546875,-0.0234375,0.125,-0.0546875,-0.0234375,0.0625,-0.0546875,-0.1328125,0.125,-0.0546875,-0.1328125,0.0625,-0.0546875,-0.078125,-0.40625,0.0883883461356163,-0.078125,-0.46875,0.0883883461356163,0.010263346135616302,-0.40625,0,0.010263346135616302,-0.46875,0,-0.078125,-0.40625,-0.0883883461356163,-0.078125,-0.46875,-0.0883883461356163,-0.1665133535861969,-0.40625,0,-0.1665133535861969,-0.46875,0,-0.078125,-0.40625,-0.0883883461356163,-0.1665133535861969,-0.40625,0,0.010263346135616302,-0.40625,0,-0.078125,-0.40625,0.0883883461356163,-0.1665133535861969,-0.46875,0,-0.078125,-0.46875,-0.0883883461356163,-0.078125,-0.46875,0.0883883461356163,0.010263346135616302,-0.46875,0,-0.1665133535861969,-0.40625,0,-0.1665133535861969,-0.46875,0,-0.078125,-0.40625,0.0883883461356163,-0.078125,-0.46875,0.0883883461356163,0.010263346135616302,-0.40625,0,0.010263346135616302,-0.46875,0,-0.078125,-0.40625,-0.0883883461356163,-0.078125,-0.46875,-0.0883883461356163,-0.14441634714603424,0.334597110748291,0.03125,-0.05602800101041794,0.2462087869644165,0.03125,-0.14441634714603424,0.334597110748291,-0.03125,-0.05602800101041794,0.2462087869644165,-0.03125,-0.23280468583106995,0.2462087869644165,-0.03125,-0.14441634714603424,