{"schemaVersion":4,"source":{"uri":"models/eggs/epic/rune-egg.gltf","sha256":"1d56c8d72879f784b6c34e9427bd6e4c58f6428d23dfa887ec1014fb50c411a4"},"animationNames":[],"boundingBox":{"min":{"x":-0.4375,"y":-0.1079557754353917,"z":-0.4375},"max":{"x":0.4375,"y":0.875,"z":0.4375}},"nodeNames":["cube","cube","cube","cube","cube","cube","group2","cube","cube","cube","cube","cube","cube","cube","cube","cube","group3","group"],"trimesh":{"vertices":[0.28125,0.4914778769016266,-0.28125,0.3125,0.4914778769016266,0,0.3125,0.24147789180278778,0,0.3125,0.24147789180278778,-0.3125,-0.3125,0.24147789180278778,-0.3125,-0.3125,0.24147789180278778,0,-0.3125,0.4914778769016266,0,-0.28125,0.4914778769016266,-0.28125,-0.28125,0.4914778769016266,-0.28125,-0.3125,0.4914778769016266,0,0,0.4914778769016266,0,0,0.4914778769016266,-0.3125,0,0.24147789180278778,-0.3125,0,0.24147789180278778,0,-0.3125,0.24147789180278778,0,-0.3125,0.24147789180278778,-0.3125,-0.3125,0.24147789180278778,0.3125,0,0.24147789180278778,0.3125,0,0.4914778769016266,0.3125,-0.28125,0.4914778769016266,0.28125,-0.28125,0.4914778769016266,-0.28125,0,0.4914778769016266,-0.3125,0,0.24147789180278778,-0.3125,-0.3125,0.24147789180278778,-0.3125,0.3125,0.4914778769016266,0,0.28125,0.4914778769016266,-0.28125,0.28125,0.4914778769016266,0.28125,0,0.4914778769016266,0.3125,0,0.24147789180278778,0.3125,0.3125,0.24147789180278778,0.3125,0.3125,0.24147789180278778,-0.3125,0.3125,0.24147789180278778,0,0.3125,0.24147789180278778,-0.3125,0,0.24147789180278778,-0.3125,0,0.4914778769016266,-0.3125,0.28125,0.4914778769016266,-0.28125,-0.28125,0.4914778769016266,0.28125,-0.3125,0.4914778769016266,0,-0.3125,0.24147789180278778,0,-0.3125,0.24147789180278778,0.3125,-0.3125,0.24147789180278778,0.3125,0,0.24147789180278778,0.3125,0.3125,0.24147789180278778,0.3125,0.3125,0.24147789180278778,0.3125,0.3125,0.24147789180278778,0,0.3125,0.4914778769016266,0,0.28125,0.4914778769016266,0.28125,0.28125,0.4914778769016266,0.28125,0,0.4914778769016266,0.3125,-0.28125,0.4914778769016266,0.28125,0.359375,-0.2585221230983734,-0.359375,0.375,-0.008522111922502518,-0.375,0.375,-0.008522111922502518,0.375,0.359375,-0.2585221230983734,0.359375,-0.359375,-0.2585221230983734,0.359375,-0.375,-0.008522111922502518,0.375,-0.375,-0.008522111922502518,-0.375,-0.359375,-0.2585221230983734,-0.359375,0.34375,0.24147789180278778,0.34375,0.34375,0.24147789180278778,-0.34375,-0.34375,0.24147789180278778,-0.34375,-0.34375,0.24147789180278778,0.34375,0.359375,-0.2585221230983734,-0.359375,0.359375,-0.2585221230983734,0.359375,-0.359375,-0.2585221230983734,0.359375,-0.359375,-0.2585221230983734,-0.359375,0.359375,-0.2585221230983734,0.359375,0.375,-0.008522111922502518,0.375,-0.375,-0.008522111922502518,0.375,-0.359375,-0.2585221230983734,0.359375,-0.359375,-0.2585221230983734,-0.359375,-0.375,-0.008522111922502518,-0.375,0.375,-0.008522111922502518,-0.375,0.359375,-0.2585221230983734,-0.359375,-0.34375,0.24147789180278778,-0.34375,-0.375,-0.008522111922502518,-0.375,-0.375,-0.008522111922502518,0.375,-0.34375,0.24147789180278778,0.34375,-0.34375,0.24147789180278778,0.34375,-0.375,-0.008522111922502518,0.375,0.375,-0.008522111922502518,0.375,0.34375,0.24147789180278778,0.34375,0.34375,0.24147789180278778,0.34375,0.375,-0.008522111922502518,0.375,0.375,-0.008522111922502518,-0.375,0.34375,0.24147789180278778,-0.34375,0.34375,0.24147789180278778,-0.34375,0.375,-0.008522111922502518,-0.375,-0.375,-0.008522111922502518,-0.375,-0.34375,0.24147789180278778,-0.34375,0.3125,-0.3835221230983734,-0.3125,0.34375,-0.2585221230983734,-0.34375,0.34375,-0.2585221230983734,0.34375,0.3125,-0.3835221230983734,0.3125,-0.3125,-0.3835221230983734,0.3125,-0.34375,-0.2585221230983734,0.34375,-0.34375,-0.2585221230983734,-0.34375,-0.3125,-0.3835221230983734,-0.3125,0.34375,-0.2585221230983734,0.34375,0.34375,-0.2585221230983734,-0.34375,-0.34375,-0.2585221230983734,-0.34375,-0.34375,-0.2585221230983734,0.34375,0.3125,-0.3835221230983734,-0.3125,0.3125,-0.3835221230983734,0.3125,-0.3125,-0.3835221230983734,0.3125,-0.3125,-0.3835221230983734,-0.3125,0.3125,-0.3835221230983734,0.3125,0.34375,-0.2585221230983734,0.34375,-0.34375,-0.2585221230983734,0.34375,-0.3125,-0.3835221230983734,0.3125,-0.3125,-0.3835221230983734,-0.3125,-0.34375,-0.2585221230983734,-0.34375,0.34375,-0.2585221230983734,-0.34375,0.3125,-0.3835221230983734,-0.3125,0.2041504681110382,0.07603977620601654,-0.3125,0.08456189185380936,-0.21267257630825043,-0.3125,0.2041504681110382,0.07603977620601654,-0.4375,0.08456189185380936,-0.21267257630825043,-0.4375,-0.08456189185380936,0.1956283450126648,-0.4375,-0.2041504681110382,-0.09308400005102158,-0.4375,-0.08456189185380936,0.1956283450126648,-0.3125,-0.2041504681110382,-0.09308400005102158,-0.3125,-0.08456189185380936,0.1956283450126648,-0.4375,-0.08456189185380936,0.1956283450126648,-0.3125,0.2041504681110382,0.07603977620601654,-0.4375,0.2041504681110382,0.07603977620601654,-0.3125,-0.2041504681110382,-0.09308400005102158,-0.3125,-0.2041504681110382,-0.09308400005102158,-0.4375,0.08456189185380936,-0.21267257630825043,-0.3125,0.08456189185380936,-0.21267257630825043,-0.4375,-0.08456189185380936,0.1956283450126648,-0.3125,-0.2041504681110382,-0.09308400005102158,-0.3125,0.2041504681110382,0.07603977620601654,-0.3125,0.08456189185380936,-0.21267257630825043,-0.3125,0.2041504681110382,0.07603977620601654,-0.4375,0.08456189185380936,-0.21267257630825043,-0.4375,-0.08456189185380936,0.1956283450126648,-0.4375,-0.2041504681110382,-0.09308400005102158,-0.4375,0.4153063893318176,0.25917449593544006,-0.375,0.4153063893318176,0.25917449593544006,-0.375,0.27180010080337524,-0.08728031069040298,-0.375,-0.10437586158514023,0.47443392872810364,-0.375,-0.10437586158514023,0.47443392872810364,-0.375,-0.24788214266300201,0.12797911465168,-0.375,0.4153063893318176,0.25917449593544006,-0.375,-0.10437586158514023,0.47443392872810364,-0.375,0.4153063893318176,0.25917449593544006,-0.375,0.27180010080337524,-0.08728031069040298,-0.375,-0.24788214266300201,0.12797911465168,-0.375,0.27180010080337524,-0.08728031069040298,-0.375,-0.24788214266300201,0.12797911465168,-0.375,-0.10437586158514023,0.47443392872810364,-0.375,0.4153063893318176,0.25917449593544006,-0.375,0.27180010080337524,-0.08728031069040298,-0.375,0.24788226187229156,-0.14502306282520294,-0.375,0.24788226187229156,-0.14502306282520294,-0.375,0.10437597334384918,-0.4914778769016266,-0.375,-0.2717999815940857,0.07023636996746063,-0.375,-0.2717999815940857,0.07023636996746063,-0.375,-0.4153062701225281,-0.276218444108963,-0.375,0.24788226187229156,-0.14502306282520294,-0.375,-0.2717999815940857,0.07023636996746063,-0.375,0.24788226187229156,-0.14502306282520294,-0.375,0.10437597334384918,-0.4914778769016266,-0.375,-0.4153062701225281,-0.276218444108963,-0.375,0.10437597334384918,-0.4914778769016266,-0.375,-0.4153062701225281,-0.276218444108963,-0.375,-0.2717999815940857,0.07023636996746063,-0.375,0.24788226187229156,-0.14502306282520294,-0.375,0.10437597334384918,-0.4914778769016266,-0.375,-0.3125,0.07603977620601654,0.20415043830871582,-0.3125,-0.21267259120941162,0.08456188440322876,-0.3125,0.1956283450126648,-0.08456188440322876,-0.3125,-0.09308400005102158,-0.2041504681110382,-0.4375,0.195628359913826,-0.08456188440322876,-0.4375,-0.09308400750160217,-0.2041504681110382,-0.4375,0.07603978365659714,0.20415043830871582,-0.4375,-0.21267256140708923,0.08456188440322876,-0.4375,0.195628359913826,-0.08456188440322876,-0.4375,0.07603978365659714,0.20415043830871582,-0.3125,0.1956283450126648,-0.08456188440322876,-0.3125,0.07603977620601654,0.20415043830871582,-0.4375,-0.21267256140708923,0.08456188440322876,-0.4375,-0.09308400750160217,-0.2041504681110382,-0.3125,-0.21267259120941162,0.08456188440322876,-0.3125,-0.09308400005102158,-0.2041504681110382,-0.4375,0.07603978365659714,0.20415043830871582,-0.4375,-0.21267256140708923,0.08456188440322876,-0.3125,0.07603977620601654,0.20415043830871582,-0.3125,-0.21267259120941162,