{"schemaVersion":1,"source":{"uri":"models/items/potato.gltf","sha256":"dc75cd4d90cba58b2d0d9f5f1582b21a00e145c184c661434ec34e6e6f569964"},"animationNames":[],"boundingBox":{"min":{"x":-0.25,"y":0,"z":-0.125},"max":{"x":0.25,"y":0.3125,"z":0.1875}},"nodeNames":["cube",""],"trimesh":{"vertices":[0.25,0.15625,0.15625,0.25,-0.15625,0.15625,0.25,0.15625,-0.15625,0.25,-0.15625,-0.15625,-0.25,0.15625,-0.15625,-0.25,-0.15625,-0.15625,-0.25,0.15625,0.15625,-0.25,-0.15625,0.15625,-0.25,0.15625,-0.15625,-0.25,0.15625,0.15625,0.25,0.15625,-0.15625,0.25,0.15625,0.15625,-0.25,-0.15625,0.15625,-0.25,-0.15625,-0.15625,0.25,-0.15625,0.15625,0.25,-0.15625,-0.15625,-0.25,0.15625,0.15625,-0.25,-0.15625,0.15625,0.25,0.15625,0.15625,0.25,-0.15625,0.15625,0.25,0.15625,-0.15625,0.25,-0.15625,-0.15625,-0.25,0.15625,-0.15625,-0.25,-0.15625,-0.15625],"indices":[0,1,2,1,3,2,4,5,6,5,7,6,8,9,10,9,11,10,12,13,14,13,15,14,16,17,18,17,19,18,20,21,22,21,23,22]}}