{"schemaVersion":4,"source":{"uri":"models/environment/Farm/sunflower/sunflower-stage3.gltf","sha256":"64f030b65780901ea8d8b31cb7e770dcb0c458e1aadf8db876712ae9fa31a72b"},"animationNames":[],"boundingBox":{"min":{"x":-0.48096988312782174,"y":0,"z":-0.4088376774021748},"max":{"x":0.48096988312782174,"y":1.625,"z":0.4088376774021748}},"nodeNames":["cube","cube","cube","cube","cube","cube","cube","cube","root",""],"trimesh":{"vertices":[0.03125,0.4375,0.03125,0.03125,-0.8125,0.03125,0.03125,0.4375,-0.03125,0.03125,-0.8125,-0.03125,-0.03125,0.4375,-0.03125,-0.03125,-0.8125,-0.03125,-0.03125,0.4375,0.03125,-0.03125,-0.8125,0.03125,-0.03125,0.4375,-0.03125,-0.03125,0.4375,0.03125,0.03125,0.4375,-0.03125,0.03125,0.4375,0.03125,-0.03125,-0.8125,0.03125,-0.03125,-0.8125,-0.03125,0.03125,-0.8125,0.03125,0.03125,-0.8125,-0.03125,-0.03125,0.4375,0.03125,-0.03125,-0.8125,0.03125,0.03125,0.4375,0.03125,0.03125,-0.8125,0.03125,0.03125,0.4375,-0.03125,0.03125,-0.8125,-0.03125,-0.03125,0.4375,-0.03125,-0.03125,-0.8125,-0.03125,-0.019030116498470306,-0.403594046831131,0.14346782863140106,-0.019030116498470306,-0.5231826305389404,-0.1452445238828659,-0.4809698760509491,-0.22681736946105957,0.07024452090263367,-0.4809698760509491,-0.346405953168869,-0.2184678316116333,-0.019030116498470306,-0.403594046831131,0.14346782863140106,-0.4809698760509491,-0.22681736946105957,0.07024452090263367,-0.019030116498470306,-0.403594046831131,0.14346782863140106,-0.019030116498470306,-0.5231826305389404,-0.1452445238828659,-0.4809698760509491,-0.346405953168869,-0.2184678316116333,-0.019030116498470306,-0.5231826305389404,-0.1452445238828659,-0.4809698760509491,-0.346405953168869,-0.2184678316116333,-0.4809698760509491,-0.22681736946105957,0.07024452090263367,-0.019030116498470306,-0.403594046831131,0.14346782863140106,-0.019030116498470306,-0.5231826305389404,-0.1452445238828659,0.019030116498470306,-0.341094046831131,0.14346782863140106,0.019030116498470306,-0.46068263053894043,-0.1452445238828659,0.4809698760509491,-0.16431736946105957,0.07024452090263367,0.4809698760509491,-0.28390592336654663,-0.2184678316116333,0.4809698760509491,-0.16431736946105957,0.07024452090263367,0.019030116498470306,-0.341094046831131,0.14346782863140106,0.4809698760509491,-0.16431736946105957,0.07024452090263367,0.4809698760509491,-0.28390592336654663,-0.2184678316116333,0.019030116498470306,-0.46068263053894043,-0.1452445238828659,0.4809698760509491,-0.28390592336654663,-0.2184678316116333,0.019030116498470306,-0.341094046831131,0.14346782863140106,0.4809698760509491,-0.16431736946105957,0.07024452090263367,0.4809698760509491,-0.28390592336654663,-0.2184678316116333,0.019030116498470306,-0.46068263053894043,-0.1452445238828659,0.14479029178619385,-0.11819064617156982,0.04539775848388672,-0.12194515019655228,-0.23777920007705688,-0.06508767604827881,-0.10930485278367996,0.11277920007705688,0.4088376760482788,-0.3760402798652649,-0.006809353828430176,0.2983522415161133,0.14479029178619385,-0.11819064617156982,0.04539775848388672,-0.10930485278367996,0.11277920007705688,0.4088376760482788,0.14479029178619385,-0.11819064617156982,0.04539775848388672,-0.12194515019655228,-0.23777920007705688,-0.06508767604827881,-0.3760402798652649,-0.006809353828430176,0.2983522415161133,-0.12194515019655228,-0.23777920007705688,-0.06508767604827881,-0.3760402798652649,-0.006809353828430176,0.2983522415161133,-0.10930485278367996,0.11277920007705688,0.4088376760482788,0.14479029178619385,-0.11819064617156982,0.04539775848388672,-0.12194515019655228,-0.23777920007705688,-0.06508767604827881,0.15225431323051453,-0.6643770337104797,0.06413588672876358,-0.14085502922534943,-0.6306638121604919,-0.03885240480303764,0.3158550262451172,-0.36933618783950806,-0.30489760637283325,0.022745687514543533,-0.33562299609184265,-0.407885879278183,0.3158550262451172,-0.36933618783950806,-0.30489760637283325,0.15225431323051453,-0.6643770337104797,0.06413588672876358,0.3158550262451172,-0.36933618783950806,-0.30489760637283325,0.022745687514543533,-0.33562299609184265,-0.407885879278183,-0.14085502922534943,-0.6306638121604919,-0.03885240480303764,0.022745687514543533,-0.33562299609184265,-0.407885879278183,0.15225431323051453,-0.6643770337104797,0.06413588672876358,0.3158550262451172,-0.36933618783950806,-0.30489760637283325,0.022745687514543533,-0.33562299609184265,-0.407885879278183,-0.14085502922534943,-0.6306638121604919,-0.03885240480303764,0.14479029178619385,0.19430935382843018,0.04539775848388672,-0.12194515019655228,0.07472079992294312,-0.06508767604827881,-0.10930485278367996,0.42527925968170166,0.4088376760482788,-0.3760402798652649,0.3056906461715698,0.2983522415161133,0.14479029178619385,0.19430935382843018,0.04539775848388672,-0.10930485278367996,0.42527925968170166,0.4088376760482788,0.14479029178619385,0.19430935382843018,0.04539775848388672,-0.12194515019655228,0.07472079992294312,-0.06508767604827881,-0.3760402798652649,0.3056906461715698,0.2983522415161133,-0.12194515019655228,0.07472079992294312,-0.06508767604827881,-0.3760402798652649,0.3056906461715698,0.2983522415161133,-0.10930485278367996,0.42527925968170166,0.4088376760482788,0.14479029178619385,0.19430935382843018,0.04539775848388672,-0.12194515019655228,0.07472079992294312,-0.06508767604827881,-0.14479029178619385,0.06930935382843018,-0.04539775848388672,0.12194515019655228,-0.050279200077056885,0.06508767604827881,0.10930485278367996,0.30027925968170166,-0.4088376760482788,0.3760402798652649,0.18069064617156982,-0.2983522415161133,-0.14479029178619385,0.06930935382843018,-0.04539775848388672,0.10930485278367996,0.30027925968170166,-0.4088376760482788,-0.14479029178619385,0.06930935382843018,-0.04539775848388672,0.12194515019655228,-0.050279200077056885,0.06508767604827881,0.3760402798652649,0.18069064617156982,-0.2983522415161133,0.12194515019655228,-0.050279200077056885,0.06508767604827881,0.3760402798652649,0.18069064617156982,-0.2983522415161133,0.10930485278367996,0.30027925968170166,-0.4088376760482788,-0.14479029178619385,0.06930935382843018,-0.04539775848388672,0.12194515019655228,-0.050279200077056885,0.06508767604827881,0.15625,0.8125,0.15625,0.15625,0.4375,0.15625,0.15625,0.8125,-0.15625,0.15625,0.4375,-0.15625,-0.15625,0.8125,-0.15625,-0.15625,0.4375,-0.15625,-0.15625,0.8125,0.15625,-0.15625,0.4375,0.15625,-0.15625,0.8125,-0.15625,-0.15625,0.8125,0.15625,0.15625,0.8125,-0.15625,0.15625,0.8125,0.15625,-0.15625,0.4375,0.15625,-0.15625,0.4375,-0.15625,0.15625,0.4375,0.15625,0.15625,0.4375,-0.15625,-0.15625,0.8125,0.15625,-0.15625,0.4375,0.15625,0.15625,0.8125,0.15625,0.15625,0.4375,0.15625,0.15625,0.8125,-0.15625,0.15625,0.4375,-0.15625,-0.15625,0.8125,-0.15625,-0.15625,0.4375,-0.15625],"indices":[0,1,2,1,3,2,4,5,6,5,7,6,8,9,10,9,11,10,12,13,14,13,15,14,16,17,18,17,19,18,20,21,22,21,23,22,24,24,25,24,25,25,26,26,27,26,27,27,28,29,30,28,30,29,31,32,33,31,33,32,34,35,36,34,36,37,38,38,39,38,39,39,40,40,41,40,41,41,42,43,43,42,43,44,45,46,46,45,46,47,48,49,50,48,50,51,52,52,53,52,53,53,54,54,55,54,55,55,56,57,58,56,58,57,59,60,61,59,61,60,62,63,64,62,64,65,66,66,67,66,67,67,68,68,69,68,69,69,70,71,71,70,71,72,73,74,74,73,74,75,76,77,78,76,78,79,80,80,81,80,81,81,82,82,83,82,83,83,84,85,86,84,86,85,87,88,89,87,89,88,90,91,92,90,92,93,94,94,95,94,95,95,96,96,97,96,97,97,98,99,100,98,100,99,101,102,103,101,103,102,104,105,106,104,106,107,108,109,110,109,111,110,112,113,114,113,115,114,116,117,118,117,119,118,120,121,122,121,123,122,124,125,126,125,127,126,128,129,130,129,131,130]},"optimizedModelData":{"":{"meshCount":1},"-named-nodes":{"meshCount":8},"-no-animations":{"meshCount":1}}}