{"schemaVersion":4,"source":{"uri":"models/players/hair/hair-0008.gltf","sha256":"e663f149b377af6b68fc80cfbbedb531b45951adb13dab1417561bc40737d694"},"animationNames":[],"boundingBox":{"min":{"x":-0.2888325214724777,"y":0.952014565439602,"z":-0.2265625},"max":{"x":0.2888325214724777,"y":1.4609375,"z":0.24140625}},"nodeNames":["hair-0008-geo","hair-0008-extra-geo","hair-0008-extra-geo","hair-0008-extra-geo","head-anchor"],"trimesh":{"vertices":[0.2109375,-0.18303853273391724,-0.21835938096046448,0.2109375,0.23883646726608276,-0.21835938096046448,0.2109375,0.23883646726608276,0.20351561903953552,0.2109375,-0.18303853273391724,0.20351561903953552,-0.2109375,-0.18303853273391724,0.20351561903953552,-0.2109375,0.23883646726608276,0.20351561903953552,-0.2109375,0.23883646726608276,-0.21835938096046448,-0.2109375,-0.18303853273391724,-0.21835938096046448,0.2109375,0.23883646726608276,0.20351561903953552,0.2109375,0.23883646726608276,-0.21835938096046448,-0.2109375,0.23883646726608276,-0.21835938096046448,-0.2109375,0.23883646726608276,0.20351561903953552,0.2109375,-0.18303853273391724,-0.21835938096046448,0.2109375,-0.18303853273391724,0.20351561903953552,-0.2109375,-0.18303853273391724,0.20351561903953552,-0.2109375,-0.18303853273391724,-0.21835938096046448,0.2109375,-0.18303853273391724,0.20351561903953552,0.2109375,0.23883646726608276,0.20351561903953552,-0.2109375,0.23883646726608276,0.20351561903953552,-0.2109375,-0.18303853273391724,0.20351561903953552,-0.2109375,-0.18303853273391724,-0.21835938096046448,-0.2109375,0.23883646726608276,-0.21835938096046448,0.2109375,0.23883646726608276,-0.21835938096046448,0.2109375,-0.18303853273391724,-0.21835938096046448,0.2265625,-0.19866353273391724,-0.23398438096046448,0.2265625,0.25446146726608276,-0.23398438096046448,0.2265625,0.25446146726608276,0.21914061903953552,0.2265625,-0.19866353273391724,0.21914061903953552,-0.2265625,-0.19866353273391724,0.21914061903953552,-0.2265625,0.25446146726608276,0.21914061903953552,-0.2265625,0.25446146726608276,-0.23398438096046448,-0.2265625,-0.19866353273391724,-0.23398438096046448,0.2265625,0.25446146726608276,0.21914061903953552,0.2265625,0.25446146726608276,-0.23398438096046448,-0.2265625,0.25446146726608276,-0.23398438096046448,-0.2265625,0.25446146726608276,0.21914061903953552,0.2265625,-0.19866353273391724,-0.23398438096046448,0.2265625,-0.19866353273391724,0.21914061903953552,-0.2265625,-0.19866353273391724,0.21914061903953552,-0.2265625,-0.19866353273391724,-0.23398438096046448,0.2265625,-0.19866353273391724,0.21914061903953552,0.2265625,0.25446146726608276,0.21914061903953552,-0.2265625,0.25446146726608276,0.21914061903953552,-0.2265625,-0.19866353273391724,0.21914061903953552,-0.2265625,-0.19866353273391724,-0.23398438096046448,-0.2265625,0.25446146726608276,-0.23398438096046448,0.2265625,0.25446146726608276,-0.23398438096046448,0.2265625,-0.19866353273391724,-0.23398438096046448,-0.0678616464138031,-0.14397603273391724,0.23398438096046448,-0.17834708094596863,-0.25446146726608276,0.23398438096046448,-0.0678616464138031,-0.14397603273391724,0.07773437350988388,-0.17834708094596863,-0.25446146726608276,0.07773437350988388,-0.17834708094596863,-0.03349059820175171,0.07773437350988388,-0.28883251547813416,-0.14397603273391724,0.07773437350988388,-0.17834708094596863,-0.03349059820175171,0.23398438096046448,-0.28883251547813416,-0.14397603273391724,0.23398438096046448,-0.17834708094596863,-0.03349059820175171,0.07773437350988388,-0.17834708094596863,-0.03349059820175171,0.23398438096046448,-0.0678616464138031,-0.14397603273391724,0.07773437350988388,-0.0678616464138031,-0.14397603273391724,0.23398438096046448,-0.28883251547813416,-0.14397603273391724,0.23398438096046448,-0.28883251547813416,-0.14397603273391724,0.07773437350988388,-0.17834708094596863,-0.25446146726608276,0.23398438096046448,-0.17834708094596863,-0.25446146726608276,0.07773437350988388,-0.17834708094596863,-0.03349059820175171,0.23398438096046448,-0.28883251547813416,-0.14397603273391724,0.23398438096046448,-0.0678616464138031,-0.14397603273391724,0.23398438096046448,-0.17834708094596863,-0.25446146726608276,0.23398438096046448,-0.0678616464138031,-0.14397603273391724,0.07773437350988388,-0.17834708094596863,-0.25446146726608276,0.07773437350988388,-0.17834708094596863,-0.03349059820175171,0.07773437350988388,-0.28883251547813416,-0.14397603273391724,0.07773437350988388,0.17834708094596863,-0.03349059820175171,0.23398438096046448,0.28883251547813416,-0.14397603273391724,0.23398438096046448,0.17834708094596863,-0.03349059820175171,0.07773437350988388,0.28883251547813416,-0.14397603273391724,0.07773437350988388,0.0678616538643837,-0.14397603273391724,0.07773437350988388,0.17834708094596863,-0.25446146726608276,0.07773437350988388,0.0678616538643837,-0.14397603273391724,0.23398438096046448,0.17834708094596863,-0.25446146726608276,0.23398438096046448,0.0678616538643837,-0.14397603273391724,0.07773437350988388,0.0678616538643837,-0.14397603273391724,0.23398438096046448,0.17834708094596863,-0.03349059820175171,0.07773437350988388,0.17834708094596863,-0.03349059820175171,0.23398438096046448,0.17834708094596863,-0.25446146726608276,0.23398438096046448,0.17834708094596863,-0.25446146726608276,0.07773437350988388,0.28883251547813416,-0.14397603273391724,0.23398438096046448,0.28883251547813416,-0.14397603273391724,0.07773437350988388,0.0678616538643837,-0.14397603273391724,0.23398438096046448,0.17834708094596863,-0.25446146726608276,0.23398438096046448,0.17834708094596863,-0.03349059820175171,0.23398438096046448,0.28883251547813416,-0.14397603273391724,0.23398438096046448,0.17834708094596863,-0.03349059820175171,0.07773437350988388,0.28883251547813416,-0.14397603273391724,0.07773437350988388,0.0678616538643837,-0.14397603273391724,0.07773437350988388,0.17834708094596863,-0.25446146726608276,0.07773437350988388],"indices":[0,1,2,0,2,3,4,5,6,4,6,7,8,9,10,8,10,11,12,13,14,12,14,15,16,17,18,16,18,19,20,21,22,20,22,23,24,25,26,24,26,27,28,29,30,28,30,31,32,33,34,32,34,35,36,37,38,36,38,39,40,41,42,40,42,43,44,45,46,44,46,47,48,49,50,49,51,50,52,53,54,53,55,54,56,57,58,57,59,58,60,61,62,61,63,62,64,65,66,65,67,66,68,69,70,69,71,70,72,73,74,73,75,74,76,77,78,77,79,78,80,81,82,81,83,82,84,85,86,85,87,86,88,89,90,89,91,90,92,93,94,93,95,94]},"optimizedModelData":{"":{"meshCount":1},"-named-nodes":{"meshCount":4},"-no-animations":{"meshCount":1}}}