{"schemaVersion":4,"source":{"uri":"models/environment/Farm/corn/corn-stage4.gltf","sha256":"c931ca5d8c702e6e5adbaab7d83ac555b3e69457627197392593229df809678e"},"animationNames":[],"boundingBox":{"min":{"x":-0.41272208691207946,"y":0,"z":-0.3411716568818087},"max":{"x":0.4747621298570349,"y":2.065894966844263,"z":0.376110434560398}},"nodeNames":["cube","cube","cube","cube","cube","cube","root",""],"trimesh":{"vertices":[0.026523560285568237,0.032610028982162476,0.047271959483623505,-0.09342549741268158,-0.25044184923171997,-0.16748106479644775,0.11591142416000366,0.10650774836540222,-0.10005484521389008,-0.004037632141262293,-0.17654411494731903,-0.31480786204338074,-0.03761093690991402,0.20482248067855835,-0.14388801157474518,-0.15755999088287354,-0.0782293826341629,-0.3586410582065582,-0.12699879705905914,0.1309247612953186,0.0034387861378490925,-0.24694785475730896,-0.15212710201740265,-0.21131424605846405,-0.03761093690991402,0.20482248067855835,-0.14388801157474518,-0.12699879705905914,0.1309247612953186,0.0034387861378490925,0.11591142416000366,0.10650774836540222,-0.10005484521389008,0.026523560285568237,0.032610028982162476,0.047271959483623505,-0.24694785475730896,-0.15212710201740265,-0.21131424605846405,-0.15755999088287354,-0.0782293826341629,-0.3586410582065582,-0.09342549741268158,-0.25044184923171997,-0.16748106479644775,-0.004037632141262293,-0.17654411494731903,-0.31480786204338074,-0.12699879705905914,0.1309247612953186,0.0034387861378490925,-0.24694785475730896,-0.15212710201740265,-0.21131424605846405,0.026523560285568237,0.032610028982162476,0.047271959483623505,-0.09342549741268158,-0.25044184923171997,-0.16748106479644775,0.11591142416000366,0.10650774836540222,-0.10005484521389008,-0.004037632141262293,-0.17654411494731903,-0.31480786204338074,-0.03761093690991402,0.20482248067855835,-0.14388801157474518,-0.15755999088287354,-0.0782293826341629,-0.3586410582065582,0.44374212622642517,0.30923211574554443,0.0762806087732315,0.09018871933221817,-0.04432126134634018,0.0762806087732315,0.4437420964241028,0.30923211574554443,-0.1112193912267685,0.09018871933221817,-0.044321268796920776,-0.1112193912267685,0.31115958094596863,0.4418146312236786,-0.1112193837761879,-0.04239380359649658,0.08826125413179398,-0.1112193912267685,0.311159610748291,0.441814661026001,0.0762806236743927,-0.042393799871206284,0.08826126158237457,0.0762806087732315,0.31115958094596863,0.4418146312236786,-0.1112193837761879,0.311159610748291,0.441814661026001,0.0762806236743927,0.4437420964241028,0.30923211574554443,-0.1112193912267685,0.44374212622642517,0.30923211574554443,0.0762806087732315,-0.042393799871206284,0.08826126158237457,0.0762806087732315,-0.04239380359649658,0.08826125413179398,-0.1112193912267685,0.09018871933221817,-0.04432126134634018,0.0762806087732315,0.09018871933221817,-0.044321268796920776,-0.1112193912267685,0.311159610748291,0.441814661026001,0.0762806236743927,-0.042393799871206284,0.08826126158237457,0.0762806087732315,0.44374212622642517,0.30923211574554443,0.0762806087732315,0.09018871933221817,-0.04432126134634018,0.0762806087732315,0.4437420964241028,0.30923211574554443,-0.1112193912267685,0.09018871933221817,-0.044321268796920776,-0.1112193912267685,0.31115958094596863,0.4418146312236786,-0.1112193837761879,-0.04239380359649658,0.08826125413179398,-0.1112193912267685,0.16785375773906708,0.9670525193214417,-0.21634316444396973,0.16785377264022827,-1.0329475402832031,-0.21634317934513092,-0.2298937886953354,0.9670524597167969,0.18140438199043274,-0.22989380359649658,-1.0329475402832031,0.18140439689159393,-0.2298937886953354,0.9670524597167969,0.18140438199043274,0.16785375773906708,0.9670525193214417,-0.21634316444396973,-0.2298937886953354,0.9670524597167969,0.18140438199043274,-0.22989380359649658,-1.0329475402832031,0.18140439689159393,0.16785377264022827,-1.0329475402832031,-0.21634317934513092,-0.22989380359649658,-1.0329475402832031,0.18140439689159393,0.16785375773906708,0.9670525193214417,-0.21634316444396973,-0.2298937886953354,0.9670524597167969,0.18140438199043274,-0.22989380359649658,-1.0329475402832031,0.18140439689159393,0.16785377264022827,-1.0329475402832031,-0.21634317934513092,-0.21740959584712982,0.3168146312236786,0.26489102840423584,0.03259041905403137,-0.036738745868206024,0.014891046099364758,-0.34999212622642517,0.316814661026001,0.13230852782726288,-0.09999211132526398,-0.036738742142915726,-0.11769147217273712,-0.4437420964241028,0.18423213064670563,0.22605852782726288,-0.19374211132526398,-0.16932126879692078,-0.02394147403538227,-0.31115958094596863,0.18423211574554443,0.35864102840423584,-0.06115959212183952,-0.16932125389575958,0.10864104330539703,-0.4437420964241028,0.18423213064670563,0.22605852782726288,-0.31115958094596863,0.18423211574554443,0.35864102840423584,-0.34999212622642517,0.316814661026001,0.13230852782726288,-0.21740959584712982,0.3168146312236786,0.26489102840423584,-0.06115959212183952,-0.16932125389575958,0.10864104330539703,-0.19374211132526398,-0.16932126879692078,-0.02394147403538227,0.03259041905403137,-0.036738745868206024,0.014891046099364758,-0.09999211132526398,-0.036738742142915726,-0.11769147217273712,-0.31115958094596863,0.18423211574554443,0.35864102840423584,-0.06115959212183952,-0.16932125389575958,0.10864104330539703,-0.21740959584712982,0.3168146312236786,0.26489102840423584,0.03259041905403137,-0.036738745868206024,0.014891046099364758,-0.34999212622642517,0.316814661026001,0.13230852782726288,-0.09999211132526398,-0.036738742142915726,-0.11769147217273712,-0.4437420964241028,0.18423213064670563,0.22605852782726288,-0.19374211132526398,-0.16932126879692078,-0.02394147403538227,0.16785374283790588,0.9670524597167969,0.18140435218811035,0.16785378754138947,-1.0329475402832031,0.18140438199043274,-0.22989383339881897,0.9670525193214417,-0.21634319424629211,-0.2298937886953354,-1.0329475402832031,-0.21634317934513092,0.16785374283790588,0.9670524597167969,0.18140435218811035,-0.22989383339881897,0.9670525193214417,-0.21634319424629211,0.16785374283790588,0.9670524597167969,0.18140435218811035,0.16785378754138947,-1.0329475402832031,0.18140438199043274,-0.2298937886953354,-1.0329475402832031,-0.21634317934513092,0.16785378754138947,-1.0329475402832031,0.18140438199043274,-0.2298937886953354,-1.0329475402832031,-0.21634317934513092,-0.22989383339881897,0.9670525193214417,-0.21634319424629211,0.16785374283790588,0.9670524597167969,0.18140435218811035,0.16785378754138947,-1.0329475402832031,0.18140438199043274,-0.024429108947515488,1.0329475402832031,-0.031675755977630615,0.09551994502544403,0.7498956322669983,0.18307726085186005,0.06495874375104904,0.9590497612953186,-0.1790025681257248,0.18490782380104065,0.6759979128837585,0.03575047105550766,-0.08856359869241714,0.8607350587844849,-0.2228357493877411,0.031385451555252075,0.57768315076828,-0.008082728832960129,-0.17795145511627197,0.9346327185630798,-0.07550893723964691,-0.05800241231918335,0.6515808701515198,0.13924409449100494,-0.08856359869241714,0.8607350587844849,-0.2228357493877411,-0.17795145511627197,0.9346327185630798,-0.07550893723964691,0.06495874375104904,0.9590497612953186,-0.1790025681257248,-0.024429108947515488,1.0329475402832031,-0.031675755977630615,-0.05800241231918335,0.6515808701515198,0.13924409449100494,0.031385451555252075,0.57768315076828,-0.008082728832960129,0.09551994502544403,0.7498956322669983,0.18307726085186005,0.18490782380104065,0.6759979128837585,0.03575047105550766,-0.17795145511627197,0.9346327185630798,-0.07550893723964691,-0.05800241231918335,0.6515808701515198,0.13924409449100494,-0.024429108947515488,1.0329475402832031,-0.031675755977630615,0.09551994502544403,0.7498956322669983,0.18307726085186005,0.06495874375104904,0.9590497612953186,-0.1790025681257248,0.18490782380104065,0.6759979128837585,0.03575047105550766,-0.08856359869241714,0.8607350587844849,-0.2228357493877411,0.031385451555252075,0.57768315076828,-0.008082728832960129],