{"schemaVersion":4,"source":{"uri":"models/environment/City/trash-bags.gltf","sha256":"ca43ca98294ccb64e8639b5c6a75628ba22222e5a84f2bb75698e31ae3f33727"},"animationNames":[],"boundingBox":{"min":{"x":-0.625,"y":0,"z":-0.375},"max":{"x":0.625,"y":0.75,"z":0.25}},"nodeNames":["cube","cube","cube","cube","cube","cube","cube","cube","cube","root",""],"trimesh":{"vertices":[0.25,0.125,0.3125,0.25,-0.375,0.3125,0.25,0.125,-0.1875,0.25,-0.375,-0.1875,-0.25,0.125,-0.1875,-0.25,-0.375,-0.1875,-0.25,0.125,0.3125,-0.25,-0.375,0.3125,-0.25,0.125,-0.1875,-0.25,0.125,0.3125,0.25,0.125,-0.1875,0.25,0.125,0.3125,-0.25,-0.375,0.3125,-0.25,-0.375,-0.1875,0.25,-0.375,0.3125,0.25,-0.375,-0.1875,-0.25,0.125,0.3125,-0.25,-0.375,0.3125,0.25,0.125,0.3125,0.25,-0.375,0.3125,0.25,0.125,-0.1875,0.25,-0.375,-0.1875,-0.25,0.125,-0.1875,-0.25,-0.375,-0.1875,-0.25,0,0.0625,-0.25,-0.375,0.0625,-0.25,0,-0.3125,-0.25,-0.375,-0.3125,-0.625,0,-0.3125,-0.625,-0.375,-0.3125,-0.625,0,0.0625,-0.625,-0.375,0.0625,-0.625,0,-0.3125,-0.625,0,0.0625,-0.25,0,-0.3125,-0.25,0,0.0625,-0.625,-0.375,0.0625,-0.625,-0.375,-0.3125,-0.25,-0.375,0.0625,-0.25,-0.375,-0.3125,-0.625,0,0.0625,-0.625,-0.375,0.0625,-0.25,0,0.0625,-0.25,-0.375,0.0625,-0.25,0,-0.3125,-0.25,-0.375,-0.3125,-0.625,0,-0.3125,-0.625,-0.375,-0.3125,-0.3491116464138031,0.25,-0.0366116538643837,-0.3491116464138031,0.25,-0.0366116538643837,-0.3491116464138031,0,-0.0366116538643837,-0.5258883237838745,0.25,-0.2133883535861969,-0.5258883237838745,0.25,-0.2133883535861969,-0.5258883237838745,0,-0.2133883535861969,-0.3491116464138031,0.25,-0.0366116538643837,-0.3491116464138031,0.25,-0.0366116538643837,-0.3491116464138031,0,-0.0366116538643837,-0.5258883237838745,0,-0.2133883535861969,-0.3491116464138031,0,-0.0366116538643837,-0.5258883237838745,0,-0.2133883535861969,-0.5258883237838745,0.25,-0.2133883535861969,-0.3491116464138031,0.25,-0.0366116538643837,-0.3491116464138031,0,-0.0366116538643837,0.0883883535861969,0.375,-0.02588834799826145,0.0883883535861969,0.375,-0.02588834799826145,0.0883883535861969,0.125,-0.02588834799826145,-0.0883883461356163,0.375,0.1508883535861969,-0.0883883461356163,0.375,0.1508883535861969,-0.0883883461356163,0.125,0.1508883535861969,0.0883883535861969,0.375,-0.02588834799826145,0.0883883535861969,0.375,-0.02588834799826145,0.0883883535861969,0.125,-0.02588834799826145,-0.0883883461356163,0.125,0.1508883535861969,0.0883883535861969,0.125,-0.02588834799826145,-0.0883883461356163,0.125,0.1508883535861969,-0.0883883461356163,0.375,0.1508883535861969,0.0883883535861969,0.375,-0.02588834799826145,0.0883883535861969,0.125,-0.02588834799826145,-0.3491116464138031,0.25,-0.2133883535861969,-0.3491116464138031,0.25,-0.2133883535861969,-0.3491116464138031,0,-0.2133883535861969,-0.5258883237838745,0.25,-0.0366116538643837,-0.5258883237838745,0.25,-0.0366116538643837,-0.5258883237838745,0,-0.0366116538643837,-0.3491116464138031,0.25,-0.2133883535861969,-0.5258883237838745,0.25,-0.0366116538643837,-0.5258883237838745,0,-0.0366116538643837,-0.3491116464138031,0,-0.2133883535861969,-0.3491116464138031,0.25,-0.2133883535861969,-0.5258883237838745,0.25,-0.0366116538643837,-0.5258883237838745,0,-0.0366116538643837,-0.3491116464138031,0,-0.2133883535861969,0.0883883535861969,0.375,0.1508883535861969,0.0883883535861969,0.375,0.1508883535861969,0.0883883535861969,0.125,0.1508883535861969,-0.0883883461356163,0.375,-0.02588834799826145,-0.0883883461356163,0.375,-0.02588834799826145,-0.0883883461356163,0.125,-0.02588834799826145,0.0883883535861969,0.375,0.1508883535861969,-0.0883883461356163,0.375,-0.02588834799826145,-0.0883883461356163,0.125,-0.02588834799826145,0.0883883535861969,0.125,0.1508883535861969,0.0883883535861969,0.375,0.1508883535861969,-0.0883883461356163,0.375,-0.02588834799826145,-0.0883883461356163,0.125,-0.02588834799826145,0.0883883535861969,0.125,0.1508883535861969,0.3491116464138031,0.25,0.0366116538643837,0.3491116464138031,0.25,0.0366116538643837,0.3491116464138031,0,0.0366116538643837,0.5258883237838745,0.25,0.2133883535861969,0.5258883237838745,0.25,0.2133883535861969,0.5258883237838745,0,0.2133883535861969,0.3491116464138031,0.25,0.0366116538643837,0.3491116464138031,0.25,0.0366116538643837,0.3491116464138031,0,0.0366116538643837,0.5258883237838745,0,0.2133883535861969,0.3491116464138031,0,0.0366116538643837,0.5258883237838745,0,0.2133883535861969,0.5258883237838745,0.25,0.2133883535861969,0.3491116464138031,0.25,0.0366116538643837,0.3491116464138031,0,0.0366116538643837,0.3491116464138031,0.25,0.2133883535861969,0.3491116464138031,0.25,0.2133883535861969,0.3491116464138031,0,0.2133883535861969,0.5258883237838745,0.25,0.0366116538643837,0.5258883237838745,0.25,0.0366116538643837,0.5258883237838745,0,0.0366116538643837,0.3491116464138031,0.25,0.2133883535861969,0.5258883237838745,0.25,0.0366116538643837,0.5258883237838745,0,0.0366116538643837,0.3491116464138031,0,0.2133883535861969,0.3491116464138031,0.25,0.2133883535861969,0.5258883237838745,0.25,0.0366116538643837,0.5258883237838745,0,0.0366116538643837,0.3491116464138031,0,0.2133883535861969,0.625,0,0.3125,0.625,-0.375,0.3125,0.625,0,-0.0625,0.625,-0.375,-0.0625,0.25,0,-0.0625,0.25,-0.375,-0.0625,0.25,0,0.3125,0.25,-0.375,0.3125,0.25,0,-0.0625,0.25,0,0.3125,0.625,0,-0.0625,0.625,0,0.3125,0.25,-0.375,0.3125,0.25,-0.375,-0.0625,0.625,-0.375,0.3125,0.625,-0.375,-0.0625,0.25,0,0.3125,0.25,-0.375,0.3125,0.625,0,0.3125,0.625,-0.375,0.3125,0.625,0,-0.0625,0.625,-0.375,-0.0625,0.25,0,-0.0625,0.25,-0.375,-0.0625],"indices":[0,1,2,1,3,2,4,5,6,5,7,6,8,9,10,9,11,10,12,13,14,13,15,14,16,17,18,17,19,18,20,21,22,21,23,22,24,25,26,25,27,26,28,29,30,29,31,30,32,33,34,33,35,34,36,37,38,37,39,38,40,41,42,41,43,42,44,45,46,45,47,46,48,49,50,48,50,50,51,52,53,51,53,53,54,51,55,54,55,51,56,57,58,56,58,57,59,60,61,59,61,62,63,64,65,63,65,65,66,67,68,66,68,68,69,66,70,69,70,66,71,72,73,71,73,72,74,75,76,74,76,77,78,79,80,78,80,80,81,82,83,81,83,83,81,84,84,81,84,85,86,87,87,86,87,83,88,89,90,88,90,91,92,93,94,92,94,94,95,96,97,95,97,97,95,98,98,95,98,99,100,101,101,100,101,97,102,103,104,102,104,105,106,107,108,106,108,108,109,110,111,109,111,111,112,109,113,112,113,109,114,115,116,114,116,115,117,118,119,117,119,120,121,122,123,121,123,123,124,125,126,124,126,126,124,127,127,124,127,128,129,130,130,129,130,126,131,132,133,131,133,134,135,136,137,136,138,137,139,140,141,140,142,141,143,144,145,144,146,145,147,148,149,148,150,149,151,152,153,152,154,153,155,156,157,156,158,157]},"optimizedModelData":{"":{"meshCount":1},"-named-nodes":{"meshCount":9},"-no-animations":{"meshCount":1}}}