{"schemaVersion":4,"source":{"uri":"models/environment/Plains/animal-footprints.gltf","sha256":"11c5eeb070679ef93da3a010c5786ae3fb6c92ff5d745cc59c71b6dce4d7560a"},"animationNames":[],"boundingBox":{"min":{"x":-0.5,"y":0.0031249999534338716,"z":-0.5},"max":{"x":0.5,"y":0.006312500002968591,"z":0.5}},"nodeNames":["animal-footprints","animal-footprints","root",""],"trimesh":{"vertices":[0.5,0.0015937499701976776,0.5,0.5,0.0015312500763684511,0.5,0.5,0.0015937499701976776,-0.5,0.5,0.0015312500763684511,-0.5,-0.5,0.0015937499701976776,-0.5,-0.5,0.0015312500763684511,-0.5,-0.5,0.0015937499701976776,0.5,-0.5,0.0015312500763684511,0.5,-0.5,0.0015937499701976776,-0.5,-0.5,0.0015937499701976776,0.5,0.5,0.0015937499701976776,-0.5,0.5,0.0015937499701976776,0.5,-0.5,0.0015312500763684511,0.5,-0.5,0.0015312500763684511,-0.5,0.5,0.0015312500763684511,0.5,0.5,0.0015312500763684511,-0.5,-0.5,0.0015937499701976776,0.5,-0.5,0.0015312500763684511,0.5,0.5,0.0015937499701976776,0.5,0.5,0.0015312500763684511,0.5,0.5,0.0015937499701976776,-0.5,0.5,0.0015312500763684511,-0.5,-0.5,0.0015937499701976776,-0.5,-0.5,0.0015312500763684511,-0.5,0.5,-0.0015312498435378075,0.5,0.5,-0.0015937499701976776,0.5,0.5,-0.0015312498435378075,-0.5,0.5,-0.0015937499701976776,-0.5,-0.5,-0.0015312498435378075,-0.5,-0.5,-0.0015937499701976776,-0.5,-0.5,-0.0015312498435378075,0.5,-0.5,-0.0015937499701976776,0.5,-0.5,-0.0015312498435378075,-0.5,-0.5,-0.0015312498435378075,0.5,0.5,-0.0015312498435378075,-0.5,0.5,-0.0015312498435378075,0.5,-0.5,-0.0015937499701976776,0.5,-0.5,-0.0015937499701976776,-0.5,0.5,-0.0015937499701976776,0.5,0.5,-0.0015937499701976776,-0.5,-0.5,-0.0015312498435378075,0.5,-0.5,-0.0015937499701976776,0.5,0.5,-0.0015312498435378075,0.5,0.5,-0.0015937499701976776,0.5,0.5,-0.0015312498435378075,-0.5,0.5,-0.0015937499701976776,-0.5,-0.5,-0.0015312498435378075,-0.5,-0.5,-0.0015937499701976776,-0.5],"indices":[0,1,2,1,3,2,4,5,6,5,7,6,8,9,10,9,11,10,12,13,14,13,15,14,16,17,18,17,19,18,20,21,22,21,23,22,24,25,26,25,27,26,28,29,30,29,31,30,32,33,34,33,35,34,36,37,38,37,39,38,40,41,42,41,43,42,44,45,46,45,47,46]},"optimizedModelData":{"":{"meshCount":2},"-named-nodes":{"meshCount":2},"-no-animations":{"meshCount":2}}}