{"schemaVersion":4,"source":{"uri":"models/environment/Dungeon/iron-fence-2.gltf","sha256":"663b71754d12ae16665c53ba63b46f1205cd56ab27666c713ce000af5e45cfb2"},"animationNames":[],"boundingBox":{"min":{"x":-1.5,"y":0,"z":-0.125},"max":{"x":0.5,"y":2,"z":0.125}},"nodeNames":["bone3","cube","cube","cube","cube","cube","cube","cube","cube","cube","cube","cube","cube","cube","bone2","root",""],"trimesh":{"vertices":[0.9375,0.375,0.0625,0.9375,-1,0.0625,0.9375,0.375,-0.0625,0.9375,-1,-0.0625,0.8125,0.375,-0.0625,0.8125,-1,-0.0625,0.8125,0.375,0.0625,0.8125,-1,0.0625,0.8125,0.375,-0.0625,0.8125,0.375,0.0625,0.9375,0.375,-0.0625,0.9375,0.375,0.0625,0.8125,-1,0.0625,0.8125,-1,-0.0625,0.9375,-1,0.0625,0.9375,-1,-0.0625,0.8125,0.375,0.0625,0.8125,-1,0.0625,0.9375,0.375,0.0625,0.9375,-1,0.0625,0.9375,0.375,-0.0625,0.9375,-1,-0.0625,0.8125,0.375,-0.0625,0.8125,-1,-0.0625,1,0.4375,0.125,1,0.375,0.125,1,0.4375,-0.125,1,0.375,-0.125,0.75,0.4375,-0.125,0.75,0.375,-0.125,0.75,0.4375,0.125,0.75,0.375,0.125,0.75,0.4375,-0.125,0.75,0.4375,0.125,1,0.4375,-0.125,1,0.4375,0.125,0.75,0.375,0.125,0.75,0.375,-0.125,1,0.375,0.125,1,0.375,-0.125,0.75,0.4375,0.125,0.75,0.375,0.125,1,0.4375,0.125,1,0.375,0.125,1,0.4375,-0.125,1,0.375,-0.125,0.75,0.4375,-0.125,0.75,0.375,-0.125,1,0.6875,0.125,1,0.625,0.125,1,0.6875,-0.125,1,0.625,-0.125,0.75,0.6875,-0.125,0.75,0.625,-0.125,0.75,0.6875,0.125,0.75,0.625,0.125,0.75,0.6875,-0.125,0.75,0.6875,0.125,1,0.6875,-0.125,1,0.6875,0.125,0.75,0.625,0.125,0.75,0.625,-0.125,1,0.625,0.125,1,0.625,-0.125,0.75,0.6875,0.125,0.75,0.625,0.125,1,0.6875,0.125,1,0.625,0.125,1,0.6875,-0.125,1,0.625,-0.125,0.75,0.6875,-0.125,0.75,0.625,-0.125,0.96875,0.625,0.09375,0.96875,0.4375,0.09375,0.96875,0.625,-0.09375,0.96875,0.4375,-0.09375,0.78125,0.625,-0.09375,0.78125,0.4375,-0.09375,0.78125,0.625,0.09375,0.78125,0.4375,0.09375,0.78125,0.625,-0.09375,0.78125,0.625,0.09375,0.96875,0.625,-0.09375,0.96875,0.625,0.09375,0.78125,0.4375,0.09375,0.78125,0.4375,-0.09375,0.96875,0.4375,0.09375,0.96875,0.4375,-0.09375,0.78125,0.625,0.09375,0.78125,0.4375,0.09375,0.96875,0.625,0.09375,0.96875,0.4375,0.09375,0.96875,0.625,-0.09375,0.96875,0.4375,-0.09375,0.78125,0.625,-0.09375,0.78125,0.4375,-0.09375,-0.8125,0.375,0.0625,-0.8125,-1,0.0625,-0.8125,0.375,-0.0625,-0.8125,-1,-0.0625,-0.9375,0.375,-0.0625,-0.9375,-1,-0.0625,-0.9375,0.375,0.0625,-0.9375,-1,0.0625,-0.9375,0.375,-0.0625,-0.9375,0.375,0.0625,-0.8125,0.375,-0.0625,-0.8125,0.375,0.0625,-0.9375,-1,0.0625,-0.9375,-1,-0.0625,-0.8125,-1,0.0625,-0.8125,-1,-0.0625,-0.9375,0.375,0.0625,-0.9375,-1,0.0625,-0.8125,0.375,0.0625,-0.8125,-1,0.0625,-0.8125,0.375,-0.0625,-0.8125,-1,-0.0625,-0.9375,0.375,-0.0625,-0.9375,-1,-0.0625,-0.78125,0.625,0.09375,-0.78125,0.4375,0.09375,-0.78125,0.625,-0.09375,-0.78125,0.4375,-0.09375,-0.96875,0.625,-0.09375,-0.96875,0.4375,-0.09375,-0.96875,0.625,0.09375,-0.96875,0.4375,0.09375,-0.96875,0.625,-0.09375,-0.96875,0.625,0.09375,-0.78125,0.625,-0.09375,-0.78125,0.625,0.09375,-0.96875,0.4375,0.09375,-0.96875,0.4375,-0.09375,-0.78125,0.4375,0.09375,-0.78125,0.4375,-0.09375,-0.96875,0.625,0.09375,-0.96875,0.4375,0.09375,-0.78125,0.625,0.09375,-0.78125,0.4375,0.09375,-0.78125,0.625,-0.09375,-0.78125,0.4375,-0.09375,-0.96875,0.625,-0.09375,-0.96875,0.4375,-0.09375,-0.75,0.6875,0.125,-0.75,0.625,0.125,-0.75,0.6875,-0.125,-0.75,0.625,-0.125,-1,0.6875,-0.125,-1,0.625,-0.125,-1,0.6875,0.125,-1,0.625,0.125,-1,0.6875,-0.125,-1,0.6875,0.125,-0.75,0.6875,-0.125,-0.75,0.6875,0.125,-1,0.625,0.125,-1,0.625,-0.125,-0.75,0.625,0.125,-0.75,0.625,-0.125,-1,0.6875,0.125,-1,0.625,0.125,-0.75,0.6875,0.125,-0.75,0.625,0.125,-0.75,0.6875,-0.125,-0.75,0.625,-0.125,-1,0.6875,-0.125,-1,0.625,-0.125,-0.75,0.4375,0.125,-0.75,0.375,0.125,-0.75,0.4375,-0.125,-0.75,0.375,-0.125,-1,0.4375,-0.125,-1,0.375,-0.125,-1,0.4375,0.125,-1,0.375,0.125,-1,0.4375,-0.125,-1,0.4375,0.125,-0.75,0.4375,-0.125,-0.75,0.4375,0.125,-1,0.375,0.125,-1,0.375,-0.125,-0.75,0.375,0.125,-0.75,0.375,-0.125,-1,0.4375,0.125,-1,0.375,0.125,-0.75,0.4375,0.125,-0.75,0.375,0.125,-0.75,0.4375,-0.125,-0.75,0.375,-0.125,-1,0.4375,-0.125,-1,0.375,-0.125,-0.97443687915802,1,0.09943689405918121,-0.97443687915802,1,0.09943689405918121,-0.97443687915802,0.6875,0.09943689405918121,-0.77556312084198,1,-0.09943689405918121,-0.77556312084198,1,-0.09943689405918121,-0.77556312084198,0.6875,-0.09943689405918121,-0.77556312084198,1,-0.09943689405918121,-0.97443687915802,1,0.09943689405918121,-0.77556312084198,1,-0.09943689405918121,-0.77556312084198,0.6875,-0.09943689405918121,-0.97443687915802,0.6875,0.09943689405918121,-0.77556312084198,0.6875,-0.09943689405918121,-0.97443687915802,1,0.09943689405918121,-0.77556312084198,1,-0.09943689405918121,-0.77556312084198,0.6875,-0.09943689405918121,-0.97443687915802,0.6875,0.09943689405918121,-0.97443687915802,1,-0.09943689405918121,-0.97443687915802,1,-0.09943689405918121,-0.97443687915802,0.6875,-0.09943689405918121,-0.77556312084198,1,0.09943689405918121,-0.77556312084198,1,0.09943689405918121,-0.77556312084198,0.6875,0.09943689405918121,-0.77556312084198,1,0.09943689405918121,-0.97443687915802,1,-0.09943689405918121,-0.77556312084198,1,0.09943689405918121,-0.77556312084198,0.6875,0.09943689405918121,-0.97443687915802,0.6875,-0.09943689405918121,-0.77556312084198,0.6875,0.09943689405918121,-0.97443687915802,1,-0.09943689405918121,-0.77556312084198,1,0.09943689405918121,-0.77556312084198,0.6875,0.09943689405918121,-0.97443687915802,0.6875,-0.09943689405918121,0.77556312084198,1,0.09943689405918121,0.77556312084198,1,0.09943689405918121,0.77556312084198,0.6875,0.09943689405918121,0.97443687915802,1,-0.09943689405918121,0.97443687915802,1,-0.09943689405918121,0.97443687915802,0.6875,-0.09943689405918121,0.97443687915802,1,-0.09943689405918121,0.77556312084198,1,0.09943689405918121,0.97443687915802,1,-0.09943689405918121,0.97443687915802,0.6875,-0.09943689405918121,0.77556312084198,0.6875,0.09943689405918121,0.97443687915802,0.6875,-0.09943689405918121,0.77556312084198,1,0.09943689405918121,0.97443687915802,1,-0.09943689405918121,0.97443687915802,0.6875,-0.09943689405918121,0.77556312084198,0.6875,0.09943689405918121,0.77556312084198,1,-0.09943689405918121,0.77556312084198,1,-0.09943689405918121,0.77556312084198,0.6875,-0.09943689405918121,0.97443687915802,1,0.09943689405918121,0.97443687915802,1,0.09943689405918121,0.97443687915802,0.6875,0.09943689405918121,0.97443687915802,1,0.09943689405918121,0.77556312084198,1,-0.09943689405918121,0.97443687915802,1,0.09943689405918121,0.97443687915802,0.6875,0.09943689405918121,0.77556312084198,0.6875,-0.09943689405918121,0.97443687915802,0.6875,0.09943689405918121,0.77556312084198,1,-0.09943689405918121,0.97443687915802,1,0.09943689405918121,0.97443687915802,0.6875,0.09943689405918121,0.77556312084198,0.6875,-0.09943689405918121,0.8125,0.625,0.00006249547004699707,0.8125,-1,0.00006249547004699707,0.8125,0.625,0,0.8125,-1,0,-0.8125,0.625,0,-0.8125,-1,0,-0.8125,0.625,0.00006249547004699707,-0.8125,-1,0.00006249547004699707,-0.8125,0.625,0,-0.8125,0.625,0.00006249547004699707,0.8125,0.625,0,0.8125,0.625,0.00006249547004699707,-0.8125,-1,0.00006249547004699707,-0.8125,-1,0,0.8125,-1,0.00006249547004699707,0.8125,-1,0,-0.8125,0.625,0.00006249547004699707,-0.8125,-1,0.00006249547004699707,0.8125,0.625,0.00006249547004699707,0.8125,-1,0.00006249547004699707,0.8125,0.625,0,0.8125,-1,0,-0.8125,0.625,0,-0.8125,-1,0],