{"schemaVersion":3,"source":{"uri":"models/environment/Dungeon/cobweb-block.gltf","sha256":"81760a2b84a88a245cc505b7ff784eeb3778b0ffd049d76e8f234855961848fa"},"animationNames":[],"boundingBox":{"min":{"x":-0.35355339059327373,"y":0,"z":-0.3535533905932738},"max":{"x":0.35355339059327373,"y":1,"z":0.3535533905932738}},"nodeNames":["cube","cube","cobweb3","root",""],"trimesh":{"vertices":[0.3535533845424652,0.5,0.3535533845424652,0.3535533845424652,0.5,0.3535533845424652,0.3535533845424652,-0.5,0.3535533845424652,-0.3535533845424652,0.5,-0.3535533845424652,-0.3535533845424652,0.5,-0.3535533845424652,-0.3535533845424652,-0.5,-0.3535533845424652,0.3535533845424652,0.5,0.3535533845424652,0.3535533845424652,-0.5,0.3535533845424652,-0.3535533845424652,-0.5,-0.3535533845424652,0.3535533845424652,-0.5,0.3535533845424652,-0.3535533845424652,-0.5,-0.3535533845424652,-0.3535533845424652,0.5,-0.3535533845424652,0.3535533845424652,0.5,0.3535533845424652,0.3535533845424652,-0.5,0.3535533845424652,0.3535533845424652,0.5,-0.3535533845424652,0.3535533845424652,0.5,-0.3535533845424652,0.3535533845424652,-0.5,-0.3535533845424652,-0.3535533845424652,0.5,0.3535533845424652,-0.3535533845424652,0.5,0.3535533845424652,-0.3535533845424652,-0.5,0.3535533845424652,0.3535533845424652,0.5,-0.3535533845424652,0.3535533845424652,-0.5,-0.3535533845424652,-0.3535533845424652,-0.5,0.3535533845424652,0.3535533845424652,-0.5,-0.3535533845424652,-0.3535533845424652,-0.5,0.3535533845424652,-0.3535533845424652,0.5,0.3535533845424652,0.3535533845424652,0.5,-0.3535533845424652,0.3535533845424652,-0.5,-0.3535533845424652],"indices":[0,1,2,0,2,2,3,4,5,3,5,5,0,3,6,0,6,3,7,8,9,7,9,8,10,11,12,10,12,13,14,15,16,14,16,16,17,18,19,17,19,19,14,17,20,14,20,17,21,22,23,21,23,22,24,25,26,24,26,27]}}