{"schemaVersion":4,"source":{"uri":"models/eggs/rare/amethyst-egg.gltf","sha256":"72cd77a6008fa4e53cf4530a6331905696f620de052ef6bea9242ce59252e44e"},"animationNames":[],"boundingBox":{"min":{"x":-0.375,"y":0,"z":-0.6875},"max":{"x":0.375,"y":0.875,"z":0.375}},"nodeNames":["cube","cube","cube","cube","cube","cube","cube","cube","amethyst","group"],"trimesh":{"vertices":[0.28125,0.4375,-0.125,0.3125,0.4375,0.15625,0.3125,0.1875,0.15625,0.3125,0.1875,-0.15625,-0.3125,0.1875,-0.15625,-0.3125,0.1875,0.15625,-0.3125,0.4375,0.15625,-0.28125,0.4375,-0.125,-0.28125,0.4375,-0.125,-0.3125,0.4375,0.15625,0,0.4375,0.15625,0,0.4375,-0.15625,0,0.1875,-0.15625,0,0.1875,0.15625,-0.3125,0.1875,0.15625,-0.3125,0.1875,-0.15625,-0.3125,0.1875,0.46875,0,0.1875,0.46875,0,0.4375,0.46875,-0.28125,0.4375,0.4375,-0.28125,0.4375,-0.125,0,0.4375,-0.15625,0,0.1875,-0.15625,-0.3125,0.1875,-0.15625,0.3125,0.4375,0.15625,0.28125,0.4375,-0.125,0.28125,0.4375,0.4375,0,0.4375,0.46875,0,0.1875,0.46875,0.3125,0.1875,0.46875,0.3125,0.1875,-0.15625,0.3125,0.1875,0.15625,0.3125,0.1875,-0.15625,0,0.1875,-0.15625,0,0.4375,-0.15625,0.28125,0.4375,-0.125,-0.28125,0.4375,0.4375,-0.3125,0.4375,0.15625,-0.3125,0.1875,0.15625,-0.3125,0.1875,0.46875,-0.3125,0.1875,0.46875,0,0.1875,0.46875,0.3125,0.1875,0.46875,0.3125,0.1875,0.46875,0.3125,0.1875,0.15625,0.3125,0.4375,0.15625,0.28125,0.4375,0.4375,0.28125,0.4375,0.4375,0,0.4375,0.46875,-0.28125,0.4375,0.4375,0.359375,-0.3125,-0.203125,0.375,-0.0625,-0.21875,0.375,-0.0625,0.53125,0.359375,-0.3125,0.515625,-0.359375,-0.3125,0.515625,-0.375,-0.0625,0.53125,-0.375,-0.0625,-0.21875,-0.359375,-0.3125,-0.203125,0.34375,0.1875,0.5,0.34375,0.1875,-0.1875,-0.34375,0.1875,-0.1875,-0.34375,0.1875,0.5,0.359375,-0.3125,-0.203125,0.359375,-0.3125,0.515625,-0.359375,-0.3125,0.515625,-0.359375,-0.3125,-0.203125,0.359375,-0.3125,0.515625,0.375,-0.0625,0.53125,-0.375,-0.0625,0.53125,-0.359375,-0.3125,0.515625,-0.359375,-0.3125,-0.203125,-0.375,-0.0625,-0.21875,0.375,-0.0625,-0.21875,0.359375,-0.3125,-0.203125,-0.34375,0.1875,-0.1875,-0.375,-0.0625,-0.21875,-0.375,-0.0625,0.53125,-0.34375,0.1875,0.5,-0.34375,0.1875,0.5,-0.375,-0.0625,0.53125,0.375,-0.0625,0.53125,0.34375,0.1875,0.5,0.34375,0.1875,0.5,0.375,-0.0625,0.53125,0.375,-0.0625,-0.21875,0.34375,0.1875,-0.1875,0.34375,0.1875,-0.1875,0.375,-0.0625,-0.21875,-0.375,-0.0625,-0.21875,-0.34375,0.1875,-0.1875,0.3125,-0.4375,-0.15625,0.34375,-0.3125,-0.1875,0.34375,-0.3125,0.5,0.3125,-0.4375,0.46875,-0.3125,-0.4375,0.46875,-0.34375,-0.3125,0.5,-0.34375,-0.3125,-0.1875,-0.3125,-0.4375,-0.15625,0.34375,-0.3125,0.5,0.34375,-0.3125,-0.1875,-0.34375,-0.3125,-0.1875,-0.34375,-0.3125,0.5,0.3125,-0.4375,-0.15625,0.3125,-0.4375,0.46875,-0.3125,-0.4375,0.46875,-0.3125,-0.4375,-0.15625,0.3125,-0.4375,0.46875,0.34375,-0.3125,0.5,-0.34375,-0.3125,0.5,-0.3125,-0.4375,0.46875,-0.3125,-0.4375,-0.15625,-0.34375,-0.3125,-0.1875,0.34375,-0.3125,-0.1875,0.3125,-0.4375,-0.15625,0.09375,-0.15625,-0.34375,0.09375,-0.0625,-0.46875,0.09375,-0.0625,-0.15625,0.09375,-0.15625,-0.15625,-0.09375,-0.15625,-0.15625,-0.09375,-0.0625,-0.15625,-0.09375,-0.0625,-0.46875,-0.09375,-0.15625,-0.34375,-0.09375,0.03125,-0.15625,0,0.03125,-0.15625,0,0.03125,-0.46875,-0.09375,0.03125,-0.34375,-0.09375,-0.15625,-0.34375,0,-0.15625,-0.46875,0,-0.15625,-0.15625,-0.09375,-0.15625,-0.15625,0,-0.15625,-0.15625,0,-0.0625,-0.15625,-0.09375,-0.0625,-0.15625,-0.09375,-0.15625,-0.15625,-0.09375,-0.15625,-0.34375,-0.09375,-0.0625,-0.46875,0,-0.0625,-0.53125,0,-0.15625,-0.46875,0.09375,0.03125,-0.34375,0.09375,0.03125,-0.15625,0.09375,-0.15625,-0.15625,0.09375,-0.0625,-0.15625,0.09375,-0.15625,-0.15625,0.09375,-0.15625,-0.34375,0,-0.15625,-0.46875,0,-0.0625,-0.53125,0.09375,-0.0625,-0.46875,0.09375,-0.15625,-0.34375,-0.09375,0.03125,-0.34375,-0.09375,0.03125,-0.15625,-0.09375,0.03125,-0.15625,0,0.03125,-0.15625,0.09375,0.03125,-0.15625,0.09375,0.03125,-0.15625,0.09375,0.03125,-0.34375,0.09375,0.03125,-0.34375,0.09375,-0.0625,-0.46875,0,-0.0625,-0.53125,0,0.03125,-0.46875,0,0.03125,-0.46875,0,-0.0625,-0.53125,-0.09375,-0.0625,-0.46875,-0.09375,0.03125,-0.34375,-0.12325431406497955,-0.005232259631156921,-0.38027727603912354,-0.15457214415073395,0.10034562647342682,-0.46632230281829834,-0.05582671985030174,-0.019242919981479645,-0.19502143561840057,-0.06400705873966217,-0.07698538899421692,-0.21749672293663025,-0.1814686357975006,-0.07698538899421692,-0.17474421858787537,-0.17328830063343048,-0.019242912530899048,-0.1522689163684845,-0.2720337212085724,0.10034564137458801,-0.42356979846954346,-0.240715891122818,-0.0052322521805763245,-0.33752474188804626,-0.16510795056819916,0.03849956393241882,-0.12979361414909363,-0.10637716948986053,0.03849954903125763,-0.15116988122463226,-0.20512259006500244,0.15808811783790588,-0.42247074842453003,-0.22435520589351654,0.11025269329547882,-0.2925741672515869,-0.240715891122818,-0.0052322521805763245,-0.33752474188804626,-0.2214832752943039,0.04260316491127014,-0.46742135286331177,-0.12273784726858139,-0.07698538899421692,-0.1961204707622528,-0.1814686357975006,-0.07698538899421692,-0.17474421858787537,-0.12273784726858139,-0.07698538899421692,-0.1961204707622528,-0.11455750465393066,-0.019242919981479645,-0.17364516854286194,-0.17328830063343048,-0.019242912530899048,-0.1522689163684845,-0.1814686357975006,-0.07698538899421692,-0.17474421858787537,-0.240715891122818,-0.0052322521805763245,-0.33752474188804626,-0.2720337212085724,0.10034564137458801,-0.42356979846954346,-0.23305201530456543,0.12426334619522095,-0.4992062449455261,-0.2214832752943039,0.04260316491127014,-0.46742135286331177,-0.1068936362862587,0.11025267839431763,-0.3353266716003418,-0.047646377235651016,0.03849954903125763,-0.1725461333990097,-0.06400705873966217,-0.07698538899421692,-0.21749672293663025,-0.05582671985030174,-0.019242919981479645,-0.19502143561840057,-0.06400705873966217,-0.07698538899421692,-0.21749672293663025,-0.12325431406497955,-0.005232259631156921,-0.38027727603912354,-0.2214832752943039,0.04260316491127014,-0.46742135286331177,-0.23305201530456543,0.12426334619522095,-0.4992062449455261,-0.15457214415073395,0.10034562647342682,-0.46632230281829834,-0.12325431406497955,-0.005232259631156921,-0.38027727603912354,-0.22435520589351654,0.11025269329547882,-0.2925741672515869,-0.16510795056819916,0.03849956393241882,-0.12979361414909363,-0.16510795056819916,0.03849956393241882,-0.12979361414909363,-0.10637716948986053,0.03849954903125763,-0.15116988122463226,-0.047646377235651016,0.03849954903125763,-0.1725461333990097,-0.047646377235651016,0.03849954903125763,-0.1725461333990097,-0.1068936362862587,0.11025267839431763,-0.3353266716003418,-0.1068936362862587,0.11025267839431763,-0.3353266716003418,-0.15457214415073395,0.10034562647342682,-0.46632230281829834,-0.23305201530456543,0.12426334619522095,-0.4992062449455261,-0.20512259006500244,0.15808811783790588,-0.42247074842453003,-0.20512259006500244,0.15808811783790588,-0.42247074842453003,-0.23305201530456543,0.12426334619522095,-0.4992062449455261,-0.2720337212085724,0.10034564137458801,-0.42356979846954346,-0.22435520589351654,0.11025269329547882,-0.2925741672515869,0.05582671985030174,-0.019242919981479645,-0.19502143561840057,0.15457214415073395,0.10034562647342682,-0.46632230281829834,0.12325431406497955,-0.005232259631156921,-0.38027727603912354,0.06400705873966217,-0.07698538899421692,-0.21749672293663025,0.2720337212085724,0.10034564137458801,-0.42356979846954346,0.17328830063343048,-0.019242912530899048,-0.1522689163684845,0.1814686357975006,-0.07698538899421692,-0.17474421858787537,0.240715891122818,-0.0052322521805763245,-0.33752474188804626,0.20512259006500244,0.15808811783790588,-0.42247074842453003,0.10637716948986053,0.03849954903125763,-0.15116988122463226,0.16510795056819916,0.03849956393241882,-0.12979361414909363,0.22435520589351654,0.11025269329547882,-0.2925741672515869,0.12273784726858139,-0.07698538899421692,-0.1961204707622528,0.2214832752943039,0.04260316491127014,