{"schemaVersion":4,"source":{"uri":"models/tools/shovel/golden-shovel.gltf","sha256":"d416079a4590f9cef2bf38a11459ba0cb5d604230e7220873d1a930ea26d514e"},"animationNames":[],"boundingBox":{"min":{"x":-0.140625,"y":0.005361652351681567,"z":-0.0625},"max":{"x":0.140625,"y":1.1153240686251835,"z":0.0625}},"nodeNames":["cube","cube","cube","cube","cube","cube","cube","cube","shovel"],"trimesh":{"vertices":[0.03125,0.15840713679790497,0.03125,0.03125,-0.43534284830093384,0.03125,0.03125,0.15840713679790497,-0.03125,0.03125,-0.43534284830093384,-0.03125,-0.03125,0.15840713679790497,-0.03125,-0.03125,-0.43534284830093384,-0.03125,-0.03125,0.15840713679790497,0.03125,-0.03125,-0.43534284830093384,0.03125,-0.03125,0.15840713679790497,-0.03125,-0.03125,0.15840713679790497,0.03125,0.03125,0.15840713679790497,-0.03125,0.03125,0.15840713679790497,0.03125,-0.03125,-0.43534284830093384,0.03125,-0.03125,-0.43534284830093384,-0.03125,0.03125,-0.43534284830093384,0.03125,0.03125,-0.43534284830093384,-0.03125,-0.03125,0.15840713679790497,0.03125,-0.03125,-0.43534284830093384,0.03125,0.03125,0.15840713679790497,0.03125,0.03125,-0.43534284830093384,0.03125,0.03125,0.15840713679790497,-0.03125,0.03125,-0.43534284830093384,-0.03125,-0.03125,0.15840713679790497,-0.03125,-0.03125,-0.43534284830093384,-0.03125,0.0625,0.31465715169906616,0.0625,0.0625,0.15840713679790497,0.0625,0.0625,0.31465715169906616,-0.0625,0.0625,0.15840713679790497,-0.0625,-0.0625,0.31465715169906616,-0.0625,-0.0625,0.15840713679790497,-0.0625,-0.0625,0.31465715169906616,0.0625,-0.0625,0.15840713679790497,0.0625,-0.0625,0.31465715169906616,-0.0625,-0.0625,0.31465715169906616,0.0625,0.0625,0.31465715169906616,-0.0625,0.0625,0.31465715169906616,0.0625,-0.0625,0.15840713679790497,0.0625,-0.0625,0.15840713679790497,-0.0625,0.0625,0.15840713679790497,0.0625,0.0625,0.15840713679790497,-0.0625,-0.0625,0.31465715169906616,0.0625,-0.0625,0.15840713679790497,0.0625,0.0625,0.31465715169906616,0.0625,0.0625,0.15840713679790497,0.0625,0.0625,0.31465715169906616,-0.0625,0.0625,0.15840713679790497,-0.0625,-0.0625,0.31465715169906616,-0.0625,-0.0625,0.15840713679790497,-0.0625,0.140625,0.28340715169906616,0.03125,0.140625,0.25215715169906616,0.03125,0.140625,0.28340715169906616,-0.03125,0.140625,0.25215715169906616,-0.03125,-0.140625,0.28340715169906616,-0.03125,-0.140625,0.25215715169906616,-0.03125,-0.140625,0.28340715169906616,0.03125,-0.140625,0.25215715169906616,0.03125,-0.140625,0.28340715169906616,-0.03125,-0.140625,0.28340715169906616,0.03125,0.140625,0.28340715169906616,-0.03125,0.140625,0.28340715169906616,0.03125,-0.140625,0.25215715169906616,0.03125,-0.140625,0.25215715169906616,-0.03125,0.140625,0.25215715169906616,0.03125,0.140625,0.25215715169906616,-0.03125,-0.140625,0.28340715169906616,0.03125,-0.140625,0.25215715169906616,0.03125,0.140625,0.28340715169906616,0.03125,0.140625,0.25215715169906616,0.03125,0.140625,0.28340715169906616,-0.03125,0.140625,0.25215715169906616,-0.03125,-0.140625,0.28340715169906616,-0.03125,-0.140625,0.25215715169906616,-0.03125,0.0625,-0.37284284830093384,0.0625,0.0625,-0.40409284830093384,0.0625,0.0625,-0.37284284830093384,-0.0625,0.0625,-0.40409284830093384,-0.0625,-0.0625,-0.37284284830093384,-0.0625,-0.0625,-0.40409284830093384,-0.0625,-0.0625,-0.37284284830093384,0.0625,-0.0625,-0.40409284830093384,0.0625,-0.0625,-0.37284284830093384,-0.0625,-0.0625,-0.37284284830093384,0.0625,0.0625,-0.37284284830093384,-0.0625,0.0625,-0.37284284830093384,0.0625,-0.0625,-0.40409284830093384,0.0625,-0.0625,-0.40409284830093384,-0.0625,0.0625,-0.40409284830093384,0.0625,0.0625,-0.40409284830093384,-0.0625,-0.0625,-0.37284284830093384,0.0625,-0.0625,-0.40409284830093384,0.0625,0.0625,-0.37284284830093384,0.0625,0.0625,-0.40409284830093384,0.0625,0.0625,-0.37284284830093384,-0.0625,0.0625,-0.40409284830093384,-0.0625,-0.0625,-0.37284284830093384,-0.0625,-0.0625,-0.40409284830093384,-0.0625,0.109375,0.5021571516990662,0.03125,0.109375,0.28340715169906616,0.03125,0.109375,0.5021571516990662,-0.03125,0.109375,0.28340715169906616,-0.03125,-0.109375,0.5021571516990662,-0.03125,-0.109375,0.28340715169906616,-0.03125,-0.109375,0.5021571516990662,0.03125,-0.109375,0.28340715169906616,0.03125,-0.109375,0.5021571516990662,-0.03125,-0.109375,0.5021571516990662,0.03125,0.109375,0.5021571516990662,-0.03125,0.109375,0.5021571516990662,0.03125,-0.109375,0.28340715169906616,0.03125,-0.109375,0.28340715169906616,-0.03125,0.109375,0.28340715169906616,0.03125,0.109375,0.28340715169906616,-0.03125,-0.109375,0.5021571516990662,0.03125,-0.109375,0.28340715169906616,0.03125,0.109375,0.5021571516990662,0.03125,0.109375,0.28340715169906616,0.03125,0.109375,0.5021571516990662,-0.03125,0.109375,0.28340715169906616,-0.03125,-0.109375,0.5021571516990662,-0.03125,-0.109375,0.28340715169906616,-0.03125,-1.5273690223693848e-7,0.37693625688552856,0.062343746423721313,0.06227894127368927,0.31465715169906616,0.062343746423721313,-1.5273690223693848e-7,0.37693625688552856,-0.06234375014901161,0.06227894127368927,0.31465715169906616,-0.06234375014901161,-0.062279023230075836,0.31465739011764526,-0.06234375014901161,6.705522537231445e-8,0.25237828493118286,-0.06234375014901161,-0.062279023230075836,0.31465739011764526,0.062343746423721313,6.705522537231445e-8,0.25237828493118286,0.062343746423721313,-0.062279023230075836,0.31465739011764526,-0.06234375014901161,-0.062279023230075836,0.31465739011764526,0.062343746423721313,-1.5273690223693848e-7,0.37693625688552856,-0.06234375014901161,-1.5273690223693848e-7,0.37693625688552856,0.062343746423721313,6.705522537231445e-8,0.25237828493118286,0.062343746423721313,6.705522537231445e-8,0.25237828493118286,-0.06234375014901161,0.06227894127368927,0.31465715169906616,0.062343746423721313,0.06227894127368927,0.31465715169906616,-0.06234375014901161,-0.062279023230075836,0.31465739011764526,0.062343746423721313,6.705522537231445e-8,0.25237828493118286,0.062343746423721313,-1.5273690223693848e-7,0.37693625688552856,0.062343746423721313,0.06227894127368927,0.31465715169906616,0.062343746423721313,-1.5273690223693848e-7,0.37693625688552856,-0.06234375014901161,0.06227894127368927,0.31465715169906616,-0.06234375014901161,-0.062279023230075836,0.31465739011764526,-0.06234375014901161,6.705522537231445e-8,0.25237828493118286,-0.06234375014901161,0,-0.3782045245170593,0.0546875,0.0883883461356163,-0.46659284830093384,0.0546875,0,-0.3782045245170593,-0.0546875,0.0883883461356163,-0.46659284830093384,-0.0546875,-0.0883883461356163,-0.46659284830093384,-0.0546875,0,-0.5549812316894531,-0.0546875,-0.0883883461356163,-0.46659284830093384,0.0546875,0,-0.5549812316894531,0.0546875,-0.0883883461356163,-0.46659284830093384,-0.0546875,-0.0883883461356163,-0.46659284830093384,0.0546875,0,-0.3782045245170593,-0.0546875,0,-0.3782045245170593,0.0546875,0,-0.5549812316894531,0.0546875,0,-0.5549812316894531,-0.0546875,0.0883883461356163,-0.46659284830093384,0.0546875,0.0883883461356163,-0.46659284830093384,-0.0546875,-0.0883883461356163,-0.46659284830093384,0.0546875,0,-0.5549812316894531,0.0546875,0,-0.3782045245170593,0.0546875,0.0883883461356163,-0.46659284830093384,0.0546875,0,-0.3782045245170593,-0.0546875,0.0883883461356163,-0.46659284830093384,-0.0546875,-0.0883883461356163,-0.46659284830093384,-0.0546875,0,-0.5549812316894531,-0.0546875,0.140625,0.5549812316894531,-0.014154165983200073,0.140625,0.5549812316894531,-0.014154165983200073,0.140625,0.4493330717086792,0.014154165983200073,-0.140625,0.5549812316894531,-0.014154165983200073,-0.140625,0.5549812316894531,-0.014154165983200073,-0.140625,0.4493330717086792,0.014154165983200073,0.140625,0.5549812316894531,-0.014154165983200073,-0.140625,0.5549812316894531,-0.014154165983200073,0.140625,0.5549812316894531,-0.014154165983200073,0.140625,0.4493330717086792,0.014154165983200073,-0.140625,0.4493330717086792,0.014154165983200073,0.140625,0.4493330717086792,0.014154165983200073,-0.140625,0.4493330717086792,0.014154165983200073,-0.140625,