{"schemaVersion":4,"source":{"uri":"models/environment/Farm/lettuce-stage2.gltf","sha256":"324f3db2cab19f76bea8f08065929797c3d15a5ac086286b36ce4525a4a8df7c"},"animationNames":[],"boundingBox":{"min":{"x":-0.3691416363309873,"y":0,"z":-0.1546796083845573},"max":{"x":0.37465121395763323,"y":0.6264469629563685,"z":0.1546796083845573}},"nodeNames":["cube","cube","cube","cube","root",""],"trimesh":{"vertices":[0.15192481875419617,0.2492765188217163,0.15467961132526398,0.15192481875419617,-0.3132234811782837,0.15467961132526398,-0.1574344038963318,0.2492765188217163,-0.15467961132526398,-0.1574344038963318,-0.3132234811782837,-0.15467961132526398,0.15192481875419617,-0.3132234811782837,0.15467961132526398,-0.1574344038963318,-0.3132234811782837,-0.15467961132526398,0.15192481875419617,-0.3132234811782837,0.15467961132526398,-0.1574344038963318,-0.3132234811782837,-0.15467961132526398,-0.1574344038963318,0.2492765188217163,-0.15467961132526398,0.15192481875419617,0.2492765188217163,0.15467961132526398,0.15192481875419617,-0.3132234811782837,0.15467961132526398,0.15192481875419617,0.2492765188217163,-0.15467961132526398,0.15192481875419617,-0.3132234811782837,-0.15467961132526398,-0.1574344038963318,0.2492765188217163,0.15467961132526398,-0.1574344038963318,-0.3132234811782837,0.15467961132526398,-0.1574344038963318,0.2492765188217163,0.15467961132526398,0.15192481875419617,0.2492765188217163,-0.15467961132526398,-0.1574344038963318,0.2492765188217163,0.15467961132526398,-0.1574344038963318,-0.3132234811782837,0.15467961132526398,0.15192481875419617,-0.3132234811782837,-0.15467961132526398,-0.1574344038963318,-0.3132234811782837,0.15467961132526398,0.15192481875419617,0.2492765188217163,-0.15467961132526398,-0.1574344038963318,0.2492765188217163,0.15467961132526398,-0.1574344038963318,-0.3132234811782837,0.15467961132526398,0.15192481875419617,-0.3132234811782837,-0.15467961132526398,0.015278004109859467,0.08966121077537537,-0.12270435690879822,-0.041321635246276855,-0.01663391664624214,-0.08919575065374374,-0.3152967691421509,0.26667913794517517,-0.11954902112483978,-0.3718964159488678,0.16038402915000916,-0.0860404223203659,-0.2902286946773529,0.3102731704711914,0.06108153983950615,-0.3468283414840698,0.2039780616760254,0.09459012746810913,0.04034608229994774,0.1332552433013916,0.05792620778083801,-0.016253555193543434,0.026960115879774094,0.09143481403589249,-0.2902286946773529,0.3102731704711914,0.06108153983950615,0.04034608229994774,0.1332552433013916,0.05792620778083801,-0.3152967691421509,0.26667913794517517,-0.11954902112483978,0.015278004109859467,0.08966121077537537,-0.12270435690879822,-0.016253555193543434,0.026960115879774094,0.09143481403589249,-0.3468283414840698,0.2039780616760254,0.09459012746810913,-0.041321635246276855,-0.01663391664624214,-0.08919575065374374,-0.3718964159488678,0.16038402915000916,-0.0860404223203659,0.04034608229994774,0.1332552433013916,0.05792620778083801,-0.016253555193543434,0.026960115879774094,0.09143481403589249,0.015278004109859467,0.08966121077537537,-0.12270435690879822,-0.041321635246276855,-0.01663391664624214,-0.08919575065374374,-0.3152967691421509,0.26667913794517517,-0.11954902112483978,-0.3718964159488678,0.16038402915000916,-0.0860404223203659,-0.2902286946773529,0.3102731704711914,0.06108153983950615,-0.3468283414840698,0.2039780616760254,0.09459012746810913,-0.015278003178536892,0.09261150658130646,0.12265177071094513,0.041321635246276855,-0.01368362084031105,0.08914317190647125,0.3152967691421509,0.26962944865226746,0.11949644237756729,0.3718964159488678,0.16333432495594025,0.08598782867193222,0.2902286946773529,0.3132234811782837,-0.06113411858677864,0.3468283414840698,0.20692835748195648,-0.09464272111654282,-0.04034608602523804,0.1362055391073227,-0.0579787977039814,0.016253553330898285,0.029910411685705185,-0.09148740023374557,0.2902286946773529,0.3132234811782837,-0.06113411858677864,-0.04034608602523804,0.1362055391073227,-0.0579787977039814,0.3152967691421509,0.26962944865226746,0.11949644237756729,-0.015278003178536892,0.09261150658130646,0.12265177071094513,0.016253553330898285,0.029910411685705185,-0.09148740023374557,0.3468283414840698,0.20692835748195648,-0.09464272111654282,0.041321635246276855,-0.01368362084031105,0.08914317190647125,0.3718964159488678,0.16333432495594025,0.08598782867193222,-0.04034608602523804,0.1362055391073227,-0.0579787977039814,0.016253553330898285,0.029910411685705185,-0.09148740023374557,-0.015278003178536892,0.09261150658130646,0.12265177071094513,0.041321635246276855,-0.01368362084031105,0.08914317190647125,0.3152967691421509,0.26962944865226746,0.11949644237756729,0.3718964159488678,0.16333432495594025,0.08598782867193222,0.2902286946773529,0.3132234811782837,-0.06113411858677864,0.3468283414840698,0.20692835748195648,-0.09464272111654282],"indices":[0,0,1,0,1,1,2,2,3,2,3,3,0,2,0,0,0,2,4,5,6,4,6,5,7,8,9,7,9,10,11,11,12,11,12,12,13,13,14,13,14,14,15,16,16,15,16,17,18,19,19,18,19,20,21,22,23,21,23,24,25,26,27,26,28,27,29,30,31,30,32,31,33,34,35,34,36,35,37,38,39,38,40,39,41,42,43,42,44,43,45,46,47,46,48,47,49,50,51,50,52,51,53,54,55,54,56,55,57,58,59,58,60,59,61,62,63,62,64,63,65,66,67,66,68,67,69,70,71,70,72,71]},"optimizedModelData":{"":{"meshCount":1},"-named-nodes":{"meshCount":4},"-no-animations":{"meshCount":1}}}