{"schemaVersion":4,"source":{"uri":"models/environment/Volcano/burnt-tree-small.gltf","sha256":"a1be34f61c0371d4512f66c1f4be87b548bfd9220e808ae089d54ba6c1d66034"},"animationNames":[],"boundingBox":{"min":{"x":-1.0837216349141092,"y":0,"z":-0.23002817795863523},"max":{"x":0.7060730755159494,"y":2.190448369924085,"z":0.6518258470834629}},"nodeNames":["cube","cube","cube","bone3","cube","cube","cube","bone4","cube","cube","cube","bone2","cube","bone","cube","root",""],"trimesh":{"vertices":[0.10368465632200241,0.5217024683952332,-0.14839883148670197,0.06609643250703812,0.4024878442287445,-0.14839883148670197,0.10368465632200241,0.5217024683952332,-0.27339884638786316,0.06609643250703812,0.4024878442287445,-0.27339884638786316,-0.3731738328933716,0.6720553636550903,-0.27339884638786316,-0.4107620418071747,0.5528407096862793,-0.27339884638786316,-0.3731738328933716,0.6720553636550903,-0.14839883148670197,-0.4107620418071747,0.5528407096862793,-0.14839883148670197,-0.3731738328933716,0.6720553636550903,-0.27339884638786316,-0.3731738328933716,0.6720553636550903,-0.14839883148670197,0.10368465632200241,0.5217024683952332,-0.27339884638786316,0.10368465632200241,0.5217024683952332,-0.14839883148670197,-0.4107620418071747,0.5528407096862793,-0.14839883148670197,-0.4107620418071747,0.5528407096862793,-0.27339884638786316,0.06609643250703812,0.4024878442287445,-0.14839883148670197,0.06609643250703812,0.4024878442287445,-0.27339884638786316,-0.3731738328933716,0.6720553636550903,-0.14839883148670197,-0.4107620418071747,0.5528407096862793,-0.14839883148670197,0.10368465632200241,0.5217024683952332,-0.14839883148670197,0.06609643250703812,0.4024878442287445,-0.14839883148670197,0.10368465632200241,0.5217024683952332,-0.27339884638786316,0.06609643250703812,0.4024878442287445,-0.27339884638786316,-0.3731738328933716,0.6720553636550903,-0.27339884638786316,-0.4107620418071747,0.5528407096862793,-0.27339884638786316,-0.2837279736995697,0.547415018081665,-0.19878950715065002,-0.2837279736995697,0.547415018081665,-0.19878950715065002,-0.43007799983024597,0.8811174035072327,-0.44092702865600586,-0.7485473155975342,0.36572927236557007,-0.16823914647102356,-0.7485473155975342,0.36572927236557007,-0.16823914647102356,-0.8948973417282104,0.6994317770004272,-0.4103766679763794,-0.2837279736995697,0.547415018081665,-0.19878950715065002,-0.2837279736995697,0.547415018081665,-0.19878950715065002,-0.43007799983024597,0.8811174035072327,-0.44092702865600586,-0.8948973417282104,0.6994317770004272,-0.4103766679763794,-0.43007799983024597,0.8811174035072327,-0.44092702865600586,-0.8948973417282104,0.6994317770004272,-0.4103766679763794,-0.7485473155975342,0.36572927236557007,-0.16823914647102356,-0.2837279736995697,0.547415018081665,-0.19878950715065002,-0.43007799983024597,0.8811174035072327,-0.44092702865600586,-0.2715514600276947,0.876557469367981,0.28212985396385193,-0.2715514600276947,0.876557469367981,0.28212985396385193,0.1346345841884613,0.723002016544342,0.2288394421339035,-0.41524508595466614,0.6412051916122437,-0.1349569857120514,-0.41524508595466614,0.6412051916122437,-0.1349569857120514,-0.009059018455445766,0.4876497685909271,-0.18824739754199982,-0.2715514600276947,0.876557469367981,0.28212985396385193,-0.2715514600276947,0.876557469367981,0.28212985396385193,0.1346345841884613,0.723002016544342,0.2288394421339035,-0.009059018455445766,0.4876497685909271,-0.18824739754199982,0.1346345841884613,0.723002016544342,0.2288394421339035,-0.009059018455445766,0.4876497685909271,-0.18824739754199982,-0.41524508595466614,0.6412051916122437,-0.1349569857120514,-0.2715514600276947,0.876557469367981,0.28212985396385193,0.1346345841884613,0.723002016544342,0.2288394421339035,0.5316858887672424,0.6029844880104065,0.13363765180110931,0.5615281462669373,0.4818011522293091,0.1406404823064804,0.6108136773109436,0.6169368624687195,0.03788210079073906,0.6406559348106384,0.49575352668762207,0.04488493129611015,0.2426130175590515,0.5077630281448364,-0.28228870034217834,0.27245527505874634,0.386579692363739,-0.27528586983680725,0.16348524391651154,0.4938106834888458,-0.1865331530570984,0.19332751631736755,0.372627317905426,-0.1795303225517273,0.2426130175590515,0.5077630281448364,-0.28228870034217834,0.16348524391651154,0.4938106834888458,-0.1865331530570984,0.6108136773109436,0.6169368624687195,0.03788210079073906,0.5316858887672424,0.6029844880104065,0.13363765180110931,0.19332751631736755,0.372627317905426,-0.1795303225517273,0.27245527505874634,0.386579692363739,-0.27528586983680725,0.5615281462669373,0.4818011522293091,0.1406404823064804,0.6406559348106384,0.49575352668762207,0.04488493129611015,0.16348524391651154,0.4938106834888458,-0.1865331530570984,0.19332751631736755,0.372627317905426,-0.1795303225517273,0.5316858887672424,0.6029844880104065,0.13363765180110931,0.5615281462669373,0.4818011522293091,0.1406404823064804,0.6108136773109436,0.6169368624687195,0.03788210079073906,0.6406559348106384,0.49575352668762207,0.04488493129611015,0.2426130175590515,0.5077630281448364,-0.28228870034217834,0.27245527505874634,0.386579692363739,-0.27528586983680725,0.8948973417282104,0.4587102234363556,0.4347544014453888,0.8948973417282104,0.4587102234363556,0.4347544014453888,0.6566000580787659,0.09185533225536346,0.44092699885368347,0.6287345290184021,0.6250523328781128,0.045540254563093185,0.6287345290184021,0.6250523328781128,0.045540254563093185,0.39043721556663513,0.25819745659828186,0.05171285197138786,0.8948973417282104,0.4587102234363556,0.4347544014453888,0.6287345290184021,0.6250523328781128,0.045540254563093185,0.39043721556663513,0.25819745659828186,0.05171285197138786,0.6566000580787659,0.09185533225536346,0.44092699885368347,0.8948973417282104,0.4587102234363556,0.4347544014453888,0.6287345290184021,0.6250523328781128,0.045540254563093185,0.39043721556663513,0.25819745659828186,0.05171285197138786,0.6566000580787659,0.09185533225536346,0.44092699885368347,0.4737125635147095,0.5157799124717712,0.05750192329287529,0.4737125635147095,0.5157799124717712,0.05750192329287529,0.3321496546268463,0.684719443321228,-0.3204208314418793,0.8326407670974731,0.8632489442825317,0.07838009297847748,0.8326407670974731,0.8632489442825317,0.07838009297847748,0.6910778284072876,1.0321885347366333,-0.2995426654815674,0.4737125635147095,0.5157799124717712,0.05750192329287529,0.8326407670974731,0.8632489442825317,0.07838009297847748,0.6910778284072876,1.0321885347366333,-0.2995426654815674,0.3321496546268463,0.684719443321228,-0.3204208314418793,0.4737125635147095,0.5157799124717712,0.05750192329287529,0.8326407670974731,0.8632489442825317,0.07838009297847748,0.6910778284072876,1.0321885347366333,-0.2995426654815674,0.3321496546268463,0.684719443321228,-0.3204208314418793,0.32091277837753296,0.8147314190864563,-0.08589883148670197,0.2230181097984314,0.07114772498607635,-0.08589883148670197,0.32091277837753296,0.8147314190864563,-0.33589884638786316,0.2230181097984314,0.07114772498607635,-0.33589884638786316,0.07305154204368591,0.8473629355430603,-0.33589884638786316,-0.02484307996928692,0.10377933830022812,-0.33589884638786316,0.07305154204368591,0.8473629355430603,-0.08589883148670197,-0.02484307996928692,0.10377933830022812,-0.08589883148670197,0.07305154204368591,0.8473629355430603,-0.33589884638786316,0.07305154204368591,0.8473629355430603,-0.08589883148670197,0.32091277837753296,0.8147314190864563,-0.33589884638786316,0.32091277837753296,0.8147314190864563,-0.08589883148670197,-0.02484307996928692,0.10377933830022812,-0.08589883148670197,-0.02484307996928692,0.10377933830022812,-0.33589884638786316,0.2230181097984314,0.07114772498607635,-0.08589883148670197,0.2230181097984314,0.07114772498607635,-0.33589884638786316,0.07305154204368591,0.8473629355430603,-0.08589883148670197,-0.02484307996928692,0.10377933830022812,-0.08589883148670197,0.32091277837753296,0.8147314190864563,-0.08589883148670197,0.2230181097984314,0.07114772498607635,-0.08589883148670197,0.32091277837753296,0.8147314190864563,