{"schemaVersion":4,"source":{"uri":"models/environment/Dungeon/lever.gltf","sha256":"60afe3d2ee2cab8c99943eeaf31d38b308e42d5a77828e64c118c0afe6487226"},"animationNames":["idle","idle2","interact","interact2"],"boundingBox":{"min":{"x":-0.125,"y":0,"z":-0.1875},"max":{"x":0.125,"y":0.4336937988253199,"z":0.1875}},"nodeNames":["cube","cube","bone","root",""],"trimesh":{"vertices":[0.125,-0.09184689819812775,0.1875,0.125,-0.21684689819812775,0.1875,0.125,-0.09184689819812775,-0.1875,0.125,-0.21684689819812775,-0.1875,-0.125,-0.09184689819812775,-0.1875,-0.125,-0.21684689819812775,-0.1875,-0.125,-0.09184689819812775,0.1875,-0.125,-0.21684689819812775,0.1875,-0.125,-0.09184689819812775,-0.1875,-0.125,-0.09184689819812775,0.1875,0.125,-0.09184689819812775,-0.1875,0.125,-0.09184689819812775,0.1875,-0.125,-0.21684689819812775,0.1875,-0.125,-0.21684689819812775,-0.1875,0.125,-0.21684689819812775,0.1875,0.125,-0.21684689819812775,-0.1875,-0.125,-0.09184689819812775,0.1875,-0.125,-0.21684689819812775,0.1875,0.125,-0.09184689819812775,0.1875,0.125,-0.21684689819812775,0.1875,0.125,-0.09184689819812775,-0.1875,0.125,-0.21684689819812775,-0.1875,-0.125,-0.09184689819812775,-0.1875,-0.125,-0.21684689819812775,-0.1875,0.0625,0.25,0.0625,0.0625,-0.125,0.0625,0.0625,0.25,-0.0625,0.0625,-0.125,-0.0625,-0.0625,0.25,-0.0625,-0.0625,-0.125,-0.0625,-0.0625,0.25,0.0625,-0.0625,-0.125,0.0625,-0.0625,0.25,-0.0625,-0.0625,0.25,0.0625,0.0625,0.25,-0.0625,0.0625,0.25,0.0625,-0.0625,-0.125,0.0625,-0.0625,-0.125,-0.0625,0.0625,-0.125,0.0625,0.0625,-0.125,-0.0625,-0.0625,0.25,0.0625,-0.0625,-0.125,0.0625,0.0625,0.25,0.0625,0.0625,-0.125,0.0625,0.0625,0.25,-0.0625,0.0625,-0.125,-0.0625,-0.0625,0.25,-0.0625,-0.0625,-0.125,-0.0625],"indices":[0,1,2,1,3,2,4,5,6,5,7,6,8,9,10,9,11,10,12,13,14,13,15,14,16,17,18,17,19,18,20,21,22,21,23,22,24,25,26,25,27,26,28,29,30,29,31,30,32,33,34,33,35,34,36,37,38,37,39,38,40,41,42,41,43,42,44,45,46,45,47,46]},"optimizedModelData":{"":{"meshCount":2},"-named-nodes":{"meshCount":2},"-no-animations":{"meshCount":1}}}