{"schemaVersion":4,"source":{"uri":"models/eggs/epic/leonid-egg.gltf","sha256":"af700c5dab842d5db57b27c5bb38fd141c3af1e24f1b1425a97e2c7192ff44d8"},"animationNames":[],"boundingBox":{"min":{"x":-0.5889265475644356,"y":-0.11482194239377422,"z":-0.4375},"max":{"x":0.5889265475644356,"y":0.875,"z":0.4375}},"nodeNames":["cube","cube","cube","cube","cube","cube","cube","cube","cube","cube","group2","cube","cube","cube","group"],"trimesh":{"vertices":[-0.05523363873362541,-0.3216835558414459,-0.3125,-0.10306906700134277,-0.43716850876808167,-0.3125,-0.05523363873362541,-0.3216835558414459,-0.4375,-0.10306906700134277,-0.43716850876808167,-0.4375,-0.5171734094619751,-0.13034184277057648,-0.4375,-0.565008819103241,-0.24582678079605103,-0.4375,-0.5171734094619751,-0.13034184277057648,-0.3125,-0.565008819103241,-0.24582678079605103,-0.3125,-0.5171734094619751,-0.13034184277057648,-0.4375,-0.5171734094619751,-0.13034184277057648,-0.3125,-0.05523363873362541,-0.3216835558414459,-0.4375,-0.05523363873362541,-0.3216835558414459,-0.3125,-0.565008819103241,-0.24582678079605103,-0.3125,-0.565008819103241,-0.24582678079605103,-0.4375,-0.10306906700134277,-0.43716850876808167,-0.3125,-0.10306906700134277,-0.43716850876808167,-0.4375,-0.5171734094619751,-0.13034184277057648,-0.3125,-0.565008819103241,-0.24582678079605103,-0.3125,-0.05523363873362541,-0.3216835558414459,-0.3125,-0.10306906700134277,-0.43716850876808167,-0.3125,-0.05523363873362541,-0.3216835558414459,-0.4375,-0.10306906700134277,-0.43716850876808167,-0.4375,-0.5171734094619751,-0.13034184277057648,-0.4375,-0.565008819103241,-0.24582678079605103,-0.4375,0.1875000149011612,-0.24883902072906494,-0.296875,0.1875,-0.37383902072906494,-0.296875,0.1875000149011612,-0.24883902072906494,-0.421875,0.1875,-0.37383902072906494,-0.421875,-0.25,-0.24883903563022614,-0.421875,-0.25,-0.37383902072906494,-0.421875,-0.25,-0.24883903563022614,-0.296875,-0.25,-0.37383902072906494,-0.296875,-0.25,-0.24883903563022614,-0.421875,-0.25,-0.24883903563022614,-0.296875,0.1875000149011612,-0.24883902072906494,-0.421875,0.1875000149011612,-0.24883902072906494,-0.296875,-0.25,-0.37383902072906494,-0.296875,-0.25,-0.37383902072906494,-0.421875,0.1875,-0.37383902072906494,-0.296875,0.1875,-0.37383902072906494,-0.421875,-0.25,-0.24883903563022614,-0.296875,-0.25,-0.37383902072906494,-0.296875,0.1875000149011612,-0.24883902072906494,-0.296875,0.1875,-0.37383902072906494,-0.296875,0.1875000149011612,-0.24883902072906494,-0.421875,0.1875,-0.37383902072906494,-0.421875,-0.25,-0.24883903563022614,-0.421875,-0.25,-0.37383902072906494,-0.421875,0.3642766773700714,-0.020285850390791893,-0.2906250059604645,0.4526650011539459,-0.10867419838905334,-0.2906250059604645,0.3642766773700714,-0.020285850390791893,-0.4156250059604645,0.4526650011539459,-0.10867419838905334,-0.4156250059604645,0.0991116315126419,-0.28545090556144714,-0.4156250059604645,0.1874999850988388,-0.37383925914764404,-0.4156250059604645,0.0991116315126419,-0.28545090556144714,-0.2906250059604645,0.1874999850988388,-0.37383925914764404,-0.2906250059604645,0.0991116315126419,-0.28545090556144714,-0.4156250059604645,0.0991116315126419,-0.28545090556144714,-0.2906250059604645,0.3642766773700714,-0.020285850390791893,-0.4156250059604645,0.3642766773700714,-0.020285850390791893,-0.2906250059604645,0.1874999850988388,-0.37383925914764404,-0.2906250059604645,0.1874999850988388,-0.37383925914764404,-0.4156250059604645,0.4526650011539459,-0.10867419838905334,-0.2906250059604645,0.4526650011539459,-0.10867419838905334,-0.4156250059604645,0.0991116315126419,-0.28545090556144714,-0.2906250059604645,0.1874999850988388,-0.37383925914764404,-0.2906250059604645,0.3642766773700714,-0.020285850390791893,-0.2906250059604645,0.4526650011539459,-0.10867419838905334,-0.2906250059604645,0.3642766773700714,-0.020285850390791893,-0.4156250059604645,0.4526650011539459,-0.10867419838905334,-0.4156250059604645,0.0991116315126419,-0.28545090556144714,-0.4156250059604645,0.1874999850988388,-0.37383925914764404,-0.4156250059604645,-0.0991116389632225,-0.28545090556144714,0.4156249761581421,-0.1874999850988388,-0.37383925914764404,0.4156249761581421,-0.0991116389632225,-0.28545090556144714,0.2906249761581421,-0.1874999850988388,-0.37383925914764404,0.2906249761581421,-0.3642766773700714,-0.020285876467823982,0.2906249761581421,-0.4526650309562683,-0.10867422074079514,0.2906249761581421,-0.3642766773700714,-0.020285876467823982,0.4156249761581421,-0.4526650309562683,-0.10867422074079514,0.4156249761581421,-0.3642766773700714,-0.020285876467823982,0.2906249761581421,-0.3642766773700714,-0.020285876467823982,0.4156249761581421,-0.0991116389632225,-0.28545090556144714,0.2906249761581421,-0.0991116389632225,-0.28545090556144714,0.4156249761581421,-0.4526650309562683,-0.10867422074079514,0.4156249761581421,-0.4526650309562683,-0.10867422074079514,0.2906249761581421,-0.1874999850988388,-0.37383925914764404,0.4156249761581421,-0.1874999850988388,-0.37383925914764404,0.2906249761581421,-0.3642766773700714,-0.020285876467823982,0.4156249761581421,-0.4526650309562683,-0.10867422074079514,0.4156249761581421,-0.0991116389632225,-0.28545090556144714,0.4156249761581421,-0.1874999850988388,-0.37383925914764404,0.4156249761581421,-0.0991116389632225,-0.28545090556144714,0.2906249761581421,-0.1874999850988388,-0.37383925914764404,0.2906249761581421,-0.3642766773700714,-0.020285876467823982,0.2906249761581421,-0.4526650309562683,-0.10867422074079514,0.2906249761581421,0.2499999850988388,-0.24883902072906494,0.421875,0.25,-0.37383902072906494,0.421875,0.2499999850988388,-0.24883902072906494,0.296875,0.25,-0.37383902072906494,0.296875,-0.1875,-0.24883903563022614,0.296875,-0.1875,-0.37383902072906494,0.296875,-0.1875,-0.24883903563022614,0.421875,-0.1875,-0.37383902072906494,0.421875,-0.1875,-0.24883903563022614,0.296875,-0.1875,-0.24883903563022614,0.421875,0.2499999850988388,-0.24883902072906494,0.296875,0.2499999850988388,-0.24883902072906494,0.421875,-0.1875,-0.37383902072906494,0.421875,-0.1875,-0.37383902072906494,0.296875,0.25,-0.37383902072906494,0.421875,0.25,-0.37383902072906494,0.296875,-0.1875,-0.24883903563022614,0.421875,-0.1875,-0.37383902072906494,0.421875,0.2499999850988388,-0.24883902072906494,0.421875,0.25,-0.37383902072906494,0.421875,0.2499999850988388,-0.24883902072906494,0.296875,0.25,-0.37383902072906494,0.296875,-0.1875,-0.24883903563022614,0.296875,-0.1875,-0.37383902072906494,0.296875,0.5171734094619751,-0.13034184277057648,0.4375,0.565008819103241,-0.24582679569721222,0.4375,0.5171734094619751,-0.13034184277057648,0.3125,0.565008819103241,-0.24582679569721222,0.3125,0.05523362383246422,-0.3216835558414459,0.3125,0.10306905955076218,-0.43716850876808167,0.3125,0.05523362383246422,-0.3216835558414459,0.4375,0.10306905955076218,-0.43716850876808167,0.4375,0.05523362383246422,-0.3216835558414459,0.3125,0.05523362383246422,-0.3216835558414459,0.4375,0.5171734094619751,-0.13034184277057648,0.3125,0.5171734094619751,-0.13034184277057648,0.4375,0.10306905955076218,-0.43716850876808167,0.4375,0.10306905955076218,-0.43716850876808167,0.3125,0.565008819103241,-0.24582679569721222,0.4375,0.565008819103241,-0.24582679569721222,0.3125,0.05523362383246422,-0.3216835558414459,0.4375,0.10306905955076218,-0.43716850876808167,0.4375,0.5171734094619751,-0.13034184277057648,0.4375,0.565008819103241,-0.24582679569721222,0.4375,0.5171734094619751,-0.13034184277057648,0.3125,0.565008819103241,-0.24582679569721222,0.3125,0.05523362383246422,-0.3216835558414459,0.3125,0.10306905955076218,-0.43716850876808167,0.3125,-0.007398208603262901,-0.20619861781597137,-0.375,-0.007398208603262901,-0.20619861781597137,-0.375,-0.1269867867231369,-0.49491098523139954,-0.375,-0.46933797001838684,-0.01485690101981163,-0.375,-0.46933797001838684,-0.01485690101981163,-0.375,-0.5889265537261963,-0.3035692572593689,-0.375,-0.007398208603262901,-0.20619861781597137,-0.375,-0.46933797001838684,-0.01485690101981163,-0.375,-0.007398208603262901,