{"schemaVersion":4,"source":{"uri":"models/environment/Tropical/tropical-stone-cluster.gltf","sha256":"e0c62fb5beab7a00574e9c96e25fa38a811464f3dd70b7a532c2823dbd4cd334"},"animationNames":[],"boundingBox":{"min":{"x":-0.4375,"y":0,"z":-0.7209710595603981},"max":{"x":0.5,"y":0.75,"z":0.5}},"nodeNames":["cube","cube","cube","cube","cube","root",""],"trimesh":{"vertices":[0.40625,0.375,0.6104855537414551,0.40625,-0.375,0.6104855537414551,0.40625,0.375,-0.014514470472931862,0.40625,-0.375,-0.014514470472931862,-0.21875,0.375,-0.014514470472931862,-0.21875,-0.375,-0.014514470472931862,-0.21875,0.375,0.6104855537414551,-0.21875,-0.375,0.6104855537414551,-0.21875,0.375,-0.014514470472931862,-0.21875,0.375,0.6104855537414551,0.40625,0.375,-0.014514470472931862,0.40625,0.375,0.6104855537414551,-0.21875,-0.375,0.6104855537414551,-0.21875,-0.375,-0.014514470472931862,0.40625,-0.375,0.6104855537414551,0.40625,-0.375,-0.014514470472931862,-0.21875,0.375,0.6104855537414551,-0.21875,-0.375,0.6104855537414551,0.40625,0.375,0.6104855537414551,0.40625,-0.375,0.6104855537414551,0.40625,0.375,-0.014514470472931862,0.40625,-0.375,-0.014514470472931862,-0.21875,0.375,-0.014514470472931862,-0.21875,-0.375,-0.014514470472931862,0.46875,0.0625,-0.014514470472931862,0.46875,-0.375,-0.014514470472931862,0.46875,0.0625,-0.3895144760608673,0.46875,-0.375,-0.3895144760608673,0.09375,0.0625,-0.3895144760608673,0.09375,-0.375,-0.3895144760608673,0.09375,0.0625,-0.014514470472931862,0.09375,-0.375,-0.014514470472931862,0.09375,0.0625,-0.3895144760608673,0.09375,0.0625,-0.014514470472931862,0.46875,0.0625,-0.3895144760608673,0.46875,0.0625,-0.014514470472931862,0.09375,-0.375,-0.014514470472931862,0.09375,-0.375,-0.3895144760608673,0.46875,-0.375,-0.014514470472931862,0.46875,-0.375,-0.3895144760608673,0.09375,0.0625,-0.014514470472931862,0.09375,-0.375,-0.014514470472931862,0.46875,0.0625,-0.014514470472931862,0.46875,-0.375,-0.014514470472931862,0.46875,0.0625,-0.3895144760608673,0.46875,-0.375,-0.3895144760608673,0.09375,0.0625,-0.3895144760608673,0.09375,-0.375,-0.3895144760608673,-0.15625,-0.0625,-0.014514470472931862,-0.15625,-0.375,-0.014514470472931862,-0.15625,-0.0625,-0.3270144760608673,-0.15625,-0.375,-0.3270144760608673,-0.46875,-0.0625,-0.3270144760608673,-0.46875,-0.375,-0.3270144760608673,-0.46875,-0.0625,-0.014514470472931862,-0.46875,-0.375,-0.014514470472931862,-0.46875,-0.0625,-0.3270144760608673,-0.46875,-0.0625,-0.014514470472931862,-0.15625,-0.0625,-0.3270144760608673,-0.15625,-0.0625,-0.014514470472931862,-0.46875,-0.375,-0.014514470472931862,-0.46875,-0.375,-0.3270144760608673,-0.15625,-0.375,-0.014514470472931862,-0.15625,-0.375,-0.3270144760608673,-0.46875,-0.0625,-0.014514470472931862,-0.46875,-0.375,-0.014514470472931862,-0.15625,-0.0625,-0.014514470472931862,-0.15625,-0.375,-0.014514470472931862,-0.15625,-0.0625,-0.3270144760608673,-0.15625,-0.375,-0.3270144760608673,-0.46875,-0.0625,-0.3270144760608673,-0.46875,-0.375,-0.3270144760608673,-0.21875,0.1875,0.4229855239391327,-0.21875,-0.375,0.4229855239391327,-0.21875,0.1875,0.1729855239391327,-0.21875,-0.375,0.1729855239391327,-0.46875,0.1875,0.1729855239391327,-0.46875,-0.375,0.1729855239391327,-0.46875,0.1875,0.4229855239391327,-0.46875,-0.375,0.4229855239391327,-0.46875,0.1875,0.1729855239391327,-0.46875,0.1875,0.4229855239391327,-0.21875,0.1875,0.1729855239391327,-0.21875,0.1875,0.4229855239391327,-0.46875,-0.375,0.4229855239391327,-0.46875,-0.375,0.1729855239391327,-0.21875,-0.375,0.4229855239391327,-0.21875,-0.375,0.1729855239391327,-0.46875,0.1875,0.4229855239391327,-0.46875,-0.375,0.4229855239391327,-0.21875,0.1875,0.4229855239391327,-0.21875,-0.375,0.4229855239391327,-0.21875,0.1875,0.1729855239391327,-0.21875,-0.375,0.1729855239391327,-0.46875,0.1875,0.1729855239391327,-0.46875,-0.375,0.1729855239391327,-0.12722106277942657,0.125,-0.6104854941368103,-0.12722106277942657,0.125,-0.6104854941368103,-0.12722106277942657,-0.1875,-0.6104854941368103,0.09374980628490448,0.125,-0.38951465487480164,0.09374980628490448,0.125,-0.38951465487480164,0.09374980628490448,-0.1875,-0.38951465487480164,-0.12722106277942657,0.125,-0.6104854941368103,-0.12722106277942657,0.125,-0.6104854941368103,-0.12722106277942657,-0.1875,-0.6104854941368103,0.09374980628490448,-0.1875,-0.38951465487480164,-0.12722106277942657,-0.1875,-0.6104854941368103,0.09374980628490448,-0.1875,-0.38951465487480164,0.09374980628490448,0.125,-0.38951465487480164,-0.12722106277942657,0.125,-0.6104854941368103,-0.12722106277942657,-0.1875,-0.6104854941368103],"indices":[0,1,2,1,3,2,4,5,6,5,7,6,8,9,10,9,11,10,12,13,14,13,15,14,16,17,18,17,19,18,20,21,22,21,23,22,24,25,26,25,27,26,28,29,30,29,31,30,32,33,34,33,35,34,36,37,38,37,39,38,40,41,42,41,43,42,44,45,46,45,47,46,48,49,50,49,51,50,52,53,54,53,55,54,56,57,58,57,59,58,60,61,62,61,63,62,64,65,66,65,67,66,68,69,70,69,71,70,72,73,74,73,75,74,76,77,78,77,79,78,80,81,82,81,83,82,84,85,86,85,87,86,88,89,90,89,91,90,92,93,94,93,95,94,96,97,98,96,98,98,99,100,101,99,101,101,102,99,103,102,103,99,104,105,106,104,106,105,107,108,109,107,109,110]},"optimizedModelData":{"":{"meshCount":1},"-named-nodes":{"meshCount":5},"-no-animations":{"meshCount":1}}}