{"schemaVersion":4,"source":{"uri":"models/environment/Plains/mushroom-brown-multiple.gltf","sha256":"ab82e19c0fc1c51127db35e87f57a2aba878db58fdb754d2b091dad064958154"},"animationNames":[],"boundingBox":{"min":{"x":-0.44352751579290445,"y":-0.03080340532092249,"z":-0.44392814291959043},"max":{"x":0.4784637698531047,"y":0.37500000000000033,"z":0.2500000000000002}},"nodeNames":["cube","cube","cube","Brown-Mushroom2",""],"trimesh":{"vertices":[-0.17371812462806702,0.1404017060995102,0.09696406871080399,0.13878187537193298,0.1404017060995102,0.09696406871080399,0.13878187537193298,-0.1720982939004898,0.09696406871080399,-0.17371812462806702,-0.1720982939004898,0.09696406871080399,0.23253187537193298,0.1404017060995102,-0.15303592383861542,0.23253187537193298,0.2029017060995102,-0.15303592383861542,0.23253187537193298,0.2029017060995102,0.3469640612602234,0.23253187537193298,0.1404017060995102,0.3469640612602234,-0.267468124628067,0.1404017060995102,0.3469640612602234,-0.267468124628067,0.2029017060995102,0.3469640612602234,-0.267468124628067,0.2029017060995102,-0.15303592383861542,-0.267468124628067,0.1404017060995102,-0.15303592383861542,0.23253187537193298,0.2029017060995102,0.3469640612602234,0.23253187537193298,0.2029017060995102,-0.15303592383861542,-0.267468124628067,0.2029017060995102,-0.15303592383861542,-0.267468124628067,0.2029017060995102,0.3469640612602234,0.23253187537193298,0.1404017060995102,-0.15303592383861542,0.23253187537193298,0.1404017060995102,0.3469640612602234,-0.267468124628067,0.1404017060995102,0.3469640612602234,-0.267468124628067,0.1404017060995102,-0.15303592383861542,0.23253187537193298,0.1404017060995102,0.3469640612602234,0.23253187537193298,0.2029017060995102,0.3469640612602234,-0.267468124628067,0.2029017060995102,0.3469640612602234,-0.267468124628067,0.1404017060995102,0.3469640612602234,-0.267468124628067,0.1404017060995102,-0.15303592383861542,-0.267468124628067,0.2029017060995102,-0.15303592383861542,0.23253187537193298,0.2029017060995102,-0.15303592383861542,0.23253187537193298,0.1404017060995102,-0.15303592383861542,-0.017468126490712166,0.1404017060995102,0.2532140612602234,-0.017468126490712166,0.1404017060995102,-0.059285927563905716,-0.017468126490712166,-0.1720982939004898,-0.059285927563905716,-0.017468126490712166,-0.1720982939004898,0.2532140612602234,-0.3116195797920227,0.001804508501663804,-0.14334022998809814,-0.10243076086044312,0.03869013860821724,-0.04428907111287117,-0.08186032623052597,-0.16601607203483582,-0.01150184590369463,-0.29104915261268616,-0.2029017060995102,-0.11055300384759903,0.042831212282180786,0.031242437660694122,-0.18192477524280548,0.0387171246111393,0.07218368351459503,-0.18848221004009247,-0.12629354000091553,0.10921046137809753,0.1462198793888092,-0.12217945605516434,0.06826922297477722,0.15277732908725739,-0.4568815529346466,0.009252211079001427,-0.005704526789486408,-0.4609956443309784,0.05019345507025719,-0.012261969037353992,-0.29598498344421387,0.013166667893528938,-0.3469640910625458,-0.2918708920478821,-0.027774572372436523,-0.3404066264629364,-0.12629354000091553,0.10921046137809753,0.1462198793888092,0.0387171246111393,0.07218368351459503,-0.18848221004009247,-0.29598498344421387,0.013166667893528938,-0.3469640910625458,-0.4609956443309784,0.05019345507025719,-0.012261969037353992,0.042831212282180786,0.031242437660694122,-0.18192477524280548,-0.12217945605516434,0.06826922297477722,0.15277732908725739,-0.4568815529346466,0.009252211079001427,-0.005704526789486408,-0.2918708920478821,-0.027774572372436523,-0.3404066264629364,-0.12217945605516434,0.06826922297477722,0.15277732908725739,-0.12629354000091553,0.10921046137809753,0.1462198793888092,-0.4609956443309784,0.05019345507025719,-0.012261969037353992,-0.4568815529346466,0.009252211079001427,-0.005704526789486408,-0.2918708920478821,-0.027774572372436523,-0.3404066264629364,-0.29598498344421387,0.013166667893528938,-0.3469640910625458,0.0387171246111393,0.07218368351459503,-0.18848221004009247,0.042831212282180786,0.031242437660694122,-0.18192477524280548,-0.2585909962654114,0.031818192452192307,0.010779756121337414,-0.15545932948589325,0.008676454424858093,-0.1984090656042099,-0.1348889023065567,-0.19602975249290466,-0.1656218320131302,-0.23802056908607483,-0.17288801074028015,0.0435669831931591,0.2228560596704483,-0.06285305321216583,0.00027803605189546943,0.3615563213825226,-0.07883693277835846,0.07042654603719711,0.34742796421051025,-0.18194541335105896,0.07486764341592789,0.20872768759727478,-0.16596153378486633,0.004719126038253307,0.45816996693611145,-0.09597435593605042,-0.02009626291692257,0.4609956443309784,-0.07535266131162643,-0.020984483882784843,0.3509885370731354,-0.0506681390106678,0.20215025544166565,0.34816285967826843,-0.07128982990980148,0.20303846895694733,0.12624242901802063,-0.045715633779764175,0.09080084413290024,0.12906810641288757,-0.025093933567404747,0.08991262316703796,0.2390752136707306,-0.04977845773100853,-0.13322210311889648,0.23624953627586365,-0.07040015608072281,-0.1323338896036148,0.3509885370731354,-0.0506681390106678,0.20215025544166565,0.4609956443309784,-0.07535266131162643,-0.020984483882784843,0.2390752136707306,-0.04977845773100853,-0.13322210311889648,0.12906810641288757,-0.025093933567404747,0.08991262316703796,0.45816996693611145,-0.09597435593605042,-0.02009626291692257,0.34816285967826843,-0.07128982990980148,0.20303846895694733,0.12624242901802063,-0.045715633779764175,0.09080084413290024,0.23624953627586365,-0.07040015608072281,-0.1323338896036148,0.34816285967826843,-0.07128982990980148,0.20303846895694733,0.3509885370731354,-0.0506681390106678,0.20215025544166565,0.12906810641288757,-0.025093933567404747,0.08991262316703796,0.12624242901802063,-0.045715633779764175,0.09080084413290024,0.23624953627586365,-0.07040015608072281,-0.1323338896036148,0.2390752136707306,-0.04977845773100853,-0.13322210311889648,0.4609956443309784,-0.07535266131162643,-0.020984483882784843,0.45816996693611145,-0.09597435593605042,-0.02009626291692257,0.2578289806842804,-0.06313107907772064,0.10508189350366592,0.3265834152698517,-0.07855890691280365,-0.034377310425043106,0.31245505809783936,-0.18166738748550415,-0.02993621490895748,0.24370059370994568,-0.16623955965042114,0.1095229834318161],"indices":[0,1,2,0,2,3,4,5,6,4,6,7,8,9,10,8,10,11,12,13,14,12,14,15,16,17,18,16,18,19,20,21,22,20,22,23,24,25,26,24,26,27,28,29,30,28,30,31,32,33,34,32,34,35,36,37,38,36,38,39,40,41,42,40,42,43,44,45,46,44,46,47,48,49,50,48,50,51,52,53,54,52,54,55,56,57,58,56,58,59,60,61,62,60,62,63,64,65,66,64,66,67,68,69,70,68,70,71,72,73,74,72,74,75,76,77,78,76,78,79,80,81,82,80,82,83,84,85,86,84,86,87,88,89,90,88,90,91,92,93,94,92,94,95]},"optimizedModelData":{"":{"meshCount":1},"-named-nodes":{"meshCount":3},"-no-animations":{"meshCount":1}}}