{"schemaVersion":4,"source":{"uri":"models/environment/Desert/cactus.gltf","sha256":"4ef39e26d5c343ee55e19a1732a1c69f68f8ddd4a13b7f0dae26c54d93dbb61b"},"animationNames":[],"boundingBox":{"min":{"x":-0.8825825214724776,"y":0,"z":-0.407667891062775},"max":{"x":0.8825825214724776,"y":1.9249761393935116,"z":0.407667891062775}},"nodeNames":["cube","cube","cube","cube","cube","cube","cube","cube","cube","cube","cube","cube","cube","cube","cube","cube","cube","cube","cube","cube","cube","cube","root",""],"trimesh":{"vertices":[0.25,0.787511944770813,0.25,0.25,-0.962488055229187,0.25,0.25,0.787511944770813,-0.25,0.25,-0.962488055229187,-0.25,-0.25,0.787511944770813,-0.25,-0.25,-0.962488055229187,-0.25,-0.25,0.787511944770813,0.25,-0.25,-0.962488055229187,0.25,-0.25,0.787511944770813,-0.25,-0.25,0.787511944770813,0.25,0.25,0.787511944770813,-0.25,0.25,0.787511944770813,0.25,-0.25,-0.962488055229187,0.25,-0.25,-0.962488055229187,-0.25,0.25,-0.962488055229187,0.25,0.25,-0.962488055229187,-0.25,-0.25,0.787511944770813,0.25,-0.25,-0.962488055229187,0.25,0.25,0.787511944770813,0.25,0.25,-0.962488055229187,0.25,0.25,0.787511944770813,-0.25,0.25,-0.962488055229187,-0.25,-0.25,0.787511944770813,-0.25,-0.25,-0.962488055229187,-0.25,0.125,0.912511944770813,0.125,0.125,0.787511944770813,0.125,0.125,0.912511944770813,-0.125,0.125,0.787511944770813,-0.125,-0.125,0.912511944770813,-0.125,-0.125,0.787511944770813,-0.125,-0.125,0.912511944770813,0.125,-0.125,0.787511944770813,0.125,-0.125,0.912511944770813,-0.125,-0.125,0.912511944770813,0.125,0.125,0.912511944770813,-0.125,0.125,0.912511944770813,0.125,-0.125,0.787511944770813,0.125,-0.125,0.787511944770813,-0.125,0.125,0.787511944770813,0.125,0.125,0.787511944770813,-0.125,-0.125,0.912511944770813,0.125,-0.125,0.787511944770813,0.125,0.125,0.912511944770813,0.125,0.125,0.787511944770813,0.125,0.125,0.912511944770813,-0.125,0.125,0.787511944770813,-0.125,-0.125,0.912511944770813,-0.125,-0.125,0.787511944770813,-0.125,-0.25004419684410095,-0.962488055229187,-0.24995580315589905,-0.25004419684410095,0.787511944770813,-0.24995580315589905,-0.3826267123222351,0.787511944770813,-0.3825383186340332,-0.3826267123222351,-0.962488055229187,-0.3825383186340332,-0.3826267123222351,0.787511944770813,-0.3825383186340332,-0.3826267123222351,0.787511944770813,-0.3825383186340332,-0.25004419684410095,0.787511944770813,-0.24995580315589905,-0.25004419684410095,-0.962488055229187,-0.24995580315589905,-0.25004419684410095,-0.962488055229187,-0.24995580315589905,-0.3826267123222351,-0.962488055229187,-0.3825383186340332,-0.25004419684410095,0.787511944770813,-0.24995580315589905,-0.25004419684410095,-0.962488055229187,-0.24995580315589905,-0.3826267123222351,0.787511944770813,-0.3825383186340332,-0.3826267123222351,-0.962488055229187,-0.3825383186340332,0.3826267123222351,0.787511944770813,-0.3825383186340332,0.25004419684410095,0.787511944770813,-0.24995580315589905,0.25004419684410095,-0.962488055229187,-0.24995580315589905,0.3826267123222351,-0.962488055229187,-0.3825383186340332,0.3826267123222351,0.787511944770813,-0.3825383186340332,0.3826267123222351,0.787511944770813,-0.3825383186340332,0.25004419684410095,0.787511944770813,-0.24995580315589905,0.25004419684410095,-0.962488055229187,-0.24995580315589905,0.25004419684410095,-0.962488055229187,-0.24995580315589905,0.3826267123222351,-0.962488055229187,-0.3825383186340332,0.25004419684410095,0.787511944770813,-0.24995580315589905,0.25004419684410095,-0.962488055229187,-0.24995580315589905,0.3826267123222351,0.787511944770813,-0.3825383186340332,0.3826267123222351,-0.962488055229187,-0.3825383186340332,-0.3826267123222351,0.787511944770813,0.3825383186340332,-0.25004419684410095,0.787511944770813,0.24995580315589905,-0.25004419684410095,-0.962488055229187,0.24995580315589905,-0.3826267123222351,-0.962488055229187,0.3825383186340332,-0.3826267123222351,0.787511944770813,0.3825383186340332,-0.3826267123222351,0.787511944770813,0.3825383186340332,-0.25004419684410095,0.787511944770813,0.24995580315589905,-0.25004419684410095,-0.962488055229187,0.24995580315589905,-0.25004419684410095,-0.962488055229187,0.24995580315589905,-0.3826267123222351,-0.962488055229187,0.3825383186340332,-0.25004419684410095,0.787511944770813,0.24995580315589905,-0.25004419684410095,-0.962488055229187,0.24995580315589905,-0.3826267123222351,0.787511944770813,0.3825383186340332,-0.3826267123222351,-0.962488055229187,0.3825383186340332,0.25004419684410095,-0.962488055229187,0.24995580315589905,0.25004419684410095,0.787511944770813,0.24995580315589905,0.3826267123222351,0.787511944770813,0.3825383186340332,0.3826267123222351,-0.962488055229187,0.3825383186340332,0.3826267123222351,0.787511944770813,0.3825383186340332,0.3826267123222351,0.787511944770813,0.3825383186340332,0.25004419684410095,0.787511944770813,0.24995580315589905,0.25004419684410095,-0.962488055229187,0.24995580315589905,0.25004419684410095,-0.962488055229187,0.24995580315589905,0.3826267123222351,-0.962488055229187,0.3825383186340332,0.25004419684410095,0.787511944770813,0.24995580315589905,0.25004419684410095,-0.962488055229187,0.24995580315589905,0.3826267123222351,0.787511944770813,0.3825383186340332,0.3826267123222351,-0.962488055229187,0.3825383186340332,0.4076679050922394,0.9062380790710449,0.25,0.11895553767681122,0.7866494655609131,0.25,0.4076679050922394,0.9062380790710449,0.25,0.11895553767681122,0.7866494655609131,-0.25,0.4076679050922394,0.9062380790710449,-0.25,0.11895553767681122,0.7866494655609131,-0.25,0.11895553767681122,0.7866494655609131,-0.25,0.11895553767681122,0.7866494655609131,0.25,0.4076679050922394,0.9062380790710449,0.25,0.4076679050922394,0.9062380790710449,-0.25,0.11895553767681122,0.7866494655609131,0.25,0.11895553767681122,0.7866494655609131,-0.25,0.11895553767681122,0.7866494655609131,0.25,0.4076679050922394,0.9062380790710449,-0.25,0.4076679050922394,0.9062380790710449,0.25,0.4076679050922394,0.9062380790710449,-0.25,-0.11895553767681122,0.7866494655609131,0.25,-0.4076679050922394,0.9062380790710449,0.25,-0.11895553767681122,0.7866494655609131,0.25,-0.4076679050922394,0.9062380790710449,-0.25,-0.11895553767681122,0.7866494655609131,-0.25,-0.4076679050922394,0.9062380790710449,-0.25,-0.4076679050922394,0.9062380790710449,0.25,-0.11895553767681122,0.7866494655609131,0.25,-0.11895553767681122,0.7866494655609131,-0.25,-0.4076679050922394,0.9062380790710449,-0.25,-0.11895553767681122,0.7866494655609131,-0.25,-0.11895553767681122,0.7866494655609131,0.25,-0.11895553767681122,0.7866494655609131,-0.25,-0.4076679050922394,0.9062380790710449,0.25,-0.4076679050922394,0.9062380790710449,-0.25,-0.4076679050922394,0.9062380790710449,0.25,0.75,0.725011944770813,0.125,0.75,0.1000119298696518,0.125,0.8825825452804565,0.725011944770813,0.25758251547813416,0.8825825452804565,0.1000119298696518,0.25758251547813416,0.75,0.725011944770813,0.125,0.8825825452804565,0.725011944770813,0.25758251547813416,0.75,0.725011944770813,0.125,0.75,0.1000119298696518,0.125,0.8825825452804565,0.1000119298696518,0.25758251547813416,0.75,0.1000119298696518,0.125,0.8825825452804565,0.1000119298696518,0.25758251547813416,0.8825825452804565,0.725011944770813,0.25758251547813416,0.75,0.725011944770813,0.125,0.75,0.1000119298696518,0.125,0.75,0.725011944770813,-0.125,0.75,0.1000119298696518,-0.125,0.8825825452804565,0.725011944770813,-0.25758251547813416,0.8825825452804565,0.1000119298696518,-0.25758251547813416,0.8825825452804565,0.725011944770813,-0.25758251547813416,0.75,0.725011944770813,-0.125,0.8825825452804565,0.725011944770813,-0.25758251547813416,0.8825825452804565,0.1000119298696518,-0.25758251547813416,0.75,0.1000119298696518,-0.125,0.8825825452804565,0.1000119298696518,-0.25758251547813416,0.75,0.725011944770813,-0.125,0.8825825452804565,0.725011944770813,-0.25758251547813416,0.8825825452804565,0.1000119298696518,-0.25758251547813416,0.75,0.1000119298696518,-0.125,0.75,0.725011944770813,0.125,0.75,0.350011944770813,0.125,0.75,0.725011944770813,-0.125,