{"schemaVersion":4,"source":{"uri":"models/environment/Farm/pumpkin/pumpkin-seeds.gltf","sha256":"a25a48aeab4c941cbcb397350e0582bcebbd21377f306ef6e29c653e4a1106c3"},"animationNames":[],"boundingBox":{"min":{"x":-0.15622680208684836,"y":-0.022877655149445487,"z":-0.06859218126169281},"max":{"x":0.03122680208684836,"y":0.09162765514944549,"z":0.06859218126169281}},"nodeNames":["cube","root",""],"trimesh":{"vertices":[0.06564035266637802,0.03852926194667816,0.06859218329191208,0.05410046875476837,-0.0545046441257,0.06782646477222443,0.09372679889202118,0.03578124940395355,-0.020809508860111237,0.08218692243099213,-0.057252656668424606,-0.02157522179186344,-0.05410046875476837,0.0545046441257,-0.06782646477222443,-0.06564035266637802,-0.03852926194667816,-0.06859218329191208,-0.08218692243099213,0.057252656668424606,0.02157522179186344,-0.09372679889202118,-0.03578124940395355,0.020809508860111237,-0.05410046875476837,0.0545046441257,-0.06782646477222443,-0.08218692243099213,0.057252656668424606,0.02157522179186344,0.09372679889202118,0.03578124940395355,-0.020809508860111237,0.06564035266637802,0.03852926194667816,0.06859218329191208,-0.09372679889202118,-0.03578124940395355,0.020809508860111237,-0.06564035266637802,-0.03852926194667816,-0.06859218329191208,0.05410046875476837,-0.0545046441257,0.06782646477222443,0.08218692243099213,-0.057252656668424606,-0.02157522179186344,-0.08218692243099213,0.057252656668424606,0.02157522179186344,-0.09372679889202118,-0.03578124940395355,0.020809508860111237,0.06564035266637802,0.03852926194667816,0.06859218329191208,0.05410046875476837,-0.0545046441257,0.06782646477222443,0.09372679889202118,0.03578124940395355,-0.020809508860111237,0.08218692243099213,-0.057252656668424606,-0.02157522179186344,-0.05410046875476837,0.0545046441257,-0.06782646477222443,-0.06564035266637802,-0.03852926194667816,-0.06859218329191208],"indices":[0,1,2,1,3,2,4,5,6,5,7,6,8,9,10,9,11,10,12,13,14,13,15,14,16,17,18,17,19,18,20,21,22,21,23,22]},"optimizedModelData":{"":{"meshCount":1},"-named-nodes":{"meshCount":1},"-no-animations":{"meshCount":1}}}