{"schemaVersion":4,"source":{"uri":"models/environment/Farm/cucumbers/cucumber-stage3.gltf","sha256":"3654d826c90f2317c3601aa3b9bb2f929c5c0d7ab2ec0e39b8b5203067e1383f"},"animationNames":[],"boundingBox":{"min":{"x":-0.3606487313171468,"y":0,"z":-0.20792545501856818},"max":{"x":0.33037842586385935,"y":1.085114820523124,"z":0.1875}},"nodeNames":["cube","cube","cube","cube","cube","cube","cube","cube","cube","cube","cube","cube","root",""],"trimesh":{"vertices":[-0.07031477987766266,0.07032317668199539,0.1977127343416214,-0.07847266644239426,0.008357870392501354,0.1977127343416214,-0.07031477987766266,0.07032317668199539,0.010212727822363377,-0.07847266644239426,0.008357870392501354,0.010212727822363377,-0.3181760013103485,0.10295472294092178,0.010212727822363377,-0.3263338804244995,0.04098941758275032,0.010212727822363377,-0.3181760013103485,0.10295472294092178,0.1977127343416214,-0.3263338804244995,0.04098941758275032,0.1977127343416214,-0.3181760013103485,0.10295472294092178,0.010212727822363377,-0.3181760013103485,0.10295472294092178,0.1977127343416214,-0.07031477987766266,0.07032317668199539,0.010212727822363377,-0.07031477987766266,0.07032317668199539,0.1977127343416214,-0.3263338804244995,0.04098941758275032,0.1977127343416214,-0.3263338804244995,0.04098941758275032,0.010212727822363377,-0.07847266644239426,0.008357870392501354,0.1977127343416214,-0.07847266644239426,0.008357870392501354,0.010212727822363377,-0.3181760013103485,0.10295472294092178,0.1977127343416214,-0.3263338804244995,0.04098941758275032,0.1977127343416214,-0.07031477987766266,0.07032317668199539,0.1977127343416214,-0.07847266644239426,0.008357870392501354,0.1977127343416214,-0.07031477987766266,0.07032317668199539,0.010212727822363377,-0.07847266644239426,0.008357870392501354,0.010212727822363377,-0.3181760013103485,0.10295472294092178,0.010212727822363377,-0.3263338804244995,0.04098941758275032,0.010212727822363377,0.3267194628715515,0.542557418346405,0.1977127343416214,0.34551358222961426,0.4829500913619995,0.1977127343416214,0.3267194628715515,0.542557418346405,0.010212727822363377,0.34551358222961426,0.4829500913619995,0.010212727822363377,0.08829022943973541,0.46738094091415405,0.010212727822363377,0.10708434879779816,0.4077736735343933,0.010212727822363377,0.08829022943973541,0.46738094091415405,0.1977127343416214,0.10708434879779816,0.4077736735343933,0.1977127343416214,0.08829022943973541,0.46738094091415405,0.010212727822363377,0.08829022943973541,0.46738094091415405,0.1977127343416214,0.3267194628715515,0.542557418346405,0.010212727822363377,0.3267194628715515,0.542557418346405,0.1977127343416214,0.10708434879779816,0.4077736735343933,0.1977127343416214,0.10708434879779816,0.4077736735343933,0.010212727822363377,0.34551358222961426,0.4829500913619995,0.1977127343416214,0.34551358222961426,0.4829500913619995,0.010212727822363377,0.08829022943973541,0.46738094091415405,0.1977127343416214,0.10708434879779816,0.4077736735343933,0.1977127343416214,0.3267194628715515,0.542557418346405,0.1977127343416214,0.34551358222961426,0.4829500913619995,0.1977127343416214,0.3267194628715515,0.542557418346405,0.010212727822363377,0.34551358222961426,0.4829500913619995,0.010212727822363377,0.08829022943973541,0.46738094091415405,0.010212727822363377,0.10708434879779816,0.4077736735343933,0.010212727822363377,0.12562058866024017,0.45744258165359497,-0.10027270764112473,0.12562060356140137,-0.542557418346405,-0.10027270764112473,-0.09535028785467148,0.45744258165359497,0.12069816142320633,-0.09535028785467148,-0.542557418346405,0.12069816142320633,0.12562058866024017,0.45744258165359497,-0.10027270764112473,-0.09535028785467148,0.45744258165359497,0.12069816142320633,0.12562058866024017,0.45744258165359497,-0.10027270764112473,0.12562060356140137,-0.542557418346405,-0.10027270764112473,-0.09535028785467148,-0.542557418346405,0.12069816142320633,0.12562060356140137,-0.542557418346405,-0.10027270764112473,-0.09535028785467148,-0.542557418346405,0.12069816142320633,-0.09535028785467148,0.45744258165359497,0.12069816142320633,0.12562058866024017,0.45744258165359497,-0.10027270764112473,0.12562060356140137,-0.542557418346405,-0.10027270764112473,0.1510649472475052,0.45744261145591736,-0.1410079449415207,0.1510649472475052,0.20744261145591736,-0.1410079449415207,-0.04044617712497711,0.45744258165359497,0.019688956439495087,-0.04044617712497711,0.20744259655475616,0.019688956439495087,0.1510649472475052,0.45744261145591736,-0.1410079449415207,-0.04044617712497711,0.45744258165359497,0.019688956439495087,0.1510649472475052,0.45744261145591736,-0.1410079449415207,0.1510649472475052,0.20744261145591736,-0.1410079449415207,-0.04044617712497711,0.20744259655475616,0.019688956439495087,0.1510649472475052,0.20744261145591736,-0.1410079449415207,-0.04044617712497711,0.20744259655475616,0.019688956439495087,-0.04044617712497711,0.45744258165359497,0.019688956439495087,0.1510649472475052,0.45744261145591736,-0.1410079449415207,0.1510649472475052,0.20744261145591736,-0.1410079449415207,0.03443613275885582,-0.2113846093416214,0.1664627343416214,0.026278244331479073,-0.27334991097450256,0.1664627343416214,0.03443613275885582,-0.2113846093416214,-0.1460372656583786,0.026278244331479073,-0.27334991097450256,-0.1460372656583786,-0.33735570311546326,-0.1624372899532318,-0.1460372656583786,-0.34551358222961426,-0.22440260648727417,-0.1460372656583786,-0.33735570311546326,-0.1624372899532318,0.1664627343416214,-0.34551358222961426,-0.22440260648727417,0.1664627343416214,-0.33735570311546326,-0.1624372899532318,-0.1460372656583786,-0.33735570311546326,-0.1624372899532318,0.1664627343416214,0.03443613275885582,-0.2113846093416214,-0.1460372656583786,0.03443613275885582,-0.2113846093416214,0.1664627343416214,-0.34551358222961426,-0.22440260648727417,0.1664627343416214,-0.34551358222961426,-0.22440260648727417,-0.1460372656583786,0.026278244331479073,-0.27334991097450256,0.1664627343416214,0.026278244331479073,-0.27334991097450256,-0.1460372656583786,-0.33735570311546326,-0.1624372899532318,0.1664627343416214,-0.34551358222961426,-0.22440260648727417,0.1664627343416214,0.03443613275885582,-0.2113846093416214,0.1664627343416214,0.026278244331479073,-0.27334991097450256,0.1664627343416214,0.03443613275885582,-0.2113846093416214,-0.1460372656583786,0.026278244331479073,-0.27334991097450256,-0.1460372656583786,-0.33735570311546326,-0.1624372899532318,-0.1460372656583786,-0.34551358222961426,-0.22440260648727417,-0.1460372656583786,0.2943805456161499,0.07609057426452637,0.1664627343416214,0.3207941949367523,0.01944630593061447,0.1664627343416214,0.2943805456161499,0.07609057426452637,-0.1460372656583786,0.3207941949367523,0.01944630593061447,-0.1460372656583786,-0.04548487812280655,-0.08239128440618515,-0.1460372656583786,-0.019071241840720177,-0.13903552293777466,-0.1460372656583786,-0.04548487812280655,-0.08239128440618515,0.1664627343416214,-0.019071241840720177,-0.13903552293777466,0.1664627343416214,-0.04548487812280655,-0.08239128440618515,-0.1460372656583786,-0.04548487812280655,-0.08239128440618515,0.1664627343416214,0.2943805456161499,0.07609057426452637,-0.1460372656583786,0.2943805456161499,0.07609057426452637,0.1664627343416214,-0.019071241840720177,-0.13903552293777466,0.1664627343416214,-0.019071241840720177,-0.13903552293777466,-0.1460372656583786,0.3207941949367523,0.01944630593061447,0.1664627343416214,0.3207941949367523,0.01944630593061447,-0.1460372656583786,-0.04548487812280655,-0.08239128440618515,0.1664627343416214,-0.019071241840720177,-0.13903552293777466,0.1664627343416214,0.2943805456161499,0.07609057426452637,0.1664627343416214,0.3207941949367523,0.01944630593061447,0.1664627343416214,0.2943805456161499,0.07609057426452637,-0.1460372656583786,0.3207941949367523,0.01944630593061447,-0.1460372656583786,-0.04548487812280655,-0.08239128440618515,-0.1460372656583786,-0.019071241840720177,-0.13903552293777466,-0.1460372656583786,0.12562058866024017,0.45744258165359497,0.12069816142320633,