{"schemaVersion":4,"source":{"uri":"models/players/hair/hair-0010.gltf","sha256":"a2c074e1ccf60eab644c6ea9985cdd20661e5eb2484cbf3f98a5c583b039abc3"},"animationNames":[],"boundingBox":{"min":{"x":-0.2265625,"y":1.0078125,"z":-0.2265625},"max":{"x":0.2265625,"y":1.4609375,"z":0.2265625}},"nodeNames":["hair-0010-extra-geo","hair-0010-geo","head-anchor"],"trimesh":{"vertices":[0.2265625,-0.2265625,-0.2265625,0.2265625,0.2265625,-0.2265625,0.2265625,0.2265625,0.2265625,0.2265625,-0.2265625,0.2265625,-0.2265625,-0.2265625,0.2265625,-0.2265625,0.2265625,0.2265625,-0.2265625,0.2265625,-0.2265625,-0.2265625,-0.2265625,-0.2265625,0.2265625,0.2265625,0.2265625,0.2265625,0.2265625,-0.2265625,-0.2265625,0.2265625,-0.2265625,-0.2265625,0.2265625,0.2265625,0.2265625,-0.2265625,-0.2265625,0.2265625,-0.2265625,0.2265625,-0.2265625,-0.2265625,0.2265625,-0.2265625,-0.2265625,-0.2265625,0.2265625,-0.2265625,0.2265625,0.2265625,0.2265625,0.2265625,-0.2265625,0.2265625,0.2265625,-0.2265625,-0.2265625,0.2265625,-0.2265625,-0.2265625,-0.2265625,-0.2265625,0.2265625,-0.2265625,0.2265625,0.2265625,-0.2265625,0.2265625,-0.2265625,-0.2265625,0.2109375,-0.2109375,-0.2109375,0.2109375,0.2109375,-0.2109375,0.2109375,0.2109375,0.2109375,0.2109375,-0.2109375,0.2109375,-0.2109375,-0.2109375,0.2109375,-0.2109375,0.2109375,0.2109375,-0.2109375,0.2109375,-0.2109375,-0.2109375,-0.2109375,-0.2109375,0.2109375,0.2109375,0.2109375,0.2109375,0.2109375,-0.2109375,-0.2109375,0.2109375,-0.2109375,-0.2109375,0.2109375,0.2109375,0.2109375,-0.2109375,-0.2109375,0.2109375,-0.2109375,0.2109375,-0.2109375,-0.2109375,0.2109375,-0.2109375,-0.2109375,-0.2109375,0.2109375,-0.2109375,0.2109375,0.2109375,0.2109375,0.2109375,-0.2109375,0.2109375,0.2109375,-0.2109375,-0.2109375,0.2109375,-0.2109375,-0.2109375,-0.2109375,-0.2109375,0.2109375,-0.2109375,0.2109375,0.2109375,-0.2109375,0.2109375,-0.2109375,-0.2109375],"indices":[0,1,2,0,2,3,4,5,6,4,6,7,8,9,10,8,10,11,12,13,14,12,14,15,16,17,18,16,18,19,20,21,22,20,22,23,24,25,26,24,26,27,28,29,30,28,30,31,32,33,34,32,34,35,36,37,38,36,38,39,40,41,42,40,42,43,44,45,46,44,46,47]},"optimizedModelData":{"":{"meshCount":1},"-named-nodes":{"meshCount":2},"-no-animations":{"meshCount":1}}}