{"schemaVersion":4,"source":{"uri":"models/tools/hoe/stone-hoe.gltf","sha256":"0c61600ef3bb074c853f507f4f49112a717a0d55813c19949a854f08dee0b6c2"},"animationNames":[],"boundingBox":{"min":{"x":-0.0625,"y":0,"z":-0.109375},"max":{"x":0.3052614986348733,"y":0.78125,"z":0.109375}},"nodeNames":["cube","cube","cube","cube","cube","hoe"],"trimesh":{"vertices":[-0.0901307463645935,0.234375,0.03125,-0.0901307463645935,-0.359375,0.03125,-0.0901307463645935,0.234375,-0.03125,-0.0901307463645935,-0.359375,-0.03125,-0.1526307463645935,0.234375,-0.03125,-0.1526307463645935,-0.359375,-0.03125,-0.1526307463645935,0.234375,0.03125,-0.1526307463645935,-0.359375,0.03125,-0.1526307463645935,0.234375,-0.03125,-0.1526307463645935,0.234375,0.03125,-0.0901307463645935,0.234375,-0.03125,-0.0901307463645935,0.234375,0.03125,-0.1526307463645935,-0.359375,0.03125,-0.1526307463645935,-0.359375,-0.03125,-0.0901307463645935,-0.359375,0.03125,-0.0901307463645935,-0.359375,-0.03125,-0.1526307463645935,0.234375,0.03125,-0.1526307463645935,-0.359375,0.03125,-0.0901307463645935,0.234375,0.03125,-0.0901307463645935,-0.359375,0.03125,-0.0901307463645935,0.234375,-0.03125,-0.0901307463645935,-0.359375,-0.03125,-0.1526307463645935,0.234375,-0.03125,-0.1526307463645935,-0.359375,-0.03125,-0.058880750089883804,0.390625,0.0625,-0.058880750089883804,0.203125,0.0625,-0.058880750089883804,0.390625,-0.0625,-0.058880750089883804,0.203125,-0.0625,-0.1838807463645935,0.390625,-0.0625,-0.1838807463645935,0.203125,-0.0625,-0.1838807463645935,0.390625,0.0625,-0.1838807463645935,0.203125,0.0625,-0.1838807463645935,0.390625,-0.0625,-0.1838807463645935,0.390625,0.0625,-0.058880750089883804,0.390625,-0.0625,-0.058880750089883804,0.390625,0.0625,-0.1838807463645935,0.203125,0.0625,-0.1838807463645935,0.203125,-0.0625,-0.058880750089883804,0.203125,0.0625,-0.058880750089883804,0.203125,-0.0625,-0.1838807463645935,0.390625,0.0625,-0.1838807463645935,0.203125,0.0625,-0.058880750089883804,0.390625,0.0625,-0.058880750089883804,0.203125,0.0625,-0.058880750089883804,0.390625,-0.0625,-0.058880750089883804,0.203125,-0.0625,-0.1838807463645935,0.390625,-0.0625,-0.1838807463645935,0.203125,-0.0625,0.0973692536354065,0.328125,0.0625,0.0973692536354065,0.265625,0.0625,0.0973692536354065,0.328125,-0.0625,0.0973692536354065,0.265625,-0.0625,-0.058880750089883804,0.328125,-0.0625,-0.058880750089883804,0.265625,-0.0625,-0.058880750089883804,0.328125,0.0625,-0.058880750089883804,0.265625,0.0625,-0.058880750089883804,0.328125,-0.0625,-0.058880750089883804,0.328125,0.0625,0.0973692536354065,0.328125,-0.0625,0.0973692536354065,0.328125,0.0625,-0.058880750089883804,0.265625,0.0625,-0.058880750089883804,0.265625,-0.0625,0.0973692536354065,0.265625,0.0625,0.0973692536354065,0.265625,-0.0625,-0.058880750089883804,0.328125,0.0625,-0.058880750089883804,0.265625,0.0625,0.0973692536354065,0.328125,0.0625,0.0973692536354065,0.265625,0.0625,0.0973692536354065,0.328125,-0.0625,0.0973692536354065,0.265625,-0.0625,-0.058880750089883804,0.328125,-0.0625,-0.058880750089883804,0.265625,-0.0625,-0.058880750089883804,-0.328125,0.0625,-0.058880750089883804,-0.390625,0.0625,-0.058880750089883804,-0.328125,-0.0625,-0.058880750089883804,-0.390625,-0.0625,-0.1838807463645935,-0.328125,-0.0625,-0.1838807463645935,-0.390625,-0.0625,-0.1838807463645935,-0.328125,0.0625,-0.1838807463645935,-0.390625,0.0625,-0.1838807463645935,-0.328125,-0.0625,-0.1838807463645935,-0.328125,0.0625,-0.058880750089883804,-0.328125,-0.0625,-0.058880750089883804,-0.328125,0.0625,-0.1838807463645935,-0.390625,0.0625,-0.1838807463645935,-0.390625,-0.0625,-0.058880750089883804,-0.390625,0.0625,-0.058880750089883804,-0.390625,-0.0625,-0.1838807463645935,-0.328125,0.0625,-0.1838807463645935,-0.390625,0.0625,-0.058880750089883804,-0.328125,0.0625,-0.058880750089883804,-0.390625,0.0625,-0.058880750089883804,-0.328125,-0.0625,-0.058880750089883804,-0.390625,-0.0625,-0.1838807463645935,-0.328125,-0.0625,-0.1838807463645935,-0.390625,-0.0625,0.1838807463645935,0.25751811265945435,-0.109375,0.1838807463645935,0.25751811265945435,0.109375,0.1838807463645935,0.25751811265945435,-0.109375,0.0027696609031409025,0.30604666471481323,0.109375,0.0027696609031409025,0.30604666471481323,-0.109375,0.0027696609031409025,0.30604666471481323,0.109375,0.1838807463645935,0.25751811265945435,-0.109375,0.1838807463645935,0.25751811265945435,0.109375,0.0027696609031409025,0.30604666471481323,0.109375,0.0027696609031409025,0.30604666471481323,-0.109375,0.1838807463645935,0.25751811265945435,0.109375,0.0027696609031409025,0.30604666471481323,0.109375,0.1838807463645935,0.25751811265945435,0.109375,0.0027696609031409025,0.30604666471481323,-0.109375,0.1838807463645935,0.25751811265945435,-0.109375,0.0027696609031409025,0.30604666471481323,-0.109375],"indices":[0,1,2,1,3,2,4,5,6,5,7,6,8,9,10,9,11,10,12,13,14,13,15,14,16,17,18,17,19,18,20,21,22,21,23,22,24,25,26,25,27,26,28,29,30,29,31,30,32,33,34,33,35,34,36,37,38,37,39,38,40,41,42,41,43,42,44,45,46,45,47,46,48,49,50,49,51,50,52,53,54,53,55,54,56,57,58,57,59,58,60,61,62,61,63,62,64,65,66,65,67,66,68,69,70,69,71,70,72,73,74,73,75,74,76,77,78,77,79,78,80,81,82,81,83,82,84,85,86,85,87,86,88,89,90,89,91,90,92,93,94,93,95,94,96,97,98,96,98,97,99,100,101,99,101,100,102,103,104,102,104,105,106,107,108,106,108,107,109,110,111,109,111,110]},"optimizedModelData":{"":{"meshCount":1},"-named-nodes":{"meshCount":5},"-no-animations":{"meshCount":1}}}