{"schemaVersion":1,"source":{"uri":"models/npcs/blue_tang.gltf","sha256":"3c607196044dbb8e4454fa31ebf7979e5a118f8234b5899d4223bb83ddca5a56"},"animationNames":[],"boundingBox":{"min":{"x":-0.28125,"y":0.0625,"z":-0.4375},"max":{"x":0.28125,"y":0.5625,"z":0.5625}},"nodeNames":["cube","left_arm","cube","right_arm","cube","head","cube","cube","cube","cube","blue_tang",""],"trimesh":{"vertices":[-0.09375,-0.0625,-0.3125,-0.09375,-0.0625,-0.0625,-0.09375,-0.0625,-0.3125,-0.28125,-0.0625,-0.0625,-0.28125,-0.0625,-0.3125,-0.28125,-0.0625,-0.0625,-0.09375,-0.0625,-0.0625,-0.09375,-0.0625,-0.3125,-0.28125,-0.0625,-0.3125,-0.28125,-0.0625,-0.0625,-0.09375,-0.0625,-0.0625,-0.28125,-0.0625,-0.0625,-0.09375,-0.0625,-0.0625,-0.09375,-0.0625,-0.3125,-0.28125,-0.0625,-0.3125,0.09375,-0.0625,-0.0625,0.09375,-0.0625,-0.3125,0.09375,-0.0625,-0.0625,0.28125,-0.0625,-0.3125,0.28125,-0.0625,-0.0625,0.28125,-0.0625,-0.3125,0.28125,-0.0625,-0.3125,0.09375,-0.0625,-0.3125,0.09375,-0.0625,-0.0625,0.28125,-0.0625,-0.0625,0.28125,-0.0625,-0.0625,0.09375,-0.0625,-0.0625,0.28125,-0.0625,-0.0625,0.09375,-0.0625,-0.3125,0.09375,-0.0625,-0.3125,0.0625,0.0625,-0.375,0.0625,-0.203125,-0.375,0.0625,0.0625,-0.5,0.0625,-0.203125,-0.5,-0.0625,0.0625,-0.5,-0.0625,-0.203125,-0.5,-0.0625,0.0625,-0.375,-0.0625,-0.203125,-0.375,-0.0625,0.0625,-0.5,-0.0625,0.0625,-0.375,0.0625,0.0625,-0.5,0.0625,0.0625,-0.375,-0.0625,-0.203125,-0.375,-0.0625,-0.203125,-0.5,0.0625,-0.203125,-0.375,0.0625,-0.203125,-0.5,-0.0625,0.0625,-0.375,-0.0625,-0.203125,-0.375,0.0625,0.0625,-0.375,0.0625,-0.203125,-0.375,0.0625,0.0625,-0.5,0.0625,-0.203125,-0.5,-0.0625,0.0625,-0.5,-0.0625,-0.203125,-0.5,0.09375,0.0625,0.1875,0.09375,-0.25,0.1875,0.09375,0.0625,-0.375,0.09375,-0.25,-0.375,-0.09375,0.0625,-0.375,-0.09375,-0.25,-0.375,-0.09375,0.0625,0.1875,-0.09375,-0.25,0.1875,-0.09375,0.0625,-0.375,-0.09375,0.0625,0.1875,0.09375,0.0625,-0.375,0.09375,0.0625,0.1875,-0.09375,-0.25,0.1875,-0.09375,-0.25,-0.375,0.09375,-0.25,0.1875,0.09375,-0.25,-0.375,-0.09375,0.0625,0.1875,-0.09375,-0.25,0.1875,0.09375,0.0625,0.1875,0.09375,-0.25,0.1875,0.09375,0.0625,-0.375,0.09375,-0.25,-0.375,-0.09375,0.0625,-0.375,-0.09375,-0.25,-0.375,0,0.0625,0.1875,0,0.25,0.1875,0,0.25,-0.375,0,0.0625,-0.375,0,0.25,-0.375,0,0.25,-0.375,0,0.25,0.1875,0,0.0625,0.1875,0,0.0625,0.1875,0,0.0625,-0.375,0,0.25,0.1875,0,0.25,0.1875,0,0.0625,0.1875,0,0.0625,-0.375,0,-0.1875,0.5,0,0,0.5,0,0,0.1875,0,-0.1875,0.1875,0,0,0.1875,0,0,0.1875,0,0,0.5,0,-0.1875,0.5,0,-0.1875,0.5,0,-0.1875,0.1875,0,0,0.5,0,0,0.5,0,-0.1875,0.5,0,-0.1875,0.1875,0.046875,0,0.3125,0.046875,-0.1875,0.3125,0.046875,0,0.1875,0.046875,-0.1875,0.1875,-0.046875,0,0.1875,-0.046875,-0.1875,0.1875,-0.046875,0,0.3125,-0.046875,-0.1875,0.3125,-0.046875,0,0.1875,-0.046875,0,0.3125,0.046875,0,0.1875,0.046875,0,0.3125,-0.046875,-0.1875,0.3125,-0.046875,-0.1875,0.1875,0.046875,-0.1875,0.3125,0.046875,-0.1875,0.1875,-0.046875,0,0.3125,-0.046875,-0.1875,0.3125,0.046875,0,0.3125,0.046875,-0.1875,0.3125,0.046875,0,0.1875,0.046875,-0.1875,0.1875,-0.046875,0,0.1875,-0.046875,-0.1875,0.1875],"indices":[0,1,2,0,2,1,3,4,5,3,5,4,6,7,8,6,8,9,10,11,12,10,12,11,4,13,14,4,14,13,15,16,16,15,16,17,18,19,19,18,19,20,21,22,23,21,23,24,25,26,26,25,26,27,28,18,18,28,18,29,30,31,32,31,33,32,34,35,36,35,37,36,38,39,40,39,41,40,42,43,44,43,45,44,46,47,48,47,49,48,50,51,52,51,53,52,54,55,56,55,57,56,58,59,60,59,61,60,62,63,64,63,65,64,66,67,68,67,69,68,70,71,72,71,73,72,74,75,76,75,77,76,78,79,80,78,80,81,82,83,84,82,84,84,85,86,87,85,87,87,88,89,90,88,90,90,82,83,91,82,91,91,92,93,94,92,94,95,96,97,98,96,98,98,99,100,101,99,101,101,102,103,104,102,104,104,96,97,105,96,105,105,106,107,108,107,109,108,110,111,112,111,113,112,114,115,116,115,117,116,118,119,120,119,121,120,122,123,124,123,125,124,126,127,128,127,129,128]}}