{"schemaVersion":4,"source":{"uri":"models/environment/Farm/cucumber-stage4.gltf","sha256":"8d5a3029413bc315e06d8f431f9bcb6b63898bd86952c5fc3979b55ca883eecf"},"animationNames":[],"boundingBox":{"min":{"x":-0.40414899779064645,"y":0,"z":-0.20792545501856818},"max":{"x":0.41955610196970133,"y":1.085114820523124,"z":0.1875}},"nodeNames":["cube","cube","cube","cube","cube","cube","cube","cube","cube","cube","cube","cube","cube","root",""],"trimesh":{"vertices":[-0.09315348416566849,0.07032317668199539,0.1977127343416214,-0.10131137073040009,0.008357870392501354,0.1977127343416214,-0.09315348416566849,0.07032317668199539,0.010212727822363377,-0.10131137073040009,0.008357870392501354,0.010212727822363377,-0.34101471304893494,0.10295472294092178,0.010212727822363377,-0.34917259216308594,0.04098941758275032,0.010212727822363377,-0.34101471304893494,0.10295472294092178,0.1977127343416214,-0.34917259216308594,0.04098941758275032,0.1977127343416214,-0.34101471304893494,0.10295472294092178,0.010212727822363377,-0.34101471304893494,0.10295472294092178,0.1977127343416214,-0.09315348416566849,0.07032317668199539,0.010212727822363377,-0.09315348416566849,0.07032317668199539,0.1977127343416214,-0.34917259216308594,0.04098941758275032,0.1977127343416214,-0.34917259216308594,0.04098941758275032,0.010212727822363377,-0.10131137073040009,0.008357870392501354,0.1977127343416214,-0.10131137073040009,0.008357870392501354,0.010212727822363377,-0.34101471304893494,0.10295472294092178,0.1977127343416214,-0.34917259216308594,0.04098941758275032,0.1977127343416214,-0.09315348416566849,0.07032317668199539,0.1977127343416214,-0.10131137073040009,0.008357870392501354,0.1977127343416214,-0.09315348416566849,0.07032317668199539,0.010212727822363377,-0.10131137073040009,0.008357870392501354,0.010212727822363377,-0.34101471304893494,0.10295472294092178,0.010212727822363377,-0.34917259216308594,0.04098941758275032,0.010212727822363377,0.3038807809352875,0.542557418346405,0.1977127343416214,0.32267487049102783,0.4829500913619995,0.1977127343416214,0.3038807809352875,0.542557418346405,0.010212727822363377,0.32267487049102783,0.4829500913619995,0.010212727822363377,0.06545152515172958,0.46738094091415405,0.010212727822363377,0.08424564450979233,0.4077736735343933,0.010212727822363377,0.06545152515172958,0.46738094091415405,0.1977127343416214,0.08424564450979233,0.4077736735343933,0.1977127343416214,0.06545152515172958,0.46738094091415405,0.010212727822363377,0.06545152515172958,0.46738094091415405,0.1977127343416214,0.3038807809352875,0.542557418346405,0.010212727822363377,0.3038807809352875,0.542557418346405,0.1977127343416214,0.08424564450979233,0.4077736735343933,0.1977127343416214,0.08424564450979233,0.4077736735343933,0.010212727822363377,0.32267487049102783,0.4829500913619995,0.1977127343416214,0.32267487049102783,0.4829500913619995,0.010212727822363377,0.06545152515172958,0.46738094091415405,0.1977127343416214,0.08424564450979233,0.4077736735343933,0.1977127343416214,0.3038807809352875,0.542557418346405,0.1977127343416214,0.32267487049102783,0.4829500913619995,0.1977127343416214,0.3038807809352875,0.542557418346405,0.010212727822363377,0.32267487049102783,0.4829500913619995,0.010212727822363377,0.06545152515172958,0.46738094091415405,0.010212727822363377,0.08424564450979233,0.4077736735343933,0.010212727822363377,0.10278188437223434,0.45744258165359497,-0.10027270764112473,0.10278188437223434,0.45744258165359497,-0.10027270764112473,0.10278189182281494,-0.542557418346405,-0.10027270764112473,-0.11818899214267731,0.45744258165359497,0.12069816142320633,-0.11818899214267731,0.45744258165359497,0.12069816142320633,-0.11818899214267731,-0.542557418346405,0.12069816142320633,0.10278188437223434,0.45744258165359497,-0.10027270764112473,0.10278188437223434,0.45744258165359497,-0.10027270764112473,0.10278189182281494,-0.542557418346405,-0.10027270764112473,-0.11818899214267731,-0.542557418346405,0.12069816142320633,0.10278189182281494,-0.542557418346405,-0.10027270764112473,-0.11818899214267731,-0.542557418346405,0.12069816142320633,-0.11818899214267731,0.45744258165359497,0.12069816142320633,0.10278188437223434,0.45744258165359497,-0.10027270764112473,0.10278189182281494,-0.542557418346405,-0.10027270764112473,0.12822623550891876,0.45744261145591736,-0.1410079449415207,0.12822623550891876,0.45744261145591736,-0.1410079449415207,0.12822623550891876,0.20744261145591736,-0.1410079449415207,-0.06328488141298294,0.45744258165359497,0.019688956439495087,-0.06328488141298294,0.45744258165359497,0.019688956439495087,-0.06328488141298294,0.20744259655475616,0.019688956439495087,0.12822623550891876,0.45744261145591736,-0.1410079449415207,0.12822623550891876,0.45744261145591736,-0.1410079449415207,0.12822623550891876,0.20744261145591736,-0.1410079449415207,-0.06328488141298294,0.20744259655475616,0.019688956439495087,0.12822623550891876,0.20744261145591736,-0.1410079449415207,-0.06328488141298294,0.20744259655475616,0.019688956439495087,-0.06328488141298294,0.45744258165359497,0.019688956439495087,0.12822623550891876,0.45744261145591736,-0.1410079449415207,0.12822623550891876,0.20744261145591736,-0.1410079449415207,0.011597427539527416,-0.2113846093416214,0.1664627343416214,0.0034395395778119564,-0.27334991097450256,0.1664627343416214,0.011597427539527416,-0.2113846093416214,-0.1460372656583786,0.0034395395778119564,-0.27334991097450256,-0.1460372656583786,-0.3601943850517273,-0.1624372899532318,-0.1460372656583786,-0.3683522939682007,-0.22440260648727417,-0.1460372656583786,-0.3601943850517273,-0.1624372899532318,0.1664627343416214,-0.3683522939682007,-0.22440260648727417,0.1664627343416214,-0.3601943850517273,-0.1624372899532318,-0.1460372656583786,-0.3601943850517273,-0.1624372899532318,0.1664627343416214,0.011597427539527416,-0.2113846093416214,-0.1460372656583786,0.011597427539527416,-0.2113846093416214,0.1664627343416214,-0.3683522939682007,-0.22440260648727417,0.1664627343416214,-0.3683522939682007,-0.22440260648727417,-0.1460372656583786,0.0034395395778119564,-0.27334991097450256,0.1664627343416214,0.0034395395778119564,-0.27334991097450256,-0.1460372656583786,-0.3601943850517273,-0.1624372899532318,0.1664627343416214,-0.3683522939682007,-0.22440260648727417,0.1664627343416214,0.011597427539527416,-0.2113846093416214,0.1664627343416214,0.0034395395778119564,-0.27334991097450256,0.1664627343416214,0.011597427539527416,-0.2113846093416214,-0.1460372656583786,0.0034395395778119564,-0.27334991097450256,-0.1460372656583786,-0.3601943850517273,-0.1624372899532318,-0.1460372656583786,-0.3683522939682007,-0.22440260648727417,-0.1460372656583786,0.2715418338775635,0.07609057426452637,0.1664627343416214,0.2979554831981659,0.01944630593061447,0.1664627343416214,0.2715418338775635,0.07609057426452637,-0.1460372656583786,0.2979554831981659,0.01944630593061447,-0.1460372656583786,-0.06832358241081238,-0.08239128440618515,-0.1460372656583786,-0.041909947991371155,-0.13903552293777466,-0.1460372656583786,-0.06832358241081238,-0.08239128440618515,0.1664627343416214,-0.041909947991371155,-0.13903552293777466,0.1664627343416214,-0.06832358241081238,-0.08239128440618515,-0.1460372656583786,-0.06832358241081238,-0.08239128440618515,0.1664627343416214,0.2715418338775635,0.07609057426452637,-0.1460372656583786,0.2715418338775635,0.07609057426452637,0.1664627343416214,-0.041909947991371155,-0.13903552293777466,0.1664627343416214,-0.041909947991371155,-0.13903552293777466,-0.1460372656583786,0.2979554831981659,0.01944630593061447,0.1664627343416214,0.2979554831981659,0.01944630593061447,-0.1460372656583786,-0.06832358241081238,-0.08239128440618515,0.1664627343416214,-0.041909947991371155,-0.13903552293777466,0.1664627343416214,0.2715418338775635,0.07609057426452637,0.1664627343416214,0.2979554831981659,0.01944630593061447,0.1664627343416214,0.2715418338775635,0.07609057426452637,-0.1460372656583786,0.2979554831981659,0.01944630593061447,-0.1460372656583786,-0.06832358241081238,-0.08239128440618515,