{"schemaVersion":4,"source":{"uri":"models/items/string.gltf","sha256":"44156f5871f608fd4e12f6573cc40c388f9862fe3e80c3479978b371c7e5141d"},"animationNames":[],"boundingBox":{"min":{"x":-0.25,"y":0,"z":-0.625},"max":{"x":0.3125,"y":0.25,"z":0.25}},"nodeNames":["cube","cube",""],"trimesh":{"vertices":[0.21875,0.125,0.4375,0.21875,-0.125,0.4375,0.21875,0.125,-0.0625,0.21875,-0.125,-0.0625,-0.28125,0.125,-0.0625,-0.28125,-0.125,-0.0625,-0.28125,0.125,0.4375,-0.28125,-0.125,0.4375,-0.28125,0.125,-0.0625,-0.28125,0.125,0.4375,0.21875,0.125,-0.0625,0.21875,0.125,0.4375,-0.28125,-0.125,0.4375,-0.28125,-0.125,-0.0625,0.21875,-0.125,0.4375,0.21875,-0.125,-0.0625,-0.28125,0.125,0.4375,-0.28125,-0.125,0.4375,0.21875,0.125,0.4375,0.21875,-0.125,0.4375,0.21875,0.125,-0.0625,0.21875,-0.125,-0.0625,-0.28125,0.125,-0.0625,-0.28125,-0.125,-0.0625,0.28125,-0.1249374970793724,0,0.28125,-0.125,0,0.28125,-0.1249374970793724,-0.4375,0.28125,-0.125,-0.4375,-0.21875,-0.1249374970793724,-0.4375,-0.21875,-0.125,-0.4375,-0.21875,-0.1249374970793724,0,-0.21875,-0.125,0,-0.21875,-0.1249374970793724,-0.4375,-0.21875,-0.1249374970793724,0,0.28125,-0.1249374970793724,-0.4375,0.28125,-0.1249374970793724,0,-0.21875,-0.125,0,-0.21875,-0.125,-0.4375,0.28125,-0.125,0,0.28125,-0.125,-0.4375,-0.21875,-0.1249374970793724,0,-0.21875,-0.125,0,0.28125,-0.1249374970793724,0,0.28125,-0.125,0,0.28125,-0.1249374970793724,-0.4375,0.28125,-0.125,-0.4375,-0.21875,-0.1249374970793724,-0.4375,-0.21875,-0.125,-0.4375],"indices":[0,1,2,1,3,2,4,5,6,5,7,6,8,9,10,9,11,10,12,13,14,13,15,14,16,17,18,17,19,18,20,21,22,21,23,22,24,25,26,25,27,26,28,29,30,29,31,30,32,33,34,33,35,34,36,37,38,37,39,38,40,41,42,41,43,42,44,45,46,45,47,46]},"optimizedModelData":{"":{"meshCount":1},"-named-nodes":{"meshCount":2},"-no-animations":{"meshCount":1}}}