{"schemaVersion":4,"source":{"uri":"models/npcs/fish/catfish.gltf","sha256":"90be1c4a61deaefe4bf41cdcd799517cfc5159cfa9641b918f1e6a0f156246b4"},"animationNames":["idle","walk"],"boundingBox":{"min":{"x":-0.5,"y":-0.03125,"z":-0.625},"max":{"x":0.5,"y":0.5888615133481381,"z":0.8125}},"nodeNames":["cube","cube","cube","fin","cube","fin2","cube","wisker","cube","wisker2","cube","cube","tail","catfish",""],"trimesh":{"vertices":[0.25,0.1875,0.375,0.25,-0.0625,0.375,0.25,0.1875,-0.375,0.25,-0.0625,-0.375,-0.25,0.1875,-0.375,-0.25,-0.0625,-0.375,-0.25,0.1875,0.375,-0.25,-0.0625,0.375,-0.25,0.1875,-0.375,-0.25,0.1875,0.375,0.25,0.1875,-0.375,0.25,0.1875,0.375,-0.25,-0.0625,0.375,-0.25,-0.0625,-0.375,0.25,-0.0625,0.375,0.25,-0.0625,-0.375,-0.25,0.1875,0.375,-0.25,-0.0625,0.375,0.25,0.1875,0.375,0.25,-0.0625,0.375,0.25,0.1875,-0.375,0.25,-0.0625,-0.375,-0.25,0.1875,-0.375,-0.25,-0.0625,-0.375,0.0625,0.32960838079452515,0.16569913923740387,0.0625,0.09863848984241486,0.07002827525138855,0.0625,0.40136152505874634,-0.007528277114033699,0.0625,0.17039163410663605,-0.10319913178682327,-0.0625,0.40136152505874634,-0.007528277114033699,-0.0625,0.17039163410663605,-0.10319913178682327,-0.0625,0.32960838079452515,0.16569913923740387,-0.0625,0.09863848984241486,0.07002827525138855,-0.0625,0.40136152505874634,-0.007528277114033699,-0.0625,0.32960838079452515,0.16569913923740387,0.0625,0.40136152505874634,-0.007528277114033699,0.0625,0.32960838079452515,0.16569913923740387,-0.0625,0.09863848984241486,0.07002827525138855,-0.0625,0.17039163410663605,-0.10319913178682327,0.0625,0.09863848984241486,0.07002827525138855,0.0625,0.17039163410663605,-0.10319913178682327,-0.0625,0.32960838079452515,0.16569913923740387,-0.0625,0.09863848984241486,0.07002827525138855,0.0625,0.32960838079452515,0.16569913923740387,0.0625,0.09863848984241486,0.07002827525138855,0.0625,0.40136152505874634,-0.007528277114033699,0.0625,0.17039163410663605,-0.10319913178682327,-0.0625,0.40136152505874634,-0.007528277114033699,-0.0625,0.17039163410663605,-0.10319913178682327,0.25,0.09375,-0.0625,0.25,0.03125,-0.0625,0.25,0.09375,-0.25,0.25,0.03125,-0.25,0,0.09375,-0.25,0,0.03125,-0.25,0,0.09375,-0.0625,0,0.03125,-0.0625,0,0.09375,-0.25,0,0.09375,-0.0625,0.25,0.09375,-0.25,0.25,0.09375,-0.0625,0,0.03125,-0.0625,0,0.03125,-0.25,0.25,0.03125,-0.0625,0.25,0.03125,-0.25,0,0.09375,-0.0625,0,0.03125,-0.0625,0.25,0.09375,-0.0625,0.25,0.03125,-0.0625,0.25,0.09375,-0.25,0.25,0.03125,-0.25,0,0.09375,-0.25,0,0.03125,-0.25,0,0.09375,-0.0625,0,0.03125,-0.0625,0,0.09375,-0.25,0,0.03125,-0.25,-0.25,0.09375,-0.25,-0.25,0.03125,-0.25,-0.25,0.09375,-0.0625,-0.25,0.03125,-0.0625,-0.25,0.09375,-0.25,-0.25,0.09375,-0.0625,0,0.09375,-0.25,0,0.09375,-0.0625,-0.25,0.03125,-0.0625,-0.25,0.03125,-0.25,0,0.03125,-0.0625,0,0.03125,-0.25,-0.25,0.09375,-0.0625,-0.25,0.03125,-0.0625,0,0.09375,-0.0625,0,0.03125,-0.0625,0,0.09375,-0.25,0,0.03125,-0.25,-0.25,0.09375,-0.25,-0.25,0.03125,-0.25,0.03125,0,-0.25,0.03125,0,0.25,0.03125,0,-0.25,-0.15625,0,0.25,-0.15625,0,-0.25,-0.15625,0,0.25,0.03125,0,0.25,0.03125,0,-0.25,-0.15625,0,-0.25,-0.15625,0,0.25,0.03125,0,0.25,-0.15625,0,0.25,0.03125,0,0.25,-0.15625,0,-0.25,0.03125,0,-0.25,-0.15625,0,-0.25,-0.09375,0,0.25,-0.09375,0,-0.25,-0.09375,0,0.25,0.09375,0,-0.25,0.09375,0,0.25,0.09375,0,-0.25,0.09375,0,-0.25,-0.09375,0,-0.25,-0.09375,0,0.25,0.09375,0,0.25,0.09375,0,0.25,-0.09375,0,0.25,0.09375,0,0.25,-0.09375,0,-0.25,0.09375,0,-0.25,-0.09375,0,-0.25,0.125,0.15625,-0.125,0.125,-0.03125,-0.125,0.125,0.15625,-0.375,0.125,-0.03125,-0.375,-0.125,0.15625,-0.375,-0.125,-0.03125,-0.375,-0.125,0.15625,-0.125,-0.125,-0.03125,-0.125,-0.125,0.15625,-0.375,-0.125,0.15625,-0.125,0.125,0.15625,-0.375,0.125,0.15625,-0.125,-0.125,-0.03125,-0.125,-0.125,-0.03125,-0.375,0.125,-0.03125,-0.125,0.125,-0.03125,-0.375,-0.125,0.15625,-0.125,-0.125,-0.03125,-0.125,0.125,0.15625,-0.125,0.125,-0.03125,-0.125,0.125,0.15625,-0.375,0.125,-0.03125,-0.375,-0.125,0.15625,-0.375,-0.125,-0.03125,-0.375,0,-0.21875,0.125,0,0.34375,0.125,0,0.34375,-0.375,0,-0.21875,-0.375,0,0.34375,-0.375,0,0.34375,-0.375,0,0.34375,0.125,0,-0.21875,0.125,0,-0.21875,0.125,0,-0.21875,-0.375,0,0.34375,0.125,0,0.34375,0.125,0,-0.21875,0.125,0,0.34375,-0.375,0,0.34375,-0.375,0,-0.21875,-0.375],"indices":[0,1,2,1,3,2,4,5,6,5,7,6,8,9,10,9,11,10,12,13,14,13,15,14,16,17,18,17,19,18,20,21,22,21,23,22,24,25,26,25,27,26,28,29,30,29,31,30,32,33,34,33,35,34,36,37,38,37,39,38,40,41,42,41,43,42,44,45,46,45,47,46,48,49,50,49,51,50,52,53,54,53,55,54,56,57,58,57,59,58,60,61,62,61,63,62,64,65,66,65,67,66,68,69,70,69,71,70,72,73,74,73,75,74,76,77,78,77,79,78,80,81,82,81,83,82,84,85,86,85,87,86,88,89,90,89,91,90,92,93,94,93,95,94,96,97,98,96,98,97,99,100,101,99,101,100,102,103,104,102,104,105,106,107,108,106,108,107,109,110,111,109,111,110,112,113,113,112,113,114,115,116,116,115,116,117,118,119,120,118,120,121,122,123,123,122,123,124,125,126,126,125,126,127,128,129,130,129,131,130,132,133,134,133,135,134,136,137,138,137,139,138,140,141,142,141,143,142,144,145,146,145,147,146,148,149,150,149,151,150,152,153,154,152,154,155,156,157,158,156,158,158,159,160,161,159,161,161,162,163,164,162,164,164,165,166,167,165,167,167]},"optimizedModelData":{"":{"meshCount":6},"-named-nodes":{"meshCount":8},"-no-animations":{"meshCount":1}}}