{"schemaVersion":4,"source":{"uri":"models/environment/Gameplay/spinning-saw.gltf","sha256":"28bdd23bfa2ce7d03ed97d3352a315f390eea7b30502be1ff6fca0161767d989"},"animationNames":["idle"],"boundingBox":{"min":{"x":-0.10125000029802345,"y":-0.8100000023841858,"z":-1.5125000476837158},"max":{"x":0.10125000029802345,"y":0.8100000023841858,"z":0.5125000476837158}},"nodeNames":["cube","cube","bone","spinning_saw",""],"trimesh":{"vertices":[1.0125000476837158,0.10125000029802322,0.10125000029802322,1.0125000476837158,0,0.10125000029802322,1.0125000476837158,0.10125000029802322,-0.10125000029802322,1.0125000476837158,0,-0.10125000029802322,-1.0125000476837158,0.10125000029802322,-0.10125000029802322,-1.0125000476837158,0,-0.10125000029802322,-1.0125000476837158,0.10125000029802322,0.10125000029802322,-1.0125000476837158,0,0.10125000029802322,-1.0125000476837158,0.10125000029802322,-0.10125000029802322,-1.0125000476837158,0.10125000029802322,0.10125000029802322,1.0125000476837158,0.10125000029802322,-0.10125000029802322,1.0125000476837158,0.10125000029802322,0.10125000029802322,-1.0125000476837158,0,0.10125000029802322,-1.0125000476837158,0,-0.10125000029802322,1.0125000476837158,0,0.10125000029802322,1.0125000476837158,0,-0.10125000029802322,-1.0125000476837158,0.10125000029802322,0.10125000029802322,-1.0125000476837158,0,0.10125000029802322,1.0125000476837158,0.10125000029802322,0.10125000029802322,1.0125000476837158,0,0.10125000029802322,1.0125000476837158,0.10125000029802322,-0.10125000029802322,1.0125000476837158,0,-0.10125000029802322,-1.0125000476837158,0.10125000029802322,-0.10125000029802322,-1.0125000476837158,0,-0.10125000029802322,0.8100000023841858,0.8100000023841858,0,0.8100000023841858,0.8100000023841858,0,0.8100000023841858,-0.8100000023841858,0,-0.8100000023841858,0.8100000023841858,0,-0.8100000023841858,0.8100000023841858,0,-0.8100000023841858,-0.8100000023841858,0,0.8100000023841858,0.8100000023841858,0,0.8100000023841858,0.8100000023841858,0,0.8100000023841858,-0.8100000023841858,0,-0.8100000023841858,-0.8100000023841858,0,0.8100000023841858,-0.8100000023841858,0,-0.8100000023841858,-0.8100000023841858,0,-0.8100000023841858,0.8100000023841858,0,0.8100000023841858,0.8100000023841858,0,0.8100000023841858,-0.8100000023841858,0],"indices":[0,1,2,1,3,2,4,5,6,5,7,6,8,9,10,9,11,10,12,13,14,13,15,14,16,17,18,17,19,18,20,21,22,21,23,22,24,25,26,24,26,26,27,28,29,27,29,29,30,27,31,30,31,27,32,33,34,32,34,33,35,36,37,35,37,38]},"optimizedModelData":{"":{"meshCount":2},"-named-nodes":{"meshCount":2},"-no-animations":{"meshCount":1}}}