{"schemaVersion":4,"source":{"uri":"models/environment/Farm/wheat-stage1.gltf","sha256":"b7eb0e97fa1c4b3a9e8b115df88d36d761a940fe0d62447f31d8a8109fc7012c"},"animationNames":[],"boundingBox":{"min":{"x":-0.36048543456039805,"y":0,"z":-0.29798543456039805},"max":{"x":0.36048543456039805,"y":0.4375,"z":0.29798543456039805}},"nodeNames":["cube","cube","cube","cube","cube","cube","cube","cube","cube","cube","root",""],"trimesh":{"vertices":[0.11048543453216553,0.21875,0.11048543453216553,0.11048543453216553,0.21875,0.11048543453216553,0.11048543453216553,-0.21875,0.11048543453216553,-0.11048543453216553,0.21875,-0.11048543453216553,-0.11048543453216553,0.21875,-0.11048543453216553,-0.11048543453216553,-0.21875,-0.11048543453216553,0.11048543453216553,0.21875,0.11048543453216553,0.11048543453216553,0.21875,0.11048543453216553,0.11048543453216553,-0.21875,0.11048543453216553,-0.11048543453216553,-0.21875,-0.11048543453216553,0.11048543453216553,-0.21875,0.11048543453216553,-0.11048543453216553,-0.21875,-0.11048543453216553,-0.11048543453216553,0.21875,-0.11048543453216553,0.11048543453216553,0.21875,0.11048543453216553,0.11048543453216553,-0.21875,0.11048543453216553,0.11048543453216553,0.21875,-0.11048543453216553,0.11048543453216553,0.21875,-0.11048543453216553,0.11048543453216553,-0.21875,-0.11048543453216553,-0.11048543453216553,0.21875,0.11048543453216553,-0.11048543453216553,0.21875,0.11048543453216553,-0.11048543453216553,-0.21875,0.11048543453216553,0.11048543453216553,0.21875,-0.11048543453216553,-0.11048543453216553,0.21875,0.11048543453216553,-0.11048543453216553,-0.21875,0.11048543453216553,0.11048543453216553,-0.21875,-0.11048543453216553,0.11048543453216553,0.21875,-0.11048543453216553,-0.11048543453216553,0.21875,0.11048543453216553,-0.11048543453216553,-0.21875,0.11048543453216553,0.11048543453216553,-0.21875,-0.11048543453216553,-0.13951456546783447,0.21875,-0.2979854345321655,-0.13951456546783447,0.21875,-0.2979854345321655,-0.13951456546783447,-0.21875,-0.2979854345321655,-0.3604854345321655,0.21875,-0.07701456546783447,-0.3604854345321655,0.21875,-0.07701456546783447,-0.3604854345321655,-0.21875,-0.07701456546783447,-0.13951456546783447,0.21875,-0.2979854345321655,-0.3604854345321655,0.21875,-0.07701456546783447,-0.3604854345321655,-0.21875,-0.07701456546783447,-0.13951456546783447,-0.21875,-0.2979854345321655,-0.13951456546783447,0.21875,-0.2979854345321655,-0.3604854345321655,0.21875,-0.07701456546783447,-0.3604854345321655,-0.21875,-0.07701456546783447,-0.13951456546783447,-0.21875,-0.2979854345321655,-0.13951456546783447,0.21875,-0.07701457291841507,-0.13951456546783447,0.21875,-0.07701457291841507,-0.13951456546783447,-0.21875,-0.07701457291841507,-0.3604854345321655,0.21875,-0.2979854345321655,-0.3604854345321655,0.21875,-0.2979854345321655,-0.3604854345321655,-0.21875,-0.2979854345321655,-0.13951456546783447,0.21875,-0.07701457291841507,-0.13951456546783447,0.21875,-0.07701457291841507,-0.13951456546783447,-0.21875,-0.07701457291841507,-0.3604854345321655,-0.21875,-0.2979854345321655,-0.13951456546783447,-0.21875,-0.07701457291841507,-0.3604854345321655,-0.21875,-0.2979854345321655,-0.3604854345321655,0.21875,-0.2979854345321655,-0.13951456546783447,0.21875,-0.07701457291841507,-0.13951456546783447,-0.21875,-0.07701457291841507,0.13951456546783447,0.21875,-0.2979854345321655,0.13951456546783447,0.21875,-0.2979854345321655,0.13951456546783447,-0.21875,-0.2979854345321655,0.3604854345321655,0.21875,-0.07701456546783447,0.3604854345321655,0.21875,-0.07701456546783447,0.3604854345321655,-0.21875,-0.07701456546783447,0.13951456546783447,0.21875,-0.2979854345321655,0.13951456546783447,0.21875,-0.2979854345321655,0.13951456546783447,-0.21875,-0.2979854345321655,0.3604854345321655,-0.21875,-0.07701456546783447,0.13951456546783447,-0.21875,-0.2979854345321655,0.3604854345321655,-0.21875,-0.07701456546783447,0.3604854345321655,0.21875,-0.07701456546783447,0.13951456546783447,0.21875,-0.2979854345321655,0.13951456546783447,-0.21875,-0.2979854345321655,0.13951456546783447,0.21875,-0.07701457291841507,0.13951456546783447,0.21875,-0.07701457291841507,0.13951456546783447,-0.21875,-0.07701457291841507,0.3604854345321655,0.21875,-0.2979854345321655,0.3604854345321655,0.21875,-0.2979854345321655,0.3604854345321655,-0.21875,-0.2979854345321655,0.13951456546783447,0.21875,-0.07701457291841507,0.3604854345321655,0.21875,-0.2979854345321655,0.3604854345321655,-0.21875,-0.2979854345321655,0.13951456546783447,-0.21875,-0.07701457291841507,0.13951456546783447,0.21875,-0.07701457291841507,0.3604854345321655,0.21875,-0.2979854345321655,0.3604854345321655,-0.21875,-0.2979854345321655,0.13951456546783447,-0.21875,-0.07701457291841507,-0.13951456546783447,0.21875,0.07701457291841507,-0.13951456546783447,0.21875,0.07701457291841507,-0.13951456546783447,-0.21875,0.07701457291841507,-0.3604854345321655,0.21875,0.2979854345321655,-0.3604854345321655,0.21875,0.2979854345321655,-0.3604854345321655,-0.21875,0.2979854345321655,-0.13951456546783447,0.21875,0.07701457291841507,-0.3604854345321655,0.21875,0.2979854345321655,-0.3604854345321655,-0.21875,0.2979854345321655,-0.13951456546783447,-0.21875,0.07701457291841507,-0.13951456546783447,0.21875,0.07701457291841507,-0.3604854345321655,0.21875,0.2979854345321655,-0.3604854345321655,-0.21875,0.2979854345321655,-0.13951456546783447,-0.21875,0.07701457291841507,-0.13951456546783447,0.21875,0.2979854345321655,-0.13951456546783447,0.21875,0.2979854345321655,-0.13951456546783447,-0.21875,0.2979854345321655,-0.3604854345321655,0.21875,0.07701456546783447,-0.3604854345321655,0.21875,0.07701456546783447,-0.3604854345321655,-0.21875,0.07701456546783447,-0.13951456546783447,0.21875,0.2979854345321655,-0.13951456546783447,0.21875,0.2979854345321655,-0.13951456546783447,-0.21875,0.2979854345321655,-0.3604854345321655,-0.21875,0.07701456546783447,-0.13951456546783447,-0.21875,0.2979854345321655,-0.3604854345321655,-0.21875,0.07701456546783447,-0.3604854345321655,0.21875,0.07701456546783447,-0.13951456546783447,0.21875,0.2979854345321655,-0.13951456546783447,-0.21875,0.2979854345321655,0.13951456546783447,0.21875,0.07701457291841507,0.13951456546783447,0.21875,0.07701457291841507,0.13951456546783447,-0.21875,0.07701457291841507,0.3604854345321655,0.21875,0.2979854345321655,0.3604854345321655,0.21875,0.2979854345321655,0.3604854345321655,-0.21875,0.2979854345321655,0.13951456546783447,0.21875,0.07701457291841507,0.13951456546783447,0.21875,0.07701457291841507,0.13951456546783447,-0.21875,0.07701457291841507,0.3604854345321655,-0.21875,0.2979854345321655,0.13951456546783447,-0.21875,0.07701457291841507,0.3604854345321655,-0.21875,0.2979854345321655,0.3604854345321655,0.21875,0.2979854345321655,0.13951456546783447,0.21875,0.07701457291841507,0.13951456546783447,-0.21875,0.07701457291841507,0.13951456546783447,0.21875,0.2979854345321655,0.13951456546783447,0.21875,0.2979854345321655,0.13951456546783447,-0.21875,0.2979854345321655,0.3604854345321655,0.21875,0.07701456546783447,0.3604854345321655,0.21875,0.07701456546783447,0.3604854345321655,-0.21875,0.07701456546783447,0.13951456546783447,0.21875,0.2979854345321655,0.3604854345321655,0.21875,0.07701456546783447,0.3604854345321655,-0.21875,0.07701456546783447,0.13951456546783447,-0.21875,0.2979854345321655,0.13951456546783447,0.21875,0.2979854345321655,0.3604854345321655,0.21875,0.07701456546783447,0.3604854345321655,-0.21875,0.07701456546783447,0.13951456546783447,-0.21875,0.2979854345321655],