{"schemaVersion":4,"source":{"uri":"models/eggs/epic/scorpid-egg.gltf","sha256":"a95eabb995f4b85b6e5642cf7312523f8c4a2f92a8c7f16b65b6e0db1803da3c"},"animationNames":[],"boundingBox":{"min":{"x":-0.577990281697632,"y":-0.053894412576835915,"z":-0.4375},"max":{"x":0.577990281697632,"y":0.875,"z":0.4375}},"nodeNames":["cube","cube","cube","cube","cube","cube","cube","cube","cube","cube","group2","cube","cube","cube","group"],"trimesh":{"vertices":[0.09375,-0.18555279076099396,-0.296875,0.09375,-0.27930280566215515,-0.296875,0.09375,-0.18555279076099396,-0.421875,0.09375,-0.27930280566215515,-0.421875,-0.09375,-0.18555279076099396,-0.421875,-0.09375,-0.27930280566215515,-0.421875,-0.09375,-0.18555279076099396,-0.296875,-0.09375,-0.27930280566215515,-0.296875,-0.09375,-0.18555279076099396,-0.421875,-0.09375,-0.18555279076099396,-0.296875,0.09375,-0.18555279076099396,-0.421875,0.09375,-0.18555279076099396,-0.296875,-0.09375,-0.27930280566215515,-0.296875,-0.09375,-0.27930280566215515,-0.421875,0.09375,-0.27930280566215515,-0.296875,0.09375,-0.27930280566215515,-0.421875,-0.09375,-0.18555279076099396,-0.296875,-0.09375,-0.27930280566215515,-0.296875,0.09375,-0.18555279076099396,-0.296875,0.09375,-0.27930280566215515,-0.296875,0.09375,-0.18555279076099396,-0.421875,0.09375,-0.27930280566215515,-0.421875,-0.09375,-0.18555279076099396,-0.421875,-0.09375,-0.27930280566215515,-0.421875,-0.09185437113046646,-0.13299089670181274,-0.3125,-0.025563109666109085,-0.19928215444087982,-0.3125,-0.09185437113046646,-0.13299089670181274,-0.4375,-0.025563109666109085,-0.19928215444087982,-0.4375,-0.2244368940591812,-0.2655734121799469,-0.4375,-0.15814563632011414,-0.33186468482017517,-0.4375,-0.2244368940591812,-0.2655734121799469,-0.3125,-0.15814563632011414,-0.33186468482017517,-0.3125,-0.2244368940591812,-0.2655734121799469,-0.4375,-0.2244368940591812,-0.2655734121799469,-0.3125,-0.09185437113046646,-0.13299089670181274,-0.4375,-0.09185437113046646,-0.13299089670181274,-0.3125,-0.15814563632011414,-0.33186468482017517,-0.3125,-0.15814563632011414,-0.33186468482017517,-0.4375,-0.025563109666109085,-0.19928215444087982,-0.3125,-0.025563109666109085,-0.19928215444087982,-0.4375,-0.2244368940591812,-0.2655734121799469,-0.3125,-0.15814563632011414,-0.33186468482017517,-0.3125,-0.09185437113046646,-0.13299089670181274,-0.3125,-0.025563109666109085,-0.19928215444087982,-0.3125,-0.09185437113046646,-0.13299089670181274,-0.4375,-0.025563109666109085,-0.19928215444087982,-0.4375,-0.2244368940591812,-0.2655734121799469,-0.4375,-0.15814563632011414,-0.33186468482017517,-0.4375,0.2244368940591812,-0.2655734121799469,-0.3125,0.15814563632011414,-0.33186468482017517,-0.3125,0.2244368940591812,-0.2655734121799469,-0.4375,0.15814563632011414,-0.33186468482017517,-0.4375,0.09185437113046646,-0.13299089670181274,-0.4375,0.025563109666109085,-0.19928215444087982,-0.4375,0.09185437113046646,-0.13299089670181274,-0.3125,0.025563109666109085,-0.19928215444087982,-0.3125,0.09185437113046646,-0.13299089670181274,-0.4375,0.09185437113046646,-0.13299089670181274,-0.3125,0.2244368940591812,-0.2655734121799469,-0.4375,0.2244368940591812,-0.2655734121799469,-0.3125,0.025563109666109085,-0.19928215444087982,-0.3125,0.025563109666109085,-0.19928215444087982,-0.4375,0.15814563632011414,-0.33186468482017517,-0.3125,0.15814563632011414,-0.33186468482017517,-0.4375,0.09185437113046646,-0.13299089670181274,-0.3125,0.025563109666109085,-0.19928215444087982,-0.3125,0.2244368940591812,-0.2655734121799469,-0.3125,0.15814563632011414,-0.33186468482017517,-0.3125,0.2244368940591812,-0.2655734121799469,-0.4375,0.15814563632011414,-0.33186468482017517,-0.4375,0.09185437113046646,-0.13299089670181274,-0.4375,0.025563109666109085,-0.19928215444087982,-0.4375,-0.3128252327442169,0.08797995746135712,-0.375,-0.3128252327442169,0.08797995746135712,-0.375,-0.025563109666109085,-0.19928215444087982,-0.375,-0.5779902935028076,-0.1771850734949112,-0.375,-0.5779902935028076,-0.1771850734949112,-0.375,-0.2907281517982483,-0.4644472002983093,-0.375,-0.3128252327442169,0.08797995746135712,-0.375,-0.5779902935028076,-0.1771850734949112,-0.375,-0.3128252327442169,0.08797995746135712,-0.375,-0.025563109666109085,-0.19928215444087982,-0.375,-0.2907281517982483,-0.4644472002983093,-0.375,-0.025563109666109085,-0.19928215444087982,-0.375,-0.2907281517982483,-0.4644472002983093,-0.375,-0.5779902935028076,-0.1771850734949112,-0.375,-0.3128252327442169,0.08797995746135712,-0.375,-0.025563109666109085,-0.19928215444087982,-0.375,0.5779902935028076,-0.1771850734949112,-0.375,0.5779902935028076,-0.1771850734949112,-0.375,0.2907281517982483,-0.4644472002983093,-0.375,0.3128252327442169,0.08797995746135712,-0.375,0.3128252327442169,0.08797995746135712,-0.375,0.025563109666109085,-0.19928215444087982,-0.375,0.5779902935028076,-0.1771850734949112,-0.375,0.3128252327442169,0.08797995746135712,-0.375,0.5779902935028076,-0.1771850734949112,-0.375,0.2907281517982483,-0.4644472002983093,-0.375,0.025563109666109085,-0.19928215444087982,-0.375,0.2907281517982483,-0.4644472002983093,-0.375,0.025563109666109085,-0.19928215444087982,-0.375,0.3128252327442169,0.08797995746135712,-0.375,0.5779902935028076,-0.1771850734949112,-0.375,0.2907281517982483,-0.4644472002983093,-0.375,0.5779902935028076,-0.1771850734949112,0.375,0.5779902935028076,-0.1771850734949112,0.375,0.2907281517982483,-0.4644472002983093,0.375,0.3128252327442169,0.08797995746135712,0.375,0.3128252327442169,0.08797995746135712,0.375,0.025563109666109085,-0.19928215444087982,0.375,0.3128252327442169,0.08797995746135712,0.375,0.5779902935028076,-0.1771850734949112,0.375,0.3128252327442169,0.08797995746135712,0.375,0.025563109666109085,-0.19928215444087982,0.375,0.2907281517982483,-0.4644472002983093,0.375,0.025563109666109085,-0.19928215444087982,0.375,0.5779902935028076,-0.1771850734949112,0.375,0.3128252327442169,0.08797995746135712,0.375,0.025563109666109085,-0.19928215444087982,0.375,0.2907281517982483,-0.4644472002983093,0.375,0.2244368940591812,-0.2655734121799469,0.4375,0.15814563632011414,-0.33186468482017517,0.4375,0.2244368940591812,-0.2655734121799469,0.3125,0.15814563632011414,-0.33186468482017517,0.3125,0.09185437113046646,-0.13299089670181274,0.3125,0.025563109666109085,-0.19928215444087982,0.3125,0.09185437113046646,-0.13299089670181274,0.4375,0.025563109666109085,-0.19928215444087982,0.4375,0.09185437113046646,-0.13299089670181274,0.3125,0.09185437113046646,-0.13299089670181274,0.4375,0.2244368940591812,-0.2655734121799469,0.3125,0.2244368940591812,-0.2655734121799469,0.4375,0.025563109666109085,-0.19928215444087982,0.4375,0.025563109666109085,-0.19928215444087982,0.3125,0.15814563632011414,-0.33186468482017517,0.4375,0.15814563632011414,-0.33186468482017517,0.3125,0.09185437113046646,-0.13299089670181274,0.4375,0.025563109666109085,-0.19928215444087982,0.4375,0.2244368940591812,-0.2655734121799469,0.4375,0.15814563632011414,-0.33186468482017517,0.4375,0.2244368940591812,-0.2655734121799469,0.3125,0.15814563632011414,-0.33186468482017517,0.3125,0.09185437113046646,-0.13299089670181274,0.3125,0.025563109666109085,-0.19928215444087982,0.3125,0.09375,-0.18555279076099396,0.421875,0.09375,-0.27930280566215515,0.421875,0.09375,-0.18555279076099396,0.296875,0.09375,-0.27930280566215515,0.296875,-0.09375,-0.18555279076099396,0.296875,-0.09375,-0.27930280566215515,0.296875,-0.09375,-0.18555279076099396,0.421875,-0.09375,-0.27930280566215515,0.421875,-0.09375,-0.18555279076099396,0.296875,-0.09375,-0.18555279076099396,0.421875,0.09375,-0.18555279076099396,0.296875,0.09375,-0.18555279076099396,0.421875,-0.09375,-0.27930280566215515,0.421875,-0.09375,-0.27930280566215515,0.296875,0.09375,-0.27930280566215515,0.421875,0.09375,-0.27930280566215515,0.296875,-0.09375,-0.18555279076099396,0.421875,-0.09375,-0.27930280566215515,0.421875,0.09375,-0.18555279076099396,0.421875,0.09375,-0.27930280566215515,0.421875,0.09375,-0.18555279076099396,0.296875,0.09375,-0.27930280566215515,0.296875,