{"schemaVersion":4,"source":{"uri":"models/eggs/rare/zombie-egg.gltf","sha256":"f31cc25764ff2aec6f47683b6507d4d24cbac9891a0a4ef8bb590c3981e1a565"},"animationNames":[],"boundingBox":{"min":{"x":-0.6875,"y":0,"z":-0.40625},"max":{"x":0.6875,"y":0.8765625059604645,"z":0.375}},"nodeNames":["cube","cube","group2","cube","cube","cube","cube","cube","group"],"trimesh":{"vertices":[0.6875,0.0738777220249176,0.13715897500514984,0.6875,0.0738777220249176,0.13715897500514984,0.6875,-0.16919022798538208,-0.10590897500514984,-0.6875,0.0738777220249176,0.13715897500514984,-0.6875,0.0738777220249176,0.13715897500514984,-0.6875,-0.16919022798538208,-0.10590897500514984,0.6875,0.0738777220249176,0.13715897500514984,-0.6875,0.0738777220249176,0.13715897500514984,0.6875,0.0738777220249176,0.13715897500514984,0.6875,-0.16919022798538208,-0.10590897500514984,-0.6875,-0.16919022798538208,-0.10590897500514984,0.6875,-0.16919022798538208,-0.10590897500514984,-0.6875,-0.16919022798538208,-0.10590897500514984,-0.6875,0.0738777220249176,0.13715897500514984,0.6875,0.0738777220249176,0.13715897500514984,0.6875,-0.16919022798538208,-0.10590897500514984,0.6875,0.0738777220249176,-0.10590897500514984,0.6875,0.0738777220249176,-0.10590897500514984,0.6875,-0.16919022798538208,0.13715897500514984,-0.6875,0.0738777220249176,-0.10590897500514984,-0.6875,0.0738777220249176,-0.10590897500514984,-0.6875,-0.16919022798538208,0.13715897500514984,0.6875,0.0738777220249176,-0.10590897500514984,-0.6875,0.0738777220249176,-0.10590897500514984,0.6875,0.0738777220249176,-0.10590897500514984,0.6875,-0.16919022798538208,0.13715897500514984,-0.6875,-0.16919022798538208,0.13715897500514984,0.6875,-0.16919022798538208,0.13715897500514984,-0.6875,-0.16919022798538208,0.13715897500514984,-0.6875,0.0738777220249176,-0.10590897500514984,0.6875,0.0738777220249176,-0.10590897500514984,0.6875,-0.16919022798538208,0.13715897500514984,-0.31718751788139343,0.20234374701976776,-0.2906250059604645,-0.31718751788139343,0.20234374701976776,0.02187499962747097,-0.31718751788139343,0.43828123807907104,0.02187499962747097,-0.2864062488079071,0.43828123807907104,-0.2593750059604645,-0.2864062488079071,0.43828123807907104,-0.2593750059604645,-0.31718751788139343,0.43828123807907104,0.02187499962747097,-0.00937500037252903,0.43828123807907104,0.02187499962747097,-0.00937500037252903,0.43828123807907104,-0.2906250059604645,-0.2864062488079071,0.43828123807907104,0.3031249940395355,-0.31718751788139343,0.43828123807907104,0.02187499962747097,-0.31718751788139343,0.20234374701976776,0.02187499962747097,-0.31718751788139343,0.20234374701976776,0.3343749940395355,-0.00937500037252903,0.43828123807907104,0.3343749940395355,-0.2864062488079071,0.43828123807907104,0.3031249940395355,0.359375,-0.31328123807907104,-0.34375,0.375,-0.06328125298023224,-0.359375,0.375,-0.06328125298023224,0.390625,0.359375,-0.31328123807907104,0.375,-0.359375,-0.31328123807907104,0.375,-0.375,-0.06328125298023224,0.390625,-0.375,-0.06328125298023224,-0.359375,-0.359375,-0.31328123807907104,-0.34375,0.34375,0.18671874701976776,0.359375,0.34375,0.18671874701976776,-0.328125,-0.34375,0.18671874701976776,-0.328125,-0.34375,0.18671874701976776,0.359375,0.359375,-0.31328123807907104,-0.34375,0.359375,-0.31328123807907104,0.375,-0.359375,-0.31328123807907104,0.375,-0.359375,-0.31328123807907104,-0.34375,0.359375,-0.31328123807907104,0.375,0.375,-0.06328125298023224,0.390625,-0.375,-0.06328125298023224,0.390625,-0.359375,-0.31328123807907104,0.375,-0.359375,-0.31328123807907104,-0.34375,-0.375,-0.06328125298023224,-0.359375,0.375,-0.06328125298023224,-0.359375,0.359375,-0.31328123807907104,-0.34375,-0.34375,0.18671874701976776,-0.328125,-0.375,-0.06328125298023224,-0.359375,-0.375,-0.06328125298023224,0.390625,-0.34375,0.18671874701976776,0.359375,-0.34375,0.18671874701976776,0.359375,-0.375,-0.06328125298023224,0.390625,0.375,-0.06328125298023224,0.390625,0.34375,0.18671874701976776,0.359375,0.34375,0.18671874701976776,0.359375,0.375,-0.06328125298023224,0.390625,0.375,-0.06328125298023224,-0.359375,0.34375,0.18671874701976776,-0.328125,0.34375,0.18671874701976776,-0.328125,0.375,-0.06328125298023224,-0.359375,-0.375,-0.06328125298023224,-0.359375,-0.34375,0.18671874701976776,-0.328125,0.3125,-0.43828123807907104,-0.296875,0.34375,-0.31328123807907104,-0.328125,0.34375,-0.31328123807907104,0.359375,0.3125,-0.43828123807907104,0.328125,-0.3125,-0.43828123807907104,0.328125,-0.34375,-0.31328123807907104,0.359375,-0.34375,-0.31328123807907104,-0.328125,-0.3125,-0.43828123807907104,-0.296875,0.34375,-0.31328123807907104,0.359375,0.34375,-0.31328123807907104,-0.328125,-0.34375,-0.31328123807907104,-0.328125,-0.34375,-0.31328123807907104,0.359375,0.3125,-0.43828123807907104,-0.296875,0.3125,-0.43828123807907104,0.328125,-0.3125,-0.43828123807907104,0.328125,-0.3125,-0.43828123807907104,-0.296875,0.3125,-0.43828123807907104,0.328125,0.34375,-0.31328123807907104,0.359375,-0.34375,-0.31328123807907104,0.359375,-0.3125,-0.43828123807907104,0.328125,-0.3125,-0.43828123807907104,-0.296875,-0.34375,-0.31328123807907104,-0.328125,0.34375,-0.31328123807907104,-0.328125,0.3125,-0.43828123807907104,-0.296875,0.28125,0.43671876192092896,-0.265625,0.3125,0.43671876192092896,0.015625,0.3125,0.18671874701976776,0.015625,0.3125,0.18671874701976776,-0.296875,-0.3125,0.18671874701976776,-0.296875,-0.3125,0.18671874701976776,0.015625,-0.3125,0.43671876192092896,0.015625,-0.28125,0.43671876192092896,-0.265625,-0.28125,0.43671876192092896,-0.265625,-0.3125,0.43671876192092896,0.015625,-9.313225884932663e-11,0.43671876192092896,0.015625,-9.313225884932663e-11,0.43671876192092896,-0.296875,-9.313225884932663e-11,0.18671874701976776,-0.296875,-9.313225884932663e-11,0.18671874701976776,0.015625,-0.3125,0.18671874701976776,0.015625,-0.3125,0.18671874701976776,-0.296875,-0.3125,0.18671874701976776,0.328125,-9.313225884932663e-11,0.18671874701976776,0.328125,-9.313225884932663e-11,0.43671876192092896,0.328125,-0.28125,0.43671876192092896,0.296875,-0.28125,0.43671876192092896,-0.265625,-9.313225884932663e-11,0.43671876192092896,-0.296875,-9.313225884932663e-11,0.18671874701976776,-0.296875,-0.3125,0.18671874701976776,-0.296875,0.3125,0.43671876192092896,0.015625,0.28125,0.43671876192092896,-0.265625,0.28125,0.43671876192092896,0.296875,-9.313225884932663e-11,0.43671876192092896,0.328125,-9.313225884932663e-11,0.18671874701976776,0.328125,0.3125,0.18671874701976776,0.328125,0.3125,0.18671874701976776,-0.296875,0.3125,0.18671874701976776,0.015625,0.3125,0.18671874701976776,-0.296875,-9.313225884932663e-11,0.18671874701976776,-0.296875,-9.313225884932663e-11,0.43671876192092896,-0.296875,0.28125,0.43671876192092896,-0.265625,-0.28125,0.43671876192092896,0.296875,-0.3125,0.43671876192092896,0.015625,-0.3125,0.18671874701976776,0.015625,-0.3125,0.18671874701976776,0.328125,-0.3125,0.18671874701976776,0.328125,-9.313225884932663e-11,0.18671874701976776,0.328125,0.3125,0.18671874701976776,0.328125,0.3125,0.18671874701976776,0.328125,0.3125,0.18671874701976776,0.015625,0.3125,0.43671876192092896,0.015625,0.28125,0.43671876192092896,0.296875,0.28125,0.43671876192092896,0.296875,-9.313225884932663e-11,0.43671876192092896,0.328125,-0.28125,0.43671876192092896,0.296875,0.125,-0.03203125298023224,-0.328125,0.125,-0.21953125298023224,-0.328125,0.125,-0.03203125298023224,-0.390625,0.125,-0.21953125298023224,-0.390625,-0.125,-0.03203125298023224,-0.390625,-0.125,-0.21953125298023224,-0.390625,-0.125,-0.03203125298023224,-0.328125,-0.125,-0.21953125298023224,-0.328125,-0.125,-0.03203125298023224,-0.390625,-0.125,-0.03203125298023224,-0.328125,0.125,-0.03203125298023224,-0.390625,0.125,-0.03203125298023224,-0.328125,-0.125,-0.21953125298023224,-0.328125,-0.125,-0.21953125298023224,-0.390625,0.125,-0.21953125298023224,-0.328125,0.125,-0.21953125298023224,-0.390625,-0.125,-0.03203125298023224,-0.328125,-0.125,-0.21953125298023224,-0.328125,0.125,-0.03203125298023224,-0.328125,0.125,-0.21953125298023224,