{"schemaVersion":2,"source":{"uri":"models/environment/Plains/grass-tall.gltf","sha256":"b1df9ca41251a2c0a735f322c45d59823d512f331deaca900175cbef7ba3f8ca"},"animationNames":["idle"],"boundingBox":{"min":{"x":-0.3535533905932738,"y":0,"z":-0.3535533905932739},"max":{"x":0.3535533905932738,"y":2,"z":0.3535533905932739}},"nodeNames":["plane","plane","bone","plane","plane","bone2","upper","lower","TallGrass",""],"trimesh":{"vertices":[0.5,0,0.5,0.5,0,-0.5,-0.5,0,-0.5,-0.5,0,0.5,0.5,2.3551385815447318e-16,-0.5,0.5,2.3551385815447318e-16,-1.5,-0.5,2.3551385815447318e-16,-1.5,-0.5,2.3551385815447318e-16,-0.5,0.5,0,0.5,0.5,0,-0.5,-0.5,0,-0.5,-0.5,0,0.5,0.5,-1.5700924318127872e-16,-0.5,0.5,-1.5700924318127872e-16,-1.5,-0.5,-1.5700924318127872e-16,-1.5,-0.5,-1.5700924318127872e-16,-0.5],"indices":[0,1,2,0,2,3,4,5,6,4,6,7,8,9,10,8,10,11,12,13,14,12,14,15]}}