{"schemaVersion":1,"source":{"uri":"models/environment/Farm/farming-hoe.gltf","sha256":"d10a1a40577490d808ae573f1424a344dbe240ff5569ba401f74e1e9da761fca"},"animationNames":[],"boundingBox":{"min":{"x":-0.1875,"y":0.125,"z":-0.3109643456636283},"max":{"x":0.1875,"y":1.125,"z":0.4049095869120797}},"nodeNames":["cube","cube","cube","cube","root",""],"trimesh":{"vertices":[0.046875,0.5,0.2954369783401489,0.046875,-0.5,0.2954369783401489,0.046875,0.5,0.20168696343898773,0.046875,-0.5,0.20168696343898773,-0.046875,0.5,0.20168696343898773,-0.046875,-0.5,0.20168696343898773,-0.046875,0.5,0.2954369783401489,-0.046875,-0.5,0.2954369783401489,-0.046875,0.5,0.20168696343898773,-0.046875,0.5,0.2954369783401489,0.046875,0.5,0.20168696343898773,0.046875,0.5,0.2954369783401489,-0.046875,-0.5,0.2954369783401489,-0.046875,-0.5,0.20168696343898773,0.046875,-0.5,0.2954369783401489,0.046875,-0.5,0.20168696343898773,-0.046875,0.5,0.2954369783401489,-0.046875,-0.5,0.2954369783401489,0.046875,0.5,0.2954369783401489,0.046875,-0.5,0.2954369783401489,0.046875,0.5,0.20168696343898773,0.046875,-0.5,0.20168696343898773,-0.046875,0.5,0.20168696343898773,-0.046875,-0.5,0.20168696343898773,0.109375,0.4375,0.3579369783401489,0.109375,0.3125,0.3579369783401489,0.109375,0.4375,0.13918696343898773,0.109375,0.3125,0.13918696343898773,-0.109375,0.4375,0.13918696343898773,-0.109375,0.3125,0.13918696343898773,-0.109375,0.4375,0.3579369783401489,-0.109375,0.3125,0.3579369783401489,-0.109375,0.4375,0.13918696343898773,-0.109375,0.4375,0.3579369783401489,0.109375,0.4375,0.13918696343898773,0.109375,0.4375,0.3579369783401489,-0.109375,0.3125,0.3579369783401489,-0.109375,0.3125,0.13918696343898773,0.109375,0.3125,0.3579369783401489,0.109375,0.3125,0.13918696343898773,-0.109375,0.4375,0.3579369783401489,-0.109375,0.3125,0.3579369783401489,0.109375,0.4375,0.3579369783401489,0.109375,0.3125,0.3579369783401489,0.109375,0.4375,0.13918696343898773,0.109375,0.3125,0.13918696343898773,-0.109375,0.4375,0.13918696343898773,-0.109375,0.3125,0.13918696343898773,0.1875,0.4375,0.13918696343898773,0.1875,0.375949501991272,0.15003998577594757,0.1875,0.3615289330482483,-0.2916664183139801,0.1875,0.29997843503952026,-0.28081339597702026,-0.1875,0.3615289330482483,-0.2916664183139801,-0.1875,0.29997843503952026,-0.28081339597702026,-0.1875,0.4375,0.13918696343898773,-0.1875,0.375949501991272,0.15003998577594757,-0.1875,0.3615289330482483,-0.2916664183139801,-0.1875,0.4375,0.13918696343898773,0.1875,0.3615289330482483,-0.2916664183139801,0.1875,0.4375,0.13918696343898773,-0.1875,0.375949501991272,0.15003998577594757,-0.1875,0.29997843503952026,-0.28081339597702026,0.1875,0.375949501991272,0.15003998577594757,0.1875,0.29997843503952026,-0.28081339597702026,-0.1875,0.4375,0.13918696343898773,-0.1875,0.375949501991272,0.15003998577594757,0.1875,0.4375,0.13918696343898773,0.1875,0.375949501991272,0.15003998577594757,0.1875,0.3615289330482483,-0.2916664183139801,0.1875,0.29997843503952026,-0.28081339597702026,-0.1875,0.3615289330482483,-0.2916664183139801,-0.1875,0.29997843503952026,-0.28081339597702026,0.15625,0.3307536840438843,-0.2862399220466614,0.15625,0.3307536840438843,-0.2862399220466614,0.15625,0.22835968434810638,-0.3579369783401489,-0.15625,0.3307536840438843,-0.2862399220466614,-0.15625,0.22835968434810638,-0.3579369783401489,0.15625,0.3307536840438843,-0.2862399220466614,-0.15625,0.3307536840438843,-0.2862399220466614,0.15625,0.3307536840438843,-0.2862399220466614,0.15625,0.22835968434810638,-0.3579369783401489,-0.15625,0.22835968434810638,-0.3579369783401489,0.15625,0.22835968434810638,-0.3579369783401489,-0.15625,0.22835968434810638,-0.3579369783401489,-0.15625,0.3307536840438843,-0.2862399220466614,0.15625,0.3307536840438843,-0.2862399220466614,0.15625,0.22835968434810638,-0.3579369783401489],"indices":[0,1,2,1,3,2,4,5,6,5,7,6,8,9,10,9,11,10,12,13,14,13,15,14,16,17,18,17,19,18,20,21,22,21,23,22,24,25,26,25,27,26,28,29,30,29,31,30,32,33,34,33,35,34,36,37,38,37,39,38,40,41,42,41,43,42,44,45,46,45,47,46,48,49,50,49,51,50,52,53,54,53,55,54,56,57,58,57,59,58,60,61,62,61,63,62,64,65,66,65,67,66,68,69,70,69,71,70,72,73,74,72,74,74,75,75,76,75,76,76,77,78,79,77,79,78,80,81,82,80,82,81,83,84,85,83,85,86]}}