{"schemaVersion":4,"source":{"uri":"models/eggs/epic/golden-egg.gltf","sha256":"ff6694a1cb81f0537782cc3569551167d7139bf10930d478eaf0af3ee27ef75f"},"animationNames":[],"boundingBox":{"min":{"x":-0.453125,"y":0,"z":-0.4822385902673417},"max":{"x":0.453125,"y":1.0108101264462364,"z":0.4822385902673417}},"nodeNames":["cube","cube","cube","cube","cube","cube","cube","cube","cube","cube","cube","cube","cube","cube","group2","cube","cube","cube","group"],"trimesh":{"vertices":[-0.109375,0.40030983090400696,-0.3002437353134155,-0.109375,0.40030983090400696,-0.3002437353134155,-0.109375,0.12013005465269089,-0.3247562646865845,-0.390625,0.40030983090400696,-0.3002437353134155,-0.390625,0.40030983090400696,-0.3002437353134155,-0.390625,0.12013005465269089,-0.3247562646865845,-0.109375,0.40030983090400696,-0.3002437353134155,-0.390625,0.40030983090400696,-0.3002437353134155,-0.109375,0.40030983090400696,-0.3002437353134155,-0.109375,0.12013005465269089,-0.3247562646865845,-0.390625,0.12013005465269089,-0.3247562646865845,-0.109375,0.12013005465269089,-0.3247562646865845,-0.390625,0.12013005465269089,-0.3247562646865845,-0.390625,0.40030983090400696,-0.3002437353134155,-0.109375,0.40030983090400696,-0.3002437353134155,-0.109375,0.12013005465269089,-0.3247562646865845,0.328125,0.505405068397522,-0.2810356914997101,0.328125,0.505405068397522,-0.2810356914997101,0.328125,0.10878480970859528,-0.368964284658432,-0.078125,0.505405068397522,-0.2810356914997101,-0.078125,0.505405068397522,-0.2810356914997101,-0.078125,0.10878480970859528,-0.368964284658432,0.328125,0.505405068397522,-0.2810356914997101,-0.078125,0.505405068397522,-0.2810356914997101,0.328125,0.505405068397522,-0.2810356914997101,0.328125,0.10878480970859528,-0.368964284658432,-0.078125,0.10878480970859528,-0.368964284658432,0.328125,0.10878480970859528,-0.368964284658432,-0.078125,0.10878480970859528,-0.368964284658432,-0.078125,0.505405068397522,-0.2810356914997101,0.328125,0.505405068397522,-0.2810356914997101,0.328125,0.10878480970859528,-0.368964284658432,-0.046875,0.010219926945865154,-0.375,-0.046875,0.010219926945865154,-0.375,-0.046875,-0.396030068397522,-0.375,-0.453125,0.010219926945865154,-0.375,-0.453125,0.010219926945865154,-0.375,-0.453125,-0.396030068397522,-0.375,-0.046875,0.010219926945865154,-0.375,-0.453125,0.010219926945865154,-0.375,-0.046875,0.010219926945865154,-0.375,-0.046875,-0.396030068397522,-0.375,-0.453125,-0.396030068397522,-0.375,-0.046875,-0.396030068397522,-0.375,-0.453125,-0.396030068397522,-0.375,-0.453125,0.010219926945865154,-0.375,-0.046875,0.010219926945865154,-0.375,-0.046875,-0.396030068397522,-0.375,0.390625,-0.11478006094694138,-0.375,0.390625,-0.11478006094694138,-0.375,0.390625,-0.396030068397522,-0.375,0.109375,-0.11478006094694138,-0.375,0.109375,-0.11478006094694138,-0.375,0.109375,-0.396030068397522,-0.375,0.390625,-0.11478006094694138,-0.375,0.109375,-0.11478006094694138,-0.375,0.390625,-0.11478006094694138,-0.375,0.390625,-0.396030068397522,-0.375,0.109375,-0.396030068397522,-0.375,0.390625,-0.396030068397522,-0.375,0.109375,-0.396030068397522,-0.375,0.109375,-0.11478006094694138,-0.375,0.390625,-0.11478006094694138,-0.375,0.390625,-0.396030068397522,-0.375,0.4119192957878113,-0.08353005349636078,-0.20526140928268433,0.4119192957878113,0.19771993160247803,-0.20526140928268433,0.3630807399749756,0.19771993160247803,-0.4822385907173157,0.3630807399749756,-0.08353005349636078,-0.4822385907173157,0.3630807399749756,0.19771993160247803,-0.4822385907173157,0.3630807399749756,0.19771993160247803,-0.4822385907173157,0.4119192957878113,0.19771993160247803,-0.20526140928268433,0.4119192957878113,-0.08353005349636078,-0.20526140928268433,0.4119192957878113,-0.08353005349636078,-0.20526140928268433,0.3630807399749756,-0.08353005349636078,-0.4822385907173157,0.4119192957878113,0.19771993160247803,-0.20526140928268433,0.4119192957878113,0.19771993160247803,-0.20526140928268433,0.4119192957878113,-0.08353005349636078,-0.20526140928268433,0.3630807399749756,0.19771993160247803,-0.4822385907173157,0.3630807399749756,0.19771993160247803,-0.4822385907173157,0.3630807399749756,-0.08353005349636078,-0.4822385907173157,0.4025726318359375,0.048391249030828476,0.2031250149011612,0.29742735624313354,0.4407986104488373,0.203125,0.29742735624313354,0.4407986104488373,-0.203125,0.4025726318359375,0.048391249030828476,-0.203125,0.29742735624313354,0.4407986104488373,-0.203125,0.29742735624313354,0.4407986104488373,-0.203125,0.29742735624313354,0.4407986104488373,0.203125,0.4025726318359375,0.048391249030828476,0.2031250149011612,0.4025726318359375,0.048391249030828476,0.2031250149011612,0.4025726318359375,0.048391249030828476,-0.203125,0.29742735624313354,0.4407986104488373,0.203125,0.29742735624313354,0.4407986104488373,0.203125,0.4025726318359375,0.048391249030828476,0.2031250149011612,0.29742735624313354,0.4407986104488373,-0.203125,0.29742735624313354,0.4407986104488373,-0.203125,0.4025726318359375,0.048391249030828476,-0.203125,0.375,-0.3960300385951996,0.265625,0.375,-0.11478006839752197,0.2656250298023224,0.375,-0.11478007584810257,-0.01562498975545168,0.375,-0.396030068397522,-0.015625013038516045,0.375,-0.11478007584810257,-0.01562498975545168,0.375,-0.11478007584810257,-0.01562498975545168,0.375,-0.11478006839752197,0.2656250298023224,0.375,-0.3960300385951996,0.265625,0.375,-0.3960300385951996,0.265625,0.375,-0.396030068397522,-0.015625013038516045,0.375,-0.11478006839752197,0.2656250298023224,0.375,-0.11478006839752197,0.2656250298023224,0.375,-0.3960300385951996,0.265625,0.375,-0.11478007584810257,-0.01562498975545168,0.375,-0.11478007584810257,-0.01562498975545168,0.375,-0.396030068397522,-0.015625013038516045,0.453125,0.010219939053058624,0.375,0.453125,0.010219939053058624,0.375,0.453125,-0.396030068397522,0.3749999701976776,0.046875,0.010219939053058624,0.375,0.046875,0.010219939053058624,0.375,0.046875,-0.396030068397522,0.3749999701976776,0.453125,0.010219939053058624,0.375,0.046875,0.010219939053058624,0.375,0.453125,0.010219939053058624,0.375,0.453125,-0.396030068397522,0.3749999701976776,0.046875,-0.396030068397522,0.3749999701976776,0.453125,-0.396030068397522,0.3749999701976776,0.046875,-0.396030068397522,0.3749999701976776,0.046875,0.010219939053058624,0.375,0.453125,0.010219939053058624,0.375,0.453125,-0.396030068397522,0.3749999701976776,0.390625,0.40030983090400696,0.30024370551109314,0.390625,0.40030983090400696,0.30024370551109314,0.390625,0.12013006210327148,0.3247562646865845,0.109375,0.40030983090400696,0.30024370551109314,0.109375,0.40030983090400696,0.30024370551109314,0.109375,0.12013006210327148,0.3247562646865845,0.390625,0.40030983090400696,0.30024370551109314,0.109375,0.40030983090400696,0.30024370551109314,0.390625,0.40030983090400696,0.30024370551109314,0.390625,0.12013006210327148,0.3247562646865845,0.109375,0.12013006210327148,0.3247562646865845,0.390625,0.12013006210327148,0.3247562646865845,0.109375,0.12013006210327148,0.3247562646865845,0.109375,0.40030983090400696,0.30024370551109314,0.390625,0.40030983090400696,0.30024370551109314,0.390625,0.12013006210327148,0.3247562646865845,0.078125,0.505405068397522,0.28103572130203247,0.078125,0.505405068397522,0.28103572130203247,0.078125,0.10878480970859528,0.3689642548561096,-0.328125,0.505405068397522,0.28103572130203247,-0.328125,0.505405068397522,0.28103572130203247,-0.328125,0.10878480970859528,0.3689642548561096,0.078125,0.505405068397522,0.28103572130203247,-0.328125,0.505405068397522,0.28103572130203247,0.078125,0.505405068397522,0.28103572130203247,0.078125,0.10878480970859528,0.3689642548561096,-0.328125,0.10878480970859528,0.3689642548561096,0.078125,0.10878480970859528,0.3689642548561096,-0.328125,0.10878480970859528,0.3689642548561096,-0.328125,0.505405068397522,0.28103572130203247,0.078125,0.505405068397522,0.28103572130203247,0.078125,0.10878480970859528,0.3689642548561096,-0.109375,-0.11478006094694138,0.375,-0.109375,-0.11478006094694138,0.375,-0.109375,-0.396030068397522,