{"schemaVersion":4,"source":{"uri":"models/environment/Farm/eggplant-stage3.gltf","sha256":"5e1d545ae098cb60648c7547d273b123ee9a5dabdc9d079ee2a818628e6426d5"},"animationNames":[],"boundingBox":{"min":{"x":-0.6364616490936641,"y":0,"z":-0.6795141308327176},"max":{"x":0.5282043417186146,"y":1.125,"z":0.6295141254647483}},"nodeNames":["cube","cube","cube","cube","cube","bone","cube","cube","cube","bone2","cube","cube","bone3","cube","cube","bone4","root",""],"trimesh":{"vertices":[0.08537865430116653,0.4375,0.05625000223517418,0.08537865430116653,-0.5625,0.05625000223517418,0.08537865430116653,0.4375,-0.006249997299164534,0.08537865430116653,-0.5625,-0.006249997299164534,0.022878654301166534,0.4375,-0.006249997299164534,0.022878654301166534,-0.5625,-0.006249997299164534,0.022878654301166534,0.4375,0.05625000223517418,0.022878654301166534,-0.5625,0.05625000223517418,0.022878654301166534,0.4375,-0.006249997299164534,0.022878654301166534,0.4375,0.05625000223517418,0.08537865430116653,0.4375,-0.006249997299164534,0.08537865430116653,0.4375,0.05625000223517418,0.022878654301166534,-0.5625,0.05625000223517418,0.022878654301166534,-0.5625,-0.006249997299164534,0.08537865430116653,-0.5625,0.05625000223517418,0.08537865430116653,-0.5625,-0.006249997299164534,0.022878654301166534,0.4375,0.05625000223517418,0.022878654301166534,-0.5625,0.05625000223517418,0.08537865430116653,0.4375,0.05625000223517418,0.08537865430116653,-0.5625,0.05625000223517418,0.08537865430116653,0.4375,-0.006249997299164534,0.08537865430116653,-0.5625,-0.006249997299164534,0.022878654301166534,0.4375,-0.006249997299164534,0.022878654301166534,-0.5625,-0.006249997299164534,0.27287864685058594,0.5625,-0.015624996274709702,0.27287864685058594,0.5625,-0.015624996274709702,0.27287864685058594,0.3125,-0.015624996274709702,0.022878654301166534,0.5625,-0.015624996274709702,0.022878654301166534,0.5625,-0.015624996274709702,0.022878654301166534,0.3125,-0.015624996274709702,0.27287864685058594,0.5625,-0.015624996274709702,0.27287864685058594,0.5625,-0.015624996274709702,0.27287864685058594,0.3125,-0.015624996274709702,0.022878654301166534,0.3125,-0.015624996274709702,0.27287864685058594,0.3125,-0.015624996274709702,0.022878654301166534,0.3125,-0.015624996274709702,0.022878654301166534,0.5625,-0.015624996274709702,0.27287864685058594,0.5625,-0.015624996274709702,0.27287864685058594,0.3125,-0.015624996274709702,-0.18582335114479065,-0.07389485836029053,-0.13124999403953552,-0.15940970182418823,-0.01725059747695923,-0.13124999403953552,-0.18582335114479065,-0.07389485836029053,0.18125000596046448,-0.15940970182418823,-0.01725059747695923,0.18125000596046448,-0.5823330283164978,0.11100059747695923,0.18125000596046448,-0.555919349193573,0.16764485836029053,0.18125000596046448,-0.5823330283164978,0.11100059747695923,-0.13124999403953552,-0.555919349193573,0.16764485836029053,-0.13124999403953552,-0.5823330283164978,0.11100059747695923,0.18125000596046448,-0.5823330283164978,0.11100059747695923,-0.13124999403953552,-0.18582335114479065,-0.07389485836029053,0.18125000596046448,-0.18582335114479065,-0.07389485836029053,-0.13124999403953552,-0.555919349193573,0.16764485836029053,-0.13124999403953552,-0.555919349193573,0.16764485836029053,0.18125000596046448,-0.15940970182418823,-0.01725059747695923,-0.13124999403953552,-0.15940970182418823,-0.01725059747695923,0.18125000596046448,-0.5823330283164978,0.11100059747695923,-0.13124999403953552,-0.555919349193573,0.16764485836029053,-0.13124999403953552,-0.18582335114479065,-0.07389485836029053,-0.13124999403953552,-0.15940970182418823,-0.01725059747695923,-0.13124999403953552,-0.18582335114479065,-0.07389485836029053,0.18125000596046448,-0.15940970182418823,-0.01725059747695923,0.18125000596046448,-0.5823330283164978,0.11100059747695923,0.18125000596046448,-0.555919349193573,0.16764485836029053,0.18125000596046448,-0.12070117145776749,-0.2457800805568695,0.08750000596046448,-0.1848299503326416,-0.42197245359420776,0.08750000596046448,-0.12070117145776749,-0.2457800805568695,-0.03749999776482582,-0.1848299503326416,-0.42197245359420776,-0.03749999776482582,-0.23816275596618652,-0.20302754640579224,-0.03749999776482582,-0.30229154229164124,-0.3792199194431305,-0.03749999776482582,-0.23816275596618652,-0.20302754640579224,0.08750000596046448,-0.30229154229164124,-0.3792199194431305,0.08750000596046448,-0.23816275596618652,-0.20302754640579224,-0.03749999776482582,-0.23816275596618652,-0.20302754640579224,0.08750000596046448,-0.12070117145776749,-0.2457800805568695,-0.03749999776482582,-0.12070117145776749,-0.2457800805568695,0.08750000596046448,-0.30229154229164124,-0.3792199194431305,0.08750000596046448,-0.30229154229164124,-0.3792199194431305,-0.03749999776482582,-0.1848299503326416,-0.42197245359420776,0.08750000596046448,-0.1848299503326416,-0.42197245359420776,-0.03749999776482582,-0.23816275596618652,-0.20302754640579224,0.08750000596046448,-0.30229154229164124,-0.3792199194431305,0.08750000596046448,-0.12070117145776749,-0.2457800805568695,0.08750000596046448,-0.1848299503326416,-0.42197245359420776,0.08750000596046448,-0.12070117145776749,-0.2457800805568695,-0.03749999776482582,-0.1848299503326416,-0.42197245359420776,-0.03749999776482582,-0.23816275596618652,-0.20302754640579224,-0.03749999776482582,-0.30229154229164124,-0.3792199194431305,-0.03749999776482582,0.022878654301166534,0.125,0.02500000223517418,0.022878654301166534,0.125,0.02500000223517418,0.022878654301166534,-0.3125,0.02500000223517418,-0.35212135314941406,0.125,0.02500000223517418,-0.35212135314941406,0.125,0.02500000223517418,-0.35212135314941406,-0.3125,0.02500000223517418,0.022878654301166534,0.125,0.02500000223517418,0.022878654301166534,-0.3125,0.02500000223517418,-0.35212135314941406,-0.3125,0.02500000223517418,0.022878654301166534,-0.3125,0.02500000223517418,-0.35212135314941406,-0.3125,0.02500000223517418,-0.35212135314941406,0.125,0.02500000223517418,0.022878654301166534,0.125,0.02500000223517418,0.022878654301166534,-0.3125,0.02500000223517418,0.36136212944984436,0.23713898658752441,-0.471954345703125,0.3344584107398987,0.2867235541343689,-0.4450506269931793,0.582332968711853,0.23713898658752441,-0.25098347663879395,0.5554292798042297,0.2867235541343689,-0.22407975792884827,0.33690181374549866,-0.029194116592407227,-0.005552302580326796,0.30999812483787537,0.020390450954437256,0.02135140635073185,0.1159309595823288,-0.029194116592407227,-0.22652316093444824,0.08902724832296371,0.020390450954437256,-0.19961945712566376,0.33690181374549866,-0.029194116592407227,-0.005552302580326796,0.1159309595823288,-0.029194116592407227,-0.22652316093444824,0.582332968711853,0.23713898658752441,-0.25098347663879395,0.36136212944984436,0.23713898658752441,-0.471954345703125,0.08902724832296371,0.020390450954437256,-0.19961945712566376,0.30999812483787537,0.020390450954437256,0.02135140635073185,0.3344584107398987,0.2867235541343689,-0.4450506269931793,0.5554292798042297,0.2867235541343689,-0.22407975792884827,0.1159309595823288,-0.029194116592407227,-0.22652316093444824,0.08902724832296371,0.020390450954437256,-0.19961945712566376,0.36136212944984436,0.23713898658752441,-0.471954345703125,0.3344584107398987,0.2867235541343689,-0.4450506269931793,0.582332968711853,0.23713898658752441,-0.25098347663879395,0.5554292798042297,0.2867235541343689,-0.22407975792884827,0.33690181374549866,-0.029194116592407227,-0.005552302580326796,0.30999812483787537,0.020390450954437256,0.02135140635073185,0.3265060782432556,-0.14393755793571472,-0.1277390718460083,0.3977425992488861,-0.3020734488964081,-0.1989756077528,0.23811772465705872,-0.14393755793571472,-0.216127410531044,0.3093542456626892,-0.3020734488964081,-0.2873639464378357,0.16357174515724182,-0.21109998226165771,-0.1415814459323883,0.2348082810640335,-0.3692358732223511,-0.21281798183918,0.2519600987434387,-0.21109998226165771,-0.053193096071481705,0.3231966197490692,-0.3692358732223511,-0.1244296282529831,0.16357174515724182,-0.21109998226165771,