{"schemaVersion":4,"source":{"uri":"models/environment/Plains/flower-tuft.gltf","sha256":"ee538746283d771dd620c25856f4165c963f7d4a7c77bc825e2bc0e119fbc2a7"},"animationNames":["idle"],"boundingBox":{"min":{"x":-0.5746236671206694,"y":-0.000013125000000002718,"z":-0.5036315543174744},"max":{"x":0.5095342099666595,"y":0.49493521451950073,"z":0.5024628043174744}},"nodeNames":["flower-tuft","bone6","flower-tuft","bone7","flower-tuft","bone5","flower-tuft","bone4","flower-tuft","bone3","flower-tuft","bone2","flower-tuft","bone","root"],"trimesh":{"vertices":[0.09375,-0.21875,0,0.09375,0.21875,0,-0.09375,0.21875,0,-0.09375,-0.21875,0,-0.09375,-0.21875,0,-0.09375,0.21875,0,0.09375,0.21875,0,0.09375,-0.21875,0,0.03295552358031273,0.1244000568985939,0.043373607099056244,-0.11219099909067154,-0.06475856900215149,-0.03180284425616264,-0.15795552730560303,-0.1244000568985939,0.20662640035152435,-0.012808999978005886,0.06475856900215149,0.28180283308029175,-0.11219099909067154,-0.06475856900215149,-0.03180284425616264,0.03295552358031273,0.1244000568985939,0.043373607099056244,-0.012808999978005886,0.06475856900215149,0.28180283308029175,-0.15795552730560303,-0.1244000568985939,0.20662640035152435,0.11049466580152512,0.24324607849121094,-0.16419684886932373,-0.18996280431747437,0.17663626372814178,-0.10993178933858871,-0.13698403537273407,0.1883813738822937,0.19782063364982605,0.16347342729568481,0.25499117374420166,0.14355558156967163,-0.18996280431747437,0.17663626372814178,-0.10993178933858871,0.11049466580152512,0.24324607849121094,-0.16419684886932373,0.16347342729568481,0.25499117374420166,0.14355558156967163,-0.13698403537273407,0.1883813738822937,0.19782063364982605,5.551115123125783e-17,-0.21875,-0.0625,5.551115123125783e-17,0.21875,-0.0625,0,0.21875,0.125,0,-0.21875,0.125,0,-0.21875,0.125,0,0.21875,0.125,5.551115123125783e-17,0.21875,-0.0625,5.551115123125783e-17,-0.21875,-0.0625,0.125,0,0.1875,0.125,0.4375,0.1875,-0.0625,0.4375,0.1875,-0.0625,0,0.1875,-0.0625,0,0.1875,-0.0625,0.4375,0.1875,0.125,0.4375,0.1875,0.125,0,0.1875,0.28180283308029175,0.2835085690021515,0.11219099909067154,0.20662640035152435,0.0943499431014061,-0.03295552358031273,-0.03180284425616264,0.1539914309978485,0.012808999978005886,0.043373607099056244,0.3431500494480133,0.15795552730560303,0.20662640035152435,0.0943499431014061,-0.03295552358031273,0.28180283308029175,0.2835085690021515,0.11219099909067154,0.043373607099056244,0.3431500494480133,0.15795552730560303,-0.03180284425616264,0.1539914309978485,0.012808999978005886,0.0625,0,0.09375,0.0625,0.4375,0.09375,0.0625,0.4375,0.28125,0.0625,0,0.28125,0.0625,0,0.28125,0.0625,0.4375,0.28125,0.0625,0.4375,0.09375,0.0625,0,0.09375,0.07147052139043808,0.3204672932624817,0.4518478214740753,0.32203420996665955,0.22730068862438202,0.2900019884109497,0.15583907067775726,0.23956599831581116,0.025644302368164062,-0.0947246253490448,0.332732617855072,0.18749012053012848,0.32203420996665955,0.22730068862438202,0.2900019884109497,0.07147052139043808,0.3204672932624817,0.4518478214740753,-0.0947246253490448,0.332732617855072,0.18749012053012848,0.15583907067775726,0.23956599831581116,0.025644302368164062,0.14355558156967163,0.4862411916255951,0.2884734272956848,0.19782063364982605,0.41963136196136475,-0.011984041891992092,-0.10993178933858871,0.407886266708374,-0.06496279686689377,-0.16419684886932373,0.474496066570282,0.23549465835094452,0.19782063364982605,0.41963136196136475,-0.011984041891992092,0.14355558156967163,0.4862411916255951,0.2884734272956848,-0.16419684886932373,0.474496066570282,0.23549465835094452,-0.10993178933858871,0.407886266708374,-0.06496279686689377,0.15552687644958496,0.1131025031208992,0.12785999476909637,0.15552687644958496,0.1131025031208992,-0.18464000523090363,-0.15697312355041504,0.1131025031208992,-0.18464000523090363,-0.15697312355041504,0.1131025031208992,0.12785999476909637,0.15552687644958496,0.1131025031208992,-0.18464000523090363,0.15552687644958496,0.1131025031208992,0.12785999476909637,-0.15697312355041504,0.1131025031208992,0.12785999476909637,-0.15697312355041504,0.1131025031208992,-0.18464000523090363,-0.18168087303638458,-0.048344120383262634,0.007837599143385887,0.056748367846012115,0.011297382414340973,0.05360211059451103,0.1319248229265213,-0.17786116898059845,-0.09154451638460159,-0.1065044105052948,-0.23750266432762146,-0.1373090296983719,0.056748367846012115,0.011297382414340973,0.05360211059451103,-0.18168087303638458,-0.048344120383262634,0.007837599143385887,-0.1065044105052948,-0.23750266432762146,-0.1373090296983719,0.1319248229265213,-0.17786116898059845,-0.09154451638460159,0.15552687644958496,-0.3243975043296814,0.06536000221967697,0.15552687644958496,0.1131025031208992,0.06536000221967697,-0.03197312355041504,0.1131025031208992,0.06536000221967697,-0.03197312355041504,-0.3243975043296814,0.06536000221967697,-0.03197312355041504,-0.3243975043296814,0.06536000221967697,-0.03197312355041504,0.1131025031208992,0.06536000221967697,0.15552687644958496,0.1131025031208992,0.06536000221967697,0.15552687644958496,-0.3243975043296814,0.06536000221967697,0.03052687458693981,-0.3243975043296814,0.15911062061786652,0.03052687458693981,0.1131025031208992,0.15911062061786652,0.03052687458693981,0.1131025031208992,-0.028389375656843185,0.03052687458693981,-0.3243975043296814,-0.028389375656843185,0.03052687458693981,-0.3243975043296814,-0.028389375656843185,0.03052687458693981,0.1131025031208992,-0.028389375656843185,0.03052687458693981,0.1131025031208992,0.15911062061786652,0.03052687458693981,-0.3243975043296814,0.15911062061786652,0.234375,0,0.15625,0.234375,0,-0.15625,-0.078125,0,-0.15625,-0.078125,0,0.15625,0.234375,0,-0.15625,0.234375,0,0.15625,-0.078125,0,0.15625,-0.078125,0,-0.15625,0.15332086384296417,-0.25250571966171265,0.14649581909179688,0.0475701279938221,-0.09924635291099548,-0.020322490483522415,-0.17723669111728668,-0.14756883680820465,0.0777939110994339,-0.0714859589934349,-0.3008281886577606,0.24461223185062408,0.0475701279938221,-0.09924635291099548,-0.020322490483522415,0.15332086384296417,-0.25250571966171265,0.14649581909179688,-0.0714859589934349,-0.3008281886577606,0.24461223185062408,-0.17723669111728668,-0.14756883680820465,0.0777939110994339,0.1703193634748459,-0.42712950706481934,0.06612121313810349,0.15387621521949768,0,-0.02713252790272236,-0.030775241553783417,0,0.005426505580544472,-0.014332091435790062,-0.42712950706481934,0.09868025034666061,-0.014332091435790062,-0.42712950706481934,0.09868025034666061,-0.030775241553783417,0,0.005426505580544472,0.15387621521949768,0,-0.02713252790272236,0.1703193634748459,-0.42712950706481934,0.06612121313810349,0.09287524968385696,-0.44742071628570557,-0.013163013383746147,0.07643210142850876,-0.02029121294617653,-0.10641675442457199,0.10821935534477234,0.02029121294617653,0.07385772466659546,0.12466250360012054,-0.4068382978439331,0.16711145639419556,0.12466250360012054,-0.4068382978439331,0.16711145639419556,0.10821935534477234,0.02029121294617653,0.07385772466659546,0.07643210142850876,-0.02029121294617653,-0.10641675442457199,0.09287524968385696,-0.44742071628570557,-0.013163013383746147,-0.0625,0.4375,0.5625,-0.0625,0.4375,0.25,-0.375,0.4375,0.25,-0.375,0.4375,0.5625,-0.0625,0.4375,0.25,-0.0625,0.4375,0.5625,-0.375,0.4375,0.5625,-0.375,0.4375,0.25,-0.0625,0,0.3125,-0.0625,0.4375,0.3125,-0.25,0.4375,0.3125,-0.25,0,0.3125,-0.25,0,0.3125,-0.25,0.4375,0.3125,-0.0625,0.4375,0.3125,-0.0625,0,0.3125,-0.1875,0,0.21875,-0.1875,0.4375,0.21875,-0.1875,0.4375,0.40625,-0.1875,0,0.40625,-0.1875,0,0.40625,-0.1875,0.4375,0.40625,-0.1875,0.4375,0.21875,-0.1875,0,0.21875,-0.1981772631406784,0.3356948792934418,0.3477650284767151,-0.4366064965724945,0.27605339884757996,0.3935295641422272,-0.3614300489425659,0.08689475059509277,0.5386760830879211,-0.12300080806016922,0.14653624594211578,0.49291157722473145,-0.4366064965724945,0.27605339884757996,0.3935295641422272,-0.1981772631406784,0.3356948792934418,0.3477650284767151,-0.12300080806016922,