{"schemaVersion":4,"source":{"uri":"models/environment/Tropical/flower-1.gltf","sha256":"1d0f38717d020ca2ab0e3e942cfbcfc7ec4fdbd156949718daac4b9a5b6e5472"},"animationNames":[],"boundingBox":{"min":{"x":-0.5076835911825448,"y":0,"z":-0.5076835911825448},"max":{"x":0.5076835911825448,"y":1.625,"z":0.5076835911825448}},"nodeNames":["cube","cube","cube","cube","cube","cube","cube","cube","flower_1",""],"trimesh":{"vertices":[0.25,-0.4375,0.25,0.25,-0.8125,0.25,0.25,-0.4375,-0.25,0.25,-0.8125,-0.25,-0.25,-0.4375,-0.25,-0.25,-0.8125,-0.25,-0.25,-0.4375,0.25,-0.25,-0.8125,0.25,-0.25,-0.4375,-0.25,-0.25,-0.4375,0.25,0.25,-0.4375,-0.25,0.25,-0.4375,0.25,-0.25,-0.8125,0.25,-0.25,-0.8125,-0.25,0.25,-0.8125,0.25,0.25,-0.8125,-0.25,-0.25,-0.4375,0.25,-0.25,-0.8125,0.25,0.25,-0.4375,0.25,0.25,-0.8125,0.25,0.25,-0.4375,-0.25,0.25,-0.8125,-0.25,-0.25,-0.4375,-0.25,-0.25,-0.8125,-0.25,0.28125,-0.3125,0.28125,0.28125,-0.4375,0.28125,0.28125,-0.3125,-0.28125,0.28125,-0.4375,-0.28125,-0.28125,-0.3125,-0.28125,-0.28125,-0.4375,-0.28125,-0.28125,-0.3125,0.28125,-0.28125,-0.4375,0.28125,-0.28125,-0.3125,-0.28125,-0.28125,-0.3125,0.28125,0.28125,-0.3125,-0.28125,0.28125,-0.3125,0.28125,-0.28125,-0.4375,0.28125,-0.28125,-0.4375,-0.28125,0.28125,-0.4375,0.28125,0.28125,-0.4375,-0.28125,-0.28125,-0.3125,0.28125,-0.28125,-0.4375,0.28125,0.28125,-0.3125,0.28125,0.28125,-0.4375,0.28125,0.28125,-0.3125,-0.28125,0.28125,-0.4375,-0.28125,-0.28125,-0.3125,-0.28125,-0.28125,-0.4375,-0.28125,0.125,-0.1875,0.125,0.125,-0.3125,0.125,0.125,-0.1875,-0.125,0.125,-0.3125,-0.125,-0.125,-0.1875,-0.125,-0.125,-0.3125,-0.125,-0.125,-0.1875,0.125,-0.125,-0.3125,0.125,-0.125,-0.1875,-0.125,-0.125,-0.1875,0.125,0.125,-0.1875,-0.125,0.125,-0.1875,0.125,-0.125,-0.3125,0.125,-0.125,-0.3125,-0.125,0.125,-0.3125,0.125,0.125,-0.3125,-0.125,-0.125,-0.1875,0.125,-0.125,-0.3125,0.125,0.125,-0.1875,0.125,0.125,-0.3125,0.125,0.125,-0.1875,-0.125,0.125,-0.3125,-0.125,-0.125,-0.1875,-0.125,-0.125,-0.3125,-0.125,0.21875,0.8125,0,0.21875,0.8125,0,0.21875,-0.1875,0,-0.21875,0.8125,0,-0.21875,0.8125,0,-0.21875,-0.1875,0,0.21875,0.8125,0,-0.21875,0.8125,0,0.21875,0.8125,0,0.21875,-0.1875,0,-0.21875,-0.1875,0,0.21875,-0.1875,0,-0.21875,-0.1875,0,-0.21875,0.8125,0,0.21875,0.8125,0,0.21875,-0.1875,0,0.21875,0.7363797426223755,-0.5076835751533508,0.21875,0.7363797426223755,-0.5076835751533508,0.21875,-0.1874997615814209,-0.12500016391277313,-0.21875,0.7363797426223755,-0.5076835751533508,-0.21875,0.7363797426223755,-0.5076835751533508,-0.21875,-0.1874997615814209,-0.12500016391277313,0.21875,0.7363797426223755,-0.5076835751533508,-0.21875,0.7363797426223755,-0.5076835751533508,0.21875,0.7363797426223755,-0.5076835751533508,0.21875,-0.1874997615814209,-0.12500016391277313,-0.21875,-0.1874997615814209,-0.12500016391277313,0.21875,-0.1874997615814209,-0.12500016391277313,-0.21875,-0.1874997615814209,-0.12500016391277313,-0.21875,0.7363797426223755,-0.5076835751533508,0.21875,0.7363797426223755,-0.5076835751533508,0.21875,-0.1874997615814209,-0.12500016391277313,0.21875,0.7363797426223755,0.5076835751533508,0.21875,0.7363797426223755,0.5076835751533508,0.21875,-0.1874997615814209,0.12500016391277313,-0.21875,0.7363797426223755,0.5076835751533508,-0.21875,0.7363797426223755,0.5076835751533508,-0.21875,-0.1874997615814209,0.12500016391277313,-0.21875,0.7363797426223755,0.5076835751533508,0.21875,0.7363797426223755,0.5076835751533508,-0.21875,0.7363797426223755,0.5076835751533508,-0.21875,-0.1874997615814209,0.12500016391277313,0.21875,-0.1874997615814209,0.12500016391277313,-0.21875,-0.1874997615814209,0.12500016391277313,0.21875,0.7363797426223755,0.5076835751533508,-0.21875,0.7363797426223755,0.5076835751533508,-0.21875,-0.1874997615814209,0.12500016391277313,0.21875,-0.1874997615814209,0.12500016391277313,0.5076835751533508,0.7363797426223755,0.21875,0.5076835751533508,0.7363797426223755,0.21875,0.12500016391277313,-0.1874997615814209,0.21875,0.5076835751533508,0.7363797426223755,-0.21875,0.5076835751533508,0.7363797426223755,-0.21875,0.12500016391277313,-0.1874997615814209,-0.21875,0.5076835751533508,0.7363797426223755,0.21875,0.5076835751533508,0.7363797426223755,-0.21875,0.5076835751533508,0.7363797426223755,0.21875,0.12500016391277313,-0.1874997615814209,0.21875,0.12500016391277313,-0.1874997615814209,-0.21875,0.12500016391277313,-0.1874997615814209,0.21875,0.12500016391277313,-0.1874997615814209,-0.21875,0.5076835751533508,0.7363797426223755,-0.21875,0.5076835751533508,0.7363797426223755,0.21875,0.12500016391277313,-0.1874997615814209,0.21875,-0.5076835751533508,0.7363797426223755,0.21875,-0.5076835751533508,0.7363797426223755,0.21875,-0.12500016391277313,-0.1874997615814209,0.21875,-0.5076835751533508,0.7363797426223755,-0.21875,-0.5076835751533508,0.7363797426223755,-0.21875,-0.12500016391277313,-0.1874997615814209,-0.21875,-0.5076835751533508,0.7363797426223755,-0.21875,-0.5076835751533508,0.7363797426223755,0.21875,-0.5076835751533508,0.7363797426223755,-0.21875,-0.12500016391277313,-0.1874997615814209,-0.21875,-0.12500016391277313,-0.1874997615814209,0.21875,-0.12500016391277313,-0.1874997615814209,-0.21875,-0.5076835751533508,0.7363797426223755,0.21875,-0.5076835751533508,0.7363797426223755,-0.21875,-0.12500016391277313,-0.1874997615814209,-0.21875,-0.12500016391277313,-0.1874997615814209,0.21875],"indices":[0,1,2,1,3,2,4,5,6,5,7,6,8,9,10,9,11,10,12,13,14,13,15,14,16,17,18,17,19,18,20,21,22,21,23,22,24,25,26,25,27,26,28,29,30,29,31,30,32,33,34,33,35,34,36,37,38,37,39,38,40,41,42,41,43,42,44,45,46,45,47,46,48,49,50,49,51,50,52,53,54,53,55,54,56,57,58,57,59,58,60,61,62,61,63,62,64,65,66,65,67,66,68,69,70,69,71,70,72,73,74,72,74,74,75,76,77,75,77,77,78,79,80,78,80,79,81,82,83,81,83,82,84,85,86,84,86,87,88,89,90,88,90,90,91,92,93,91,93,93,94,95,96,94,96,95,97,98,99,97,99,98,100,101,102,100,102,103,104,105,106,104,106,106,107,108,109,107,109,109,110,111,111,110,111,112,113,114,114,113,114,115,116,117,118,116,118,119,120,121,122,120,122,122,123,124,125,123,125,125,126,127,128,126,128,127,129,130,131,129,131,130,132,133,134,132,134,135,136,137,138,136,138,138,139,140,141,139,141,141,142,143,143,142,143,144,145,146,146,145,146,147,148,149,150,148,150,151]},"optimizedModelData":{"":{"meshCount":1},"-named-nodes":{"meshCount":8},"-no-animations":{"meshCount":1}}}