{"schemaVersion":4,"source":{"uri":"models/items/iron-nugget.gltf","sha256":"340d87707db9266807d3f6a1205b75360da5e17e7bd9279043e21d401fc99dd8"},"animationNames":[],"boundingBox":{"min":{"x":-0.1875,"y":0,"z":-0.25},"max":{"x":0.3125,"y":0.3125,"z":0.25}},"nodeNames":["cube","cube",""],"trimesh":{"vertices":[0.25,0.15625,0.25,0.25,-0.15625,0.25,0.25,0.15625,-0.125,0.25,-0.15625,-0.125,-0.125,0.15625,-0.125,-0.125,-0.15625,-0.125,-0.125,0.15625,0.25,-0.125,-0.15625,0.25,-0.125,0.15625,-0.125,-0.125,0.15625,0.25,0.25,0.15625,-0.125,0.25,0.15625,0.25,-0.125,-0.15625,0.25,-0.125,-0.15625,-0.125,0.25,-0.15625,0.25,0.25,-0.15625,-0.125,-0.125,0.15625,0.25,-0.125,-0.15625,0.25,0.25,0.15625,0.25,0.25,-0.15625,0.25,0.25,0.15625,-0.125,0.25,-0.15625,-0.125,-0.125,0.15625,-0.125,-0.125,-0.15625,-0.125,0,0.03749999403953552,0,0,-0.15000000596046448,0,0,0.03749999403953552,-0.25,0,-0.15000000596046448,-0.25,-0.25,0.03749999403953552,-0.25,-0.25,-0.15000000596046448,-0.25,-0.25,0.03749999403953552,0,-0.25,-0.15000000596046448,0,-0.25,0.03749999403953552,-0.25,-0.25,0.03749999403953552,0,0,0.03749999403953552,-0.25,0,0.03749999403953552,0,-0.25,-0.15000000596046448,0,-0.25,-0.15000000596046448,-0.25,0,-0.15000000596046448,0,0,-0.15000000596046448,-0.25,-0.25,0.03749999403953552,0,-0.25,-0.15000000596046448,0,0,0.03749999403953552,0,0,-0.15000000596046448,0,0,0.03749999403953552,-0.25,0,-0.15000000596046448,-0.25,-0.25,0.03749999403953552,-0.25,-0.25,-0.15000000596046448,-0.25],"indices":[0,1,2,1,3,2,4,5,6,5,7,6,8,9,10,9,11,10,12,13,14,13,15,14,16,17,18,17,19,18,20,21,22,21,23,22,24,25,26,25,27,26,28,29,30,29,31,30,32,33,34,33,35,34,36,37,38,37,39,38,40,41,42,41,43,42,44,45,46,45,47,46]},"optimizedModelData":{"":{"meshCount":1},"-named-nodes":{"meshCount":2},"-no-animations":{"meshCount":1}}}