{"schemaVersion":4,"source":{"uri":"models/environment/Portal/ruin-portal.gltf","sha256":"86799ef9661d29fc1101c7f1efcdfcb2f3b001ff697a52494f5610e0d19fd76c"},"animationNames":[],"boundingBox":{"min":{"x":-2.967830161043582,"y":0,"z":-0.625},"max":{"x":2.967830161043582,"y":6.75,"z":0.625}},"nodeNames":["cube","cube","cube","cube","cube","cube","bone","cube","cube","cube","cube","cube","cube","bone2","cube","cube","cube","cube","ruin_portal"],"trimesh":{"vertices":[-0.5835544466972351,1.6704951524734497,0.3734374940395355,-1.9071699380874634,0.34687963128089905,0.3734374940395355,-0.5835544466972351,1.6704951524734497,-0.3734374940395355,-1.9071699380874634,0.34687963128089905,-0.3734374940395355,-1.1116747856140137,2.198615550994873,-0.3734374940395355,-2.4352903366088867,0.875,-0.3734374940395355,-1.1116747856140137,2.198615550994873,0.3734374940395355,-2.4352903366088867,0.875,0.3734374940395355,-1.1116747856140137,2.198615550994873,-0.3734374940395355,-1.1116747856140137,2.198615550994873,0.3734374940395355,-0.5835544466972351,1.6704951524734497,-0.3734374940395355,-0.5835544466972351,1.6704951524734497,0.3734374940395355,-2.4352903366088867,0.875,0.3734374940395355,-2.4352903366088867,0.875,-0.3734374940395355,-1.9071699380874634,0.34687963128089905,0.3734374940395355,-1.9071699380874634,0.34687963128089905,-0.3734374940395355,-1.1116747856140137,2.198615550994873,0.3734374940395355,-2.4352903366088867,0.875,0.3734374940395355,-0.5835544466972351,1.6704951524734497,0.3734374940395355,-1.9071699380874634,0.34687963128089905,0.3734374940395355,-0.5835544466972351,1.6704951524734497,-0.3734374940395355,-1.9071699380874634,0.34687963128089905,-0.3734374940395355,-1.1116747856140137,2.198615550994873,-0.3734374940395355,-2.4352903366088867,0.875,-0.3734374940395355,-1.5,0.062499988824129105,0.5,-1.5,-0.4374999701976776,0.5,-1.5,0.062499988824129105,-0.5,-1.5,-0.4374999701976776,-0.5,-2.625,0.06250002235174179,-0.5,-2.625,-0.4375,-0.5,-2.625,0.06250002235174179,0.5,-2.625,-0.4375,0.5,-2.625,0.06250002235174179,-0.5,-2.625,0.06250002235174179,0.5,-1.5,0.062499988824129105,-0.5,-1.5,0.062499988824129105,0.5,-2.625,-0.4375,0.5,-2.625,-0.4375,-0.5,-1.5,-0.4374999701976776,0.5,-1.5,-0.4374999701976776,-0.5,-2.625,0.06250002235174179,0.5,-2.625,-0.4375,0.5,-1.5,0.062499988824129105,0.5,-1.5,-0.4374999701976776,0.5,-1.5,0.062499988824129105,-0.5,-1.5,-0.4374999701976776,-0.5,-2.625,0.06250002235174179,-0.5,-2.625,-0.4375,-0.5,-1.4375,-2.875,0.625,-1.4375,-3.374999761581421,0.625,-1.4375,-2.875,-0.625,-1.4375,-3.374999761581421,-0.625,-2.6875,-2.875,-0.625,-2.6875,-3.374999761581421,-0.625,-2.6875,-2.875,0.625,-2.6875,-3.374999761581421,0.625,-2.6875,-2.875,-0.625,-2.6875,-2.875,0.625,-1.4375,-2.875,-0.625,-1.4375,-2.875,0.625,-2.6875,-3.374999761581421,0.625,-2.6875,-3.374999761581421,-0.625,-1.4375,-3.374999761581421,0.625,-1.4375,-3.374999761581421,-0.625,-2.6875,-2.875,0.625,-2.6875,-3.374999761581421,0.625,-1.4375,-2.875,0.625,-1.4375,-3.374999761581421,0.625,-1.4375,-2.875,-0.625,-1.4375,-3.374999761581421,-0.625,-2.6875,-2.875,-0.625,-2.6875,-3.374999761581421,-0.625,-1.5625,-2.375,0.5,-1.5625001192092896,-2.875,0.5,-1.5625,-2.375,-0.5,-1.5625001192092896,-2.875,-0.5,-2.5625,-2.375,-0.5,-2.562499761581421,-2.875,-0.5,-2.5625,-2.375,0.5,-2.562499761581421,-2.875,0.5,-2.5625,-2.375,-0.5,-2.5625,-2.375,0.5,-1.5625,-2.375,-0.5,-1.5625,-2.375,0.5,-2.562499761581421,-2.875,0.5,-2.562499761581421,-2.875,-0.5,-1.5625001192092896,-2.875,0.5,-1.5625001192092896,-2.875,-0.5,-2.5625,-2.375,0.5,-2.562499761581421,-2.875,0.5,-1.5625,-2.375,0.5,-1.5625001192092896,-2.875,0.5,-1.5625,-2.375,-0.5,-1.5625001192092896,-2.875,-0.5,-2.5625,-2.375,-0.5,-2.562499761581421,-2.875,-0.5,-1.6875,0.875,0.375,-1.6875001192092896,-3.375,0.375,-1.6875,0.875,-0.375,-1.6875001192092896,-3.375,-0.375,-2.4375,0.875,-0.375,-2.4375,-3.375,-0.375,-2.4375,0.875,0.375,-2.4375,-3.375,0.375,-2.4375,0.875,-0.375,-2.4375,0.875,0.375,-1.6875,0.875,-0.375,-1.6875,0.875,0.375,-2.4375,-3.375,0.375,-2.4375,-3.375,-0.375,-1.6875001192092896,-3.375,0.375,-1.6875001192092896,-3.375,-0.375,-2.4375,0.875,0.375,-2.4375,-3.375,0.375,-1.6875,0.875,0.375,-1.6875001192092896,-3.375,0.375,-1.6875,0.875,-0.375,-1.6875001192092896,-3.375,-0.375,-2.4375,0.875,-0.375,-2.4375,-3.375,-0.375,-2.03975248336792,1.27274751663208,0.375,-2.4375,0.875,0.375,-2.03975248336792,1.27274751663208,-0.375,-2.4375,0.875,-0.375,-2.570082664489746,1.8030776977539062,-0.375,-2.967830181121826,1.4053300619125366,-0.375,-2.570082664489746,1.8030776977539062,0.375,-2.967830181121826,1.4053300619125366,0.375,-2.570082664489746,1.8030776977539062,-0.375,-2.570082664489746,1.8030776977539062,0.375,-2.03975248336792,1.27274751663208,-0.375,-2.03975248336792,1.27274751663208,0.375,-2.967830181121826,1.4053300619125366,0.375,-2.967830181121826,1.4053300619125366,-0.375,-2.4375,0.875,0.375,-2.4375,0.875,-0.375,-2.570082664489746,1.8030776977539062,0.375,-2.967830181121826,1.4053300619125366,0.375,-2.03975248336792,1.27274751663208,0.375,-2.4375,0.875,0.375,-2.03975248336792,1.27274751663208,-0.375,-2.4375,0.875,-0.375,-2.570082664489746,1.8030776977539062,-0.375,-2.967830181121826,1.4053300619125366,-0.375,2.625,0.06250014901161194,0.5,2.625,-0.4375000596046448,0.5,2.625,0.06250014901161194,-0.5,2.625,-0.4375000596046448,-0.5,1.5,0.06249997764825821,-0.5,1.5,-0.43749988079071045,-0.5,1.5,0.06249997764825821,0.5,1.5,-0.43749988079071045,0.5,1.5,0.06249997764825821,-0.5,1.5,0.06249997764825821,0.5,2.625,0.06250014901161194,-0.5,2.625,0.06250014901161194,0.5,1.5,-0.43749988079071045,0.5,1.5,-0.43749988079071045,-0.5,2.625,-0.4375000596046448,0.5,2.625,-0.4375000596046448,-0.5,1.5,0.06249997764825821,0.5,1.5,-0.43749988079071045,0.5,2.625,0.06250014901161194,0.5,2.625,-0.4375000596046448,0.5,2.625,0.06250014901161194,-0.5,2.625,-0.4375000596046448,-0.5,1.5,0.06249997764825821,-0.5,1.5,-0.43749988079071045,-0.5,2.6875,-2.875,0.625,2.6875,-3.375,0.625,2.6875,-2.875,-0.625,2.6875,-3.375,-0.625,1.4375,-2.875,-0.625,1.4375,-3.375,-0.625,1.4375,-2.875,0.625,1.4375,-3.375,0.625,1.4375,-2.875,-0.625,1.4375,-2.875,0.625,2.6875,-2.875,-0.625,2.6875,-2.875,0.625,1.4375,-3.375,0.625,1.4375,-3.375,-0.625,2.6875,-3.375,0.625,2.6875,-3.375,-0.625,1.4375,-2.875,0.625,1.4375,-3.375,0.625,2.6875,-2.875,0.625,2.6875,-3.375,0.625,2.6875,-2.875,-0.625,2.6875,-3.375,-0.625,1.4375,-2.875,-0.625,1.4375,-3.375,-0.625,2.5625,-2.375,0.5,2.5625,-2.875,0.5,2.5625,-2.375,-0.5,2.5625,-2.875,-0.5,1.5625001192092896,-2.375000238418579,-0.5,1.5625001192092896,-2.875,-0.5,1.5625001192092896,-2.375000238418579,0.5,1.5625001192092896,-2.875,0.5,1.5625001192092896,-2.375000238418579,-0.5,1.5625001192092896,-2.375000238418579,0.5,2.5625,-2.375,-0.5,2.5625,-2.375,0.5,1.5625001192092896,-2.875,0.5,1.5625001192092896,-2.875,-0.5,2.5625,-2.875,0.5,2.5625,-2.875,-0.5,1.5625001192092896,-2.375000238418579,0.5,1.5625001192092896,-2.875,0.5,2.5625,-2.375,0.5,2.5625,-2.875,0.5,2.5625,-2.375,-0.5,2.5625,-2.875,-0.5,1.5625001192092896,-2.375000238418579,-0.5,1.5625001192092896,-2.875,-0.5,2.437500238418579,0.875,0.375,2.437500238418579,-3.375000238418579,0.375,2.437500238418579,0.875,-0.375,2.437500238418579,-3.375000238418579,-0.375,1.6875,0.875,-0.375,1.6875001192092896,-3.375,-0.375,1.6875,0.875,0.375,1.6875001192092896,-3.375,0.375,1.6875,0.875,-0.375,1.6875,0.875,0.375,2.437500238418579,0.875,-0.375,2.437500238418579,0.875,0.375,1.6875001192092896,-3.375,0.375,1.6875001192092896,-3.375,-0.375,2.437500238418579,-3.375000238418579,0.375,2.437500238418579,-3.375000238418579,-0.375,1.6875,0.875,0.375,1.6875001192092896,-3.375,0.375,2.437500238418579,0.875,0.375,2.437500238418579,-3.375000238418579,0.375,2.437500238418579,0.875,-0.375,2.437500238418579,-3.375000238418579,-0.375,1.6875,0.875,-0.375,1.6875001192092896,-3.375,-0.375,1.1116747856140137,2.198615550994873,0.3734374940395355,2.4352903366088867,0.875,0.3734374940395355,1.1116747856140137,2.198615550994873,-0.3734374940395355,