{"schemaVersion":4,"source":{"uri":"models/eggs/rare/chimney-egg.gltf","sha256":"32c4ba4db65af7bfd16ddf64843147c0d07d3daee3f38ca14bfc4405ff07cc25"},"animationNames":[],"boundingBox":{"min":{"x":-0.4375,"y":0,"z":-0.4375},"max":{"x":0.4375,"y":0.9375,"z":0.4375}},"nodeNames":["cube","cube","cube","cube","group"],"trimesh":{"vertices":[0.28125,0.40625,-0.28125,0.3125,0.40625,0,0.3125,0.15625,0,0.3125,0.15625,-0.3125,-0.3125,0.15625,-0.3125,-0.3125,0.15625,0,-0.3125,0.40625,0,-0.28125,0.40625,-0.28125,-0.28125,0.40625,-0.28125,-0.3125,0.40625,0,0,0.40625,0,0,0.40625,-0.3125,0,0.15625,-0.3125,0,0.15625,0,-0.3125,0.15625,0,-0.3125,0.15625,-0.3125,-0.3125,0.15625,0.3125,0,0.15625,0.3125,0,0.40625,0.3125,-0.28125,0.40625,0.28125,-0.28125,0.40625,-0.28125,0,0.40625,-0.3125,0,0.15625,-0.3125,-0.3125,0.15625,-0.3125,0.3125,0.40625,0,0.28125,0.40625,-0.28125,0.28125,0.40625,0.28125,0,0.40625,0.3125,0,0.15625,0.3125,0.3125,0.15625,0.3125,0.3125,0.15625,-0.3125,0.3125,0.15625,0,0.3125,0.15625,-0.3125,0,0.15625,-0.3125,0,0.40625,-0.3125,0.28125,0.40625,-0.28125,-0.28125,0.40625,0.28125,-0.3125,0.40625,0,-0.3125,0.15625,0,-0.3125,0.15625,0.3125,-0.3125,0.15625,0.3125,0,0.15625,0.3125,0.3125,0.15625,0.3125,0.3125,0.15625,0.3125,0.3125,0.15625,0,0.3125,0.40625,0,0.28125,0.40625,0.28125,0.28125,0.40625,0.28125,0,0.40625,0.3125,-0.28125,0.40625,0.28125,0.359375,-0.34375,-0.359375,0.375,-0.09375,-0.375,0.375,-0.09375,0.375,0.359375,-0.34375,0.359375,-0.359375,-0.34375,0.359375,-0.375,-0.09375,0.375,-0.375,-0.09375,-0.375,-0.359375,-0.34375,-0.359375,0.34375,0.15625,0.34375,0.34375,0.15625,-0.34375,-0.34375,0.15625,-0.34375,-0.34375,0.15625,0.34375,0.359375,-0.34375,-0.359375,0.359375,-0.34375,0.359375,-0.359375,-0.34375,0.359375,-0.359375,-0.34375,-0.359375,0.359375,-0.34375,0.359375,0.375,-0.09375,0.375,-0.375,-0.09375,0.375,-0.359375,-0.34375,0.359375,-0.359375,-0.34375,-0.359375,-0.375,-0.09375,-0.375,0.375,-0.09375,-0.375,0.359375,-0.34375,-0.359375,-0.34375,0.15625,-0.34375,-0.375,-0.09375,-0.375,-0.375,-0.09375,0.375,-0.34375,0.15625,0.34375,-0.34375,0.15625,0.34375,-0.375,-0.09375,0.375,0.375,-0.09375,0.375,0.34375,0.15625,0.34375,0.34375,0.15625,0.34375,0.375,-0.09375,0.375,0.375,-0.09375,-0.375,0.34375,0.15625,-0.34375,0.34375,0.15625,-0.34375,0.375,-0.09375,-0.375,-0.375,-0.09375,-0.375,-0.34375,0.15625,-0.34375,0.3125,-0.46875,-0.3125,0.34375,-0.34375,-0.34375,0.34375,-0.34375,0.34375,0.3125,-0.46875,0.3125,-0.3125,-0.46875,0.3125,-0.34375,-0.34375,0.34375,-0.34375,-0.34375,-0.34375,-0.3125,-0.46875,-0.3125,0.34375,-0.34375,0.34375,0.34375,-0.34375,-0.34375,-0.34375,-0.34375,-0.34375,-0.34375,-0.34375,0.34375,0.3125,-0.46875,-0.3125,0.3125,-0.46875,0.3125,-0.3125,-0.46875,0.3125,-0.3125,-0.46875,-0.3125,0.3125,-0.46875,0.3125,0.34375,-0.34375,0.34375,-0.34375,-0.34375,0.34375,-0.3125,-0.46875,0.3125,-0.3125,-0.46875,-0.3125,-0.34375,-0.34375,-0.34375,0.34375,-0.34375,-0.34375,0.3125,-0.46875,-0.3125,0.4375,0.46875,-0.4375,0.4375,0.46875,0,0.4010418653488159,0.15625,0,0.4010418653488159,0.15625,-0.4010418653488159,-0.4010418653488159,0.15625,-0.4010418653488159,-0.4010418653488159,0.15625,0,-0.4375,0.46875,0,-0.4375,0.46875,-0.4375,-0.4375,0.46875,-0.4375,-0.4375,0.46875,0,0,0.46875,0,0,0.46875,-0.4375,0,0.15625,-0.4010418653488159,0,0.15625,0,-0.4010418653488159,0.15625,0,-0.4010418653488159,0.15625,-0.4010418653488159,-0.4010418653488159,0.15625,0.4010418653488159,0,0.15625,0.4010418653488159,0,0.46875,0.4375,-0.4375,0.46875,0.4375,-0.4375,0.46875,-0.4375,0,0.46875,-0.4375,0,0.15625,-0.4010418653488159,-0.4010418653488159,0.15625,-0.4010418653488159,0.4375,0.46875,0,0.4375,0.46875,-0.4375,0.4375,0.46875,0.4375,0.4010418653488159,0.15625,0.4010418653488159,0.4010418653488159,0.15625,-0.4010418653488159,0.4010418653488159,0.15625,0,0.4010418653488159,0.15625,-0.4010418653488159,0.4375,0.46875,-0.4375,-0.4375,0.46875,0.4375,-0.4010418653488159,0.15625,0.4010418653488159,-0.4010418653488159,0.15625,0.4010418653488159,0,0.15625,0.4010418653488159,0.4010418653488159,0.15625,0.4010418653488159,0.4010418653488159,0.15625,0.4010418653488159,0.4375,0.46875,0.4375,0.4375,0.46875,0.4375,0,0.46875,0.4375,-0.4375,0.46875,0.4375],"indices":[0,1,2,0,2,3,4,5,6,4,6,7,8,9,10,8,10,11,12,13,14,12,14,15,16,17,18,16,18,19,20,21,22,20,22,23,11,10,24,11,24,25,26,27,28,26,28,29,30,31,13,30,13,12,32,33,34,32,34,35,36,37,38,36,38,39,40,14,13,40,13,41,41,13,31,41,31,42,43,44,45,43,45,46,47,24,10,47,10,48,48,10,9,48,9,49,50,51,52,50,52,53,54,55,56,54,56,57,58,59,60,58,60,61,62,63,64,62,64,65,66,67,68,66,68,69,70,71,72,70,72,73,74,75,76,74,76,77,78,79,80,78,80,81,82,83,84,82,84,85,86,87,88,86,88,89,90,91,92,90,92,93,94,95,96,94,96,97,98,99,100,98,100,101,102,103,104,102,104,105,106,107,108,106,108,109,110,111,112,110,112,113,114,115,116,114,116,117,118,119,120,118,120,121,122,123,124,122,124,125,126,127,128,126,128,129,130,131,132,130,132,133,134,135,136,134,136,137,125,124,138,125,138,139,140,132,131,140,131,141,142,143,127,142,127,126,144,136,135,144,135,145,146,120,119,146,119,147,148,128,127,148,127,149,149,127,143,149,143,150,151,116,115,151,115,152,153,138,124,153,124,154,154,124,123,154,123,155]},"optimizedModelData":{"":{"meshCount":2},"-named-nodes":{"meshCount":4},"-no-animations":{"meshCount":2}}}