{"schemaVersion":4,"source":{"uri":"models/environment/Farm/sunflower-stage2.gltf","sha256":"f55b8dcd4c4d76ade0bf8df7a42db7719f36caa5038e2084c0fbea16084f28d2"},"animationNames":[],"boundingBox":{"min":{"x":-0.48096988312782174,"y":0,"z":-0.4088376774021748},"max":{"x":0.48096988312782174,"y":0.9877792278709558,"z":0.4088376774021748}},"nodeNames":["cube","cube","cube","cube","cube","cube","cube","root",""],"trimesh":{"vertices":[0.03125,0.38111039996147156,0.03125,0.03125,-0.49388960003852844,0.03125,0.03125,0.38111039996147156,-0.03125,0.03125,-0.49388960003852844,-0.03125,-0.03125,0.38111039996147156,-0.03125,-0.03125,-0.49388960003852844,-0.03125,-0.03125,0.38111039996147156,0.03125,-0.03125,-0.49388960003852844,0.03125,-0.03125,0.38111039996147156,-0.03125,-0.03125,0.38111039996147156,0.03125,0.03125,0.38111039996147156,-0.03125,0.03125,0.38111039996147156,0.03125,-0.03125,-0.49388960003852844,0.03125,-0.03125,-0.49388960003852844,-0.03125,0.03125,-0.49388960003852844,0.03125,0.03125,-0.49388960003852844,-0.03125,-0.03125,0.38111039996147156,0.03125,-0.03125,-0.49388960003852844,0.03125,0.03125,0.38111039996147156,0.03125,0.03125,-0.49388960003852844,0.03125,0.03125,0.38111039996147156,-0.03125,0.03125,-0.49388960003852844,-0.03125,-0.03125,0.38111039996147156,-0.03125,-0.03125,-0.49388960003852844,-0.03125,-0.019030116498470306,-0.08498366177082062,0.14346782863140106,-0.019030116498470306,-0.08498366177082062,0.14346782863140106,-0.019030116498470306,-0.20457224547863007,-0.1452445238828659,-0.4809698760509491,0.0917930155992508,0.07024452090263367,-0.4809698760509491,0.0917930155992508,0.07024452090263367,-0.4809698760509491,-0.027795566245913506,-0.2184678316116333,-0.019030116498470306,-0.08498366177082062,0.14346782863140106,-0.4809698760509491,0.0917930155992508,0.07024452090263367,-0.019030116498470306,-0.08498366177082062,0.14346782863140106,-0.019030116498470306,-0.20457224547863007,-0.1452445238828659,-0.4809698760509491,-0.027795566245913506,-0.2184678316116333,-0.019030116498470306,-0.20457224547863007,-0.1452445238828659,-0.4809698760509491,-0.027795566245913506,-0.2184678316116333,-0.4809698760509491,0.0917930155992508,0.07024452090263367,-0.019030116498470306,-0.08498366177082062,0.14346782863140106,-0.019030116498470306,-0.20457224547863007,-0.1452445238828659,0.14479029178619385,0.07541973888874054,0.04539775848388672,0.14479029178619385,0.07541973888874054,0.04539775848388672,-0.12194515019655228,-0.04416884481906891,-0.06508767604827881,-0.10930485278367996,0.30638960003852844,0.4088376760482788,-0.10930485278367996,0.30638960003852844,0.4088376760482788,-0.3760402798652649,0.1868010312318802,0.2983522415161133,0.14479029178619385,0.07541973888874054,0.04539775848388672,-0.10930485278367996,0.30638960003852844,0.4088376760482788,0.14479029178619385,0.07541973888874054,0.04539775848388672,-0.12194515019655228,-0.04416884481906891,-0.06508767604827881,-0.3760402798652649,0.1868010312318802,0.2983522415161133,-0.12194515019655228,-0.04416884481906891,-0.06508767604827881,-0.3760402798652649,0.1868010312318802,0.2983522415161133,-0.10930485278367996,0.30638960003852844,0.4088376760482788,0.14479029178619385,0.07541973888874054,0.04539775848388672,-0.12194515019655228,-0.04416884481906891,-0.06508767604827881,0.14479029178619385,0.26291975378990173,0.04539775848388672,0.14479029178619385,0.26291975378990173,0.04539775848388672,-0.12194515019655228,0.14333118498325348,-0.06508767604827881,-0.10930485278367996,0.49388960003852844,0.4088376760482788,-0.10930485278367996,0.49388960003852844,0.4088376760482788,-0.3760402798652649,0.3743010461330414,0.2983522415161133,0.14479029178619385,0.26291975378990173,0.04539775848388672,-0.10930485278367996,0.49388960003852844,0.4088376760482788,0.14479029178619385,0.26291975378990173,0.04539775848388672,-0.12194515019655228,0.14333118498325348,-0.06508767604827881,-0.3760402798652649,0.3743010461330414,0.2983522415161133,-0.12194515019655228,0.14333118498325348,-0.06508767604827881,-0.3760402798652649,0.3743010461330414,0.2983522415161133,-0.10930485278367996,0.49388960003852844,0.4088376760482788,0.14479029178619385,0.26291975378990173,0.04539775848388672,-0.12194515019655228,0.14333118498325348,-0.06508767604827881,-0.14479029178619385,0.26291975378990173,-0.04539775848388672,-0.14479029178619385,0.26291975378990173,-0.04539775848388672,0.12194515019655228,0.14333118498325348,0.06508767604827881,0.10930485278367996,0.49388960003852844,-0.4088376760482788,0.10930485278367996,0.49388960003852844,-0.4088376760482788,0.3760402798652649,0.3743010461330414,-0.2983522415161133,-0.14479029178619385,0.26291975378990173,-0.04539775848388672,0.10930485278367996,0.49388960003852844,-0.4088376760482788,-0.14479029178619385,0.26291975378990173,-0.04539775848388672,0.12194515019655228,0.14333118498325348,0.06508767604827881,0.3760402798652649,0.3743010461330414,-0.2983522415161133,0.12194515019655228,0.14333118498325348,0.06508767604827881,0.3760402798652649,0.3743010461330414,-0.2983522415161133,0.10930485278367996,0.49388960003852844,-0.4088376760482788,-0.14479029178619385,0.26291975378990173,-0.04539775848388672,0.12194515019655228,0.14333118498325348,0.06508767604827881,0.15225431323051453,-0.3457666337490082,0.06413588672876358,0.15225431323051453,-0.3457666337490082,0.06413588672876358,-0.14085502922534943,-0.3120534420013428,-0.03885240480303764,0.3158550262451172,-0.05072580277919769,-0.30489760637283325,0.3158550262451172,-0.05072580277919769,-0.30489760637283325,0.022745687514543533,-0.01701260916888714,-0.407885879278183,0.3158550262451172,-0.05072580277919769,-0.30489760637283325,0.15225431323051453,-0.3457666337490082,0.06413588672876358,0.3158550262451172,-0.05072580277919769,-0.30489760637283325,0.022745687514543533,-0.01701260916888714,-0.407885879278183,-0.14085502922534943,-0.3120534420013428,-0.03885240480303764,0.022745687514543533,-0.01701260916888714,-0.407885879278183,0.15225431323051453,-0.3457666337490082,0.06413588672876358,0.3158550262451172,-0.05072580277919769,-0.30489760637283325,0.022745687514543533,-0.01701260916888714,-0.407885879278183,-0.14085502922534943,-0.3120534420013428,-0.03885240480303764,0.019030116498470306,-0.08498366177082062,0.14346782863140106,0.019030116498470306,-0.08498366177082062,0.14346782863140106,0.019030116498470306,-0.20457224547863007,-0.1452445238828659,0.4809698760509491,0.0917930155992508,0.07024452090263367,0.4809698760509491,0.0917930155992508,0.07024452090263367,0.4809698760509491,-0.027795566245913506,-0.2184678316116333,0.4809698760509491,0.0917930155992508,0.07024452090263367,0.019030116498470306,-0.08498366177082062,0.14346782863140106,0.4809698760509491,0.0917930155992508,0.07024452090263367,0.4809698760509491,-0.027795566245913506,-0.2184678316116333,0.019030116498470306,-0.20457224547863007,-0.1452445238828659,0.4809698760509491,-0.027795566245913506,-0.2184678316116333,0.019030116498470306,-0.08498366177082062,0.14346782863140106,0.4809698760509491,0.0917930155992508,0.07024452090263367,0.4809698760509491,-0.027795566245913506,-0.2184678316116333,0.019030116498470306,-0.20457224547863007,-0.1452445238828659],"indices":[0,1,2,1,3,2,4,5,6,5,7,6,8,9,10,9,11,10,12,13,14,13,15,14,16,17,18,17,19,18,20,21,22,21,23,22,24,25,26,24,26,26,27,28,29,27,29,29,30,31,32,30,32,31,33,34,35,33,35,34,36,37,38,36,38,39,40,41,42,40,42,42,43,44,45,43,45,45,46,47,48,46,48,47,49,50,51,49,51,50,52,53,54,52,54,55,56,57,58,56,58,58,59,60,61,59,61,61,62,63,64,62,64,63,65,66,67,65,67,66,68,69,70,68,70,71,72,73,74,72,74,74,75,76,77,75,77,77,78,79,80,78,80,79,81,82,83,81,83,82,84,85,86,84,86,87,88,89,90,88,90,90,91,92,93,91,93,93,94,95,95,94,95,96,97,98,98,97,98,99,100,101,102,100,102,103,104,105,106,104,106,106,107,108,109,107,109,109,110,111,111,110,111,112,113,114,114,113,114,115,116,117,118,116,118,119]},"optimizedModelData":{"":{"meshCount":1},"-named-nodes":{"meshCount":7},"-no-animations":{"meshCount":1}}}