{"schemaVersion":2,"source":{"uri":"models/environment/Farm/lettuce-stage1.gltf","sha256":"fc8af46d5d9630301cd21ecf8f0a35eb050c24d8f8222cd16eee9bcae6640db8"},"animationNames":[],"boundingBox":{"min":{"x":-0.15467960838455724,"y":0,"z":-0.1546796083845573},"max":{"x":0.15467960838455724,"y":0.4375,"z":0.1546796083845573}},"nodeNames":["cube","cube","root",""],"trimesh":{"vertices":[0.15467961132526398,0.21875,0.15467961132526398,0.15467961132526398,0.21875,0.15467961132526398,0.15467961132526398,-0.21875,0.15467961132526398,-0.15467961132526398,0.21875,-0.15467961132526398,-0.15467961132526398,0.21875,-0.15467961132526398,-0.15467961132526398,-0.21875,-0.15467961132526398,0.15467961132526398,0.21875,0.15467961132526398,0.15467961132526398,-0.21875,0.15467961132526398,-0.15467961132526398,-0.21875,-0.15467961132526398,0.15467961132526398,-0.21875,0.15467961132526398,-0.15467961132526398,-0.21875,-0.15467961132526398,-0.15467961132526398,0.21875,-0.15467961132526398,0.15467961132526398,0.21875,0.15467961132526398,0.15467961132526398,-0.21875,0.15467961132526398,0.15467961132526398,0.21875,-0.15467961132526398,0.15467961132526398,0.21875,-0.15467961132526398,0.15467961132526398,-0.21875,-0.15467961132526398,-0.15467961132526398,0.21875,0.15467961132526398,-0.15467961132526398,0.21875,0.15467961132526398,-0.15467961132526398,-0.21875,0.15467961132526398,-0.15467961132526398,0.21875,0.15467961132526398,-0.15467961132526398,-0.21875,0.15467961132526398,0.15467961132526398,-0.21875,-0.15467961132526398,-0.15467961132526398,-0.21875,0.15467961132526398,0.15467961132526398,0.21875,-0.15467961132526398,-0.15467961132526398,0.21875,0.15467961132526398,-0.15467961132526398,-0.21875,0.15467961132526398,0.15467961132526398,-0.21875,-0.15467961132526398],"indices":[0,1,2,0,2,2,3,4,5,3,5,5,0,3,6,0,6,3,7,8,9,7,9,8,10,11,12,10,12,13,14,15,16,14,16,16,17,18,19,17,19,19,17,14,14,17,14,20,21,22,22,21,22,23,24,25,26,24,26,27]}}