{"schemaVersion":4,"source":{"uri":"models/players/hair/hair-0003.gltf","sha256":"d4997c56bd0d020b981e25eefd73d94af2db2c7c18324900d9120d09782db322"},"animationNames":[],"boundingBox":{"min":{"x":-0.2109375,"y":1.0234375,"z":-0.2109375},"max":{"x":0.2109375,"y":1.4453125,"z":0.2109375}},"nodeNames":["hair-0003-geo","head-anchor"],"trimesh":{"vertices":[0.2109375,-0.2109375,-0.2109375,0.2109375,0.2109375,-0.2109375,0.2109375,0.2109375,0.2109375,0.2109375,-0.2109375,0.2109375,-0.2109375,-0.2109375,0.2109375,-0.2109375,0.2109375,0.2109375,-0.2109375,0.2109375,-0.2109375,-0.2109375,-0.2109375,-0.2109375,0.2109375,0.2109375,0.2109375,0.2109375,0.2109375,-0.2109375,-0.2109375,0.2109375,-0.2109375,-0.2109375,0.2109375,0.2109375,0.2109375,-0.2109375,-0.2109375,0.2109375,-0.2109375,0.2109375,-0.2109375,-0.2109375,0.2109375,-0.2109375,-0.2109375,-0.2109375,0.2109375,-0.2109375,0.2109375,0.2109375,0.2109375,0.2109375,-0.2109375,0.2109375,0.2109375,-0.2109375,-0.2109375,0.2109375,-0.2109375,-0.2109375,-0.2109375,-0.2109375,0.2109375,-0.2109375,0.2109375,0.2109375,-0.2109375,0.2109375,-0.2109375,-0.2109375],"indices":[0,1,2,0,2,3,4,5,6,4,6,7,8,9,10,8,10,11,12,13,14,12,14,15,16,17,18,16,18,19,20,21,22,20,22,23]},"optimizedModelData":{"":{"meshCount":1},"-named-nodes":{"meshCount":1},"-no-animations":{"meshCount":1}}}