{"schemaVersion":4,"source":{"uri":"models/players/hair/hair-0002.gltf","sha256":"01bfd989a966f814b1311682136afec79646e86c111c87d8598038a8c13ec395"},"animationNames":[],"boundingBox":{"min":{"x":-0.2578125,"y":1.0234375,"z":-0.2109375},"max":{"x":0.2578125,"y":1.4921875,"z":0.2421875}},"nodeNames":["hair-0002-geo","hair-0002-curl-geo","hair-0002-curl-2-geo","head-anchor"],"trimesh":{"vertices":[0.2109375,0.1875,0.1953125,0.2109375,-0.234375,0.1953125,0.2109375,0.1875,-0.2265625,0.2109375,-0.234375,-0.2265625,-0.2109375,0.1875,-0.2265625,-0.2109375,-0.234375,-0.2265625,-0.2109375,0.1875,0.1953125,-0.2109375,-0.234375,0.1953125,-0.2109375,0.1875,-0.2265625,-0.2109375,0.1875,0.1953125,0.2109375,0.1875,-0.2265625,0.2109375,0.1875,0.1953125,-0.2109375,-0.234375,0.1953125,-0.2109375,-0.234375,-0.2265625,0.2109375,-0.234375,0.1953125,0.2109375,-0.234375,-0.2265625,-0.2109375,0.1875,0.1953125,-0.2109375,-0.234375,0.1953125,0.2109375,0.1875,0.1953125,0.2109375,-0.234375,0.1953125,0.2109375,0.1875,-0.2265625,0.2109375,-0.234375,-0.2265625,-0.2109375,0.1875,-0.2265625,-0.2109375,-0.234375,-0.2265625,0.2578125,0.234375,0.2265625,0.2578125,0.03125,0.2265625,0.2578125,0.234375,-0.1328125,0.2578125,0.03125,-0.1328125,0.0546875,0.234375,-0.1328125,0.0546875,0.03125,-0.1328125,0.0546875,0.234375,0.2265625,0.0546875,0.03125,0.2265625,0.0546875,0.234375,-0.1328125,0.0546875,0.234375,0.2265625,0.2578125,0.234375,-0.1328125,0.2578125,0.234375,0.2265625,0.0546875,0.03125,0.2265625,0.0546875,0.03125,-0.1328125,0.2578125,0.03125,0.2265625,0.2578125,0.03125,-0.1328125,0.0546875,0.234375,0.2265625,0.0546875,0.03125,0.2265625,0.2578125,0.234375,0.2265625,0.2578125,0.03125,0.2265625,0.2578125,0.234375,-0.1328125,0.2578125,0.03125,-0.1328125,0.0546875,0.234375,-0.1328125,0.0546875,0.03125,-0.1328125,-0.0546875,0.234375,0.2265625,-0.0546875,0.03125,0.2265625,-0.0546875,0.234375,-0.1328125,-0.0546875,0.03125,-0.1328125,-0.2578125,0.234375,-0.1328125,-0.2578125,0.03125,-0.1328125,-0.2578125,0.234375,0.2265625,-0.2578125,0.03125,0.2265625,-0.2578125,0.234375,-0.1328125,-0.2578125,0.234375,0.2265625,-0.0546875,0.234375,-0.1328125,-0.0546875,0.234375,0.2265625,-0.2578125,0.03125,0.2265625,-0.2578125,0.03125,-0.1328125,-0.0546875,0.03125,0.2265625,-0.0546875,0.03125,-0.1328125,-0.2578125,0.234375,0.2265625,-0.2578125,0.03125,0.2265625,-0.0546875,0.234375,0.2265625,-0.0546875,0.03125,0.2265625,-0.0546875,0.234375,-0.1328125,-0.0546875,0.03125,-0.1328125,-0.2578125,0.234375,-0.1328125,-0.2578125,0.03125,-0.1328125],"indices":[0,1,2,1,3,2,4,5,6,5,7,6,8,9,10,9,11,10,12,13,14,13,15,14,16,17,18,17,19,18,20,21,22,21,23,22,24,25,26,25,27,26,28,29,30,29,31,30,32,33,34,33,35,34,36,37,38,37,39,38,40,41,42,41,43,42,44,45,46,45,47,46,48,49,50,49,51,50,52,53,54,53,55,54,56,57,58,57,59,58,60,61,62,61,63,62,64,65,66,65,67,66,68,69,70,69,71,70]},"optimizedModelData":{"":{"meshCount":1},"-named-nodes":{"meshCount":3},"-no-animations":{"meshCount":1}}}