{"schemaVersion":4,"source":{"uri":"models/tools/hoe/wooden-hoe.gltf","sha256":"f3b11abfd8ee2c3ec134641f054d7511ff46da95ea2b45fe4f3d05e1eef6b200"},"animationNames":[],"boundingBox":{"min":{"x":-0.0625,"y":0,"z":-0.09375},"max":{"x":0.3052614986348733,"y":0.75,"z":0.09375}},"nodeNames":["cube","cube","cube","cube","hoe"],"trimesh":{"vertices":[-0.0901307463645935,0.21875,0.03125,-0.0901307463645935,-0.375,0.03125,-0.0901307463645935,0.21875,-0.03125,-0.0901307463645935,-0.375,-0.03125,-0.1526307463645935,0.21875,-0.03125,-0.1526307463645935,-0.375,-0.03125,-0.1526307463645935,0.21875,0.03125,-0.1526307463645935,-0.375,0.03125,-0.1526307463645935,0.21875,-0.03125,-0.1526307463645935,0.21875,0.03125,-0.0901307463645935,0.21875,-0.03125,-0.0901307463645935,0.21875,0.03125,-0.1526307463645935,-0.375,0.03125,-0.1526307463645935,-0.375,-0.03125,-0.0901307463645935,-0.375,0.03125,-0.0901307463645935,-0.375,-0.03125,-0.1526307463645935,0.21875,0.03125,-0.1526307463645935,-0.375,0.03125,-0.0901307463645935,0.21875,0.03125,-0.0901307463645935,-0.375,0.03125,-0.0901307463645935,0.21875,-0.03125,-0.0901307463645935,-0.375,-0.03125,-0.1526307463645935,0.21875,-0.03125,-0.1526307463645935,-0.375,-0.03125,-0.058880750089883804,0.375,0.0625,-0.058880750089883804,0.21875,0.0625,-0.058880750089883804,0.375,-0.0625,-0.058880750089883804,0.21875,-0.0625,-0.1838807463645935,0.375,-0.0625,-0.1838807463645935,0.21875,-0.0625,-0.1838807463645935,0.375,0.0625,-0.1838807463645935,0.21875,0.0625,-0.1838807463645935,0.375,-0.0625,-0.1838807463645935,0.375,0.0625,-0.058880750089883804,0.375,-0.0625,-0.058880750089883804,0.375,0.0625,-0.1838807463645935,0.21875,0.0625,-0.1838807463645935,0.21875,-0.0625,-0.058880750089883804,0.21875,0.0625,-0.058880750089883804,0.21875,-0.0625,-0.1838807463645935,0.375,0.0625,-0.1838807463645935,0.21875,0.0625,-0.058880750089883804,0.375,0.0625,-0.058880750089883804,0.21875,0.0625,-0.058880750089883804,0.375,-0.0625,-0.058880750089883804,0.21875,-0.0625,-0.1838807463645935,0.375,-0.0625,-0.1838807463645935,0.21875,-0.0625,0.0973692536354065,0.34375,0.0625,0.0973692536354065,0.28125,0.0625,0.0973692536354065,0.34375,-0.0625,0.0973692536354065,0.28125,-0.0625,-0.058880750089883804,0.34375,-0.0625,-0.058880750089883804,0.28125,-0.0625,-0.058880750089883804,0.34375,0.0625,-0.058880750089883804,0.28125,0.0625,-0.058880750089883804,0.34375,-0.0625,-0.058880750089883804,0.34375,0.0625,0.0973692536354065,0.34375,-0.0625,0.0973692536354065,0.34375,0.0625,-0.058880750089883804,0.28125,0.0625,-0.058880750089883804,0.28125,-0.0625,0.0973692536354065,0.28125,0.0625,0.0973692536354065,0.28125,-0.0625,-0.058880750089883804,0.34375,0.0625,-0.058880750089883804,0.28125,0.0625,0.0973692536354065,0.34375,0.0625,0.0973692536354065,0.28125,0.0625,0.0973692536354065,0.34375,-0.0625,0.0973692536354065,0.28125,-0.0625,-0.058880750089883804,0.34375,-0.0625,-0.058880750089883804,0.28125,-0.0625,0.1838807463645935,0.27314311265945435,-0.09375,0.1838807463645935,0.27314311265945435,0.09375,0.1838807463645935,0.27314311265945435,-0.09375,0.0027696609031409025,0.32167166471481323,0.09375,0.0027696609031409025,0.32167166471481323,-0.09375,0.0027696609031409025,0.32167166471481323,0.09375,0.1838807463645935,0.27314311265945435,-0.09375,0.1838807463645935,0.27314311265945435,0.09375,0.0027696609031409025,0.32167166471481323,0.09375,0.0027696609031409025,0.32167166471481323,-0.09375,0.1838807463645935,0.27314311265945435,0.09375,0.0027696609031409025,0.32167166471481323,0.09375,0.1838807463645935,0.27314311265945435,0.09375,0.0027696609031409025,0.32167166471481323,-0.09375,0.1838807463645935,0.27314311265945435,-0.09375,0.0027696609031409025,0.32167166471481323,-0.09375],"indices":[0,1,2,1,3,2,4,5,6,5,7,6,8,9,10,9,11,10,12,13,14,13,15,14,16,17,18,17,19,18,20,21,22,21,23,22,24,25,26,25,27,26,28,29,30,29,31,30,32,33,34,33,35,34,36,37,38,37,39,38,40,41,42,41,43,42,44,45,46,45,47,46,48,49,50,49,51,50,52,53,54,53,55,54,56,57,58,57,59,58,60,61,62,61,63,62,64,65,66,65,67,66,68,69,70,69,71,70,72,73,74,72,74,73,75,76,77,75,77,76,78,79,80,78,80,81,82,83,84,82,84,83,85,86,87,85,87,86]},"optimizedModelData":{"":{"meshCount":1},"-named-nodes":{"meshCount":4},"-no-animations":{"meshCount":1}}}