{"schemaVersion":4,"source":{"uri":"models/environment/Volcano/crystals-red.gltf","sha256":"dcc06ca7bfd42e0f6ffc3b66b25092a7747d5a90943afcdf755d202067745523"},"animationNames":[],"boundingBox":{"min":{"x":-0.34600231457706837,"y":0,"z":-0.3804769957834706},"max":{"x":0.3125,"y":1.1813509941124263,"z":0.3125}},"nodeNames":["cube","cube","cube","pyramid","pyramid","pyramid","cube","cube","root",""],"trimesh":{"vertices":[0.26675117015838623,-0.3406755030155182,0.34648850560188293,0.26675117015838623,-0.5906754732131958,0.34648850560188293,0.26675117015838623,-0.3406755030155182,-0.15351150929927826,0.26675117015838623,-0.5906754732131958,-0.15351150929927826,-0.29574882984161377,-0.3406755030155182,-0.15351150929927826,-0.29574882984161377,-0.5906754732131958,-0.15351150929927826,-0.29574882984161377,-0.3406755030155182,0.34648850560188293,-0.29574882984161377,-0.5906754732131958,0.34648850560188293,-0.29574882984161377,-0.3406755030155182,-0.15351150929927826,-0.29574882984161377,-0.3406755030155182,0.34648850560188293,0.26675117015838623,-0.3406755030155182,-0.15351150929927826,0.26675117015838623,-0.3406755030155182,0.34648850560188293,-0.29574882984161377,-0.5906754732131958,0.34648850560188293,-0.29574882984161377,-0.5906754732131958,-0.15351150929927826,0.26675117015838623,-0.5906754732131958,0.34648850560188293,0.26675117015838623,-0.5906754732131958,-0.15351150929927826,-0.29574882984161377,-0.3406755030155182,0.34648850560188293,-0.29574882984161377,-0.5906754732131958,0.34648850560188293,0.26675117015838623,-0.3406755030155182,0.34648850560188293,0.26675117015838623,-0.5906754732131958,0.34648850560188293,0.26675117015838623,-0.3406755030155182,-0.15351150929927826,0.26675117015838623,-0.5906754732131958,-0.15351150929927826,-0.29574882984161377,-0.3406755030155182,-0.15351150929927826,-0.29574882984161377,-0.5906754732131958,-0.15351150929927826,0.326331228017807,0.31834062933921814,0.28398850560188293,0.22027869522571564,-0.4872083365917206,0.28398850560188293,0.326331228017807,0.31834062933921814,-0.09101150184869766,0.22027869522571564,-0.4872083365917206,-0.09101150184869766,-0.04546060040593147,0.3672879636287689,-0.09101150184869766,-0.15151312947273254,-0.4382610023021698,-0.09101150184869766,-0.04546060040593147,0.3672879636287689,0.28398850560188293,-0.15151312947273254,-0.4382610023021698,0.28398850560188293,-0.04546060040593147,0.3672879636287689,-0.09101150184869766,-0.04546060040593147,0.3672879636287689,0.28398850560188293,0.326331228017807,0.31834062933921814,-0.09101150184869766,0.326331228017807,0.31834062933921814,0.28398850560188293,-0.15151312947273254,-0.4382610023021698,0.28398850560188293,-0.15151312947273254,-0.4382610023021698,-0.09101150184869766,0.22027869522571564,-0.4872083365917206,0.28398850560188293,0.22027869522571564,-0.4872083365917206,-0.09101150184869766,-0.04546060040593147,0.3672879636287689,0.28398850560188293,-0.15151312947273254,-0.4382610023021698,0.28398850560188293,0.326331228017807,0.31834062933921814,0.28398850560188293,0.22027869522571564,-0.4872083365917206,0.28398850560188293,0.326331228017807,0.31834062933921814,-0.09101150184869766,0.22027869522571564,-0.4872083365917206,-0.09101150184869766,-0.04546060040593147,0.3672879636287689,-0.09101150184869766,-0.15151312947273254,-0.4382610023021698,-0.09101150184869766,0.16577744483947754,0.09153334051370621,-0.14165036380290985,0.24727867543697357,-0.41593137383461,0.21396471560001373,0.16720081865787506,-0.051782093942165375,-0.34648847579956055,0.2487020343542099,-0.5592467784881592,0.009126581251621246,-0.08066040277481079,-0.07930322736501694,-0.32895559072494507,0.000840824272017926,-0.5867679715156555,0.026659496128559113,-0.08208376914262772,0.06401220709085464,-0.12411744147539139,-0.0005825439584441483,-0.44345253705978394,0.2314976304769516,-0.08066040277481079,-0.07930322736501694,-0.32895559072494507,-0.08208376914262772,0.06401220709085464,-0.12411744147539139,0.16720081865787506,-0.051782093942165375,-0.34648847579956055,0.16577744483947754,0.09153334051370621,-0.14165036380290985,-0.0005825439584441483,-0.44345253705978394,0.2314976304769516,0.000840824272017926,-0.5867679715156555,0.026659496128559113,0.24727867543697357,-0.41593137383461,0.21396471560001373,0.2487020343542099,-0.5592467784881592,0.009126581251621246,-0.08208376914262772,0.06401220709085464,-0.12411744147539139,-0.0005825439584441483,-0.44345253705978394,0.2314976304769516,0.16577744483947754,0.09153334051370621,-0.14165036380290985,0.24727867543697357,-0.41593137383461,0.21396471560001373,0.16720081865787506,-0.051782093942165375,-0.34648847579956055,0.2487020343542099,-0.5592467784881592,0.009126581251621246,-0.08066040277481079,-0.07930322736501694,-0.32895559072494507,0.000840824272017926,-0.5867679715156555,0.026659496128559113,0.326331228017807,0.31834062933921814,-0.09101150184869766,0.326331228017807,0.31834062933921814,0.28398850560188293,-0.04546060040593147,0.3672879636287689,0.28398850560188293,-0.04546060040593147,0.3672879636287689,-0.09101150184869766,0.326331228017807,0.31834062933921814,0.28398850560188293,0.326331228017807,0.31834062933921814,-0.09101150184869766,0.1730668544769287,0.5906754732131958,0.09648849815130234,-0.04546060040593147,0.3672879636287689,0.28398850560188293,0.326331228017807,0.31834062933921814,0.28398850560188293,0.1730668544769287,0.5906754732131958,0.09648849815130234,0.326331228017807,0.31834062933921814,-0.09101150184869766,-0.04546060040593147,0.3672879636287689,-0.09101150184869766,0.1730668544769287,0.5906754732131958,0.09648849815130234,-0.04546060040593147,0.3672879636287689,-0.09101150184869766,-0.04546060040593147,0.3672879636287689,0.28398850560188293,0.1730668544769287,0.5906754732131958,0.09648849815130234,0.16720081865787506,-0.051782093942165375,-0.34648847579956055,0.16577744483947754,0.09153334051370621,-0.14165036380290985,-0.08208376914262772,0.06401220709085464,-0.12411744147539139,-0.08066040277481079,-0.07930322736501694,-0.32895559072494507,0.16577744483947754,0.09153334051370621,-0.14165036380290985,0.16720081865787506,-0.051782093942165375,-0.34648847579956055,0.026258278638124466,0.10760799795389175,-0.3064259886741638,-0.08208376914262772,0.06401220709085464,-0.12411744147539139,0.16577744483947754,0.09153334051370621,-0.14165036380290985,0.026258278638124466,0.10760799795389175,-0.3064259886741638,0.16720081865787506,-0.051782093942165375,-0.34648847579956055,-0.08066040277481079,-0.07930322736501694,-0.32895559072494507,0.026258278638124466,0.10760799795389175,-0.3064259886741638,-0.08066040277481079,-0.07930322736501694,-0.32895559072494507,-0.08208376914262772,0.06401220709085464,-0.12411744147539139,0.026258278638124466,0.10760799795389175,-0.3064259886741638,-0.08138994127511978,0.14060261845588684,-0.028511501848697662,-0.08138994127511978,0.14060261845588684,0.22148849070072174,-0.32925114035606384,0.10797104984521866,0.22148849070072174,-0.32925114035606384,0.10797104984521866,-0.028511501848697662,-0.08138994127511978,0.14060261845588684,0.22148849070072174,-0.08138994127511978,0.14060261845588684,-0.028511501848697662,-0.2216363251209259,0.24821743369102478,0.09648849815130234,-0.32925114035606384,0.10797104984521866,0.22148849070072174,-0.08138994127511978,0.14060261845588684,0.22148849070072174,-0.2216363251209259,0.24821743369102478,0.09648849815130234,-0.08138994127511978,0.14060261845588684,-0.028511501848697662,-0.32925114035606384,0.10797104984521866,-0.028511501848697662,-0.2216363251209259,0.24821743369102478,0.09648849815130234,-0.32925114035606384,0.10797104984521866,-0.028511501848697662,-0.32925114035606384,0.10797104984521866,0.22148849070072174,-0.2216363251209259,0.24821743369102478,0.09648849815130234,-0.08138994127511978,0.14060261845588684,0.22148849070072174,0.0001889282721094787,-0.4790504574775696,0.22148849070072174,-0.08138994127511978,0.14060261845588684,-0.028511501848697662,0.0001889282721094787,-0.4790504574775696,-0.028511501848697662,