{"schemaVersion":4,"source":{"uri":"models/npcs/fish/bass.gltf","sha256":"39aa00a53d6702443294d082bfeea9e7070ef28e4908990c38da64c8cfc47a34"},"animationNames":["idle","walk"],"boundingBox":{"min":{"x":-0.37179276252634813,"y":0.026416701688446537,"z":-0.5},"max":{"x":0.34289625863491097,"y":0.6875,"z":0.8125}},"nodeNames":["cube","cube","fin","cube","fin2","cube","top_fin","cube","cube","tail","cube","head","bass"],"trimesh":{"vertices":[0.09375,0.3125,0.5625,0.09375,-0.0625,0.5625,0.09375,0.3125,-0.125,0.09375,-0.0625,-0.125,-0.09375,0.3125,-0.125,-0.09375,-0.0625,-0.125,-0.09375,0.3125,0.5625,-0.09375,-0.0625,0.5625,-0.09375,0.3125,-0.125,-0.09375,0.3125,0.5625,0.09375,0.3125,-0.125,0.09375,0.3125,0.5625,-0.09375,-0.0625,0.5625,-0.09375,-0.0625,-0.125,0.09375,-0.0625,0.5625,0.09375,-0.0625,-0.125,-0.09375,0.3125,0.5625,-0.09375,-0.0625,0.5625,0.09375,0.3125,0.5625,0.09375,-0.0625,0.5625,0.09375,0.3125,-0.125,0.09375,-0.0625,-0.125,-0.09375,0.3125,-0.125,-0.09375,-0.0625,-0.125,0.09375,0.125,0,0.09375,0.125,0.25,0.09375,0.125,0,-0.09375,0.125,0.25,-0.09375,0.125,0,-0.09375,0.125,0.25,0.09375,0.125,0.25,0.09375,0.125,0,-0.09375,0.125,0,-0.09375,0.125,0.25,0.09375,0.125,0.25,-0.09375,0.125,0.25,0.09375,0.125,0.25,-0.09375,0.125,0,-0.09375,0.125,0,-0.09375,0.125,0.25,-0.09375,0.125,0,-0.09375,0.125,0.25,0.09375,0.125,0,0.09375,0.125,0.25,0.09375,0.125,0,0.09375,0.125,0,-0.09375,0.125,0,-0.09375,0.125,0.25,0.09375,0.125,0.25,0.09375,0.125,0.25,-0.09375,0.125,0.25,0.09375,0.125,0.25,0.09375,0.125,0,-0.09375,0.125,0,0,0,0.46875,0,0.3125,0.46875,0,0.3125,-0.34375,0,0,-0.34375,0,0.3125,-0.34375,0,0.3125,-0.34375,0,0.3125,0.46875,0,0,0.46875,0,0,0.46875,0,0,-0.34375,0,0.3125,0.46875,0,0.3125,0.46875,0,0,0.46875,0,0,-0.34375,0,-0.1875,0.375,0,0.25,0.375,0,0.25,0,0,-0.1875,0,0,0.25,0,0,0.25,0,0,0.25,0.375,0,-0.1875,0.375,0,-0.1875,0.375,0,-0.1875,0,0,0.25,0.375,0,0.25,0.375,0,-0.1875,0.375,0,-0.1875,0,0.046875,0.15625,0.125,0.046875,-0.09375,0.125,0.046875,0.15625,-0.0625,0.046875,-0.09375,-0.0625,-0.046875,0.15625,-0.0625,-0.046875,-0.09375,-0.0625,-0.046875,0.15625,0.125,-0.046875,-0.09375,0.125,-0.046875,0.15625,-0.0625,-0.046875,0.15625,0.125,0.046875,0.15625,-0.0625,0.046875,0.15625,0.125,-0.046875,-0.09375,0.125,-0.046875,-0.09375,-0.0625,0.046875,-0.09375,0.125,0.046875,-0.09375,-0.0625,-0.046875,0.15625,0.125,-0.046875,-0.09375,0.125,0.046875,0.15625,0.125,0.046875,-0.09375,0.125,0.046875,0.15625,-0.0625,0.046875,-0.09375,-0.0625,-0.046875,0.15625,-0.0625,-0.046875,-0.09375,-0.0625,0.0625,0.2487500011920929,0.3125,0.0625,-0.016875000670552254,0.3125,0.0625,0.2487500011920929,0.125,0.0625,-0.016875000670552254,0.125,-0.0625,0.2487500011920929,0.125,-0.0625,-0.016875000670552254,0.125,-0.0625,0.2487500011920929,0.3125,-0.0625,-0.016875000670552254,0.3125,-0.0625,0.2487500011920929,0.125,-0.0625,0.2487500011920929,0.3125,0.0625,0.2487500011920929,0.125,0.0625,0.2487500011920929,0.3125,-0.0625,-0.016875000670552254,0.3125,-0.0625,-0.016875000670552254,0.125,0.0625,-0.016875000670552254,0.3125,0.0625,-0.016875000670552254,0.125,-0.0625,0.2487500011920929,0.3125,-0.0625,-0.016875000670552254,0.3125,0.0625,0.2487500011920929,0.3125,0.0625,-0.016875000670552254,0.3125,0.0625,0.2487500011920929,0.125,0.0625,-0.016875000670552254,0.125,-0.0625,0.2487500011920929,0.125,-0.0625,-0.016875000670552254,0.125],"indices":[0,1,2,1,3,2,4,5,6,5,7,6,8,9,10,9,11,10,12,13,14,13,15,14,16,17,18,17,19,18,20,21,22,21,23,22,24,25,26,24,26,25,27,28,29,27,29,28,30,31,32,30,32,33,34,35,36,34,36,35,37,24,38,37,38,24,39,40,40,39,40,41,42,43,43,42,43,44,45,46,47,45,47,48,49,50,50,49,50,51,40,52,52,40,52,53,54,55,56,54,56,57,58,59,60,58,60,60,61,62,63,61,63,63,64,65,66,64,66,66,58,59,67,58,67,67,68,69,70,68,70,71,72,73,74,72,74,74,75,76,77,75,77,77,78,79,80,78,80,80,72,73,81,72,81,81,82,83,84,83,85,84,86,87,88,87,89,88,90,91,92,91,93,92,94,95,96,95,97,96,98,99,100,99,101,100,102,103,104,103,105,104,106,107,108,107,109,108,110,111,112,111,113,112,114,115,116,115,117,116,118,119,120,119,121,120,122,123,124,123,125,124,126,127,128,127,129,128]},"optimizedModelData":{"":{"meshCount":6},"-named-nodes":{"meshCount":7},"-no-animations":{"meshCount":1}}}