{"schemaVersion":4,"source":{"uri":"models/environment/City/construction-barrier.gltf","sha256":"a3b4a017024442a178b056091742ab952da5e006115ae74699fe317bee546557"},"animationNames":[],"boundingBox":{"min":{"x":-0.5625,"y":0.0019084769861015954,"z":-0.48093741601039375},"max":{"x":0.5625,"y":0.8951290624418331,"z":0.48093741601039375}},"nodeNames":["cube","cube","cube","cube","cube","cube","cube","cube","root",""],"trimesh":{"vertices":[0.5625,0.44661030173301697,0.1143442690372467,0.5625,0.2802957594394684,0.2009221315383911,0.5625,0.4177510142326355,0.05890609323978424,0.5625,0.2514364719390869,0.14548395574092865,-0.5625,0.4177510142326355,0.05890609323978424,-0.5625,0.2514364719390869,0.14548395574092865,-0.5625,0.44661030173301697,0.1143442690372467,-0.5625,0.2802957594394684,0.2009221315383911,-0.5625,0.4177510142326355,0.05890609323978424,-0.5625,0.44661030173301697,0.1143442690372467,0.5625,0.4177510142326355,0.05890609323978424,0.5625,0.44661030173301697,0.1143442690372467,-0.5625,0.2802957594394684,0.2009221315383911,-0.5625,0.2514364719390869,0.14548395574092865,0.5625,0.2802957594394684,0.2009221315383911,0.5625,0.2514364719390869,0.14548395574092865,-0.5625,0.44661030173301697,0.1143442690372467,-0.5625,0.2802957594394684,0.2009221315383911,0.5625,0.44661030173301697,0.1143442690372467,0.5625,0.2802957594394684,0.2009221315383911,0.5625,0.4177510142326355,0.05890609323978424,0.5625,0.2514364719390869,0.14548395574092865,-0.5625,0.4177510142326355,0.05890609323978424,-0.5625,0.2514364719390869,0.14548395574092865,0.5625,0.19661028683185577,0.2393442690372467,0.5625,0.030295761302113533,0.3259221315383911,0.5625,0.1677509993314743,0.18390609323978424,0.5625,0.0014364728704094887,0.27048397064208984,-0.5625,0.1677509993314743,0.18390609323978424,-0.5625,0.0014364728704094887,0.27048397064208984,-0.5625,0.19661028683185577,0.2393442690372467,-0.5625,0.030295761302113533,0.3259221315383911,-0.5625,0.1677509993314743,0.18390609323978424,-0.5625,0.19661028683185577,0.2393442690372467,0.5625,0.1677509993314743,0.18390609323978424,0.5625,0.19661028683185577,0.2393442690372467,-0.5625,0.030295761302113533,0.3259221315383911,-0.5625,0.0014364728704094887,0.27048397064208984,0.5625,0.030295761302113533,0.3259221315383911,0.5625,0.0014364728704094887,0.27048397064208984,-0.5625,0.19661028683185577,0.2393442690372467,-0.5625,0.030295761302113533,0.3259221315383911,0.5625,0.19661028683185577,0.2393442690372467,0.5625,0.030295761302113533,0.3259221315383911,0.5625,0.1677509993314743,0.18390609323978424,0.5625,0.0014364728704094887,0.27048397064208984,-0.5625,0.1677509993314743,0.18390609323978424,-0.5625,0.0014364728704094887,0.27048397064208984,-0.375,0.3747311532497406,0.015348854474723339,-0.375,-0.44661030173301697,-0.3676489293575287,-0.375,0.42755842208862305,-0.09793961048126221,-0.375,-0.3937830328941345,-0.4809374511241913,-0.5,0.42755842208862305,-0.09793961048126221,-0.5,-0.3937830328941345,-0.4809374511241913,-0.5,0.3747311532497406,0.015348854474723339,-0.5,-0.44661030173301697,-0.3676489293575287,-0.5,0.42755842208862305,-0.09793961048126221,-0.5,0.3747311532497406,0.015348854474723339,-0.375,0.42755842208862305,-0.09793961048126221,-0.375,0.3747311532497406,0.015348854474723339,-0.5,-0.44661030173301697,-0.3676489293575287,-0.5,-0.3937830328941345,-0.4809374511241913,-0.375,-0.44661030173301697,-0.3676489293575287,-0.375,-0.3937830328941345,-0.4809374511241913,-0.5,0.3747311532497406,0.015348854474723339,-0.5,-0.44661030173301697,-0.3676489293575287,-0.375,0.3747311532497406,0.015348854474723339,-0.375,-0.44661030173301697,-0.3676489293575287,-0.375,0.42755842208862305,-0.09793961048126221,-0.375,-0.3937830328941345,-0.4809374511241913,-0.5,0.42755842208862305,-0.09793961048126221,-0.5,-0.3937830328941345,-0.4809374511241913,-0.375,0.42755842208862305,0.0979396179318428,-0.375,-0.39378300309181213,0.4809374213218689,-0.375,0.3747311234474182,-0.015348845161497593,-0.375,-0.44661030173301697,0.3676489591598511,-0.5,0.3747311234474182,-0.015348845161497593,-0.5,-0.44661030173301697,0.3676489591598511,-0.5,0.42755842208862305,0.0979396179318428,-0.5,-0.39378300309181213,0.4809374213218689,-0.5,0.3747311234474182,-0.015348845161497593,-0.5,0.42755842208862305,0.0979396179318428,-0.375,0.3747311234474182,-0.015348845161497593,-0.375,0.42755842208862305,0.0979396179318428,-0.5,-0.39378300309181213,0.4809374213218689,-0.5,-0.44661030173301697,0.3676489591598511,-0.375,-0.39378300309181213,0.4809374213218689,-0.375,-0.44661030173301697,0.3676489591598511,-0.5,0.42755842208862305,0.0979396179318428,-0.5,-0.39378300309181213,0.4809374213218689,-0.375,0.42755842208862305,0.0979396179318428,-0.375,-0.39378300309181213,0.4809374213218689,-0.375,0.3747311234474182,-0.015348845161497593,-0.375,-0.44661030173301697,0.3676489591598511,-0.5,0.3747311234474182,-0.015348845161497593,-0.5,-0.44661030173301697,0.3676489591598511,0.5,0.42755842208862305,0.0979396179318428,0.5,-0.39378300309181213,0.4809374213218689,0.5,0.3747311234474182,-0.015348845161497593,0.5,-0.44661030173301697,0.3676489591598511,0.375,0.3747311234474182,-0.015348845161497593,0.375,-0.44661030173301697,0.3676489591598511,0.375,0.42755842208862305,0.0979396179318428,0.375,-0.39378300309181213,0.4809374213218689,0.375,0.3747311234474182,-0.015348845161497593,0.375,0.42755842208862305,0.0979396179318428,0.5,0.3747311234474182,-0.015348845161497593,0.5,0.42755842208862305,0.0979396179318428,0.375,-0.39378300309181213,0.4809374213218689,0.375,-0.44661030173301697,0.3676489591598511,0.5,-0.39378300309181213,0.4809374213218689,0.5,-0.44661030173301697,0.3676489591598511,0.375,0.42755842208862305,0.0979396179318428,0.375,-0.39378300309181213,0.4809374213218689,0.5,0.42755842208862305,0.0979396179318428,0.5,-0.39378300309181213,0.4809374213218689,0.5,0.3747311234474182,-0.015348845161497593,0.5,-0.44661030173301697,0.3676489591598511,0.375,0.3747311234474182,-0.015348845161497593,0.375,-0.44661030173301697,0.3676489591598511,0.5625,0.4177510142326355,-0.058906085789203644,0.5625,0.2514364719390869,-0.14548395574092865,0.5625,0.4466102719306946,-0.11434426158666611,0.5625,0.28029578924179077,-0.2009221315383911,-0.5625,0.4466102719306946,-0.11434426158666611,-0.5625,0.28029578924179077,-0.2009221315383911,-0.5625,0.4177510142326355,-0.058906085789203644,-0.5625,0.2514364719390869,-0.14548395574092865,-0.5625,0.4466102719306946,-0.11434426158666611,-0.5625,0.4177510142326355,-0.058906085789203644,0.5625,0.4466102719306946,-0.11434426158666611,0.5625,0.4177510142326355,-0.058906085789203644,-0.5625,0.2514364719390869,-0.14548395574092865,-0.5625,0.28029578924179077,-0.2009221315383911,0.5625,0.2514364719390869,-0.14548395574092865,0.5625,0.28029578924179077,-0.2009221315383911,-0.5625,0.4177510142326355,-0.058906085789203644,-0.5625,0.2514364719390869,-0.14548395574092865,0.5625,0.4177510142326355,-0.058906085789203644,0.5625,0.2514364719390869,-0.14548395574092865,0.5625,0.4466102719306946,-0.11434426158666611,0.5625,0.28029578924179077,-0.2009221315383911,-0.5625,0.4466102719306946,-0.11434426158666611,-0.5625,0.28029578924179077,-0.2009221315383911,0.5625,0.1677510142326355,-0.18390607833862305,0.5625,0.0014364618109539151,-0.27048397064208984,0.5625,0.19661028683185577,-0.2393442541360855,0.5625,0.03029576689004898,-0.3259221315383911,-0.5625,0.19661028683185577,-0.2393442541360855,-0.5625,0.03029576689004898,-0.3259221315383911,-0.5625,0.1677510142326355,-0.18390607833862305,-0.5625,0.0014364618109539151,-0.27048397064208984,-0.5625,0.19661028683185577,-0.2393442541360855,-0.5625,0.1677510142326355,-0.18390607833862305,0.5625,0.19661028683185577,-0.2393442541360855,0.5625,0.1677510142326355,-0.18390607833862305,-0.5625,0.0014364618109539151,-0.27048397064208984,-0.5625,0.03029576689004898,-0.3259221315383911,0.5625,0.0014364618109539151,-0.27048397064208984,0.5625,0.03029576689004898,-0.3259221315383911,-0.5625,0.1677510142326355,-0.18390607833862305,-0.5625,0.0014364618109539151,