{"schemaVersion":4,"source":{"uri":"models/npcs/fish/grouper.gltf","sha256":"373805146b445feaa1778f322627d5c5bf5ae82c950551726c4af2584dfb24a3"},"animationNames":["idle","walk"],"boundingBox":{"min":{"x":-0.65625,"y":-0.0625,"z":-1.2112858680877785},"max":{"x":0.65625,"y":1,"z":1.1875}},"nodeNames":["cube","cube","cube","cube","cube","tail","cube","cube","head","cube","left_fin","cube","right_fin","cube","top_fin","body","grouper"],"trimesh":{"vertices":[0.28125,0.375,0.4375,0.28125,-0.125,0.4375,0.28125,0.375,0.0625,0.28125,-0.125,0.0625,-0.28125,0.375,0.0625,-0.28125,-0.125,0.0625,-0.28125,0.375,0.4375,-0.28125,-0.125,0.4375,-0.28125,0.375,0.0625,-0.28125,0.375,0.4375,0.28125,0.375,0.0625,0.28125,0.375,0.4375,-0.28125,-0.125,0.4375,-0.28125,-0.125,0.0625,0.28125,-0.125,0.4375,0.28125,-0.125,0.0625,-0.28125,0.375,0.4375,-0.28125,-0.125,0.4375,0.28125,0.375,0.4375,0.28125,-0.125,0.4375,0.28125,0.375,0.0625,0.28125,-0.125,0.0625,-0.28125,0.375,0.0625,-0.28125,-0.125,0.0625,0.28125,0.4375,0.0625,0.28125,-0.125,0.0625,0.28125,0.4375,-0.6875,0.28125,-0.125,-0.6875,-0.28125,0.4375,-0.6875,-0.28125,-0.125,-0.6875,-0.28125,0.4375,0.0625,-0.28125,-0.125,0.0625,-0.28125,0.4375,-0.6875,-0.28125,0.4375,0.0625,0.28125,0.4375,-0.6875,0.28125,0.4375,0.0625,-0.28125,-0.125,0.0625,-0.28125,-0.125,-0.6875,0.28125,-0.125,0.0625,0.28125,-0.125,-0.6875,-0.28125,0.4375,0.0625,-0.28125,-0.125,0.0625,0.28125,0.4375,0.0625,0.28125,-0.125,0.0625,0.28125,0.4375,-0.6875,0.28125,-0.125,-0.6875,-0.28125,0.4375,-0.6875,-0.28125,-0.125,-0.6875,0,-0.375,0.5,0,-0.0625,0.5,0,-0.0625,0.0625,0,-0.375,0.0625,0,-0.0625,0.0625,0,-0.0625,0.0625,0,-0.0625,0.5,0,-0.375,0.5,0,-0.375,0.5,0,-0.375,0.0625,0,-0.0625,0.5,0,-0.0625,0.5,0,-0.375,0.5,0,-0.0625,0.0625,0,-0.0625,0.0625,0,-0.375,0.0625,0.15625,0.28125,-0.1875,0.15625,-0.03125,-0.1875,0.15625,0.28125,-0.625,0.15625,-0.03125,-0.625,-0.15625,0.28125,-0.625,-0.15625,-0.03125,-0.625,-0.15625,0.28125,-0.1875,-0.15625,-0.03125,-0.1875,-0.15625,0.28125,-0.625,-0.15625,0.28125,-0.1875,0.15625,0.28125,-0.625,0.15625,0.28125,-0.1875,-0.15625,-0.03125,-0.1875,-0.15625,-0.03125,-0.625,0.15625,-0.03125,-0.1875,0.15625,-0.03125,-0.625,-0.15625,0.28125,-0.1875,-0.15625,-0.03125,-0.1875,0.15625,0.28125,-0.1875,0.15625,-0.03125,-0.1875,0.15625,0.28125,-0.625,0.15625,-0.03125,-0.625,-0.15625,0.28125,-0.625,-0.15625,-0.03125,-0.625,0,-0.21875,0.125,0,0.46875,0.125,0,0.46875,-0.4375,0,-0.21875,-0.4375,0,0.46875,-0.4375,0,0.46875,-0.4375,0,0.46875,0.125,0,-0.21875,0.125,0,-0.21875,0.125,0,-0.21875,-0.4375,0,0.46875,0.125,0,0.46875,0.125,0,-0.21875,0.125,0,-0.21875,-0.4375,0.3125,0.3125,0.125,0.3125,-0.1875,0.125,0.3125,0.3125,-0.4375,0.3125,-0.1875,-0.4375,-0.3125,0.3125,-0.4375,-0.3125,-0.1875,-0.4375,-0.3125,0.3125,0.125,-0.3125,-0.1875,0.125,-0.3125,0.3125,-0.4375,-0.3125,0.3125,0.125,0.3125,0.3125,-0.4375,0.3125,0.3125,0.125,-0.3125,-0.1875,0.125,-0.3125,-0.1875,-0.4375,0.3125,-0.1875,0.125,0.3125,-0.1875,-0.4375,-0.3125,0.3125,0.125,-0.3125,-0.1875,0.125,0.3125,0.3125,0.125,0.3125,-0.1875,0.125,0.3125,0.3125,-0.4375,0.3125,-0.1875,-0.4375,-0.3125,0.3125,-0.4375,-0.3125,-0.1875,-0.4375,0.375,0.375,-0.1875,0.375,-0.125,-0.1875,0.375,0.375,-0.375,0.375,-0.125,-0.375,-0.375,0.375,-0.375,-0.375,-0.125,-0.375,-0.375,0.375,-0.1875,-0.375,-0.125,-0.1875,-0.375,0.375,-0.375,-0.375,0.375,-0.1875,0.375,0.375,-0.375,0.375,0.375,-0.1875,-0.375,-0.125,-0.1875,-0.375,-0.125,-0.375,0.375,-0.125,-0.1875,0.375,-0.125,-0.375,-0.375,0.375,-0.1875,-0.375,-0.125,-0.1875,0.375,0.375,-0.1875,0.375,-0.125,-0.1875,0.375,0.375,-0.375,0.375,-0.125,-0.375,-0.375,0.375,-0.375,-0.375,-0.125,-0.375,0.0625,0,-0.0625,0.0625,0,0.4375,0.0625,0,-0.0625,0.0625,0,0.4375,0.0625,0,-0.0625,-0.3125,0,-0.0625,-0.3125,0,0.4375,-0.0625,0,0.4375,-0.0625,0,-0.0625,-0.0625,0,0.4375,0.3125,0,-0.0625,-0.0625,0,-0.0625,-0.0625,0,0.4375,0.3125,0,0.4375,0,0.375,0.4375,0,0.6875,0.4375,0,0.6875,-0.3125,0,0.375,-0.3125,0,0.6875,-0.3125,0,0.6875,-0.3125,0,0.6875,0.4375,0,0.375,0.4375,0,0.375,0.4375,0,0.375,-0.3125,0,0.6875,0.4375,0,0.6875,0.4375,0,0.375,0.4375,0,0.375,-0.3125],"indices":[0,1,2,1,3,2,4,5,6,5,7,6,8,9,10,9,11,10,12,13,14,13,15,14,16,17,18,17,19,18,20,21,22,21,23,22,24,25,26,25,27,26,28,29,30,29,31,30,32,33,34,33,35,34,36,37,38,37,39,38,40,41,42,41,43,42,44,45,46,45,47,46,48,49,50,48,50,51,52,53,54,52,54,54,55,56,57,55,57,57,58,59,60,58,60,60,61,62,63,61,63,63,64,65,66,65,67,66,68,69,70,69,71,70,72,73,74,73,75,74,76,77,78,77,79,78,80,81,82,81,83,82,84,85,86,85,87,86,88,89,90,88,90,91,92,93,94,92,94,94,95,96,97,95,97,97,98,99,100,98,100,100,92,93,101,92,101,101,102,103,104,103,105,104,106,107,108,107,109,108,110,111,112,111,113,112,114,115,116,115,117,116,118,119,120,119,121,120,122,123,124,123,125,124,126,127,128,127,129,128,130,131,132,131,133,132,134,135,136,135,137,136,138,139,140,139,141,140,142,143,144,143,145,144,146,147,148,147,149,148,150,151,152,150,152,151,153,154,155,153,155,156,157,158,158,157,158,159,160,161,162,160,162,163,164,165,166,164,166,167,168,169,170,168,170,170,171,172,173,171,173,173,174,175,176,174,176,176,168,169,177,168,177,177]},"optimizedModelData":{"":{"meshCount":6},"-named-nodes":{"meshCount":10},"-no-animations":{"meshCount":1}}}