{"schemaVersion":4,"source":{"uri":"models/environment/Gameplay/ice-spikes.gltf","sha256":"d1c07847cbfcb7264dc9ba1d82539ce1f5d6c5ecf71061ed5b9694161424279e"},"animationNames":[],"boundingBox":{"min":{"x":-0.495000005364418,"y":0,"z":-0.40500000536441805},"max":{"x":0.495000005364418,"y":1.440000057220459,"z":0.40500000536441805}},"nodeNames":["pyramid","pyramid","pyramid","ice_spikes",""],"trimesh":{"vertices":[0.3149999976158142,-0.7200000286102295,-0.3149999976158142,0.3149999976158142,-0.7200000286102295,0.3149999976158142,-0.3149999976158142,-0.7200000286102295,0.3149999976158142,-0.3149999976158142,-0.7200000286102295,-0.3149999976158142,0.3149999976158142,-0.7200000286102295,0.3149999976158142,0.3149999976158142,-0.7200000286102295,-0.3149999976158142,0,0.7200000286102295,0,-0.3149999976158142,-0.7200000286102295,0.3149999976158142,0.3149999976158142,-0.7200000286102295,0.3149999976158142,0,0.7200000286102295,0,0.3149999976158142,-0.7200000286102295,-0.3149999976158142,-0.3149999976158142,-0.7200000286102295,-0.3149999976158142,0,0.7200000286102295,0,-0.3149999976158142,-0.7200000286102295,-0.3149999976158142,-0.3149999976158142,-0.7200000286102295,0.3149999976158142,0,0.7200000286102295,0,-0.22499999403953552,-0.7200000286102295,0.13499999046325684,-0.22499999403953552,-0.7200000286102295,0.4050000011920929,-0.4950000047683716,-0.7200000286102295,0.4050000011920929,-0.4950000047683716,-0.7200000286102295,0.13499999046325684,-0.22499999403953552,-0.7200000286102295,0.4050000011920929,-0.22499999403953552,-0.7200000286102295,0.13499999046325684,-0.36000001430511475,0.26999998092651367,0.27000001072883606,-0.4950000047683716,-0.7200000286102295,0.4050000011920929,-0.22499999403953552,-0.7200000286102295,0.4050000011920929,-0.36000001430511475,0.26999998092651367,0.27000001072883606,-0.22499999403953552,-0.7200000286102295,0.13499999046325684,-0.4950000047683716,-0.7200000286102295,0.13499999046325684,-0.36000001430511475,0.26999998092651367,0.27000001072883606,-0.4950000047683716,-0.7200000286102295,0.13499999046325684,-0.4950000047683716,-0.7200000286102295,0.4050000011920929,-0.36000001430511475,0.26999998092651367,0.27000001072883606,0.22499999403953552,-0.7200000286102295,-0.13499999046325684,0.22499999403953552,-0.7200000286102295,-0.4050000011920929,0.4950000047683716,-0.7200000286102295,-0.4050000011920929,0.4950000047683716,-0.7200000286102295,-0.13499999046325684,0.22499999403953552,-0.7200000286102295,-0.4050000011920929,0.22499999403953552,-0.7200000286102295,-0.13499999046325684,0.36000001430511475,0.26999998092651367,-0.27000001072883606,0.4950000047683716,-0.7200000286102295,-0.4050000011920929,0.22499999403953552,-0.7200000286102295,-0.4050000011920929,0.36000001430511475,0.26999998092651367,-0.27000001072883606,0.22499999403953552,-0.7200000286102295,-0.13499999046325684,0.4950000047683716,-0.7200000286102295,-0.13499999046325684,0.36000001430511475,0.26999998092651367,-0.27000001072883606,0.4950000047683716,-0.7200000286102295,-0.13499999046325684,0.4950000047683716,-0.7200000286102295,-0.4050000011920929,0.36000001430511475,0.26999998092651367,-0.27000001072883606],"indices":[0,1,2,0,2,3,4,5,6,7,8,9,10,11,12,13,14,15,16,17,18,16,18,19,20,21,22,23,24,25,26,27,28,29,30,31,32,33,34,32,34,35,36,37,38,39,40,41,42,43,44,45,46,47]},"optimizedModelData":{"":{"meshCount":1},"-named-nodes":{"meshCount":3},"-no-animations":{"meshCount":1}}}