{"schemaVersion":4,"source":{"uri":"models/tools/axe/ruby-axe.gltf","sha256":"9c781358a8edf68b8c884516ee492d2f889a272ac8ee2fa596175234abd86b14"},"animationNames":[],"boundingBox":{"min":{"x":-0.13258252147247768,"y":0,"z":-0.0625},"max":{"x":0.34375,"y":1,"z":0.0625}},"nodeNames":["cube","cube","cube","cube","cube","cube","cube","cube","cube","cube","axe"],"trimesh":{"vertices":[-0.07433374226093292,0.15625,0.03125,-0.07433374226093292,-0.4375,0.03125,-0.07433374226093292,0.15625,-0.03125,-0.07433374226093292,-0.4375,-0.03125,-0.13683374226093292,0.15625,-0.03125,-0.13683374226093292,-0.4375,-0.03125,-0.13683374226093292,0.15625,0.03125,-0.13683374226093292,-0.4375,0.03125,-0.13683374226093292,0.15625,-0.03125,-0.13683374226093292,0.15625,0.03125,-0.07433374226093292,0.15625,-0.03125,-0.07433374226093292,0.15625,0.03125,-0.13683374226093292,-0.4375,0.03125,-0.13683374226093292,-0.4375,-0.03125,-0.07433374226093292,-0.4375,0.03125,-0.07433374226093292,-0.4375,-0.03125,-0.13683374226093292,0.15625,0.03125,-0.13683374226093292,-0.4375,0.03125,-0.07433374226093292,0.15625,0.03125,-0.07433374226093292,-0.4375,0.03125,-0.07433374226093292,0.15625,-0.03125,-0.07433374226093292,-0.4375,-0.03125,-0.13683374226093292,0.15625,-0.03125,-0.13683374226093292,-0.4375,-0.03125,-0.10558374226093292,0.41383254528045654,0.0625,0.02699877694249153,0.28125,0.0625,-0.10558374226093292,0.41383254528045654,-0.0625,0.02699877694249153,0.28125,-0.0625,-0.23816625773906708,0.28125,-0.0625,-0.10558374226093292,0.14866745471954346,-0.0625,-0.23816625773906708,0.28125,0.0625,-0.10558374226093292,0.14866745471954346,0.0625,-0.23816625773906708,0.28125,-0.0625,-0.23816625773906708,0.28125,0.0625,-0.10558374226093292,0.41383254528045654,-0.0625,-0.10558374226093292,0.41383254528045654,0.0625,-0.10558374226093292,0.14866745471954346,0.0625,-0.10558374226093292,0.14866745471954346,-0.0625,0.02699877694249153,0.28125,0.0625,0.02699877694249153,0.28125,-0.0625,-0.23816625773906708,0.28125,0.0625,-0.10558374226093292,0.14866745471954346,0.0625,-0.10558374226093292,0.41383254528045654,0.0625,0.02699877694249153,0.28125,0.0625,-0.10558374226093292,0.41383254528045654,-0.0625,0.02699877694249153,0.28125,-0.0625,-0.23816625773906708,0.28125,-0.0625,-0.10558374226093292,0.14866745471954346,-0.0625,0.23816625773906708,0.46875,0,0.23816625773906708,0.46875,0,0.23816625773906708,0.03125,0,-0.043083738535642624,0.46875,0,-0.043083738535642624,0.46875,0,-0.043083738535642624,0.03125,0,0.23816625773906708,0.46875,0,0.23816625773906708,0.46875,0,0.23816625773906708,0.03125,0,-0.043083738535642624,0.03125,0,0.23816625773906708,0.03125,0,-0.043083738535642624,0.03125,0,-0.043083738535642624,0.46875,0,0.23816625773906708,0.46875,0,0.23816625773906708,0.03125,0,0.08191625773906708,0.34375,0.03125,0.08191625773906708,0.21875,0.03125,0.08191625773906708,0.34375,-0.03125,0.08191625773906708,0.21875,-0.03125,-0.07433374226093292,0.34375,-0.03125,-0.07433374226093292,0.21875,-0.03125,-0.07433374226093292,0.34375,0.03125,-0.07433374226093292,0.21875,0.03125,-0.07433374226093292,0.34375,-0.03125,-0.07433374226093292,0.34375,0.03125,0.08191625773906708,0.34375,-0.03125,0.08191625773906708,0.34375,0.03125,-0.07433374226093292,0.21875,0.03125,-0.07433374226093292,0.21875,-0.03125,0.08191625773906708,0.21875,0.03125,0.08191625773906708,0.21875,-0.03125,-0.07433374226093292,0.34375,0.03125,-0.07433374226093292,0.21875,0.03125,0.08191625773906708,0.34375,0.03125,0.08191625773906708,0.21875,0.03125,0.08191625773906708,0.34375,-0.03125,0.08191625773906708,0.21875,-0.03125,-0.07433374226093292,0.34375,-0.03125,-0.07433374226093292,0.21875,-0.03125,-0.06652124226093292,-0.03125,0.0390625,-0.06652124226093292,-0.25,0.0390625,-0.06652124226093292,-0.03125,-0.0390625,-0.06652124226093292,-0.25,-0.0390625,-0.14464624226093292,-0.03125,-0.0390625,-0.14464624226093292,-0.25,-0.0390625,-0.14464624226093292,-0.03125,0.0390625,-0.14464624226093292,-0.25,0.0390625,-0.14464624226093292,-0.03125,-0.0390625,-0.14464624226093292,-0.03125,0.0390625,-0.06652124226093292,-0.03125,-0.0390625,-0.06652124226093292,-0.03125,0.0390625,-0.14464624226093292,-0.25,0.0390625,-0.14464624226093292,-0.25,-0.0390625,-0.06652124226093292,-0.25,0.0390625,-0.06652124226093292,-0.25,-0.0390625,-0.14464624226093292,-0.03125,0.0390625,-0.14464624226093292,-0.25,0.0390625,-0.06652124226093292,-0.03125,0.0390625,-0.06652124226093292,-0.25,0.0390625,-0.06652124226093292,-0.03125,-0.0390625,-0.06652124226093292,-0.25,-0.0390625,-0.14464624226093292,-0.03125,-0.0390625,-0.14464624226093292,-0.25,-0.0390625,-0.06652124226093292,0.1875,0.0390625,-0.06652124226093292,0.09375,0.0390625,-0.06652124226093292,0.1875,-0.0390625,-0.06652124226093292,0.09375,-0.0390625,-0.14464624226093292,0.1875,-0.0390625,-0.14464624226093292,0.09375,-0.0390625,-0.14464624226093292,0.1875,0.0390625,-0.14464624226093292,0.09375,0.0390625,-0.14464624226093292,0.1875,-0.0390625,-0.14464624226093292,0.1875,0.0390625,-0.06652124226093292,0.1875,-0.0390625,-0.06652124226093292,0.1875,0.0390625,-0.14464624226093292,0.09375,0.0390625,-0.14464624226093292,0.09375,-0.0390625,-0.06652124226093292,0.09375,0.0390625,-0.06652124226093292,0.09375,-0.0390625,-0.14464624226093292,0.1875,0.0390625,-0.14464624226093292,0.09375,0.0390625,-0.06652124226093292,0.1875,0.0390625,-0.06652124226093292,0.09375,0.0390625,-0.06652124226093292,0.1875,-0.0390625,-0.06652124226093292,0.09375,-0.0390625,-0.14464624226093292,0.1875,-0.0390625,-0.14464624226093292,0.09375,-0.0390625,-0.050896238535642624,0.09375,0.0546875,-0.050896238535642624,0.03125,0.0546875,-0.050896238535642624,0.09375,-0.0546875,-0.050896238535642624,0.03125,-0.0546875,-0.16027124226093292,0.09375,-0.0546875,-0.16027124226093292,0.03125,-0.0546875,-0.16027124226093292,0.09375,0.0546875,-0.16027124226093292,0.03125,0.0546875,-0.16027124226093292,0.09375,-0.0546875,-0.16027124226093292,0.09375,0.0546875,-0.050896238535642624,0.09375,-0.0546875,-0.050896238535642624,0.09375,0.0546875,-0.16027124226093292,0.03125,0.0546875,-0.16027124226093292,0.03125,-0.0546875,-0.050896238535642624,0.03125,0.0546875,-0.050896238535642624,0.03125,-0.0546875,-0.16027124226093292,0.09375,0.0546875,-0.16027124226093292,0.03125,0.0546875,-0.050896238535642624,0.09375,0.0546875,-0.050896238535642624,0.03125,0.0546875,-0.050896238535642624,0.09375,-0.0546875,-0.050896238535642624,0.03125,-0.0546875,-0.16027124226093292,0.09375,-0.0546875,-0.16027124226093292,0.03125,-0.0546875,-0.043083738535642624,-0.40625,0.0234375,-0.043083738535642624,-0.5,0.0234375,-0.043083738535642624,-0.40625,-0.0234375,-0.043083738535642624,-0.5,-0.0234375,-0.16808374226093292,-0.40625,-0.0234375,-0.16808374226093292,-0.5,-0.0234375,-0.16808374226093292,-0.40625,0.0234375,-0.16808374226093292,-0.5,0.0234375,-0.16808374226093292,-0.40625,-0.0234375,-0.16808374226093292,-0.40625,0.0234375,-0.043083738535642624,-0.40625,-0.0234375,-0.043083738535642624,-0.40625,0.0234375,-0.16808374226093292,-0.5,0.0234375,-0.16808374226093292,-0.5,-0.0234375,-0.043083738535642624,-0.5,0.0234375,-0.043083738535642624,-0.5,-0.0234375,-0.16808374226093292,-0.40625,0.0234375,-0.16808374226093292,-0.5,0.0234375,-0.043083738535642624,-0.40625,0.0234375,-0.043083738535642624,-0.5,0.0234375,-0.043083738535642624,-0.40625,-0.0234375,-0.043083738535642624,-0.5,-0.0234375,-0.16808374226093292,-0.40625,-0.0234375,-0.16808374226093292,-0.5,-0.0234375,-0.06652124226093292,0.4375,0.0390625,-0.06652124226093292,0.34375,0.0390625,-0.06652124226093292,0.4375,-0.0390625,-0.06652124226093292,0.34375,-0.0390625,-0.14464624226093292,0.4375,-0.0390625,-0.14464624226093292,0.34375,-0.0390625,-0.14464624226093292,0.4375,0.0390625,-0.14464624226093292,0.34375,0.0390625,-0.14464624226093292,0.4375,-0.0390625,-0.14464624226093292,0.4375,0.0390625,-0.06652124226093292,0.4375,-0.0390625,-0.06652124226093292,0.4375,0.0390625,-0.14464624226093292,0.34375,0.0390625,-0.14464624226093292,0.34375,-0.0390625,-0.06652124226093292,0.34375,0.0390625,