{"schemaVersion":4,"source":{"uri":"models/environment/Tropical/tiki-torch.gltf","sha256":"ffa318702127e8df4d56861d0d4324894119588373cb16ee5944635874866339"},"animationNames":[],"boundingBox":{"min":{"x":-0.15625,"y":0,"z":-0.15625},"max":{"x":0.15625,"y":1.8125,"z":0.15625}},"nodeNames":["torso","hair-0001-extra","hair-0001","hair-0002-extra","hair-0002","hair-0003","hair-0004-extra","hair-0004","hair-0005-extra","hair-0005","hair-0006-extra","hair-0006","hair-0007-extra","hair-0007","hair-0008-extra","hair-0008","hair-0009-extra","hair-0009","hair-0010-extra","hair-0010","eye-right","pupil-right","eye-left","pupil-left","eyes","closed-mouth","closed-smile","closed-smile2","closed-teeth-smile","closed-frown","open-smile","open-frown","shocked","mouths","brow","brow2","brows","head","neck","hand-left","arm-left","hand-right","arm-right","arms","upper","foot-right","leg-right","foot-left","leg-left","lower","third-person","root","cube","cube","cube","tiki_torch",""],"trimesh":{"vertices":[0.0625,0.34375,0.0625,0.0625,-0.90625,0.0625,0.0625,0.34375,-0.0625,0.0625,-0.90625,-0.0625,-0.0625,0.34375,-0.0625,-0.0625,-0.90625,-0.0625,-0.0625,0.34375,0.0625,-0.0625,-0.90625,0.0625,-0.0625,0.34375,-0.0625,-0.0625,0.34375,0.0625,0.0625,0.34375,-0.0625,0.0625,0.34375,0.0625,-0.0625,-0.90625,0.0625,-0.0625,-0.90625,-0.0625,0.0625,-0.90625,0.0625,0.0625,-0.90625,-0.0625,-0.0625,0.34375,0.0625,-0.0625,-0.90625,0.0625,0.0625,0.34375,0.0625,0.0625,-0.90625,0.0625,0.0625,0.34375,-0.0625,0.0625,-0.90625,-0.0625,-0.0625,0.34375,-0.0625,-0.0625,-0.90625,-0.0625,0.15625,0.84375,0.15625,0.15625,0.34375,0.15625,0.15625,0.84375,-0.15625,0.15625,0.34375,-0.15625,-0.15625,0.84375,-0.15625,-0.15625,0.34375,-0.15625,-0.15625,0.84375,0.15625,-0.15625,0.34375,0.15625,-0.15625,0.84375,-0.15625,-0.15625,0.84375,0.15625,0.15625,0.84375,-0.15625,0.15625,0.84375,0.15625,-0.15625,0.34375,0.15625,-0.15625,0.34375,-0.15625,0.15625,0.34375,0.15625,0.15625,0.34375,-0.15625,-0.15625,0.84375,0.15625,-0.15625,0.34375,0.15625,0.15625,0.84375,0.15625,0.15625,0.34375,0.15625,0.15625,0.84375,-0.15625,0.15625,0.34375,-0.15625,-0.15625,0.84375,-0.15625,-0.15625,0.34375,-0.15625,0.15625,0.90625,0.15625,0.15625,0.84375,0.15625,0.15625,0.90625,-0.15625,0.15625,0.84375,-0.15625,-0.15625,0.90625,-0.15625,-0.15625,0.84375,-0.15625,-0.15625,0.90625,0.15625,-0.15625,0.84375,0.15625,-0.15625,0.90625,-0.15625,-0.15625,0.90625,0.15625,0.15625,0.90625,-0.15625,0.15625,0.90625,0.15625,-0.15625,0.84375,0.15625,-0.15625,0.84375,-0.15625,0.15625,0.84375,0.15625,0.15625,0.84375,-0.15625,-0.15625,0.90625,0.15625,-0.15625,0.84375,0.15625,0.15625,0.90625,0.15625,0.15625,0.84375,0.15625,0.15625,0.90625,-0.15625,0.15625,0.84375,-0.15625,-0.15625,0.90625,-0.15625,-0.15625,0.84375,-0.15625],"indices":[0,1,2,1,3,2,4,5,6,5,7,6,8,9,10,9,11,10,12,13,14,13,15,14,16,17,18,17,19,18,20,21,22,21,23,22,24,25,26,25,27,26,28,29,30,29,31,30,32,33,34,33,35,34,36,37,38,37,39,38,40,41,42,41,43,42,44,45,46,45,47,46,48,49,50,49,51,50,52,53,54,53,55,54,56,57,58,57,59,58,60,61,62,61,63,62,64,65,66,65,67,66,68,69,70,69,71,70]},"optimizedModelData":{"":{"meshCount":1},"-named-nodes":{"meshCount":3},"-no-animations":{"meshCount":1}}}