{"schemaVersion":4,"source":{"uri":"models/eggs/rare/bunny-egg.gltf","sha256":"30dd15635a58a7bcb79b0b27c050c454ccbc8ecf42c7520c15c34bd367928531"},"animationNames":[],"boundingBox":{"min":{"x":-0.4481462918491691,"y":0,"z":-0.4375},"max":{"x":0.4481462918491691,"y":1.3422653473275497,"z":0.375}},"nodeNames":["cube","cube","cube","cube","cube","cube","cube","cube","cube","cube","cube","cube","group"],"trimesh":{"vertices":[0.28125,0.2038673311471939,-0.25,0.3125,0.2038673311471939,0.03125,0.3125,-0.04613267257809639,0.03125,0.3125,-0.04613267257809639,-0.28125,-0.3125,-0.04613267257809639,-0.28125,-0.3125,-0.04613267257809639,0.03125,-0.3125,0.2038673311471939,0.03125,-0.28125,0.2038673311471939,-0.25,-0.28125,0.2038673311471939,-0.25,-0.3125,0.2038673311471939,0.03125,0,0.2038673311471939,0.03125,0,0.2038673311471939,-0.28125,0,-0.04613267257809639,-0.28125,0,-0.04613267257809639,0.03125,-0.3125,-0.04613267257809639,0.03125,-0.3125,-0.04613267257809639,-0.28125,-0.3125,-0.04613267257809639,0.34375,0,-0.04613267257809639,0.34375,0,0.2038673311471939,0.34375,-0.28125,0.2038673311471939,0.3125,-0.28125,0.2038673311471939,-0.25,0,0.2038673311471939,-0.28125,0,-0.04613267257809639,-0.28125,-0.3125,-0.04613267257809639,-0.28125,0.3125,0.2038673311471939,0.03125,0.28125,0.2038673311471939,-0.25,0.28125,0.2038673311471939,0.3125,0,0.2038673311471939,0.34375,0,-0.04613267257809639,0.34375,0.3125,-0.04613267257809639,0.34375,0.3125,-0.04613267257809639,-0.28125,0.3125,-0.04613267257809639,0.03125,0.3125,-0.04613267257809639,-0.28125,0,-0.04613267257809639,-0.28125,0,0.2038673311471939,-0.28125,0.28125,0.2038673311471939,-0.25,-0.28125,0.2038673311471939,0.3125,-0.3125,0.2038673311471939,0.03125,-0.3125,-0.04613267257809639,0.03125,-0.3125,-0.04613267257809639,0.34375,-0.3125,-0.04613267257809639,0.34375,0,-0.04613267257809639,0.34375,0.3125,-0.04613267257809639,0.34375,0.3125,-0.04613267257809639,0.34375,0.3125,-0.04613267257809639,0.03125,0.3125,0.2038673311471939,0.03125,0.28125,0.2038673311471939,0.3125,0.28125,0.2038673311471939,0.3125,0,0.2038673311471939,0.34375,-0.28125,0.2038673311471939,0.3125,0.359375,-0.5461326837539673,-0.328125,0.375,-0.2961326837539673,-0.34375,0.375,-0.2961326837539673,0.40625,0.359375,-0.5461326837539673,0.390625,-0.359375,-0.5461326837539673,0.390625,-0.375,-0.2961326837539673,0.40625,-0.375,-0.2961326837539673,-0.34375,-0.359375,-0.5461326837539673,-0.328125,0.34375,-0.04613267257809639,0.375,0.34375,-0.04613267257809639,-0.3125,-0.34375,-0.04613267257809639,-0.3125,-0.34375,-0.04613267257809639,0.375,0.359375,-0.5461326837539673,-0.328125,0.359375,-0.5461326837539673,0.390625,-0.359375,-0.5461326837539673,0.390625,-0.359375,-0.5461326837539673,-0.328125,0.359375,-0.5461326837539673,0.390625,0.375,-0.2961326837539673,0.40625,-0.375,-0.2961326837539673,0.40625,-0.359375,-0.5461326837539673,0.390625,-0.359375,-0.5461326837539673,-0.328125,-0.375,-0.2961326837539673,-0.34375,0.375,-0.2961326837539673,-0.34375,0.359375,-0.5461326837539673,-0.328125,-0.34375,-0.04613267257809639,-0.3125,-0.375,-0.2961326837539673,-0.34375,-0.375,-0.2961326837539673,0.40625,-0.34375,-0.04613267257809639,0.375,-0.34375,-0.04613267257809639,0.375,-0.375,-0.2961326837539673,0.40625,0.375,-0.2961326837539673,0.40625,0.34375,-0.04613267257809639,0.375,0.34375,-0.04613267257809639,0.375,0.375,-0.2961326837539673,0.40625,0.375,-0.2961326837539673,-0.34375,0.34375,-0.04613267257809639,-0.3125,0.34375,-0.04613267257809639,-0.3125,0.375,-0.2961326837539673,-0.34375,-0.375,-0.2961326837539673,-0.34375,-0.34375,-0.04613267257809639,-0.3125,0.3125,-0.6711326837539673,-0.28125,0.34375,-0.5461326837539673,-0.3125,0.34375,-0.5461326837539673,0.375,0.3125,-0.6711326837539673,0.34375,-0.3125,-0.6711326837539673,0.34375,-0.34375,-0.5461326837539673,0.375,-0.34375,-0.5461326837539673,-0.3125,-0.3125,-0.6711326837539673,-0.28125,0.34375,-0.5461326837539673,0.375,0.34375,-0.5461326837539673,-0.3125,-0.34375,-0.5461326837539673,-0.3125,-0.34375,-0.5461326837539673,0.375,0.3125,-0.6711326837539673,-0.28125,0.3125,-0.6711326837539673,0.34375,-0.3125,-0.6711326837539673,0.34375,-0.3125,-0.6711326837539673,-0.28125,0.3125,-0.6711326837539673,0.34375,0.34375,-0.5461326837539673,0.375,-0.34375,-0.5461326837539673,0.375,-0.3125,-0.6711326837539673,0.34375,-0.3125,-0.6711326837539673,-0.28125,-0.34375,-0.5461326837539673,-0.3125,0.34375,-0.5461326837539673,-0.3125,0.3125,-0.6711326837539673,-0.28125,-0.22010305523872375,0.6086329817771912,0.20673054456710815,-0.09510305523872375,0.14212660491466522,0.07732102274894714,-0.22847646474838257,0.6398829817771912,0.0859898179769516,-0.10347646474838257,0.17337660491466522,-0.04341970384120941,-0.43977275490760803,0.5832662582397461,0.0859898179769516,-0.31477275490760803,0.11675993353128433,-0.04341970384120941,-0.43139931559562683,0.5520162582397461,0.20673054456710815,-0.30639931559562683,0.08550993353128433,0.07732102274894714,-0.43977275490760803,0.5832662582397461,0.0859898179769516,-0.43139931559562683,0.5520162582397461,0.20673054456710815,-0.22847646474838257,0.6398829817771912,0.0859898179769516,-0.22010305523872375,0.6086329817771912,0.20673054456710815,-0.30639931559562683,0.08550993353128433,0.07732102274894714,-0.31477275490760803,0.11675993353128433,-0.04341970384120941,-0.09510305523872375,0.14212660491466522,0.07732102274894714,-0.10347646474838257,0.17337660491466522,-0.04341970384120941,-0.43139931559562683,0.5520162582397461,0.20673054456710815,-0.30639931559562683,0.08550993353128433,0.07732102274894714,-0.22010305523872375,0.6086329817771912,0.20673054456710815,-0.09510305523872375,0.14212660491466522,0.07732102274894714,-0.22847646474838257,0.6398829817771912,0.0859898179769516,-0.10347646474838257,0.17337660491466522,-0.04341970384120941,-0.43977275490760803,0.5832662582397461,0.0859898179769516,-0.31477275490760803,0.11675993353128433,-0.04341970384120941,-0.2284765988588333,0.6398826837539673,0.08599003404378891,-0.1972266137599945,0.5232560634613037,0.053637657314538956,-0.23685002326965332,0.6711326837539673,-0.03475069999694824,-0.20560002326965332,0.5545060634613037,-0.0671030730009079,-0.4481462836265564,0.614516019821167,-0.03475069999694824,-0.4168962836265564,0.4978894293308258,-0.0671030730009079,-0.4397728741168976,0.583266019821167,0.08599003404378891,-0.4085228741168976,0.4666394293308258,0.053637657314538956,-0.4481462836265564,0.614516019821167,-0.03475069999694824,-0.4397728741168976,0.583266019821167,0.08599003404378891,-0.23685002326965332,0.6711326837539673,-0.03475069999694824,-0.2284765988588333,0.6398826837539673,0.08599003404378891,-0.4085228741168976,0.4666394293308258,0.053637657314538956,-0.4168962836265564,0.4978894293308258,-0.0671030730009079,-0.1972266137599945,0.5232560634613037,0.053637657314538956,-0.20560002326965332,0.5545060634613037,-0.0671030730009079,-0.4397728741168976,0.583266019821167,0.08599003404378891,-0.4085228741168976,0.4666394293308258,0.053637657314538956,-0.2284765988588333,0.6398826837539673,0.08599003404378891,-0.1972266137599945,0.5232560634613037,0.053637657314538956,-0.23685002326965332,0.6711326837539673,-0.03475069999694824,-0.20560002326965332,0.5545060634613037,-0.0671030730009079,-0.4481462836265564,0.614516019821167,-0.03475069999694824,-0.4168962836265564,0.4978894293308258,-0.0671030730009079,-0.2014133185148239,0.5388810634613037,-0.006732703652232885,-0.1857883185148239,0.4805677831172943,-0.0229088943451643,-0.20560002326965332,0.5545060634613037,-0.0671030730009079,-0.18997502326965332,0.4961927831172943,-0.08327926695346832,-0.4168962836265564,0.4978894293308258,-0.0671030730009079,-0.4012712836265564,0.439576119184494,-0.08327926695346832,-0.4127095937728882,0.4822644293308258,-0.006732703652232885,-0.3970845937728882,0.423951119184494,-0.0229088943451643,-0.4168962836265564,0.4978894293308258,-0.0671030730009079,-0.4127095937728882,0.4822644293308258,-0.006732703652232885,-0.20560002326965332,0.5545060634613037,-0.0671030730009079,