{"schemaVersion":4,"source":{"uri":"models/environment/Farm/pumpkin/pumpkin-stage3.gltf","sha256":"8f336f3240222553d44b6751af5d3cc8d009769fb2c29bac659615465c33d827"},"animationNames":[],"boundingBox":{"min":{"x":-0.5310206236411806,"y":-3.444522833628838e-9,"z":-0.21875},"max":{"x":0.7999147892820889,"y":0.8124999965554771,"z":0.9626408648429016}},"nodeNames":["cube","cube","cube","cube","cube","cube","cube","cube","root",""],"trimesh":{"vertices":[-0.29536139965057373,-0.06116393581032753,-0.09644533693790436,-0.27869081497192383,-0.00155662524048239,-0.10512349009513855,-0.12220566719770432,-0.06116393581032753,0.23618371784687042,-0.10553508251905441,-0.00155662524048239,0.22750556468963623,-0.4923119843006134,0.0703948587179184,0.42884886264801025,-0.4756413996219635,0.13000217080116272,0.42017072439193726,-0.6654676795005798,0.0703948587179184,0.09621981531381607,-0.6487971544265747,0.13000217080116272,0.08754166215658188,-0.4923119843006134,0.0703948587179184,0.42884886264801025,-0.6654676795005798,0.0703948587179184,0.09621981531381607,-0.12220566719770432,-0.06116393581032753,0.23618371784687042,-0.29536139965057373,-0.06116393581032753,-0.09644533693790436,-0.6487971544265747,0.13000217080116272,0.08754166215658188,-0.4756413996219635,0.13000217080116272,0.42017072439193726,-0.27869081497192383,-0.00155662524048239,-0.10512349009513855,-0.10553508251905441,-0.00155662524048239,0.22750556468963623,-0.6654676795005798,0.0703948587179184,0.09621981531381607,-0.6487971544265747,0.13000217080116272,0.08754166215658188,-0.29536139965057373,-0.06116393581032753,-0.09644533693790436,-0.27869081497192383,-0.00155662524048239,-0.10512349009513855,-0.12220566719770432,-0.06116393581032753,0.23618371784687042,-0.10553508251905441,-0.00155662524048239,0.22750556468963623,-0.4923119843006134,0.0703948587179184,0.42884886264801025,-0.4756413996219635,0.13000217080116272,0.42017072439193726,0.30490997433662415,0.34375,-0.1975427269935608,0.30490997433662415,-0.40625,-0.1975427269935608,-0.3603481352329254,0.34375,0.14876872301101685,-0.3603481352329254,-0.40625,0.14876872301101685,0.30490997433662415,0.34375,-0.1975427269935608,-0.3603481352329254,0.34375,0.14876872301101685,0.30490997433662415,0.34375,-0.1975427269935608,0.30490997433662415,-0.40625,-0.1975427269935608,-0.3603481352329254,-0.40625,0.14876872301101685,0.30490997433662415,-0.40625,-0.1975427269935608,-0.3603481352329254,-0.40625,0.14876872301101685,-0.3603481352329254,0.34375,0.14876872301101685,0.30490997433662415,0.34375,-0.1975427269935608,0.30490997433662415,-0.40625,-0.1975427269935608,0.35313332080841064,0.40625,-0.24026155471801758,0.35313332080841064,0.0937500074505806,-0.24026156961917877,0.07594244927167892,0.40625,-0.09596512466669083,0.07594244927167892,0.0937500074505806,-0.09596512466669083,0.35313332080841064,0.40625,-0.24026155471801758,0.07594244927167892,0.40625,-0.09596512466669083,0.35313332080841064,0.40625,-0.24026155471801758,0.35313332080841064,0.0937500074505806,-0.24026156961917877,0.07594244927167892,0.0937500074505806,-0.09596512466669083,0.35313332080841064,0.0937500074505806,-0.24026156961917877,0.07594244927167892,0.0937500074505806,-0.09596512466669083,0.07594244927167892,0.40625,-0.09596512466669083,0.35313332080841064,0.40625,-0.24026155471801758,0.35313332080841064,0.0937500074505806,-0.24026156961917877,0.4923119843006134,-0.054605137556791306,-0.5064821243286133,0.4756414294242859,0.005002169404178858,-0.4978039860725403,0.6654676795005798,-0.054605137556791306,-0.1738530844449997,0.6487971544265747,0.005002169404178858,-0.1651749461889267,0.29536139965057373,-0.18616393208503723,0.018812058493494987,0.27869081497192383,-0.1265566200017929,0.02749021351337433,0.12220568209886551,-0.18616393208503723,-0.31381699442863464,0.1055351048707962,-0.1265566200017929,-0.30513882637023926,0.29536139965057373,-0.18616393208503723,0.018812058493494987,0.12220568209886551,-0.18616393208503723,-0.31381699442863464,0.6654676795005798,-0.054605137556791306,-0.1738530844449997,0.4923119843006134,-0.054605137556791306,-0.5064821243286133,0.1055351048707962,-0.1265566200017929,-0.30513882637023926,0.27869081497192383,-0.1265566200017929,0.02749021351337433,0.4756414294242859,0.005002169404178858,-0.4978039860725403,0.6487971544265747,0.005002169404178858,-0.1651749461889267,0.12220568209886551,-0.18616393208503723,-0.31381699442863464,0.1055351048707962,-0.1265566200017929,-0.30513882637023926,0.4923119843006134,-0.054605137556791306,-0.5064821243286133,0.4756414294242859,0.005002169404178858,-0.4978039860725403,0.6654676795005798,-0.054605137556791306,-0.1738530844449997,0.6487971544265747,0.005002169404178858,-0.1651749461889267,0.29536139965057373,-0.18616393208503723,0.018812058493494987,0.27869081497192383,-0.1265566200017929,0.02749021351337433,0.19655920565128326,0.34375,0.2870093882083893,0.19655919075012207,-0.40625,0.2870093882083893,-0.0904533863067627,0.34375,-0.4059002995491028,-0.0904533863067627,-0.40625,-0.4059002995491028,0.19655920565128326,0.34375,0.2870093882083893,-0.0904533863067627,0.34375,-0.4059002995491028,0.19655920565128326,0.34375,0.2870093882083893,0.19655919075012207,-0.40625,0.2870093882083893,-0.0904533863067627,-0.40625,-0.4059002995491028,0.19655919075012207,-0.40625,0.2870093882083893,-0.0904533863067627,-0.40625,-0.4059002995491028,-0.0904533863067627,0.34375,-0.4059002995491028,0.19655920565128326,0.34375,0.2870093882083893,0.19655919075012207,-0.40625,0.2870093882083893,-0.0565299428999424,0.1602954864501953,0.18670035898685455,-0.05765898525714874,0.2224510908126831,0.18024621903896332,0.291816771030426,0.1522294282913208,0.04808393120765686,0.2906877100467682,0.2143850475549698,0.04162979498505592,0.45361658930778503,0.19711866974830627,0.45207902789115906,0.4524875283241272,0.2592742443084717,0.44562485814094543,0.10526987910270691,0.2051847279071808,0.5906954407691956,0.10414083302021027,0.2673403024673462,0.5842412710189819,0.45361658930778503,0.19711866974830627,0.45207902789115906,0.10526987910270691,0.2051847279071808,0.5906954407691956,0.291816771030426,0.1522294282913208,0.04808393120765686,-0.0565299428999424,0.1602954864501953,0.18670035898685455,0.10414083302021027,0.2673403024673462,0.5842412710189819,0.4524875283241272,0.2592742443084717,0.44562485814094543,-0.05765898525714874,0.2224510908126831,0.18024621903896332,0.2906877100467682,0.2143850475549698,0.04162979498505592,0.10526987910270691,0.2051847279071808,0.5906954407691956,0.10414083302021027,0.2673403024673462,0.5842412710189819,-0.0565299428999424,0.1602954864501953,0.18670035898685455,-0.05765898525714874,0.2224510908126831,0.18024621903896332,0.291816771030426,0.1522294282913208,0.04808393120765686,0.2906877100467682,0.2143850475549698,0.04162979498505592,0.45361658930778503,0.19711866974830627,0.45207902789115906,0.4524875283241272,0.2592742443084717,0.44562485814094543,-0.07194708287715912,0.0937500074505806,-0.09069544076919556,-0.07194708287715912,-0.40625,-0.09069544076919556,-0.07194709777832031,0.09375,-0.5906954407691956,-0.07194709032773972,-0.40625,-0.5906954407691956,-0.5719470977783203,0.09375,-0.5906954407691956,-0.5719470977783203,-0.40625,-0.5906954407691956,-0.5719470977783203,0.09375,-0.09069543331861496,-0.5719470977783203,-0.40625,-0.09069543331861496,-0.5719470977783203,0.09375,-0.5906954407691956,-0.5719470977783203,0.09375,-0.09069543331861496,-0.07194709777832031,0.09375,-0.5906954407691956,-0.07194708287715912,0.0937500074505806,-0.09069544076919556,-0.5719470977783203,-0.40625,-0.09069543331861496,-0.5719470977783203,-0.40625,-0.5906954407691956,-0.07194708287715912,-0.40625,-0.09069544076919556,-0.07194709032773972,-0.40625,-0.5906954407691956,-0.5719470977783203,0.09375,-0.09069543331861496,-0.5719470977783203,-0.40625,-0.09069543331861496,-0.07194708287715912,0.0937500074505806,-0.09069544076919556,-0.07194708287715912,-0.40625,-0.09069544076919556,-0.07194709777832031,0.09375,-0.5906954407691956,-0.07194709032773972,-0.40625,