{"schemaVersion":4,"source":{"uri":"models/npcs/fish/mahi-mahi.gltf","sha256":"6e954d7bb1b0a1859da5116707024f32abbd22a0f6bfa77d3c294e44600fd1e7"},"animationNames":["idle","walk"],"boundingBox":{"min":{"x":-0.59375,"y":0.15625,"z":-0.9375},"max":{"x":0.59375,"y":1.0625,"z":1.3125}},"nodeNames":["cube","cube","cube","tail","cube","head","cube","left_fin","cube","right_fin","cube","top_fin","body","mahi-mahi"],"trimesh":{"vertices":[0.21875,0.375,0.4375,0.21875,-0.125,0.4375,0.21875,0.375,-0.6875,0.21875,-0.125,-0.6875,-0.21875,0.375,-0.6875,-0.21875,-0.125,-0.6875,-0.21875,0.375,0.4375,-0.21875,-0.125,0.4375,-0.21875,0.375,-0.6875,-0.21875,0.375,0.4375,0.21875,0.375,-0.6875,0.21875,0.375,0.4375,-0.21875,-0.125,0.4375,-0.21875,-0.125,-0.6875,0.21875,-0.125,0.4375,0.21875,-0.125,-0.6875,-0.21875,0.375,0.4375,-0.21875,-0.125,0.4375,0.21875,0.375,0.4375,0.21875,-0.125,0.4375,0.21875,0.375,-0.6875,0.21875,-0.125,-0.6875,-0.21875,0.375,-0.6875,-0.21875,-0.125,-0.6875,0.09375,0.28125,-0.1875,0.09375,-0.03125,-0.1875,0.09375,0.28125,-0.625,0.09375,-0.03125,-0.625,-0.09375,0.28125,-0.625,-0.09375,-0.03125,-0.625,-0.09375,0.28125,-0.1875,-0.09375,-0.03125,-0.1875,-0.09375,0.28125,-0.625,-0.09375,0.28125,-0.1875,0.09375,0.28125,-0.625,0.09375,0.28125,-0.1875,-0.09375,-0.03125,-0.1875,-0.09375,-0.03125,-0.625,0.09375,-0.03125,-0.1875,0.09375,-0.03125,-0.625,-0.09375,0.28125,-0.1875,-0.09375,-0.03125,-0.1875,0.09375,0.28125,-0.1875,0.09375,-0.03125,-0.1875,0.09375,0.28125,-0.625,0.09375,-0.03125,-0.625,-0.09375,0.28125,-0.625,-0.09375,-0.03125,-0.625,0,-0.15625,0.25,0,0.40625,0.25,0,0.40625,-0.4375,0,-0.15625,-0.4375,0,0.40625,-0.4375,0,0.40625,-0.4375,0,0.40625,0.25,0,-0.15625,0.25,0,-0.15625,0.25,0,-0.15625,-0.4375,0,0.40625,0.25,0,0.40625,0.25,0,-0.15625,0.25,0,0.40625,-0.4375,0,0.40625,-0.4375,0,-0.15625,-0.4375,0.125,0.1875,0,0.125,-0.1875,0,0.125,0.1875,-0.25,0.125,-0.1875,-0.25,-0.125,0.1875,-0.25,-0.125,-0.1875,-0.25,-0.125,0.1875,0,-0.125,-0.1875,0,-0.125,0.1875,-0.25,-0.125,0.1875,0,0.125,0.1875,-0.25,0.125,0.1875,0,-0.125,-0.1875,0,-0.125,-0.1875,-0.25,0.125,-0.1875,0,0.125,-0.1875,-0.25,-0.125,0.1875,0,-0.125,-0.1875,0,0.125,0.1875,0,0.125,-0.1875,0,0.125,0.1875,-0.25,0.125,-0.1875,-0.25,-0.125,0.1875,-0.25,-0.125,-0.1875,-0.25,0.0625,0,-0.0625,0.0625,0,0.1875,0.0625,0,-0.0625,0.0625,0,0.1875,0.0625,0,-0.0625,-0.3125,0,-0.0625,-0.3125,0,0.1875,-0.0625,0,0.1875,-0.0625,0,-0.0625,-0.0625,0,0.1875,0.3125,0,-0.0625,-0.0625,0,-0.0625,-0.0625,0,0.1875,0.3125,0,0.1875,0,0.375,0.4375,0,0.75,0.4375,0,0.75,-0.6875,0,0.375,-0.6875,0,0.75,-0.6875,0,0.75,-0.6875,0,0.75,0.4375,0,0.375,0.4375,0,0.375,0.4375,0,0.375,-0.6875,0,0.75,0.4375,0,0.75,0.4375,0,0.375,0.4375,0,0.75,-0.6875,0,0.75,-0.6875,0,0.375,-0.6875],"indices":[0,1,2,1,3,2,4,5,6,5,7,6,8,9,10,9,11,10,12,13,14,13,15,14,16,17,18,17,19,18,20,21,22,21,23,22,24,25,26,25,27,26,28,29,30,29,31,30,32,33,34,33,35,34,36,37,38,37,39,38,40,41,42,41,43,42,44,45,46,45,47,46,48,49,50,48,50,51,52,53,54,52,54,54,55,56,57,55,57,57,58,59,60,58,60,60,61,62,63,61,63,63,64,65,66,65,67,66,68,69,70,69,71,70,72,73,74,73,75,74,76,77,78,77,79,78,80,81,82,81,83,82,84,85,86,85,87,86,88,89,90,88,90,89,91,92,93,91,93,94,95,96,96,95,96,97,98,99,100,98,100,101,102,103,104,102,104,105,106,107,108,106,108,108,109,110,111,109,111,111,112,113,114,112,114,114,115,116,117,115,117,117]},"optimizedModelData":{"":{"meshCount":6},"-named-nodes":{"meshCount":7},"-no-animations":{"meshCount":1}}}