{"schemaVersion":4,"source":{"uri":"models/environment/Farm/wheat/wheat-seeds.gltf","sha256":"a70a1b395c0a78a269d228fa5abc58b8cfa88efdc83176782065c878baa45c6e"},"animationNames":[],"boundingBox":{"min":{"x":-0.15499513897858014,"y":0,"z":-0.21749513897858014},"max":{"x":0.140625,"y":0.0625,"z":0.140625}},"nodeNames":["cube","cube","cube","root",""],"trimesh":{"vertices":[0.14781007170677185,0.03125,-0.008439930155873299,0.14781007170677185,-0.03125,-0.008439930155873299,0.14781007170677185,0.03125,-0.10218992829322815,0.14781007170677185,-0.03125,-0.10218992829322815,0.05406006798148155,0.03125,-0.10218992829322815,0.05406006798148155,-0.03125,-0.10218992829322815,0.05406006798148155,0.03125,-0.008439930155873299,0.05406006798148155,-0.03125,-0.008439930155873299,0.05406006798148155,0.03125,-0.10218992829322815,0.05406006798148155,0.03125,-0.008439930155873299,0.14781007170677185,0.03125,-0.10218992829322815,0.14781007170677185,0.03125,-0.008439930155873299,0.05406006798148155,-0.03125,-0.008439930155873299,0.05406006798148155,-0.03125,-0.10218992829322815,0.14781007170677185,-0.03125,-0.008439930155873299,0.14781007170677185,-0.03125,-0.10218992829322815,0.05406006798148155,0.03125,-0.008439930155873299,0.05406006798148155,-0.03125,-0.008439930155873299,0.14781007170677185,0.03125,-0.008439930155873299,0.14781007170677185,-0.03125,-0.008439930155873299,0.14781007170677185,0.03125,-0.10218992829322815,0.14781007170677185,-0.03125,-0.10218992829322815,0.05406006798148155,0.03125,-0.10218992829322815,0.05406006798148155,-0.03125,-0.10218992829322815,-0.03968993201851845,0.03125,0.17906007170677185,-0.03968993201851845,-0.03125,0.17906007170677185,-0.03968993201851845,0.03125,0.08531007170677185,-0.03968993201851845,-0.03125,0.08531007170677185,-0.13343992829322815,0.03125,0.08531007170677185,-0.13343992829322815,-0.03125,0.08531007170677185,-0.13343992829322815,0.03125,0.17906007170677185,-0.13343992829322815,-0.03125,0.17906007170677185,-0.13343992829322815,0.03125,0.08531007170677185,-0.13343992829322815,0.03125,0.17906007170677185,-0.03968993201851845,0.03125,0.08531007170677185,-0.03968993201851845,0.03125,0.17906007170677185,-0.13343992829322815,-0.03125,0.17906007170677185,-0.13343992829322815,-0.03125,0.08531007170677185,-0.03968993201851845,-0.03125,0.17906007170677185,-0.03968993201851845,-0.03125,0.08531007170677185,-0.13343992829322815,0.03125,0.17906007170677185,-0.13343992829322815,-0.03125,0.17906007170677185,-0.03968993201851845,0.03125,0.17906007170677185,-0.03968993201851845,-0.03125,0.17906007170677185,-0.03968993201851845,0.03125,0.08531007170677185,-0.03968993201851845,-0.03125,0.08531007170677185,-0.13343992829322815,0.03125,0.08531007170677185,-0.13343992829322815,-0.03125,0.08531007170677185,-0.06119636446237564,0.03125,-0.056569792330265045,-0.06119636446237564,-0.03125,-0.056569792330265045,-0.025319790467619896,0.03125,-0.14318349957466125,-0.025319790467619896,-0.03125,-0.14318349957466125,-0.11193349957466125,0.03125,-0.17906007170677185,-0.11193349957466125,-0.03125,-0.17906007170677185,-0.14781007170677185,0.03125,-0.09244636446237564,-0.14781007170677185,-0.03125,-0.09244636446237564,-0.11193349957466125,0.03125,-0.17906007170677185,-0.14781007170677185,0.03125,-0.09244636446237564,-0.025319790467619896,0.03125,-0.14318349957466125,-0.06119636446237564,0.03125,-0.056569792330265045,-0.14781007170677185,-0.03125,-0.09244636446237564,-0.11193349957466125,-0.03125,-0.17906007170677185,-0.06119636446237564,-0.03125,-0.056569792330265045,-0.025319790467619896,-0.03125,-0.14318349957466125,-0.14781007170677185,0.03125,-0.09244636446237564,-0.14781007170677185,-0.03125,-0.09244636446237564,-0.06119636446237564,0.03125,-0.056569792330265045,-0.06119636446237564,-0.03125,-0.056569792330265045,-0.025319790467619896,0.03125,-0.14318349957466125,-0.025319790467619896,-0.03125,-0.14318349957466125,-0.11193349957466125,0.03125,-0.17906007170677185,-0.11193349957466125,-0.03125,-0.17906007170677185],"indices":[0,1,2,1,3,2,4,5,6,5,7,6,8,9,10,9,11,10,12,13,14,13,15,14,16,17,18,17,19,18,20,21,22,21,23,22,24,25,26,25,27,26,28,29,30,29,31,30,32,33,34,33,35,34,36,37,38,37,39,38,40,41,42,41,43,42,44,45,46,45,47,46,48,49,50,49,51,50,52,53,54,53,55,54,56,57,58,57,59,58,60,61,62,61,63,62,64,65,66,65,67,66,68,69,70,69,71,70]},"optimizedModelData":{"":{"meshCount":1},"-named-nodes":{"meshCount":3},"-no-animations":{"meshCount":1}}}