{"schemaVersion":4,"source":{"uri":"models/eggs/epic/blue-crystal-egg.gltf","sha256":"5fba5ff7520f603e39e6a1e04af3bd5e352847bc75a8bccec115532fcf974b48"},"animationNames":[],"boundingBox":{"min":{"x":-0.5004639471771904,"y":0,"z":-0.5004639471771904},"max":{"x":0.5004639471771904,"y":0.8999999761581421,"z":0.5004639471771904}},"nodeNames":["cube","cube","cube","cube","cube","cube","cube","cube","cube","cube","group2","cube","cube","cube","group"],"trimesh":{"vertices":[0.125,0.44999998807907104,-0.1875,0.125,0.19999998807907104,-0.1875,0.125,0.44999998807907104,-0.375,0.125,0.19999998807907104,-0.375,-0.0625,0.44999998807907104,-0.375,-0.0625,0.19999998807907104,-0.375,-0.0625,0.44999998807907104,-0.1875,-0.0625,0.19999998807907104,-0.1875,-0.0625,0.44999998807907104,-0.375,-0.0625,0.44999998807907104,-0.1875,0.125,0.44999998807907104,-0.375,0.125,0.44999998807907104,-0.1875,-0.0625,0.19999998807907104,-0.1875,-0.0625,0.19999998807907104,-0.375,0.125,0.19999998807907104,-0.1875,0.125,0.19999998807907104,-0.375,-0.0625,0.44999998807907104,-0.1875,-0.0625,0.19999998807907104,-0.1875,0.125,0.44999998807907104,-0.1875,0.125,0.19999998807907104,-0.1875,0.125,0.44999998807907104,-0.375,0.125,0.19999998807907104,-0.375,-0.0625,0.44999998807907104,-0.375,-0.0625,0.19999998807907104,-0.375,0.375,0.44999998807907104,-0.125,0.375,0.07499998807907104,-0.125,0.375,0.44999998807907104,-0.375,0.375,0.07499998807907104,-0.375,0.125,0.44999998807907104,-0.375,0.125,0.07499998807907104,-0.375,0.125,0.44999998807907104,-0.125,0.125,0.07499998807907104,-0.125,0.125,0.44999998807907104,-0.375,0.125,0.44999998807907104,-0.125,0.375,0.44999998807907104,-0.375,0.375,0.44999998807907104,-0.125,0.125,0.07499998807907104,-0.125,0.125,0.07499998807907104,-0.375,0.375,0.07499998807907104,-0.125,0.375,0.07499998807907104,-0.375,0.125,0.44999998807907104,-0.125,0.125,0.07499998807907104,-0.125,0.375,0.44999998807907104,-0.125,0.375,0.07499998807907104,-0.125,0.375,0.44999998807907104,-0.375,0.375,0.07499998807907104,-0.375,0.125,0.44999998807907104,-0.375,0.125,0.07499998807907104,-0.375,0.375,0.44999998807907104,0.0625,0.375,0.19999998807907104,0.0625,0.375,0.44999998807907104,-0.125,0.375,0.19999998807907104,-0.125,0.1875,0.44999998807907104,-0.125,0.1875,0.19999998807907104,-0.125,0.1875,0.44999998807907104,0.0625,0.1875,0.19999998807907104,0.0625,0.1875,0.44999998807907104,-0.125,0.1875,0.44999998807907104,0.0625,0.375,0.44999998807907104,-0.125,0.375,0.44999998807907104,0.0625,0.1875,0.19999998807907104,0.0625,0.1875,0.19999998807907104,-0.125,0.375,0.19999998807907104,0.0625,0.375,0.19999998807907104,-0.125,0.1875,0.44999998807907104,0.0625,0.1875,0.19999998807907104,0.0625,0.375,0.44999998807907104,0.0625,0.375,0.19999998807907104,0.0625,0.375,0.44999998807907104,-0.125,0.375,0.19999998807907104,-0.125,0.1875,0.44999998807907104,-0.125,0.1875,0.19999998807907104,-0.125,0.0625,0.44999998807907104,0.375,0.0625,0.19999998807907104,0.375,0.0625,0.44999998807907104,0.1875,0.0625,0.19999998807907104,0.1875,-0.125,0.44999998807907104,0.1875,-0.125,0.19999998807907104,0.1875,-0.125,0.44999998807907104,0.375,-0.125,0.19999998807907104,0.375,-0.125,0.44999998807907104,0.1875,-0.125,0.44999998807907104,0.375,0.0625,0.44999998807907104,0.1875,0.0625,0.44999998807907104,0.375,-0.125,0.19999998807907104,0.375,-0.125,0.19999998807907104,0.1875,0.0625,0.19999998807907104,0.375,0.0625,0.19999998807907104,0.1875,-0.125,0.44999998807907104,0.375,-0.125,0.19999998807907104,0.375,0.0625,0.44999998807907104,0.375,0.0625,0.19999998807907104,0.375,0.0625,0.44999998807907104,0.1875,0.0625,0.19999998807907104,0.1875,-0.125,0.44999998807907104,0.1875,-0.125,0.19999998807907104,0.1875,-0.1875,0.44999998807907104,0.125,-0.1875,0.19999998807907104,0.125,-0.1875,0.44999998807907104,-0.0625,-0.1875,0.19999998807907104,-0.0625,-0.375,0.44999998807907104,-0.0625,-0.375,0.19999998807907104,-0.0625,-0.375,0.44999998807907104,0.125,-0.375,0.19999998807907104,0.125,-0.375,0.44999998807907104,-0.0625,-0.375,0.44999998807907104,0.125,-0.1875,0.44999998807907104,-0.0625,-0.1875,0.44999998807907104,0.125,-0.375,0.19999998807907104,0.125,-0.375,0.19999998807907104,-0.0625,-0.1875,0.19999998807907104,0.125,-0.1875,0.19999998807907104,-0.0625,-0.375,0.44999998807907104,0.125,-0.375,0.19999998807907104,0.125,-0.1875,0.44999998807907104,0.125,-0.1875,0.19999998807907104,0.125,-0.1875,0.44999998807907104,-0.0625,-0.1875,0.19999998807907104,-0.0625,-0.375,0.44999998807907104,-0.0625,-0.375,0.19999998807907104,-0.0625,-0.125,0.44999998807907104,0.375,-0.125,0.07499998807907104,0.375,-0.125,0.44999998807907104,0.125,-0.125,0.07499998807907104,0.125,-0.375,0.44999998807907104,0.125,-0.375,0.07499998807907104,0.125,-0.375,0.44999998807907104,0.375,-0.375,0.07499998807907104,0.375,-0.375,0.44999998807907104,0.125,-0.375,0.44999998807907104,0.375,-0.125,0.44999998807907104,0.125,-0.125,0.44999998807907104,0.375,-0.375,0.07499998807907104,0.375,-0.375,0.07499998807907104,0.125,-0.125,0.07499998807907104,0.375,-0.125,0.07499998807907104,0.125,-0.375,0.44999998807907104,0.375,-0.375,0.07499998807907104,0.375,-0.125,0.44999998807907104,0.375,-0.125,0.07499998807907104,0.375,-0.125,0.44999998807907104,0.125,-0.125,0.07499998807907104,0.125,-0.375,0.44999998807907104,0.125,-0.375,0.07499998807907104,0.125,-0.3593747913837433,-0.32499998807907104,0.3593750298023224,-0.3593747913837433,0.11250001192092896,0.3593750298023224,-0.5004639625549316,0.11250001192092896,-0.44078126549720764,-0.5004639625549316,-0.32499998807907104,-0.44078126549720764,-0.5004639625549316,0.11250001192092896,-0.44078126549720764,-0.5004639625549316,0.11250001192092896,-0.44078126549720764,-0.3593747913837433,0.11250001192092896,0.3593750298023224,-0.3593747913837433,-0.32499998807907104,0.3593750298023224,-0.3593747913837433,-0.32499998807907104,0.3593750298023224,-0.5004639625549316,-0.32499998807907104,-0.44078126549720764,-0.3593747913837433,0.11250001192092896,0.3593750298023224,-0.3593747913837433,0.11250001192092896,0.3593750298023224,-0.3593747913837433,-0.32499998807907104,0.3593750298023224,-0.5004639625549316,0.11250001192092896,-0.44078126549720764,-0.5004639625549316,0.11250001192092896,-0.44078126549720764,-0.5004639625549316,-0.32499998807907104,-0.44078126549720764,0.44078126549720764,0.11250001192092896,0.5004639625549316,0.44078126549720764,0.11250001192092896,0.5004639625549316,0.44078126549720764,-0.32499998807907104,0.5004639625549316,-0.3593750298023224,0.11250001192092896,0.3593747913837433,-0.3593750298023224,0.11250001192092896,0.3593747913837433,-0.3593750298023224,-0.32499998807907104,0.3593747913837433,0.44078126549720764,0.11250001192092896,0.5004639625549316,-0.3593750298023224,0.11250001192092896,0.3593747913837433,0.44078126549720764,0.11250001192092896,0.5004639625549316,0.44078126549720764,-0.32499998807907104,0.5004639625549316,-0.3593750298023224,-0.32499998807907104,0.3593747913837433,0.44078126549720764,-0.32499998807907104,0.5004639625549316,-0.3593750298023224,-0.32499998807907104,0.3593747913837433,-0.3593750298023224,0.11250001192092896,0.3593747913837433,0.44078126549720764,0.11250001192092896,0.5004639625549316,0.44078126549720764,-0.32499998807907104,0.5004639625549316,0.5004639625549316,-0.32499998807907104,0.44078126549720764,0.5004639625549316,0.11250001192092896,0.44078126549720764,0.3593747913837433,0.11250001192092896,-0.3593750298023224,0.3593747913837433,-0.32499998807907104,-0.3593750298023224,0.3593747913837433,0.11250001192092896,-0.3593750298023224,0.3593747913837433,0.11250001192092896,-0.3593750298023224,0.5004639625549316,0.11250001192092896,0.44078126549720764,0.5004639625549316,-0.32499998807907104,0.44078126549720764,0.5004639625549316,-0.32499998807907104,0.44078126549720764,0.3593747913837433,-0.32499998807907104,-0.3593750298023224,0.5004639625549316,0.11250001192092896,0.44078126549720764,0.5004639625549316,0.11250001192092896,0.44078126549720764,0.5004639625549316,-0.32499998807907104,