{"schemaVersion":4,"source":{"uri":"models/environment/Essentials/workbench.gltf","sha256":"341e77fa8ba159cf28cd80b264482defcaaf9571f2425d97482bd320ca691c08"},"animationNames":[],"boundingBox":{"min":{"x":-0.8,"y":0,"z":-0.45000000596046447},"max":{"x":0.8000000238418579,"y":0.9999999940395355,"z":0.49256411488309415}},"nodeNames":["cube","cube","saw","cube","cube","cube","drawing","cube","drawing_2","cube","cube","cube","cube","root",""],"trimesh":{"vertices":[-0.390119343996048,-0.09875001013278961,-0.17297552525997162,-0.390119343996048,-0.14874999225139618,-0.17297552525997162,-0.46665602922439575,-0.09875001013278961,-0.35775142908096313,-0.46665602922439575,-0.14874999225139618,-0.35775142908096313,-0.6514319181442261,-0.09875001013278961,-0.28121474385261536,-0.6514319181442261,-0.14874999225139618,-0.28121474385261536,-0.5748952627182007,-0.09875001013278961,-0.09643884003162384,-0.5748952627182007,-0.14874999225139618,-0.09643884003162384,-0.6514319181442261,-0.09875001013278961,-0.28121474385261536,-0.5748952627182007,-0.09875001013278961,-0.09643884003162384,-0.46665602922439575,-0.09875001013278961,-0.35775142908096313,-0.390119343996048,-0.09875001013278961,-0.17297552525997162,-0.5748952627182007,-0.14874999225139618,-0.09643884003162384,-0.6514319181442261,-0.14874999225139618,-0.28121474385261536,-0.390119343996048,-0.14874999225139618,-0.17297552525997162,-0.46665602922439575,-0.14874999225139618,-0.35775142908096313,-0.5748952627182007,-0.09875001013278961,-0.09643884003162384,-0.5748952627182007,-0.14874999225139618,-0.09643884003162384,-0.390119343996048,-0.09875001013278961,-0.17297552525997162,-0.390119343996048,-0.14874999225139618,-0.17297552525997162,-0.46665602922439575,-0.09875001013278961,-0.35775142908096313,-0.46665602922439575,-0.14874999225139618,-0.35775142908096313,-0.6514319181442261,-0.09875001013278961,-0.28121474385261536,-0.6514319181442261,-0.14874999225139618,-0.28121474385261536,-0.390119343996048,-0.1237499862909317,-0.17297552525997162,-0.19877763092517853,-0.1237499862909317,0.2889642119407654,-0.390119343996048,-0.1237499862909317,-0.17297552525997162,-0.38355353474617004,-0.1237499862909317,0.36550089716911316,-0.5748952627182007,-0.1237499862909317,-0.09643884003162384,-0.38355353474617004,-0.1237499862909317,0.36550089716911316,-0.19877763092517853,-0.1237499862909317,0.2889642119407654,-0.38355353474617004,-0.1237499862909317,0.36550089716911316,-0.19877763092517853,-0.1237499862909317,0.2889642119407654,-0.5748952627182007,-0.1237499862909317,-0.09643884003162384,-0.390119343996048,-0.1237499862909317,-0.17297552525997162,-0.5748952627182007,-0.1237499862909317,-0.09643884003162384,-0.19877763092517853,-0.1237499862909317,0.2889642119407654,-0.390119343996048,-0.1237499862909317,-0.17297552525997162,-0.5748952627182007,-0.1237499862909317,-0.09643884003162384,-0.38355353474617004,-0.1237499862909317,0.36550089716911316,-0.04502219334244728,0.3500000238418579,0.3564770221710205,-0.04502219334244728,0.20000000298023224,0.3564770221710205,-0.3511689305305481,0.3500000238418579,-0.38262659311294556,-0.3511689305305481,0.20000000298023224,-0.38262659311294556,-0.48975083231925964,0.3500000238418579,-0.3252240717411041,-0.48975083231925964,0.20000000298023224,-0.3252240717411041,-0.18360410630702972,0.3500000238418579,0.41387954354286194,-0.18360410630702972,0.20000000298023224,0.41387954354286194,-0.48975083231925964,0.3500000238418579,-0.3252240717411041,-0.18360410630702972,0.3500000238418579,0.41387954354286194,-0.3511689305305481,0.3500000238418579,-0.38262659311294556,-0.04502219334244728,0.3500000238418579,0.3564770221710205,-0.18360410630702972,0.20000000298023224,0.41387954354286194,-0.48975083231925964,0.20000000298023224,-0.3252240717411041,-0.04502219334244728,0.20000000298023224,0.3564770221710205,-0.3511689305305481,0.20000000298023224,-0.38262659311294556,-0.18360410630702972,0.3500000238418579,0.41387954354286194,-0.18360410630702972,0.20000000298023224,0.41387954354286194,-0.04502219334244728,0.3500000238418579,0.3564770221710205,-0.04502219334244728,0.20000000298023224,0.3564770221710205,-0.3511689305305481,0.3500000238418579,-0.38262659311294556,-0.3511689305305481,0.20000000298023224,-0.38262659311294556,-0.48975083231925964,0.3500000238418579,-0.3252240717411041,-0.48975083231925964,0.20000000298023224,-0.3252240717411041,-0.18360410630702972,0.5,0.41387954354286194,-0.18360410630702972,0.3500000238418579,0.41387954354286194,-0.48975083231925964,0.5,-0.3252240717411041,-0.48975083231925964,0.3500000238418579,-0.3252240717411041,-0.628332793712616,0.5,-0.2678215503692627,-0.628332793712616,0.3500000238418579,-0.2678215503692627,-0.32218605279922485,0.5,0.47128206491470337,-0.32218605279922485,0.3500000238418579,0.47128206491470337,-0.628332793712616,0.5,-0.2678215503692627,-0.32218605279922485,0.5,0.47128206491470337,-0.48975083231925964,0.5,-0.3252240717411041,-0.18360410630702972,0.5,0.41387954354286194,-0.32218605279922485,0.3500000238418579,0.47128206491470337,-0.628332793712616,0.3500000238418579,-0.2678215503692627,-0.18360410630702972,0.3500000238418579,0.41387954354286194,-0.48975083231925964,0.3500000238418579,-0.3252240717411041,-0.32218605279922485,0.5,0.47128206491470337,-0.32218605279922485,0.3500000238418579,0.47128206491470337,-0.18360410630702972,0.5,0.41387954354286194,-0.18360410630702972,0.3500000238418579,0.41387954354286194,-0.48975083231925964,0.5,-0.3252240717411041,-0.48975083231925964,0.3500000238418579,-0.3252240717411041,-0.628332793712616,0.5,-0.2678215503692627,-0.628332793712616,0.3500000238418579,-0.2678215503692627,-0.30263566970825195,0.3500000238418579,0.3195684850215912,-0.30263566970825195,0.20000000298023224,0.3195684850215912,-0.6087824106216431,0.3500000238418579,-0.4195351302623749,-0.6087824106216431,0.20000000298023224,-0.4195351302623749,-0.747364342212677,0.3500000238418579,-0.36213260889053345,-0.747364342212677,0.20000000298023224,-0.36213260889053345,-0.4412176012992859,0.3500000238418579,0.3769710063934326,-0.4412176012992859,0.20000000298023224,0.3769710063934326,-0.747364342212677,0.3500000238418579,-0.36213260889053345,-0.4412176012992859,0.3500000238418579,0.3769710063934326,-0.6087824106216431,0.3500000238418579,-0.4195351302623749,-0.30263566970825195,0.3500000238418579,0.3195684850215912,-0.4412176012992859,0.20000000298023224,0.3769710063934326,-0.747364342212677,0.20000000298023224,-0.36213260889053345,-0.30263566970825195,0.20000000298023224,0.3195684850215912,-0.6087824106216431,0.20000000298023224,-0.4195351302623749,-0.4412176012992859,0.3500000238418579,0.3769710063934326,-0.4412176012992859,0.20000000298023224,0.3769710063934326,-0.30263566970825195,0.3500000238418579,0.3195684850215912,-0.30263566970825195,0.20000000298023224,0.3195684850215912,-0.6087824106216431,0.3500000238418579,-0.4195351302623749,-0.6087824106216431,0.20000000298023224,-0.4195351302623749,-0.747364342212677,0.3500000238418579,-0.36213260889053345,-0.747364342212677,0.20000000298023224,-0.36213260889053345,0.5999999642372131,0.21000000834465027,0.37871792912483215,0.5999999642372131,0.21000000834465027,-0.47128206491470337,0.09999997168779373,0.21000000834465027,-0.47128206491470337,0.09999999403953552,0.21000000834465027,0.37871795892715454,0.09999997168779373,-0.12749998271465302,-0.47128206491470337,0.09999997168779373,0.21000000834465027,-0.47128206491470337,0.5999999642372131,0.21000000834465027,-0.47128206491470337,0.5999999642372131,-0.12749998271465302,-0.47128206491470337,0.7499999403953552,0.050000011920928955,0.3287179470062256,0.7499999403953552,-0.5,0.3287179470062256,0.75,0.050000011920928955,-0.37128210067749023,0.75,-0.5,-0.37128210067749023,-0.15000000596046448,0.050000011920928955,-0.37128207087516785,-0.15000000596046448,-0.5,-0.37128207087516785,-0.15000000596046448,0.050000011920928955,0.3287179470062256,-0.15000000596046448,-0.5,0.3287179470062256,-0.15000000596046448,0.050000011920928955,-0.37128207087516785,