{"schemaVersion":4,"source":{"uri":"models/tools/sword/sword-emerald.gltf","sha256":"0ad2ce5448d80b803ac95bc7ad09af06f8bcfb75b348f86fa1d59d61818d2d26"},"animationNames":[],"boundingBox":{"min":{"x":-0.33145630368119416,"y":0.005361652351681567,"z":-0.0625},"max":{"x":0.33145630368119416,"y":1.28125,"z":0.0625}},"nodeNames":["cube","cube","cube","cube","cube","cube","cube","cube","cube","cube","emerald_sword"],"trimesh":{"vertices":[0.03125,-0.20580582320690155,0.03125,0.03125,-0.42455583810806274,0.03125,0.03125,-0.20580582320690155,-0.03125,0.03125,-0.42455583810806274,-0.03125,-0.03125,-0.20580582320690155,-0.03125,-0.03125,-0.42455583810806274,-0.03125,-0.03125,-0.20580582320690155,0.03125,-0.03125,-0.42455583810806274,0.03125,-0.03125,-0.20580582320690155,-0.03125,-0.03125,-0.20580582320690155,0.03125,0.03125,-0.20580582320690155,-0.03125,0.03125,-0.20580582320690155,0.03125,-0.03125,-0.42455583810806274,0.03125,-0.03125,-0.42455583810806274,-0.03125,0.03125,-0.42455583810806274,0.03125,0.03125,-0.42455583810806274,-0.03125,-0.03125,-0.20580582320690155,0.03125,-0.03125,-0.42455583810806274,0.03125,0.03125,-0.20580582320690155,0.03125,0.03125,-0.42455583810806274,0.03125,0.03125,-0.20580582320690155,-0.03125,0.03125,-0.42455583810806274,-0.03125,-0.03125,-0.20580582320690155,-0.03125,-0.03125,-0.42455583810806274,-0.03125,0,-0.46116748452186584,0.046875,0.0883883535861969,-0.5495558381080627,0.046875,0,-0.46116748452186584,-0.046875,0.0883883535861969,-0.5495558381080627,-0.046875,-0.08838832378387451,-0.5495558381080627,-0.046875,0,-0.6379441618919373,-0.046875,-0.08838832378387451,-0.5495558381080627,0.046875,0,-0.6379441618919373,0.046875,-0.08838832378387451,-0.5495558381080627,-0.046875,-0.08838832378387451,-0.5495558381080627,0.046875,0,-0.46116748452186584,-0.046875,0,-0.46116748452186584,0.046875,0,-0.6379441618919373,0.046875,0,-0.6379441618919373,-0.046875,0.0883883535861969,-0.5495558381080627,0.046875,0.0883883535861969,-0.5495558381080627,-0.046875,-0.08838832378387451,-0.5495558381080627,0.046875,0,-0.6379441618919373,0.046875,0,-0.46116748452186584,0.046875,0.0883883535861969,-0.5495558381080627,0.046875,0,-0.46116748452186584,-0.046875,0.0883883535861969,-0.5495558381080627,-0.046875,-0.08838832378387451,-0.5495558381080627,-0.046875,0,-0.6379441618919373,-0.046875,0,0.04530460759997368,0.03125,0.11048543453216553,-0.06518082320690155,0.03125,0,0.04530460759997368,-0.03125,0.11048543453216553,-0.06518082320690155,-0.03125,-0.11048543453216553,-0.06518082320690155,-0.03125,0,-0.17566625773906708,-0.03125,-0.11048543453216553,-0.06518082320690155,0.03125,0,-0.17566625773906708,0.03125,-0.11048543453216553,-0.06518082320690155,-0.03125,-0.11048543453216553,-0.06518082320690155,0.03125,0,0.04530460759997368,-0.03125,0,0.04530460759997368,0.03125,0,-0.17566625773906708,0.03125,0,-0.17566625773906708,-0.03125,0.11048543453216553,-0.06518082320690155,0.03125,0.11048543453216553,-0.06518082320690155,-0.03125,-0.11048543453216553,-0.06518082320690155,0.03125,0,-0.17566625773906708,0.03125,0,0.04530460759997368,0.03125,0.11048543453216553,-0.06518082320690155,0.03125,0,0.04530460759997368,-0.03125,0.11048543453216553,-0.06518082320690155,-0.03125,-0.11048543453216553,-0.06518082320690155,-0.03125,0,-0.17566625773906708,-0.03125,0.078125,0.45044416189193726,0.015625,0.078125,-0.04955582693219185,0.015625,0.078125,0.45044416189193726,-0.015625,0.078125,-0.04955582693219185,-0.015625,-0.078125,0.45044416189193726,-0.015625,-0.078125,-0.04955582693219185,-0.015625,-0.078125,0.45044416189193726,0.015625,-0.078125,-0.04955582693219185,0.015625,-0.078125,0.45044416189193726,-0.015625,-0.078125,0.45044416189193726,0.015625,0.078125,0.45044416189193726,-0.015625,0.078125,0.45044416189193726,0.015625,-0.078125,-0.04955582693219185,0.015625,-0.078125,-0.04955582693219185,-0.015625,0.078125,-0.04955582693219185,0.015625,0.078125,-0.04955582693219185,-0.015625,-0.078125,0.45044416189193726,0.015625,-0.078125,-0.04955582693219185,0.015625,0.078125,0.45044416189193726,0.015625,0.078125,-0.04955582693219185,0.015625,0.078125,0.45044416189193726,-0.015625,0.078125,-0.04955582693219185,-0.015625,-0.078125,0.45044416189193726,-0.015625,-0.078125,-0.04955582693219185,-0.015625,0.0625,-0.14330582320690155,0.0625,0.0625,-0.20580582320690155,0.0625,0.0625,-0.14330582320690155,-0.0625,0.0625,-0.20580582320690155,-0.0625,-0.0625,-0.14330582320690155,-0.0625,-0.0625,-0.20580582320690155,-0.0625,-0.0625,-0.14330582320690155,0.0625,-0.0625,-0.20580582320690155,0.0625,-0.0625,-0.14330582320690155,-0.0625,-0.0625,-0.14330582320690155,0.0625,0.0625,-0.14330582320690155,-0.0625,0.0625,-0.14330582320690155,0.0625,-0.0625,-0.20580582320690155,0.0625,-0.0625,-0.20580582320690155,-0.0625,0.0625,-0.20580582320690155,0.0625,0.0625,-0.20580582320690155,-0.0625,-0.0625,-0.14330582320690155,0.0625,-0.0625,-0.20580582320690155,0.0625,0.0625,-0.14330582320690155,0.0625,0.0625,-0.20580582320690155,0.0625,0.0625,-0.14330582320690155,-0.0625,0.0625,-0.20580582320690155,-0.0625,-0.0625,-0.14330582320690155,-0.0625,-0.0625,-0.20580582320690155,-0.0625,0.0625,-0.42455583810806274,0.0625,0.0625,-0.48705583810806274,0.0625,0.0625,-0.42455583810806274,-0.0625,0.0625,-0.48705583810806274,-0.0625,-0.0625,-0.42455583810806274,-0.0625,-0.0625,-0.48705583810806274,-0.0625,-0.0625,-0.42455583810806274,0.0625,-0.0625,-0.48705583810806274,0.0625,-0.0625,-0.42455583810806274,-0.0625,-0.0625,-0.42455583810806274,0.0625,0.0625,-0.42455583810806274,-0.0625,0.0625,-0.42455583810806274,0.0625,-0.0625,-0.48705583810806274,0.0625,-0.0625,-0.48705583810806274,-0.0625,0.0625,-0.48705583810806274,0.0625,0.0625,-0.48705583810806274,-0.0625,-0.0625,-0.42455583810806274,0.0625,-0.0625,-0.48705583810806274,0.0625,0.0625,-0.42455583810806274,0.0625,0.0625,-0.48705583810806274,0.0625,0.0625,-0.42455583810806274,-0.0625,0.0625,-0.48705583810806274,-0.0625,-0.0625,-0.42455583810806274,-0.0625,-0.0625,-0.48705583810806274,-0.0625,0.0390625,-0.23705582320690155,0.0390625,0.0390625,-0.39330583810806274,0.0390625,0.0390625,-0.23705582320690155,-0.0390625,0.0390625,-0.39330583810806274,-0.0390625,-0.0390625,-0.23705582320690155,-0.0390625,-0.0390625,-0.39330583810806274,-0.0390625,-0.0390625,-0.23705582320690155,0.0390625,-0.0390625,-0.39330583810806274,0.0390625,-0.0390625,-0.23705582320690155,-0.0390625,-0.0390625,-0.23705582320690155,0.0390625,0.0390625,-0.23705582320690155,-0.0390625,0.0390625,-0.23705582320690155,0.0390625,-0.0390625,-0.39330583810806274,0.0390625,-0.0390625,-0.39330583810806274,-0.0390625,0.0390625,-0.39330583810806274,0.0390625,0.0390625,-0.39330583810806274,-0.0390625,-0.0390625,-0.23705582320690155,0.0390625,-0.0390625,-0.39330583810806274,0.0390625,0.0390625,-0.23705582320690155,0.0390625,0.0390625,-0.39330583810806274,0.0390625,0.0390625,-0.23705582320690155,-0.0390625,0.0390625,-0.39330583810806274,-0.0390625,-0.0390625,-0.23705582320690155,-0.0390625,-0.0390625,-0.39330583810806274,-0.0390625,-0.22097086906433105,0.04530460759997368,0,-0.22097086906433105,0.04530460759997368,0,0,-0.17566625773906708,0,-0.3314563035964966,-0.06518082320690155,0,-0.3314563035964966,-0.06518082320690155,0,-0.11048543453216553,-0.2861517071723938,0,-0.22097086906433105,0.04530460759997368,0,-0.3314563035964966,-0.06518082320690155,0,-0.22097086906433105,0.04530460759997368,0,0,-0.17566625773906708,0,-0.11048543453216553,-0.2861517071723938,0,0,-0.17566625773906708,0,-0.11048543453216553,-0.2861517071723938,0,-0.3314563035964966,-0.06518082320690155,0,-0.22097086906433105,0.04530460759997368,0,0,-0.17566625773906708,0,0.3314563035964966,-0.06518082320690155,0,0.3314563035964966,-0.06518082320690155,0,0.11048543453216553,-0.2861517071723938,0,0.22097086906433105,0.04530460759997368,0,0.22097086906433105,0.04530460759997368,0,0,-0.17566625773906708,0,0.3314563035964966,-0.06518082320690155,0,0.22097086906433105,0.04530460759997368,0,0.3314563035964966,-0.06518082320690155,0,0.11048543453216553,-0.2861517071723938,