{"schemaVersion":4,"source":{"uri":"models/items/creepy-eye.gltf","sha256":"3329619b1c085e00ea2556be58025f73d3e9d337ee7357aab79aabca27a2232f"},"animationNames":[],"boundingBox":{"min":{"x":-0.40625,"y":-0.0625,"z":-0.0625},"max":{"x":0.40625,"y":0.9375,"z":0.0625}},"nodeNames":["cube","cube","cube",""],"trimesh":{"vertices":[0.28125,0,0.0625,0.28125,-0.3125,0.0625,0.28125,0,-0.0625,0.28125,-0.3125,-0.0625,-0.28125,0,-0.0625,-0.28125,-0.3125,-0.0625,-0.28125,0,0.0625,-0.28125,-0.3125,0.0625,-0.28125,0,-0.0625,-0.28125,0,0.0625,0.28125,0,-0.0625,0.28125,0,0.0625,-0.28125,-0.3125,0.0625,-0.28125,-0.3125,-0.0625,0.28125,-0.3125,0.0625,0.28125,-0.3125,-0.0625,-0.28125,0,0.0625,-0.28125,-0.3125,0.0625,0.28125,0,0.0625,0.28125,-0.3125,0.0625,0.28125,0,-0.0625,0.28125,-0.3125,-0.0625,-0.28125,0,-0.0625,-0.28125,-0.3125,-0.0625,0.40625,0.1875,0.0000625000029685907,0.40625,-0.5,0.0000625000029685907,0.40625,0.1875,0,0.40625,-0.5,0,-0.40625,0.1875,0,-0.40625,-0.5,0,-0.40625,0.1875,0.0000625000029685907,-0.40625,-0.5,0.0000625000029685907,-0.40625,0.1875,0,-0.40625,0.1875,0.0000625000029685907,0.40625,0.1875,0,0.40625,0.1875,0.0000625000029685907,-0.40625,-0.5,0.0000625000029685907,-0.40625,-0.5,0,0.40625,-0.5,0.0000625000029685907,0.40625,-0.5,0,-0.40625,0.1875,0.0000625000029685907,-0.40625,-0.5,0.0000625000029685907,0.40625,0.1875,0.0000625000029685907,0.40625,-0.5,0.0000625000029685907,0.40625,0.1875,0,0.40625,-0.5,0,-0.40625,0.1875,0,-0.40625,-0.5,0,0.40625,0.5,0.0000625000029685907,0.40625,-0.125,0.0000625000029685907,0.40625,0.5,0,0.40625,-0.125,0,-0.40625,0.5,0,-0.40625,-0.125,0,-0.40625,0.5,0.0000625000029685907,-0.40625,-0.125,0.0000625000029685907,-0.40625,0.5,0,-0.40625,0.5,0.0000625000029685907,0.40625,0.5,0,0.40625,0.5,0.0000625000029685907,-0.40625,-0.125,0.0000625000029685907,-0.40625,-0.125,0,0.40625,-0.125,0.0000625000029685907,0.40625,-0.125,0,-0.40625,0.5,0.0000625000029685907,-0.40625,-0.125,0.0000625000029685907,0.40625,0.5,0.0000625000029685907,0.40625,-0.125,0.0000625000029685907,0.40625,0.5,0,0.40625,-0.125,0,-0.40625,0.5,0,-0.40625,-0.125,0],"indices":[0,1,2,1,3,2,4,5,6,5,7,6,8,9,10,9,11,10,12,13,14,13,15,14,16,17,18,17,19,18,20,21,22,21,23,22,24,25,26,25,27,26,28,29,30,29,31,30,32,33,34,33,35,34,36,37,38,37,39,38,40,41,42,41,43,42,44,45,46,45,47,46,48,49,50,49,51,50,52,53,54,53,55,54,56,57,58,57,59,58,60,61,62,61,63,62,64,65,66,65,67,66,68,69,70,69,71,70]},"optimizedModelData":{"":{"meshCount":2},"-named-nodes":{"meshCount":3},"-no-animations":{"meshCount":2}}}