{"schemaVersion":4,"source":{"uri":"models/environment/Farm/wheat-stage4.gltf","sha256":"8c6a62239b237415554668b28d70835e1ee9e47a2f1ffb73c539ba2427d2932b"},"animationNames":[],"boundingBox":{"min":{"x":-0.36048543456039805,"y":0,"z":-0.29798543456039805},"max":{"x":0.36048543456039805,"y":1.1875,"z":0.29798543456039805}},"nodeNames":["cube","cube","cube","cube","cube","cube","cube","cube","cube","cube","cube","cube","cube","cube","cube","root",""],"trimesh":{"vertices":[0.11048543453216553,0.28125,-0.11048543453216553,0.11048543453216553,0.28125,-0.11048543453216553,0.11048543453216553,-0.59375,-0.11048543453216553,-0.11048543453216553,0.28125,0.11048543453216553,-0.11048543453216553,0.28125,0.11048543453216553,-0.11048543453216553,-0.59375,0.11048543453216553,0.11048543453216553,0.28125,-0.11048543453216553,0.11048543453216553,0.28125,-0.11048543453216553,0.11048543453216553,-0.59375,-0.11048543453216553,-0.11048543453216553,-0.59375,0.11048543453216553,0.11048543453216553,-0.59375,-0.11048543453216553,-0.11048543453216553,-0.59375,0.11048543453216553,-0.11048543453216553,0.28125,0.11048543453216553,0.11048543453216553,0.28125,-0.11048543453216553,0.11048543453216553,-0.59375,-0.11048543453216553,6.938893903907228e-18,0.59375,0.0883883461356163,6.938893903907228e-18,0.28125,0.0883883461356163,0.0883883461356163,0.59375,-6.938893903907228e-18,0.0883883461356163,0.28125,-6.938893903907228e-18,-6.938893903907228e-18,0.59375,-0.0883883461356163,-6.938893903907228e-18,0.28125,-0.0883883461356163,-0.0883883461356163,0.59375,6.938893903907228e-18,-0.0883883461356163,0.28125,6.938893903907228e-18,-6.938893903907228e-18,0.59375,-0.0883883461356163,-0.0883883461356163,0.59375,6.938893903907228e-18,0.0883883461356163,0.59375,-6.938893903907228e-18,6.938893903907228e-18,0.59375,0.0883883461356163,-0.0883883461356163,0.28125,6.938893903907228e-18,-6.938893903907228e-18,0.28125,-0.0883883461356163,6.938893903907228e-18,0.28125,0.0883883461356163,0.0883883461356163,0.28125,-6.938893903907228e-18,-0.0883883461356163,0.59375,6.938893903907228e-18,-0.0883883461356163,0.28125,6.938893903907228e-18,6.938893903907228e-18,0.59375,0.0883883461356163,6.938893903907228e-18,0.28125,0.0883883461356163,0.0883883461356163,0.59375,-6.938893903907228e-18,0.0883883461356163,0.28125,-6.938893903907228e-18,-6.938893903907228e-18,0.59375,-0.0883883461356163,-6.938893903907228e-18,0.28125,-0.0883883461356163,0.11048543453216553,0.28125,0.11048543453216553,0.11048543453216553,0.28125,0.11048543453216553,0.11048543453216553,-0.59375,0.11048543453216553,-0.11048543453216553,0.28125,-0.11048543453216553,-0.11048543453216553,0.28125,-0.11048543453216553,-0.11048543453216553,-0.59375,-0.11048543453216553,0.11048543453216553,0.28125,0.11048543453216553,0.11048543453216553,0.28125,0.11048543453216553,0.11048543453216553,-0.59375,0.11048543453216553,-0.11048543453216553,-0.59375,-0.11048543453216553,0.11048543453216553,-0.59375,0.11048543453216553,-0.11048543453216553,-0.59375,-0.11048543453216553,-0.11048543453216553,0.28125,-0.11048543453216553,0.11048543453216553,0.28125,0.11048543453216553,0.11048543453216553,-0.59375,0.11048543453216553,-0.3604854345321655,0.28125,-0.07701456546783447,-0.3604854345321655,0.28125,-0.07701456546783447,-0.3604854345321655,-0.59375,-0.07701456546783447,-0.13951456546783447,0.28125,-0.2979854345321655,-0.13951456546783447,0.28125,-0.2979854345321655,-0.13951456546783447,-0.59375,-0.2979854345321655,-0.3604854345321655,0.28125,-0.07701456546783447,-0.13951456546783447,0.28125,-0.2979854345321655,-0.13951456546783447,-0.59375,-0.2979854345321655,-0.3604854345321655,-0.59375,-0.07701456546783447,-0.3604854345321655,0.28125,-0.07701456546783447,-0.13951456546783447,0.28125,-0.2979854345321655,-0.13951456546783447,-0.59375,-0.2979854345321655,-0.3604854345321655,-0.59375,-0.07701456546783447,-0.1616116613149643,0.59375,-0.1875,-0.1616116613149643,0.28125,-0.1875,-0.25,0.59375,-0.2758883535861969,-0.25,0.28125,-0.2758883535861969,-0.3383883535861969,0.59375,-0.1875,-0.3383883535861969,0.28125,-0.1875,-0.25,0.59375,-0.0991116538643837,-0.25,0.28125,-0.0991116538643837,-0.3383883535861969,0.59375,-0.1875,-0.25,0.59375,-0.0991116538643837,-0.25,0.59375,-0.2758883535861969,-0.1616116613149643,0.59375,-0.1875,-0.25,0.28125,-0.0991116538643837,-0.3383883535861969,0.28125,-0.1875,-0.1616116613149643,0.28125,-0.1875,-0.25,0.28125,-0.2758883535861969,-0.25,0.59375,-0.0991116538643837,-0.25,0.28125,-0.0991116538643837,-0.1616116613149643,0.59375,-0.1875,-0.1616116613149643,0.28125,-0.1875,-0.25,0.59375,-0.2758883535861969,-0.25,0.28125,-0.2758883535861969,-0.3383883535861969,0.59375,-0.1875,-0.3383883535861969,0.28125,-0.1875,-0.3604854345321655,0.28125,-0.2979854345321655,-0.3604854345321655,0.28125,-0.2979854345321655,-0.3604854345321655,-0.59375,-0.2979854345321655,-0.13951456546783447,0.28125,-0.07701457291841507,-0.13951456546783447,0.28125,-0.07701457291841507,-0.13951456546783447,-0.59375,-0.07701457291841507,-0.3604854345321655,0.28125,-0.2979854345321655,-0.13951456546783447,0.28125,-0.07701457291841507,-0.13951456546783447,-0.59375,-0.07701457291841507,-0.3604854345321655,-0.59375,-0.2979854345321655,-0.3604854345321655,0.28125,-0.2979854345321655,-0.13951456546783447,0.28125,-0.07701457291841507,-0.13951456546783447,-0.59375,-0.07701457291841507,-0.3604854345321655,-0.59375,-0.2979854345321655,0.3604854345321655,0.28125,-0.07701456546783447,0.3604854345321655,0.28125,-0.07701456546783447,0.3604854345321655,-0.59375,-0.07701456546783447,0.13951456546783447,0.28125,-0.2979854345321655,0.13951456546783447,0.28125,-0.2979854345321655,0.13951456546783447,-0.59375,-0.2979854345321655,0.3604854345321655,0.28125,-0.07701456546783447,0.3604854345321655,0.28125,-0.07701456546783447,0.3604854345321655,-0.59375,-0.07701456546783447,0.13951456546783447,-0.59375,-0.2979854345321655,0.3604854345321655,-0.59375,-0.07701456546783447,0.13951456546783447,-0.59375,-0.2979854345321655,0.13951456546783447,0.28125,-0.2979854345321655,0.3604854345321655,0.28125,-0.07701456546783447,0.3604854345321655,-0.59375,-0.07701456546783447,0.25,0.59375,-0.0991116538643837,0.25,0.28125,-0.0991116538643837,0.3383883535861969,0.59375,-0.1875,0.3383883535861969,0.28125,-0.1875,0.25,0.59375,-0.2758883535861969,0.25,0.28125,-0.2758883535861969,0.1616116613149643,0.59375,-0.1875,0.1616116613149643,0.28125,-0.1875,0.25,0.59375,-0.2758883535861969,0.1616116613149643,0.59375,-0.1875,0.3383883535861969,0.59375,-0.1875,0.25,0.59375,-0.0991116538643837,0.1616116613149643,0.28125,-0.1875,0.25,0.28125,-0.2758883535861969,0.25,0.28125,-0.0991116538643837,0.3383883535861969,0.28125,-0.1875,0.1616116613149643,0.59375,-0.1875,0.1616116613149643,0.28125,-0.1875,0.25,0.59375,-0.0991116538643837,0.25,0.28125,-0.0991116538643837,0.3383883535861969,0.59375,-0.1875,0.3383883535861969,0.28125,-0.1875,0.25,0.59375,-0.2758883535861969,0.25,0.28125,-0.2758883535861969,0.3604854345321655,0.28125,-0.2979854345321655,0.3604854345321655,0.28125,-0.2979854345321655,0.3604854345321655,-0.59375,-0.2979854345321655,0.13951456546783447,0.28125,-0.07701457291841507,0.13951456546783447,0.28125,-0.07701457291841507,0.13951456546783447,-0.59375,-0.07701457291841507,0.3604854345321655,0.28125,-0.2979854345321655,0.3604854345321655,0.28125,-0.2979854345321655,0.3604854345321655,-0.59375,-0.2979854345321655,0.13951456546783447,-0.59375,-0.07701457291841507,0.3604854345321655,-0.59375,-0.2979854345321655,0.13951456546783447,-0.59375,-0.07701457291841507,0.13951456546783447,0.28125,-0.07701457291841507,0.3604854345321655,0.28125,-0.2979854345321655,0.3604854345321655,-0.59375,-0.2979854345321655,0.3604854345321655,0.28125,0.07701456546783447,0.3604854345321655,0.28125,0.07701456546783447,0.3604854345321655,-0.59375,0.07701456546783447,0.13951456546783447,0.28125,0.2979854345321655,0.13951456546783447,0.28125,0.2979854345321655,0.13951456546783447,-0.59375,0.2979854345321655,0.3604854345321655,0.28125,0.07701456546783447,0.13951456546783447,