{"schemaVersion":4,"source":{"uri":"models/environment/Farm/cucumbers/cucumber-stage2.gltf","sha256":"77f9b2476412bfa006d8d4b5832fe03726c2cd6c1aec6e25708bec4ec3be290f"},"animationNames":[],"boundingBox":{"min":{"x":-0.36880661808777604,"y":0,"z":-0.15625},"max":{"x":0.3584863092743906,"y":0.9322042583022652,"z":0.1875}},"nodeNames":["cube","cube","cube","cube","cube","cube","cube","root",""],"trimesh":{"vertices":[0.11564558744430542,0.34639787673950195,-0.12611043453216553,0.11564558744430542,-0.46610212326049805,-0.12611043453216553,0.11564558744430542,-0.46610212326049805,-0.12611043453216553,-0.10532528162002563,0.34639787673950195,0.09486043453216553,-0.10532528162002563,0.34639787673950195,0.09486043453216553,-0.10532528162002563,-0.46610212326049805,0.09486043453216553,0.11564558744430542,0.34639787673950195,-0.12611043453216553,-0.10532528162002563,0.34639787673950195,0.09486043453216553,0.11564558744430542,0.34639787673950195,-0.12611043453216553,0.11564558744430542,-0.46610212326049805,-0.12611043453216553,-0.10532528162002563,-0.46610212326049805,0.09486043453216553,0.11564558744430542,-0.46610212326049805,-0.12611043453216553,-0.10532528162002563,-0.46610212326049805,0.09486043453216553,-0.10532528162002563,0.34639787673950195,0.09486043453216553,0.11564558744430542,0.34639787673950195,-0.12611043453216553,0.11564558744430542,-0.46610212326049805,-0.12611043453216553,0.1301601529121399,0.34639787673950195,-0.109375,0.1301601529121399,0.09639786928892136,-0.109375,-0.11983984708786011,0.34639787673950195,-0.109375,-0.11983984708786011,0.09639786928892136,-0.109375,0.1301601529121399,0.34639787673950195,-0.109375,-0.11983984708786011,0.34639787673950195,-0.109375,0.1301601529121399,0.34639787673950195,-0.109375,0.1301601529121399,0.09639786928892136,-0.109375,-0.11983984708786011,0.09639786928892136,-0.109375,0.1301601529121399,0.09639786928892136,-0.109375,-0.11983984708786011,0.09639786928892136,-0.109375,-0.11983984708786011,0.34639787673950195,-0.109375,0.1301601529121399,0.34639787673950195,-0.109375,0.1301601529121399,0.09639786928892136,-0.109375,0.11564558744430542,0.34639787673950195,0.09486043453216553,0.11564558744430542,-0.46610212326049805,0.09486043453216553,-0.10532528162002563,0.34639787673950195,-0.12611043453216553,-0.10532528162002563,-0.46610212326049805,-0.12611043453216553,-0.10532528162002563,0.34639787673950195,-0.12611043453216553,0.11564558744430542,0.34639787673950195,0.09486043453216553,-0.10532528162002563,0.34639787673950195,-0.12611043453216553,-0.10532528162002563,-0.46610212326049805,-0.12611043453216553,0.11564558744430542,-0.46610212326049805,0.09486043453216553,-0.10532528162002563,-0.46610212326049805,-0.12611043453216553,0.11564558744430542,0.34639787673950195,0.09486043453216553,-0.10532528162002563,0.34639787673950195,-0.12611043453216553,-0.10532528162002563,-0.46610212326049805,-0.12611043453216553,0.11564558744430542,-0.46610212326049805,0.09486043453216553,0.3372328281402588,0.039257362484931946,0.140625,0.3636464476585388,-0.017386870458722115,0.140625,0.3372328281402588,0.039257362484931946,-0.171875,0.3636464476585388,-0.017386870458722115,-0.171875,-0.0026325976941734552,-0.11922448128461838,-0.171875,0.02378104254603386,-0.17586871981620789,-0.171875,-0.0026325976941734552,-0.11922448128461838,0.140625,0.02378104254603386,-0.17586871981620789,0.140625,-0.0026325976941734552,-0.11922448128461838,-0.171875,-0.0026325976941734552,-0.11922448128461838,0.140625,0.3372328281402588,0.039257362484931946,-0.171875,0.3372328281402588,0.039257362484931946,0.140625,0.02378104254603386,-0.17586871981620789,0.140625,0.02378104254603386,-0.17586871981620789,-0.171875,0.3636464476585388,-0.017386870458722115,0.140625,0.3636464476585388,-0.017386870458722115,-0.171875,-0.0026325976941734552,-0.11922448128461838,0.140625,0.02378104254603386,-0.17586871981620789,0.140625,0.3372328281402588,0.039257362484931946,0.140625,0.3636464476585388,-0.017386870458722115,0.140625,0.3372328281402588,0.039257362484931946,-0.171875,0.3636464476585388,-0.017386870458722115,-0.171875,-0.0026325976941734552,-0.11922448128461838,-0.171875,0.02378104254603386,-0.17586871981620789,-0.171875,0.01630324311554432,-0.19689463078975677,0.140625,0.008145363070070744,-0.25885993242263794,0.140625,0.01630324311554432,-0.19689463078975677,-0.171875,0.008145363070070744,-0.25885993242263794,-0.171875,-0.3554885685443878,-0.1479473114013672,-0.171875,-0.3636464774608612,-0.20991261303424835,-0.1718750149011612,-0.3554885685443878,-0.1479473114013672,0.140625,-0.3636464774608612,-0.20991261303424835,0.1406250149011612,-0.3554885685443878,-0.1479473114013672,-0.171875,-0.3554885685443878,-0.1479473114013672,0.140625,0.01630324311554432,-0.19689463078975677,-0.171875,0.01630324311554432,-0.19689463078975677,0.140625,-0.3636464774608612,-0.20991261303424835,0.1406250149011612,-0.3636464774608612,-0.20991261303424835,-0.1718750149011612,0.008145363070070744,-0.25885993242263794,0.140625,0.008145363070070744,-0.25885993242263794,-0.171875,-0.3554885685443878,-0.1479473114013672,0.140625,-0.3636464774608612,-0.20991261303424835,0.1406250149011612,0.01630324311554432,-0.19689463078975677,0.140625,0.008145363070070744,-0.25885993242263794,0.140625,0.01630324311554432,-0.19689463078975677,-0.171875,0.008145363070070744,-0.25885993242263794,-0.171875,-0.3554885685443878,-0.1479473114013672,-0.171875,-0.3636464774608612,-0.20991261303424835,-0.1718750149011612,0.2994239330291748,0.46610212326049805,0.171875,0.31821802258491516,0.4064948260784149,0.171875,0.2994239032268524,0.46610212326049805,-0.015625,0.31821802258491516,0.4064948260784149,-0.015625,0.06099467724561691,0.39092567563056946,-0.015625,0.07978878915309906,0.33131837844848633,-0.015625,0.060994669795036316,0.39092567563056946,0.171875,0.07978878915309906,0.33131837844848633,0.171875,0.06099467724561691,0.39092567563056946,-0.015625,0.060994669795036316,0.39092567563056946,0.171875,0.2994239032268524,0.46610212326049805,-0.015625,0.2994239330291748,0.46610212326049805,0.171875,0.07978878915309906,0.33131837844848633,0.171875,0.07978878915309906,0.33131837844848633,-0.015625,0.31821802258491516,0.4064948260784149,0.171875,0.31821802258491516,0.4064948260784149,-0.015625,0.060994669795036316,0.39092567563056946,0.171875,0.07978878915309906,0.33131837844848633,0.171875,0.2994239330291748,0.46610212326049805,0.171875,0.31821802258491516,0.4064948260784149,0.171875,0.2994239032268524,0.46610212326049805,-0.015625,0.31821802258491516,0.4064948260784149,-0.015625,0.06099467724561691,0.39092567563056946,-0.015625,0.07978878915309906,0.33131837844848633,-0.015625,-0.08028977364301682,0.14677846431732178,0.171875,-0.08844766765832901,0.08481315523386002,0.171875,-0.08028978109359741,0.14677846431732178,-0.015625,-0.08844766020774841,0.08481315523386002,-0.015625,-0.32815098762512207,0.17941001057624817,-0.015625,-0.33630889654159546,0.11744470149278641,-0.015625,-0.32815098762512207,0.17941001057624817,0.1718749850988388,-0.33630886673927307,0.11744470149278641,0.171875,-0.32815098762512207,0.17941001057624817,-0.015625,-0.32815098762512207,0.17941001057624817,0.1718749850988388,-0.08028978109359741,0.14677846431732178,-0.015625,-0.08028977364301682,0.14677846431732178,0.171875,-0.33630886673927307,0.11744470149278641,0.171875,-0.33630889654159546,0.11744470149278641,-0.015625,-0.08844766765832901,0.08481315523386002,0.171875,-0.08844766020774841,0.08481315523386002,-0.015625,-0.32815098762512207,0.17941001057624817,0.1718749850988388,-0.33630886673927307,0.11744470149278641,0.171875,-0.08028977364301682,0.14677846431732178,0.171875,-0.08844766765832901,0.08481315523386002,0.171875,-0.08028978109359741,0.14677846431732178,-0.015625,-0.08844766020774841,0.08481315523386002,-0.015625,-0.32815098762512207,0.17941001057624817,-0.015625,-0.33630889654159546,0.11744470149278641,-0.015625],