{"schemaVersion":4,"source":{"uri":"models/environment/Farm/cotton/cotton-seeds.gltf","sha256":"4b2df03596916c574a8bfb6e39e9478fabb00f3c60fed0abb9ea18f355042936"},"animationNames":[],"boundingBox":{"min":{"x":-0.18331329386826373,"y":0,"z":-0.1947515877365274},"max":{"x":0.18331329386826373,"y":0.0625,"z":0.06975158773652741}},"nodeNames":["cube","cube","cube","root",""],"trimesh":{"vertices":[0.125,0.03125,0.09375,0.125,-0.03125,0.09375,0.125,0.03125,0.03125,0.125,-0.03125,0.03125,0,0.03125,0.03125,0,-0.03125,0.03125,0,0.03125,0.09375,0,-0.03125,0.09375,0,0.03125,0.03125,0,0.03125,0.09375,0.125,0.03125,0.03125,0.125,0.03125,0.09375,0,-0.03125,0.09375,0,-0.03125,0.03125,0.125,-0.03125,0.09375,0.125,-0.03125,0.03125,0,0.03125,0.09375,0,-0.03125,0.09375,0.125,0.03125,0.09375,0.125,-0.03125,0.09375,0.125,0.03125,0.03125,0.125,-0.03125,0.03125,0,0.03125,0.03125,0,-0.03125,0.03125,-0.0666867047548294,0.03125,0.023998411372303963,-0.0666867047548294,-0.03125,0.023998411372303963,-0.1208132952451706,0.03125,-0.007251587696373463,-0.1208132952451706,-0.03125,-0.007251587696373463,-0.1833132952451706,0.03125,0.10100159049034119,-0.1833132952451706,-0.03125,0.10100159049034119,-0.1291867047548294,0.03125,0.1322515904903412,-0.1291867047548294,-0.03125,0.1322515904903412,-0.1833132952451706,0.03125,0.10100159049034119,-0.1291867047548294,0.03125,0.1322515904903412,-0.1208132952451706,0.03125,-0.007251587696373463,-0.0666867047548294,0.03125,0.023998411372303963,-0.1291867047548294,-0.03125,0.1322515904903412,-0.1833132952451706,-0.03125,0.10100159049034119,-0.0666867047548294,-0.03125,0.023998411372303963,-0.1208132952451706,-0.03125,-0.007251587696373463,-0.1291867047548294,0.03125,0.1322515904903412,-0.1291867047548294,-0.03125,0.1322515904903412,-0.0666867047548294,0.03125,0.023998411372303963,-0.0666867047548294,-0.03125,0.023998411372303963,-0.1208132952451706,0.03125,-0.007251587696373463,-0.1208132952451706,-0.03125,-0.007251587696373463,-0.1833132952451706,0.03125,0.10100159049034119,-0.1833132952451706,-0.03125,0.10100159049034119,0.1291867047548294,0.03125,0.007251587696373463,0.1291867047548294,-0.03125,0.007251587696373463,0.1833132952451706,0.03125,-0.023998411372303963,0.1833132952451706,-0.03125,-0.023998411372303963,0.1208132952451706,0.03125,-0.1322515904903412,0.1208132952451706,-0.03125,-0.1322515904903412,0.0666867047548294,0.03125,-0.10100159049034119,0.0666867047548294,-0.03125,-0.10100159049034119,0.1208132952451706,0.03125,-0.1322515904903412,0.0666867047548294,0.03125,-0.10100159049034119,0.1833132952451706,0.03125,-0.023998411372303963,0.1291867047548294,0.03125,0.007251587696373463,0.0666867047548294,-0.03125,-0.10100159049034119,0.1208132952451706,-0.03125,-0.1322515904903412,0.1291867047548294,-0.03125,0.007251587696373463,0.1833132952451706,-0.03125,-0.023998411372303963,0.0666867047548294,0.03125,-0.10100159049034119,0.0666867047548294,-0.03125,-0.10100159049034119,0.1291867047548294,0.03125,0.007251587696373463,0.1291867047548294,-0.03125,0.007251587696373463,0.1833132952451706,0.03125,-0.023998411372303963,0.1833132952451706,-0.03125,-0.023998411372303963,0.1208132952451706,0.03125,-0.1322515904903412,0.1208132952451706,-0.03125,-0.1322515904903412],"indices":[0,1,2,1,3,2,4,5,6,5,7,6,8,9,10,9,11,10,12,13,14,13,15,14,16,17,18,17,19,18,20,21,22,21,23,22,24,25,26,25,27,26,28,29,30,29,31,30,32,33,34,33,35,34,36,37,38,37,39,38,40,41,42,41,43,42,44,45,46,45,47,46,48,49,50,49,51,50,52,53,54,53,55,54,56,57,58,57,59,58,60,61,62,61,63,62,64,65,66,65,67,66,68,69,70,69,71,70]},"optimizedModelData":{"":{"meshCount":1},"-named-nodes":{"meshCount":3},"-no-animations":{"meshCount":1}}}