{"schemaVersion":4,"source":{"uri":"models/environment/Farm/peony-stage4.gltf","sha256":"54b9132f97ef22c39230c5c6faab71cf040c0fc381b5d455d033a1668c40f14e"},"animationNames":[],"boundingBox":{"min":{"x":-0.48139460125001804,"y":0,"z":-0.4626001198271828},"max":{"x":0.45541612929613634,"y":1.062854747539442,"z":0.4851641998308302}},"nodeNames":["cube","cube","bone","cube","cube","cube","cube","cube","cube","cube","cube","cube","root",""],"trimesh":{"vertices":[0.060974668711423874,0.21857263147830963,0.0773283913731575,0.060974668711423874,-0.5314273834228516,0.0773283913731575,-0.11580202728509903,0.21857263147830963,-0.0994483008980751,-0.11580202728509903,-0.5314273834228516,-0.0994483008980751,0.060974668711423874,0.21857263147830963,0.0773283913731575,-0.11580202728509903,0.21857263147830963,-0.0994483008980751,0.060974668711423874,0.21857263147830963,0.0773283913731575,0.060974668711423874,-0.5314273834228516,0.0773283913731575,-0.11580202728509903,-0.5314273834228516,-0.0994483008980751,0.060974668711423874,-0.5314273834228516,0.0773283913731575,-0.11580202728509903,-0.5314273834228516,-0.0994483008980751,-0.11580202728509903,0.21857263147830963,-0.0994483008980751,0.060974668711423874,0.21857263147830963,0.0773283913731575,0.060974668711423874,-0.5314273834228516,0.0773283913731575,0.060974664986133575,0.21857263147830963,-0.09989246726036072,0.060974664986133575,-0.5314273834228516,-0.09989246726036072,-0.11580202728509903,0.21857263147830963,0.07688421756029129,-0.11580202728509903,-0.5314273834228516,0.07688421756029129,-0.11580202728509903,0.21857263147830963,0.07688421756029129,0.060974664986133575,0.21857263147830963,-0.09989246726036072,-0.11580202728509903,0.21857263147830963,0.07688421756029129,-0.11580202728509903,-0.5314273834228516,0.07688421756029129,0.060974664986133575,-0.5314273834228516,-0.09989246726036072,-0.11580202728509903,-0.5314273834228516,0.07688421756029129,0.060974664986133575,0.21857263147830963,-0.09989246726036072,-0.11580202728509903,0.21857263147830963,0.07688421756029129,-0.11580202728509903,-0.5314273834228516,0.07688421756029129,0.060974664986133575,-0.5314273834228516,-0.09989246726036072,0.09111423045396805,0.43732261657714844,0.0980929583311081,0.09111423045396805,0.21857263147830963,0.0980929583311081,0.09111423790454865,0.43732261657714844,-0.1206570416688919,0.09111423790454865,0.21857263147830963,-0.1206570416688919,-0.12763576209545135,0.43732261657714844,-0.1206570416688919,-0.12763576209545135,0.21857263147830963,-0.1206570416688919,-0.12763576209545135,0.43732261657714844,0.09809296578168869,-0.12763576209545135,0.21857263147830963,0.09809296578168869,-0.12763576209545135,0.43732261657714844,-0.1206570416688919,-0.12763576209545135,0.43732261657714844,0.09809296578168869,0.09111423790454865,0.43732261657714844,-0.1206570416688919,0.09111423045396805,0.43732261657714844,0.0980929583311081,-0.12763576209545135,0.21857263147830963,0.09809296578168869,-0.12763576209545135,0.21857263147830963,-0.1206570416688919,0.09111423045396805,0.21857263147830963,0.0980929583311081,0.09111423790454865,0.21857263147830963,-0.1206570416688919,-0.12763576209545135,0.43732261657714844,0.09809296578168869,-0.12763576209545135,0.21857263147830963,0.09809296578168869,0.09111423045396805,0.43732261657714844,0.0980929583311081,0.09111423045396805,0.21857263147830963,0.0980929583311081,0.09111423790454865,0.43732261657714844,-0.1206570416688919,0.09111423790454865,0.21857263147830963,-0.1206570416688919,-0.12763576209545135,0.43732261657714844,-0.1206570416688919,-0.12763576209545135,0.21857263147830963,-0.1206570416688919,-0.035116083920001984,-0.22418566048145294,0.0847390815615654,-0.0500435009598732,-0.3480887711048126,0.07765480875968933,0.014955209568142891,-0.21988984942436218,-0.09590049833059311,0.00002778692578431219,-0.34379297494888306,-0.10298477113246918,-0.40340664982795715,-0.1629340648651123,-0.21051131188869476,-0.41833406686782837,-0.2868371903896332,-0.21759557723999023,-0.4534779489040375,-0.16722987592220306,-0.029871735721826553,-0.4684053659439087,-0.29113301634788513,-0.03695600852370262,-0.40340664982795715,-0.1629340648651123,-0.21051131188869476,-0.4534779489040375,-0.16722987592220306,-0.029871735721826553,0.014955209568142891,-0.21988984942436218,-0.09590049833059311,-0.035116083920001984,-0.22418566048145294,0.0847390815615654,-0.4684053659439087,-0.29113301634788513,-0.03695600852370262,-0.41833406686782837,-0.2868371903896332,-0.21759557723999023,-0.0500435009598732,-0.3480887711048126,0.07765480875968933,0.00002778692578431219,-0.34379297494888306,-0.10298477113246918,-0.4534779489040375,-0.16722987592220306,-0.029871735721826553,-0.4684053659439087,-0.29113301634788513,-0.03695600852370262,-0.035116083920001984,-0.22418566048145294,0.0847390815615654,-0.0500435009598732,-0.3480887711048126,0.07765480875968933,0.014955209568142891,-0.21988984942436218,-0.09590049833059311,0.00002778692578431219,-0.34379297494888306,-0.10298477113246918,-0.40340664982795715,-0.1629340648651123,-0.21051131188869476,-0.41833406686782837,-0.2868371903896332,-0.21759557723999023,0.4279603362083435,-0.03986479714512825,-0.012568704783916473,0.4684053659439087,-0.15730880200862885,-0.026572544127702713,0.3778890371322632,-0.035569000989198685,-0.19320827722549438,0.41833406686782837,-0.15301299095153809,-0.20721213519573212,-0.019247880205512047,-0.1850360929965973,-0.0866808146238327,0.021197156980633736,-0.3024801015853882,-0.10068468004465103,0.030823415145277977,-0.18933190405368805,0.0939587727189064,0.07126844674348831,-0.30677589774131775,0.07995489984750748,-0.019247880205512047,-0.1850360929965973,-0.0866808146238327,0.030823415145277977,-0.18933190405368805,0.0939587727189064,0.3778890371322632,-0.035569000989198685,-0.19320827722549438,0.4279603362083435,-0.03986479714512825,-0.012568704783916473,0.07126844674348831,-0.30677589774131775,0.07995489984750748,0.021197156980633736,-0.3024801015853882,-0.10068468004465103,0.4684053659439087,-0.15730880200862885,-0.026572544127702713,0.41833406686782837,-0.15301299095153809,-0.20721213519573212,0.030823415145277977,-0.18933190405368805,0.0939587727189064,0.07126844674348831,-0.30677589774131775,0.07995489984750748,0.4279603362083435,-0.03986479714512825,-0.012568704783916473,0.4684053659439087,-0.15730880200862885,-0.026572544127702713,0.3778890371322632,-0.035569000989198685,-0.19320827722549438,0.41833406686782837,-0.15301299095153809,-0.20721213519573212,-0.019247880205512047,-0.1850360929965973,-0.0866808146238327,0.021197156980633736,-0.3024801015853882,-0.10068468004465103,-0.038373470306396484,0.5233392715454102,-0.17963214218616486,0.013098853640258312,0.251672625541687,-0.12815982103347778,-0.10240591317415237,0.4990749955177307,-0.24366459250450134,-0.050933588296175,0.22740836441516876,-0.19219225645065308,-0.25708553194999695,0.4990749955177307,-0.08898497372865677,-0.20561319589614868,0.22740836441516876,-0.037512652575969696,-0.19305308163166046,0.5233392715454102,-0.024952534586191177,-0.1415807604789734,0.251672625541687,0.026519788429141045,-0.25708553194999695,0.4990749955177307,-0.08898497372865677,-0.19305308163166046,0.5233392715454102,-0.024952534586191177,-0.10240591317415237,0.4990749955177307,-0.24366459250450134,-0.038373470306396484,0.5233392715454102,-0.17963214218616486,-0.1415807604789734,0.251672625541687,0.026519788429141045,-0.20561319589614868,0.22740836441516876,-0.037512652575969696,0.013098853640258312,0.251672625541687,-0.12815982103347778,-0.050933588296175,0.22740836441516876,-0.19219225645065308,-0.19305308163166046,0.5233392715454102,-0.024952534586191177,-0.1415807604789734,0.251672625541687,0.026519788429141045,-0.038373470306396484,0.5233392715454102,-0.17963214218616486,0.013098853640258312,0.251672625541687,-0.12815982103347778,-0.10240591317415237,0.4990749955177307,-0.24366459250450134,-0.050933588296175,0.22740836441516876,-0.19219225645065308,-0.25708553194999695,0.4990749955177307,-0.08898497372865677,