{"schemaVersion":4,"source":{"uri":"models/environment/Farm/cucumbers/cucumber-seeds.gltf","sha256":"3d6676cc04a8e1dced612ee7df5d3bf5a9c8252580c69e43ef9de79e9a201757"},"animationNames":[],"boundingBox":{"min":{"x":-0.2102798184336669,"y":-0.03783883687222474,"z":-0.17708582620414764},"max":{"x":0.2102798184336669,"y":0.07937935545955718,"z":0.031287562709348474}},"nodeNames":["cube","cube","cube","root",""],"trimesh":{"vertices":[0.1737029105424881,0.05307651311159134,0.10418669134378433,0.19507917761802673,-0.005654275417327881,0.10418669134378433,0.1889035552740097,0.058609094470739365,0.04381633177399635,0.21027982234954834,-0.00012169263209216297,0.04381633177399635,0.07544438540935516,0.017313335090875626,0.011463949456810951,0.0968206450343132,-0.041417453438043594,0.011463949456810951,0.06024374067783356,0.01178075186908245,0.07183431088924408,0.0816200003027916,-0.04695003852248192,0.07183431088924408,0.07544438540935516,0.017313335090875626,0.011463949456810951,0.06024374067783356,0.01178075186908245,0.07183431088924408,0.1889035552740097,0.058609094470739365,0.04381633177399635,0.1737029105424881,0.05307651311159134,0.10418669134378433,0.0816200003027916,-0.04695003852248192,0.07183431088924408,0.0968206450343132,-0.041417453438043594,0.011463949456810951,0.19507917761802673,-0.005654275417327881,0.10418669134378433,0.21027982234954834,-0.00012169263209216297,0.04381633177399635,0.06024374067783356,0.01178075186908245,0.07183431088924408,0.0816200003027916,-0.04695003852248192,0.07183431088924408,0.1737029105424881,0.05307651311159134,0.10418669134378433,0.19507917761802673,-0.005654275417327881,0.10418669134378433,0.1889035552740097,0.058609094470739365,0.04381633177399635,0.21027982234954834,-0.00012169263209216297,0.04381633177399635,0.07544438540935516,0.017313335090875626,0.011463949456810951,0.0968206450343132,-0.041417453438043594,0.011463949456810951,-0.06024374067783356,0.01178075186908245,0.07183431833982468,-0.08162000775337219,-0.04695003852248192,0.07183431088924408,-0.07544438540935516,0.017313336953520775,0.0114639513194561,-0.0968206450343132,-0.041417453438043594,0.0114639513194561,-0.1889035552740097,0.05860909819602966,0.043816328048706055,-0.21027982234954834,-0.00012169759429525584,0.043816324323415756,-0.1737029105424881,0.05307651311159134,0.10418669879436493,-0.19507916271686554,-0.005654275417327881,0.10418669879436493,-0.1889035552740097,0.05860909819602966,0.043816328048706055,-0.1737029105424881,0.05307651311159134,0.10418669879436493,-0.07544438540935516,0.017313336953520775,0.0114639513194561,-0.06024374067783356,0.01178075186908245,0.07183431833982468,-0.19507916271686554,-0.005654275417327881,0.10418669879436493,-0.21027982234954834,-0.00012169759429525584,0.043816324323415756,-0.08162000775337219,-0.04695003852248192,0.07183431088924408,-0.0968206450343132,-0.041417453438043594,0.0114639513194561,-0.1737029105424881,0.05307651311159134,0.10418669879436493,-0.19507916271686554,-0.005654275417327881,0.10418669879436493,-0.06024374067783356,0.01178075186908245,0.07183431833982468,-0.08162000775337219,-0.04695003852248192,0.07183431088924408,-0.07544438540935516,0.017313336953520775,0.0114639513194561,-0.0968206450343132,-0.041417453438043594,0.0114639513194561,-0.1889035552740097,0.05860909819602966,0.043816328048706055,-0.21027982234954834,-0.00012169759429525584,0.043816324323415756,0.06550166755914688,0.04695003852248192,-0.043816328048706055,0.08687792718410492,-0.01178075186908245,-0.043816328048706055,0.050301019102334976,0.041417453438043594,-0.10418669134378433,0.07167728245258331,-0.017313335090875626,-0.10418669134378433,-0.06315815448760986,0.0001216904420289211,-0.07183431833982468,-0.041781894862651825,-0.05860909819602966,-0.07183431833982468,-0.04795750230550766,0.005654275417327881,-0.011463949456810951,-0.02658124268054962,-0.05307651311159134,-0.011463949456810951,-0.06315815448760986,0.0001216904420289211,-0.07183431833982468,-0.04795750230550766,0.005654275417327881,-0.011463949456810951,0.050301019102334976,0.041417453438043594,-0.10418669134378433,0.06550166755914688,0.04695003852248192,-0.043816328048706055,-0.02658124268054962,-0.05307651311159134,-0.011463949456810951,-0.041781894862651825,-0.05860909819602966,-0.07183431833982468,0.08687792718410492,-0.01178075186908245,-0.043816328048706055,0.07167728245258331,-0.017313335090875626,-0.10418669134378433,-0.04795750230550766,0.005654275417327881,-0.011463949456810951,-0.02658124268054962,-0.05307651311159134,-0.011463949456810951,0.06550166755914688,0.04695003852248192,-0.043816328048706055,0.08687792718410492,-0.01178075186908245,-0.043816328048706055,0.050301019102334976,0.041417453438043594,-0.10418669134378433,0.07167728245258331,-0.017313335090875626,-0.10418669134378433,-0.06315815448760986,0.0001216904420289211,-0.07183431833982468,-0.041781894862651825,-0.05860909819602966,-0.07183431833982468],"indices":[0,1,2,1,3,2,4,5,6,5,7,6,8,9,10,9,11,10,12,13,14,13,15,14,16,17,18,17,19,18,20,21,22,21,23,22,24,25,26,25,27,26,28,29,30,29,31,30,32,33,34,33,35,34,36,37,38,37,39,38,40,41,42,41,43,42,44,45,46,45,47,46,48,49,50,49,51,50,52,53,54,53,55,54,56,57,58,57,59,58,60,61,62,61,63,62,64,65,66,65,67,66,68,69,70,69,71,70]},"optimizedModelData":{"":{"meshCount":1},"-named-nodes":{"meshCount":3},"-no-animations":{"meshCount":1}}}