{"schemaVersion":4,"source":{"uri":"models/items/book.gltf","sha256":"ccdb0b75dd5460d0662f53ffa76dd3fcaa96d48268ab0214b68537aef8f51d57"},"animationNames":[],"boundingBox":{"min":{"x":-0.28125,"y":0,"z":-0.125},"max":{"x":0.28125,"y":0.75,"z":0.125}},"nodeNames":["cube",""],"trimesh":{"vertices":[0.28125,0.375,0.125,0.28125,-0.375,0.125,0.28125,0.375,-0.125,0.28125,-0.375,-0.125,-0.28125,0.375,-0.125,-0.28125,-0.375,-0.125,-0.28125,0.375,0.125,-0.28125,-0.375,0.125,-0.28125,0.375,-0.125,-0.28125,0.375,0.125,0.28125,0.375,-0.125,0.28125,0.375,0.125,-0.28125,-0.375,0.125,-0.28125,-0.375,-0.125,0.28125,-0.375,0.125,0.28125,-0.375,-0.125,-0.28125,0.375,0.125,-0.28125,-0.375,0.125,0.28125,0.375,0.125,0.28125,-0.375,0.125,0.28125,0.375,-0.125,0.28125,-0.375,-0.125,-0.28125,0.375,-0.125,-0.28125,-0.375,-0.125],"indices":[0,1,2,1,3,2,4,5,6,5,7,6,8,9,10,9,11,10,12,13,14,13,15,14,16,17,18,17,19,18,20,21,22,21,23,22]},"optimizedModelData":{"":{"meshCount":1},"-named-nodes":{"meshCount":1},"-no-animations":{"meshCount":1}}}