{"schemaVersion":1,"source":{"uri":"models/items/book.gltf","sha256":"a30c1c7f6681fc4ff690fe0ff2f97b3f22092f8f782e9ab00c6c19c2752dd13a"},"animationNames":[],"boundingBox":{"min":{"x":-0.28125,"y":0,"z":-0.125},"max":{"x":0.28125,"y":0.75,"z":0.125}},"nodeNames":["cube",""],"trimesh":{"vertices":[0.28125,0.375,0.125,0.28125,-0.375,0.125,0.28125,0.375,-0.125,0.28125,-0.375,-0.125,-0.28125,0.375,-0.125,-0.28125,-0.375,-0.125,-0.28125,0.375,0.125,-0.28125,-0.375,0.125,-0.28125,0.375,-0.125,-0.28125,0.375,0.125,0.28125,0.375,-0.125,0.28125,0.375,0.125,-0.28125,-0.375,0.125,-0.28125,-0.375,-0.125,0.28125,-0.375,0.125,0.28125,-0.375,-0.125,-0.28125,0.375,0.125,-0.28125,-0.375,0.125,0.28125,0.375,0.125,0.28125,-0.375,0.125,0.28125,0.375,-0.125,0.28125,-0.375,-0.125,-0.28125,0.375,-0.125,-0.28125,-0.375,-0.125],"indices":[0,1,2,1,3,2,4,5,6,5,7,6,8,9,10,9,11,10,12,13,14,13,15,14,16,17,18,17,19,18,20,21,22,21,23,22]}}