{"schemaVersion":4,"source":{"uri":"models/environment/X-Mas/christmas-stocking-red.gltf","sha256":"6afe051da738adea374ef6dbddde8abf66f067674e3f2ade0a9c6b2968e09a4f"},"animationNames":[],"boundingBox":{"min":{"x":-0.3874999970197678,"y":0.12499999403953554,"z":0.33749999701976774},"max":{"x":0.1875,"y":0.8750000014901161,"z":0.4875000029802322}},"nodeNames":["cube","cube","cube","cube","bone",""],"trimesh":{"vertices":[0.1875,0.02500000223517418,0.05000000074505806,0.1875,-0.125,0.05000000074505806,0.1875,0.02500000223517418,-0.05000000074505806,0.1875,-0.125,-0.05000000074505806,-0.11250000447034836,0.02500000223517418,-0.05000000074505806,-0.11250000447034836,-0.125,-0.05000000074505806,-0.11250000447034836,0.02500000223517418,0.05000000074505806,-0.11250000447034836,-0.125,0.05000000074505806,-0.11250000447034836,0.02500000223517418,-0.05000000074505806,-0.11250000447034836,0.02500000223517418,0.05000000074505806,0.1875,0.02500000223517418,-0.05000000074505806,0.1875,0.02500000223517418,0.05000000074505806,-0.11250000447034836,-0.125,0.05000000074505806,-0.11250000447034836,-0.125,-0.05000000074505806,0.1875,-0.125,0.05000000074505806,0.1875,-0.125,-0.05000000074505806,-0.11250000447034836,0.02500000223517418,0.05000000074505806,-0.11250000447034836,-0.125,0.05000000074505806,0.1875,0.02500000223517418,0.05000000074505806,0.1875,-0.125,0.05000000074505806,0.1875,0.02500000223517418,-0.05000000074505806,0.1875,-0.125,-0.05000000074505806,-0.11250000447034836,0.02500000223517418,-0.05000000074505806,-0.11250000447034836,-0.125,-0.05000000074505806,0.2874999940395355,-0.125,0.05000000074505806,0.2874999940395355,-0.375,0.05000000074505806,0.2874999940395355,-0.125,-0.05000000074505806,0.2874999940395355,-0.375,-0.05000000074505806,-0.11250000447034836,-0.125,-0.05000000074505806,-0.11250000447034836,-0.375,-0.05000000074505806,-0.11250000447034836,-0.125,0.05000000074505806,-0.11250000447034836,-0.375,0.05000000074505806,-0.11250000447034836,-0.125,-0.05000000074505806,-0.11250000447034836,-0.125,0.05000000074505806,0.2874999940395355,-0.125,-0.05000000074505806,0.2874999940395355,-0.125,0.05000000074505806,-0.11250000447034836,-0.375,0.05000000074505806,-0.11250000447034836,-0.375,-0.05000000074505806,0.2874999940395355,-0.375,0.05000000074505806,0.2874999940395355,-0.375,-0.05000000074505806,-0.11250000447034836,-0.125,0.05000000074505806,-0.11250000447034836,-0.375,0.05000000074505806,0.2874999940395355,-0.125,0.05000000074505806,0.2874999940395355,-0.375,0.05000000074505806,0.2874999940395355,-0.125,-0.05000000074505806,0.2874999940395355,-0.375,-0.05000000074505806,-0.11250000447034836,-0.125,-0.05000000074505806,-0.11250000447034836,-0.375,-0.05000000074505806,0.21249999105930328,0.17500001192092896,0.07500000298023224,0.21249999105930328,0.02499999664723873,0.07500000298023224,0.21249999105930328,0.17500001192092896,-0.07500000298023224,0.21249999105930328,0.02499999664723873,-0.07500000298023224,-0.13750000298023224,0.17500001192092896,-0.07500000298023224,-0.13750000298023224,0.02499999664723873,-0.07500000298023224,-0.13750000298023224,0.17500001192092896,0.07500000298023224,-0.13750000298023224,0.02499999664723873,0.07500000298023224,-0.13750000298023224,0.17500001192092896,-0.07500000298023224,-0.13750000298023224,0.17500001192092896,0.07500000298023224,0.21249999105930328,0.17500001192092896,-0.07500000298023224,0.21249999105930328,0.17500001192092896,0.07500000298023224,-0.13750000298023224,0.02499999664723873,0.07500000298023224,-0.13750000298023224,0.02499999664723873,-0.07500000298023224,0.21249999105930328,0.02499999664723873,0.07500000298023224,0.21249999105930328,0.02499999664723873,-0.07500000298023224,-0.13750000298023224,0.17500001192092896,0.07500000298023224,-0.13750000298023224,0.02499999664723873,0.07500000298023224,0.21249999105930328,0.17500001192092896,0.07500000298023224,0.21249999105930328,0.02499999664723873,0.07500000298023224,0.21249999105930328,0.17500001192092896,-0.07500000298023224,0.21249999105930328,0.02499999664723873,-0.07500000298023224,-0.13750000298023224,0.17500001192092896,-0.07500000298023224,-0.13750000298023224,0.02499999664723873,-0.07500000298023224,-0.03749999776482582,0.375,0.0000625000029685907,-0.03749999776482582,0.125,0.0000625000029685907,-0.03749999776482582,0.375,0,-0.03749999776482582,0.125,0,-0.2874999940395355,0.375,0,-0.2874999940395355,0.125,0,-0.2874999940395355,0.375,0.0000625000029685907,-0.2874999940395355,0.125,0.0000625000029685907,-0.2874999940395355,0.375,0,-0.2874999940395355,0.375,0.0000625000029685907,-0.03749999776482582,0.375,0,-0.03749999776482582,0.375,0.0000625000029685907,-0.2874999940395355,0.125,0.0000625000029685907,-0.2874999940395355,0.125,0,-0.03749999776482582,0.125,0.0000625000029685907,-0.03749999776482582,0.125,0,-0.2874999940395355,0.375,0.0000625000029685907,-0.2874999940395355,0.125,0.0000625000029685907,-0.03749999776482582,0.375,0.0000625000029685907,-0.03749999776482582,0.125,0.0000625000029685907,-0.03749999776482582,0.375,0,-0.03749999776482582,0.125,0,-0.2874999940395355,0.375,0,-0.2874999940395355,0.125,0],"indices":[0,1,2,1,3,2,4,5,6,5,7,6,8,9,10,9,11,10,12,13,14,13,15,14,16,17,18,17,19,18,20,21,22,21,23,22,24,25,26,25,27,26,28,29,30,29,31,30,32,33,34,33,35,34,36,37,38,37,39,38,40,41,42,41,43,42,44,45,46,45,47,46,48,49,50,49,51,50,52,53,54,53,55,54,56,57,58,57,59,58,60,61,62,61,63,62,64,65,66,65,67,66,68,69,70,69,71,70,72,73,74,73,75,74,76,77,78,77,79,78,80,81,82,81,83,82,84,85,86,85,87,86,88,89,90,89,91,90,92,93,94,93,95,94]},"optimizedModelData":{"":{"meshCount":1},"-named-nodes":{"meshCount":4},"-no-animations":{"meshCount":1}}}