{"schemaVersion":4,"source":{"uri":"models/environment/House/roof-outer-down-tile.gltf","sha256":"6a3da9ea21b6af988359abc68bfe3bbbb8b566c27ada39578cc4a9766475f930"},"animationNames":[],"boundingBox":{"min":{"x":-0.5006250143051147,"y":-0.059628179986312535,"z":-0.8241048755946944},"max":{"x":0.5006250143051147,"y":0.9993749856948853,"z":0.49937500059604645}},"nodeNames":["root8","bone10","bone11","root9","bone10","bone11","root9","cube","cube","cube","cube","cube","cube","cube","cube","cube","cube","root4",""],"trimesh":{"vertices":[0.49937498569488525,0.5295015573501587,0.6617399454116821,0.49937498569488525,-0.4692484140396118,0.6617399454116821,0.49937498569488525,0.5295015573501587,0.5379899144172668,0.49937498569488525,-0.4692484140396118,0.5379899144172668,-0.49937498569488525,0.5295015573501587,0.5379899144172668,-0.49937498569488525,-0.4692484140396118,0.5379899144172668,-0.49937498569488525,0.5295015573501587,0.6617399454116821,-0.49937498569488525,-0.4692484140396118,0.6617399454116821,-0.49937498569488525,0.5295015573501587,0.5379899144172668,-0.49937498569488525,0.5295015573501587,0.6617399454116821,0.49937498569488525,0.5295015573501587,0.5379899144172668,0.49937498569488525,0.5295015573501587,0.6617399454116821,-0.49937498569488525,-0.4692484140396118,0.6617399454116821,-0.49937498569488525,-0.4692484140396118,0.5379899144172668,0.49937498569488525,-0.4692484140396118,0.6617399454116821,0.49937498569488525,-0.4692484140396118,0.5379899144172668,-0.49937498569488525,0.5295015573501587,0.6617399454116821,-0.49937498569488525,-0.4692484140396118,0.6617399454116821,0.49937498569488525,0.5295015573501587,0.6617399454116821,0.49937498569488525,-0.4692484140396118,0.6617399454116821,0.49937498569488525,0.5295015573501587,0.5379899144172668,0.49937498569488525,-0.4692484140396118,0.5379899144172668,-0.49937498569488525,0.5295015573501587,0.5379899144172668,-0.49937498569488525,-0.4692484140396118,0.5379899144172668,0.375,0.030126597732305527,0.5373649597167969,0.375,-0.4698733985424042,0.5373649597167969,0.375,0.030126597732305527,-0.025135062634944916,0.375,-0.4698733985424042,-0.025135062634944916,-0.375,0.030126597732305527,-0.025135062634944916,-0.375,-0.4698733985424042,-0.025135062634944916,-0.375,0.030126597732305527,0.5373649597167969,-0.375,-0.4698733985424042,0.5373649597167969,-0.375,0.030126597732305527,-0.025135062634944916,-0.375,0.030126597732305527,0.5373649597167969,0.375,0.030126597732305527,-0.025135062634944916,0.375,0.030126597732305527,0.5373649597167969,-0.375,-0.4698733985424042,0.5373649597167969,-0.375,-0.4698733985424042,-0.025135062634944916,0.375,-0.4698733985424042,0.5373649597167969,0.375,-0.4698733985424042,-0.025135062634944916,-0.375,0.030126597732305527,0.5373649597167969,-0.375,-0.4698733985424042,0.5373649597167969,0.375,0.030126597732305527,0.5373649597167969,0.375,-0.4698733985424042,0.5373649597167969,0.375,0.030126597732305527,-0.025135062634944916,0.375,-0.4698733985424042,-0.025135062634944916,-0.375,0.030126597732305527,-0.025135062634944916,-0.375,-0.4698733985424042,-0.025135062634944916,0.375,-0.2823733985424042,-0.025135062634944916,0.375,-0.4698733985424042,-0.025135062634944916,0.375,-0.2823733985424042,-0.3376350700855255,0.375,-0.4698733985424042,-0.3376350700855255,-0.375,-0.2823733985424042,-0.3376350700855255,-0.375,-0.4698733985424042,-0.3376350700855255,-0.375,-0.2823733985424042,-0.025135062634944916,-0.375,-0.4698733985424042,-0.025135062634944916,-0.375,-0.2823733985424042,-0.3376350700855255,-0.375,-0.2823733985424042,-0.025135062634944916,0.375,-0.2823733985424042,-0.3376350700855255,0.375,-0.2823733985424042,-0.025135062634944916,-0.375,-0.4698733985424042,-0.025135062634944916,-0.375,-0.4698733985424042,-0.3376350700855255,0.375,-0.4698733985424042,-0.025135062634944916,0.375,-0.4698733985424042,-0.3376350700855255,-0.375,-0.2823733985424042,-0.025135062634944916,-0.375,-0.4698733985424042,-0.025135062634944916,0.375,-0.2823733985424042,-0.025135062634944916,0.375,-0.4698733985424042,-0.025135062634944916,0.375,-0.2823733985424042,-0.3376350700855255,0.375,-0.4698733985424042,-0.3376350700855255,-0.375,-0.2823733985424042,-0.3376350700855255,-0.375,-0.4698733985424042,-0.3376350700855255,0.49937498569488525,-0.3442484140396118,-0.33701005578041077,0.49937498569488525,-0.4692484140396118,-0.33701005578041077,0.31187498569488525,-0.3442484140396118,-0.33701005578041077,0.31187498569488525,-0.4692484140396118,-0.33701005578041077,0.31187498569488525,-0.3442484140396118,0.5379899144172668,0.31187498569488525,-0.4692484140396118,0.5379899144172668,0.49937498569488525,-0.3442484140396118,0.5379899144172668,0.49937498569488525,-0.4692484140396118,0.5379899144172668,0.31187498569488525,-0.3442484140396118,0.5379899144172668,0.49937498569488525,-0.3442484140396118,0.5379899144172668,0.31187498569488525,-0.3442484140396118,-0.33701005578041077,0.49937498569488525,-0.3442484140396118,-0.33701005578041077,0.49937498569488525,-0.4692484140396118,0.5379899144172668,0.31187498569488525,-0.4692484140396118,0.5379899144172668,0.49937498569488525,-0.4692484140396118,-0.33701005578041077,0.31187498569488525,-0.4692484140396118,-0.33701005578041077,0.49937498569488525,-0.3442484140396118,0.5379899144172668,0.49937498569488525,-0.4692484140396118,0.5379899144172668,0.49937498569488525,-0.3442484140396118,-0.33701005578041077,0.49937498569488525,-0.4692484140396118,-0.33701005578041077,0.31187498569488525,-0.3442484140396118,-0.33701005578041077,0.31187498569488525,-0.4692484140396118,-0.33701005578041077,0.31187498569488525,-0.3442484140396118,0.5379899144172668,0.31187498569488525,-0.4692484140396118,0.5379899144172668,-0.49937498569488525,-0.3442484140396118,0.5379899144172668,-0.49937498569488525,-0.4692484140396118,0.5379899144172668,-0.31187498569488525,-0.3442484140396118,0.5379899144172668,-0.31187498569488525,-0.4692484140396118,0.5379899144172668,-0.31187498569488525,-0.3442484140396118,-0.33701005578041077,-0.31187498569488525,-0.4692484140396118,-0.33701005578041077,-0.49937498569488525,-0.3442484140396118,-0.33701005578041077,-0.49937498569488525,-0.4692484140396118,-0.33701005578041077,-0.31187498569488525,-0.3442484140396118,-0.33701005578041077,-0.49937498569488525,-0.3442484140396118,-0.33701005578041077,-0.31187498569488525,-0.3442484140396118,0.5379899144172668,-0.49937498569488525,-0.3442484140396118,0.5379899144172668,-0.49937498569488525,-0.4692484140396118,-0.33701005578041077,-0.31187498569488525,-0.4692484140396118,-0.33701005578041077,-0.49937498569488525,-0.4692484140396118,0.5379899144172668,-0.31187498569488525,-0.4692484140396118,0.5379899144172668,-0.49937498569488525,-0.3442484140396118,-0.33701005578041077,-0.49937498569488525,-0.4692484140396118,-0.33701005578041077,-0.49937498569488525,-0.3442484140396118,0.5379899144172668,-0.49937498569488525,-0.4692484140396118,0.5379899144172668,-0.31187498569488525,-0.3442484140396118,0.5379899144172668,-0.31187498569488525,-0.4692484140396118,0.5379899144172668,-0.31187498569488525,-0.3442484140396118,-0.33701005578041077,-0.31187498569488525,-0.4692484140396118,-0.33701005578041077,0.375,0.3426266014575958,0.5373649597167969,0.375,0.030126597732305527,0.5373649597167969,0.375,0.3426266014575958,0.2873649299144745,0.375,0.030126597732305527,0.2873649299144745,-0.375,0.3426266014575958,0.2873649299144745,-0.375,0.030126597732305527,0.2873649299144745,-0.375,0.3426266014575958,0.5373649597167969,-0.375,0.030126597732305527,0.5373649597167969,-0.375,0.3426266014575958,0.2873649299144745,-0.375,0.3426266014575958,0.5373649597167969,0.375,0.3426266014575958,0.2873649299144745,0.375,0.3426266014575958,0.5373649597167969,-0.375,0.030126597732305527,0.5373649597167969,-0.375,0.030126597732305527,0.2873649299144745,0.375,0.030126597732305527,0.5373649597167969,0.375,0.030126597732305527,0.2873649299144745,-0.375,0.3426266014575958,0.5373649597167969,-0.375,0.030126597732305527,0.5373649597167969,0.375,0.3426266014575958,