{"schemaVersion":4,"source":{"uri":"models/eggs/rare/explorer-egg.gltf","sha256":"83b8023ccfe9b8b28eb1c704a67fffb6d64b3176f6d10dac267d5141796e2741"},"animationNames":[],"boundingBox":{"min":{"x":-0.375,"y":0,"z":-0.4630734521872587},"max":{"x":0.375,"y":0.875,"z":0.375}},"nodeNames":["cube","cube","cube","cube","cube","cube","group"],"trimesh":{"vertices":[0.28125,0.4375,-0.23721326887607574,0.3125,0.4375,0.04403672739863396,0.3125,0.1875,0.04403672739863396,0.3125,0.1875,-0.26846328377723694,-0.3125,0.1875,-0.26846328377723694,-0.3125,0.1875,0.04403672739863396,-0.3125,0.4375,0.04403672739863396,-0.28125,0.4375,-0.23721326887607574,-0.28125,0.4375,-0.23721326887607574,-0.3125,0.4375,0.04403672739863396,0,0.4375,0.04403672739863396,0,0.4375,-0.26846328377723694,0,0.1875,-0.26846328377723694,0,0.1875,0.04403672739863396,-0.3125,0.1875,0.04403672739863396,-0.3125,0.1875,-0.26846328377723694,-0.3125,0.1875,0.35653671622276306,0,0.1875,0.35653671622276306,0,0.4375,0.35653671622276306,-0.28125,0.4375,0.32528671622276306,-0.28125,0.4375,-0.23721326887607574,0,0.4375,-0.26846328377723694,0,0.1875,-0.26846328377723694,-0.3125,0.1875,-0.26846328377723694,0.3125,0.4375,0.04403672739863396,0.28125,0.4375,-0.23721326887607574,0.28125,0.4375,0.32528671622276306,0,0.4375,0.35653671622276306,0,0.1875,0.35653671622276306,0.3125,0.1875,0.35653671622276306,0.3125,0.1875,-0.26846328377723694,0.3125,0.1875,0.04403672739863396,0.3125,0.1875,-0.26846328377723694,0,0.1875,-0.26846328377723694,0,0.4375,-0.26846328377723694,0.28125,0.4375,-0.23721326887607574,-0.28125,0.4375,0.32528671622276306,-0.3125,0.4375,0.04403672739863396,-0.3125,0.1875,0.04403672739863396,-0.3125,0.1875,0.35653671622276306,-0.3125,0.1875,0.35653671622276306,0,0.1875,0.35653671622276306,0.3125,0.1875,0.35653671622276306,0.3125,0.1875,0.35653671622276306,0.3125,0.1875,0.04403672739863396,0.3125,0.4375,0.04403672739863396,0.28125,0.4375,0.32528671622276306,0.28125,0.4375,0.32528671622276306,0,0.4375,0.35653671622276306,-0.28125,0.4375,0.32528671622276306,0.359375,-0.3125,-0.31533828377723694,0.375,-0.0625,-0.33096328377723694,0.375,-0.0625,0.41903671622276306,0.359375,-0.3125,0.40341171622276306,-0.359375,-0.3125,0.40341171622276306,-0.375,-0.0625,0.41903671622276306,-0.375,-0.0625,-0.33096328377723694,-0.359375,-0.3125,-0.31533828377723694,0.34375,0.1875,0.38778671622276306,0.34375,0.1875,-0.29971328377723694,-0.34375,0.1875,-0.29971328377723694,-0.34375,0.1875,0.38778671622276306,0.359375,-0.3125,-0.31533828377723694,0.359375,-0.3125,0.40341171622276306,-0.359375,-0.3125,0.40341171622276306,-0.359375,-0.3125,-0.31533828377723694,0.359375,-0.3125,0.40341171622276306,0.375,-0.0625,0.41903671622276306,-0.375,-0.0625,0.41903671622276306,-0.359375,-0.3125,0.40341171622276306,-0.359375,-0.3125,-0.31533828377723694,-0.375,-0.0625,-0.33096328377723694,0.375,-0.0625,-0.33096328377723694,0.359375,-0.3125,-0.31533828377723694,-0.34375,0.1875,-0.29971328377723694,-0.375,-0.0625,-0.33096328377723694,-0.375,-0.0625,0.41903671622276306,-0.34375,0.1875,0.38778671622276306,-0.34375,0.1875,0.38778671622276306,-0.375,-0.0625,0.41903671622276306,0.375,-0.0625,0.41903671622276306,0.34375,0.1875,0.38778671622276306,0.34375,0.1875,0.38778671622276306,0.375,-0.0625,0.41903671622276306,0.375,-0.0625,-0.33096328377723694,0.34375,0.1875,-0.29971328377723694,0.34375,0.1875,-0.29971328377723694,0.375,-0.0625,-0.33096328377723694,-0.375,-0.0625,-0.33096328377723694,-0.34375,0.1875,-0.29971328377723694,0.3125,-0.4375,-0.26846328377723694,0.34375,-0.3125,-0.29971328377723694,0.34375,-0.3125,0.38778671622276306,0.3125,-0.4375,0.35653671622276306,-0.3125,-0.4375,0.35653671622276306,-0.34375,-0.3125,0.38778671622276306,-0.34375,-0.3125,-0.29971328377723694,-0.3125,-0.4375,-0.26846328377723694,0.34375,-0.3125,0.38778671622276306,0.34375,-0.3125,-0.29971328377723694,-0.34375,-0.3125,-0.29971328377723694,-0.34375,-0.3125,0.38778671622276306,0.3125,-0.4375,-0.26846328377723694,0.3125,-0.4375,0.35653671622276306,-0.3125,-0.4375,0.35653671622276306,-0.3125,-0.4375,-0.26846328377723694,0.3125,-0.4375,0.35653671622276306,0.34375,-0.3125,0.38778671622276306,-0.34375,-0.3125,0.38778671622276306,-0.3125,-0.4375,0.35653671622276306,-0.3125,-0.4375,-0.26846328377723694,-0.34375,-0.3125,-0.29971328377723694,0.34375,-0.3125,-0.29971328377723694,0.3125,-0.4375,-0.26846328377723694,-0.05193552374839783,0.125,-0.2969997227191925,-0.05193552374839783,-0.125,-0.2969997227191925,-0.07899047434329987,0.125,-0.41903671622276306,-0.07899047434329987,-0.125,-0.41903671622276306,-0.3230644762516022,0.125,-0.364926815032959,-0.3230644762516022,-0.125,-0.364926815032959,-0.29600951075553894,0.125,-0.24288982152938843,-0.29600951075553894,-0.125,-0.24288982152938843,-0.3230644762516022,0.125,-0.364926815032959,-0.29600951075553894,0.125,-0.24288982152938843,-0.07899047434329987,0.125,-0.41903671622276306,-0.05193552374839783,0.125,-0.2969997227191925,-0.29600951075553894,-0.125,-0.24288982152938843,-0.3230644762516022,-0.125,-0.364926815032959,-0.05193552374839783,-0.125,-0.2969997227191925,-0.07899047434329987,-0.125,-0.41903671622276306,-0.29600951075553894,0.125,-0.24288982152938843,-0.29600951075553894,-0.125,-0.24288982152938843,-0.05193552374839783,0.125,-0.2969997227191925,-0.05193552374839783,-0.125,-0.2969997227191925,-0.07899047434329987,0.125,-0.41903671622276306,-0.07899047434329987,-0.125,-0.41903671622276306,-0.3230644762516022,0.125,-0.364926815032959,-0.3230644762516022,-0.125,-0.364926815032959,0.375,0.0625,0.41903671622276306,0.375,-0.0625,0.41903671622276306,0.375,0.0625,-0.33096328377723694,0.375,-0.0625,-0.33096328377723694,-0.375,0.0625,-0.33096328377723694,-0.375,-0.0625,-0.33096328377723694,-0.375,0.0625,0.41903674602508545,-0.375,-0.0625,0.41903674602508545,-0.375,0.0625,-0.33096328377723694,-0.375,0.0625,0.41903674602508545,0.375,0.0625,-0.33096328377723694,0.375,0.0625,0.41903671622276306,-0.375,-0.0625,0.41903674602508545,-0.375,-0.0625,-0.33096328377723694,0.375,-0.0625,0.41903671622276306,0.375,-0.0625,-0.33096328377723694,-0.375,0.0625,0.41903674602508545,-0.375,-0.0625,0.41903674602508545,0.375,0.0625,0.41903671622276306,0.375,-0.0625,0.41903671622276306,0.375,0.0625,-0.33096328377723694,0.375,-0.0625,-0.33096328377723694,-0.375,0.0625,-0.33096328377723694,-0.375,-0.0625,-0.33096328377723694,0.29600951075553894,0.125,-0.24288980662822723,0.29600951075553894,-0.125,-0.24288980662822723,0.3230644762516022,0.125,-0.364926815032959,0.3230644762516022,-0.125,-0.364926815032959,0.07899047434329987,0.125,-0.41903671622276306,0.07899047434329987,-0.125,-0.41903671622276306,0.05193552002310753,0.125,-0.2969997227191925,0.05193552002310753,-0.125,-0.2969997227191925,0.07899047434329987,0.125,-0.41903671622276306,0.05193552002310753,0.125,-0.2969997227191925,0.3230644762516022,0.125,-0.364926815032959,0.29600951075553894,0.125,-0.24288980662822723,0.05193552002310753,-0.125,-0.2969997227191925,0.07899047434329987,-0.125,-0.41903671622276306,0.29600951075553894,-0.125,-0.24288980662822723,0.3230644762516022,-0.125,-0.364926815032959,0.05193552002310753,0.125,-0.2969997227191925,0.05193552002310753,-0.125,-0.2969997227191925,0.29600951075553894,0.125,-0.24288980662822723,0.29600951075553894,-0.125,-0.24288980662822723,0.3230644762516022,0.125,-0.364926815032959,0.3230644762516022,-0.125,-0.364926815032959,0.07899047434329987,0.125,-0.41903671622276306,0.07899047434329987,-0.125,-0.41903671622276306],