{"schemaVersion":4,"source":{"uri":"models/npcs/fish/peacock.gltf","sha256":"bd8ae42951e4a1faa48fc4a460087e6247515665be952666de4e1248dc860b05"},"animationNames":["idle","walk"],"boundingBox":{"min":{"x":-0.28125,"y":0.046875,"z":-0.375},"max":{"x":0.28125,"y":0.5,"z":0.375}},"nodeNames":["cube","cube","arm","cube","arm2","cube","top_fin","cube","cube","back","cube","head","peacock",""],"trimesh":{"vertices":[0.09375,0.25,0.3125,0.09375,0,0.3125,0.09375,0.25,-0.0625,0.09375,0,-0.0625,-0.09375,0.25,-0.0625,-0.09375,0,-0.0625,-0.09375,0.25,0.3125,-0.09375,0,0.3125,-0.09375,0.25,-0.0625,-0.09375,0.25,0.3125,0.09375,0.25,-0.0625,0.09375,0.25,0.3125,-0.09375,0,0.3125,-0.09375,0,-0.0625,0.09375,0,0.3125,0.09375,0,-0.0625,-0.09375,0.25,0.3125,-0.09375,0,0.3125,0.09375,0.25,0.3125,0.09375,0,0.3125,0.09375,0.25,-0.0625,0.09375,0,-0.0625,-0.09375,0.25,-0.0625,-0.09375,0,-0.0625,0.09375,0.125,0,0.09375,0.125,0.25,0.09375,0.125,0,-0.09375,0.125,0.25,-0.09375,0.125,0,-0.09375,0.125,0.25,0.09375,0.125,0.25,0.09375,0.125,0,-0.09375,0.125,0,-0.09375,0.125,0.25,0.09375,0.125,0.25,-0.09375,0.125,0.25,0.09375,0.125,0.25,-0.09375,0.125,0,0.09375,0.125,0,-0.09375,0.125,0,-0.09375,0.125,0.25,-0.09375,0.125,0,-0.09375,0.125,0.25,0.09375,0.125,0,0.09375,0.125,0.25,0.09375,0.125,0,0.09375,0.125,0,-0.09375,0.125,0,-0.09375,0.125,0.25,0.09375,0.125,0.25,0.09375,0.125,0.25,-0.09375,0.125,0.25,0.09375,0.125,0.25,-0.09375,0.125,0,0.09375,0.125,0,-0.09375,0.125,0,0,0,0.3125,0,0.125,0.3125,0,0.125,-0.0625,0,0,-0.0625,0,0.125,-0.0625,0,0.125,-0.0625,0,0.125,0.3125,0,0,0.3125,0,0,0.3125,0,0,-0.0625,0,0.125,0.3125,0,0.125,0.3125,0,0,0.3125,0,0.125,-0.0625,0,0.125,-0.0625,0,0,-0.0625,0.046875,0.078125,0.0625,0.046875,-0.078125,0.0625,0.046875,0.078125,-0.0625,0.046875,-0.078125,-0.0625,-0.046875,0.078125,-0.0625,-0.046875,-0.078125,-0.0625,-0.046875,0.078125,0.0625,-0.046875,-0.078125,0.0625,-0.046875,0.078125,-0.0625,-0.046875,0.078125,0.0625,0.046875,0.078125,-0.0625,0.046875,0.078125,0.0625,-0.046875,-0.078125,0.0625,-0.046875,-0.078125,-0.0625,0.046875,-0.078125,0.0625,0.046875,-0.078125,-0.0625,-0.046875,0.078125,0.0625,-0.046875,-0.078125,0.0625,0.046875,0.078125,0.0625,0.046875,-0.078125,0.0625,0.046875,0.078125,-0.0625,0.046875,-0.078125,-0.0625,-0.046875,0.078125,-0.0625,-0.046875,-0.078125,-0.0625,0,-0.203125,0.1875,0,0.203125,0.1875,0,0.203125,-0.0625,0,-0.203125,-0.0625,0,0.203125,-0.0625,0,0.203125,-0.0625,0,0.203125,0.1875,0,-0.203125,0.1875,0,-0.203125,0.1875,0,-0.203125,-0.0625,0,0.203125,0.1875,0,0.203125,0.1875,0,-0.203125,0.1875,0,0.203125,-0.0625,0,0.203125,-0.0625,0,-0.203125,-0.0625,0.0625,0.1875,0.3125,0.0625,0,0.3125,0.0625,0.1875,0.1875,0.0625,0,0.1875,-0.0625,0.1875,0.1875,-0.0625,0,0.1875,-0.0625,0.1875,0.3125,-0.0625,0,0.3125,-0.0625,0.1875,0.1875,-0.0625,0.1875,0.3125,0.0625,0.1875,0.1875,0.0625,0.1875,0.3125,-0.0625,0,0.3125,-0.0625,0,0.1875,0.0625,0,0.3125,0.0625,0,0.1875,-0.0625,0.1875,0.3125,-0.0625,0,0.3125,0.0625,0.1875,0.3125,0.0625,0,0.3125,0.0625,0.1875,0.1875,0.0625,0,0.1875,-0.0625,0.1875,0.1875,-0.0625,0,0.1875],"indices":[0,1,2,1,3,2,4,5,6,5,7,6,8,9,10,9,11,10,12,13,14,13,15,14,16,17,18,17,19,18,20,21,22,21,23,22,24,25,26,24,26,25,27,28,29,27,29,28,30,31,32,30,32,33,34,35,36,34,36,35,37,38,39,37,39,38,40,41,41,40,41,42,43,44,44,43,44,45,46,47,48,46,48,49,50,51,51,50,51,52,53,54,54,53,54,55,56,57,58,56,58,59,60,61,62,60,62,62,63,64,65,63,65,65,66,67,68,66,68,68,69,70,71,69,71,71,72,73,74,73,75,74,76,77,78,77,79,78,80,81,82,81,83,82,84,85,86,85,87,86,88,89,90,89,91,90,92,93,94,93,95,94,96,97,98,96,98,99,100,101,102,100,102,102,103,104,105,103,105,105,106,107,108,106,108,108,109,110,111,109,111,111,112,113,114,113,115,114,116,117,118,117,119,118,120,121,122,121,123,122,124,125,126,125,127,126,128,129,130,129,131,130,132,133,134,133,135,134]},"optimizedModelData":{"":{"meshCount":6},"-named-nodes":{"meshCount":7},"-no-animations":{"meshCount":1}}}