{"schemaVersion":4,"source":{"uri":"models/tools/shovel/wooden-shovel.gltf","sha256":"499c5a08d6daa512b6ce3063dc1906ffe7a87456779bda76279d441975ac8ec6"},"animationNames":[],"boundingBox":{"min":{"x":-0.09375,"y":0,"z":-0.0625},"max":{"x":0.09375,"y":0.9978703641430667,"z":0.0625}},"nodeNames":["cube","cube","cube","cube","shovel"],"trimesh":{"vertices":[0.03125,0.09481481462717056,0.03125,0.03125,-0.49893519282341003,0.03125,0.03125,0.09481481462717056,-0.03125,0.03125,-0.49893519282341003,-0.03125,-0.03125,0.09481481462717056,-0.03125,-0.03125,-0.49893519282341003,-0.03125,-0.03125,0.09481481462717056,0.03125,-0.03125,-0.49893519282341003,0.03125,-0.03125,0.09481481462717056,-0.03125,-0.03125,0.09481481462717056,0.03125,0.03125,0.09481481462717056,-0.03125,0.03125,0.09481481462717056,0.03125,-0.03125,-0.49893519282341003,0.03125,-0.03125,-0.49893519282341003,-0.03125,0.03125,-0.49893519282341003,0.03125,0.03125,-0.49893519282341003,-0.03125,-0.03125,0.09481481462717056,0.03125,-0.03125,-0.49893519282341003,0.03125,0.03125,0.09481481462717056,0.03125,0.03125,-0.49893519282341003,0.03125,0.03125,0.09481481462717056,-0.03125,0.03125,-0.49893519282341003,-0.03125,-0.03125,0.09481481462717056,-0.03125,-0.03125,-0.49893519282341003,-0.03125,0.0625,0.25106480717658997,0.0625,0.0625,0.09481481462717056,0.0625,0.0625,0.25106480717658997,-0.0625,0.0625,0.09481481462717056,-0.0625,-0.0625,0.25106480717658997,-0.0625,-0.0625,0.09481481462717056,-0.0625,-0.0625,0.25106480717658997,0.0625,-0.0625,0.09481481462717056,0.0625,-0.0625,0.25106480717658997,-0.0625,-0.0625,0.25106480717658997,0.0625,0.0625,0.25106480717658997,-0.0625,0.0625,0.25106480717658997,0.0625,-0.0625,0.09481481462717056,0.0625,-0.0625,0.09481481462717056,-0.0625,0.0625,0.09481481462717056,0.0625,0.0625,0.09481481462717056,-0.0625,-0.0625,0.25106480717658997,0.0625,-0.0625,0.09481481462717056,0.0625,0.0625,0.25106480717658997,0.0625,0.0625,0.09481481462717056,0.0625,0.0625,0.25106480717658997,-0.0625,0.0625,0.09481481462717056,-0.0625,-0.0625,0.25106480717658997,-0.0625,-0.0625,0.09481481462717056,-0.0625,0.09375,0.43856480717658997,0.03125,0.09375,0.18856482207775116,0.03125,0.09375,0.43856480717658997,-0.03125,0.09375,0.18856482207775116,-0.03125,-0.09375,0.43856480717658997,-0.03125,-0.09375,0.18856482207775116,-0.03125,-0.09375,0.43856480717658997,0.03125,-0.09375,0.18856482207775116,0.03125,-0.09375,0.43856480717658997,-0.03125,-0.09375,0.43856480717658997,0.03125,0.09375,0.43856480717658997,-0.03125,0.09375,0.43856480717658997,0.03125,-0.09375,0.18856482207775116,0.03125,-0.09375,0.18856482207775116,-0.03125,0.09375,0.18856482207775116,0.03125,0.09375,0.18856482207775116,-0.03125,-0.09375,0.43856480717658997,0.03125,-0.09375,0.18856482207775116,0.03125,0.09375,0.43856480717658997,0.03125,0.09375,0.18856482207775116,0.03125,0.09375,0.43856480717658997,-0.03125,0.09375,0.18856482207775116,-0.03125,-0.09375,0.43856480717658997,-0.03125,-0.09375,0.18856482207775116,-0.03125,0.09375,0.49893519282341003,-0.016176190227270126,0.09375,0.49893519282341003,-0.016176190227270126,0.09375,0.43856480717658997,0,-0.09375,0.49893519282341003,-0.016176190227270126,-0.09375,0.49893519282341003,-0.016176190227270126,-0.09375,0.43856480717658997,0,0.09375,0.49893519282341003,-0.016176190227270126,-0.09375,0.49893519282341003,-0.016176190227270126,0.09375,0.49893519282341003,-0.016176190227270126,0.09375,0.43856480717658997,0,-0.09375,0.43856480717658997,0,0.09375,0.43856480717658997,0,-0.09375,0.43856480717658997,0,-0.09375,0.49893519282341003,-0.016176190227270126,0.09375,0.49893519282341003,-0.016176190227270126,0.09375,0.43856480717658997,0],"indices":[0,1,2,1,3,2,4,5,6,5,7,6,8,9,10,9,11,10,12,13,14,13,15,14,16,17,18,17,19,18,20,21,22,21,23,22,24,25,26,25,27,26,28,29,30,29,31,30,32,33,34,33,35,34,36,37,38,37,39,38,40,41,42,41,43,42,44,45,46,45,47,46,48,49,50,49,51,50,52,53,54,53,55,54,56,57,58,57,59,58,60,61,62,61,63,62,64,65,66,65,67,66,68,69,70,69,71,70,72,73,74,72,74,74,75,76,77,75,77,77,78,79,80,78,80,79,81,82,83,81,83,82,84,85,86,84,86,87]},"optimizedModelData":{"":{"meshCount":1},"-named-nodes":{"meshCount":4},"-no-animations":{"meshCount":1}}}