{"schemaVersion":4,"source":{"uri":"models/tools/sword/sword-ruby.gltf","sha256":"c1bf415a7bf524457e1757dbbdbdc41faa67e79a791a6d39ac6dd83295fdced9"},"animationNames":[],"boundingBox":{"min":{"x":-0.26516504294495535,"y":0.002343907803234846,"z":-0.0625},"max":{"x":0.26516504294495535,"y":1.18984375,"z":0.0625}},"nodeNames":["cube","cube","cube","cube","cube","cube","cube","cube","cube","cube","cube","cube","cube","cube","cube","ruby-sword"],"trimesh":{"vertices":[0.03125,-0.25000008940696716,0.03125,0.03125,-0.46875008940696716,0.03125,0.03125,-0.25000008940696716,-0.03125,0.03125,-0.46875008940696716,-0.03125,-0.03125,-0.25000008940696716,-0.03125,-0.03125,-0.46875008940696716,-0.03125,-0.03125,-0.25000008940696716,0.03125,-0.03125,-0.46875008940696716,0.03125,-0.03125,-0.25000008940696716,-0.03125,-0.03125,-0.25000008940696716,0.03125,0.03125,-0.25000008940696716,-0.03125,0.03125,-0.25000008940696716,0.03125,-0.03125,-0.46875008940696716,0.03125,-0.03125,-0.46875008940696716,-0.03125,0.03125,-0.46875008940696716,0.03125,0.03125,-0.46875008940696716,-0.03125,-0.03125,-0.25000008940696716,0.03125,-0.03125,-0.46875008940696716,0.03125,0.03125,-0.25000008940696716,0.03125,0.03125,-0.46875008940696716,0.03125,0.03125,-0.25000008940696716,-0.03125,0.03125,-0.46875008940696716,-0.03125,-0.03125,-0.25000008940696716,-0.03125,-0.03125,-0.46875008940696716,-0.03125,0,0.0011103556025773287,0.03125,0.11048543453216553,-0.10937508195638657,0.03125,0,0.0011103556025773287,-0.03125,0.11048543453216553,-0.10937508195638657,-0.03125,-0.11048543453216553,-0.10937508195638657,-0.03125,0,-0.2198605090379715,-0.03125,-0.11048543453216553,-0.10937508195638657,0.03125,0,-0.2198605090379715,0.03125,-0.11048543453216553,-0.10937508195638657,-0.03125,-0.11048543453216553,-0.10937508195638657,0.03125,0,0.0011103556025773287,-0.03125,0,0.0011103556025773287,0.03125,0,-0.2198605090379715,0.03125,0,-0.2198605090379715,-0.03125,0.11048543453216553,-0.10937508195638657,0.03125,0.11048543453216553,-0.10937508195638657,-0.03125,-0.11048543453216553,-0.10937508195638657,0.03125,0,-0.2198605090379715,0.03125,0,0.0011103556025773287,0.03125,0.11048543453216553,-0.10937508195638657,0.03125,0,0.0011103556025773287,-0.03125,0.11048543453216553,-0.10937508195638657,-0.03125,-0.11048543453216553,-0.10937508195638657,-0.03125,0,-0.2198605090379715,-0.03125,0.078125,0.40624991059303284,0.015625,0.078125,-0.09375008195638657,0.015625,0.078125,0.40624991059303284,-0.015625,0.078125,-0.09375008195638657,-0.015625,-0.078125,0.40624991059303284,-0.015625,-0.078125,-0.09375008195638657,-0.015625,-0.078125,0.40624991059303284,0.015625,-0.078125,-0.09375008195638657,0.015625,-0.078125,0.40624991059303284,-0.015625,-0.078125,0.40624991059303284,0.015625,0.078125,0.40624991059303284,-0.015625,0.078125,0.40624991059303284,0.015625,-0.078125,-0.09375008195638657,0.015625,-0.078125,-0.09375008195638657,-0.015625,0.078125,-0.09375008195638657,0.015625,0.078125,-0.09375008195638657,-0.015625,-0.078125,0.40624991059303284,0.015625,-0.078125,-0.09375008195638657,0.015625,0.078125,0.40624991059303284,0.015625,0.078125,-0.09375008195638657,0.015625,0.078125,0.40624991059303284,-0.015625,0.078125,-0.09375008195638657,-0.015625,-0.078125,0.40624991059303284,-0.015625,-0.078125,-0.09375008195638657,-0.015625,0.0625,-0.18750007450580597,0.0625,0.0625,-0.25000008940696716,0.0625,0.0625,-0.18750007450580597,-0.0625,0.0625,-0.25000008940696716,-0.0625,-0.0625,-0.18750007450580597,-0.0625,-0.0625,-0.25000008940696716,-0.0625,-0.0625,-0.18750007450580597,0.0625,-0.0625,-0.25000008940696716,0.0625,-0.0625,-0.18750007450580597,-0.0625,-0.0625,-0.18750007450580597,0.0625,0.0625,-0.18750007450580597,-0.0625,0.0625,-0.18750007450580597,0.0625,-0.0625,-0.25000008940696716,0.0625,-0.0625,-0.25000008940696716,-0.0625,0.0625,-0.25000008940696716,0.0625,0.0625,-0.25000008940696716,-0.0625,-0.0625,-0.18750007450580597,0.0625,-0.0625,-0.25000008940696716,0.0625,0.0625,-0.18750007450580597,0.0625,0.0625,-0.25000008940696716,0.0625,0.0625,-0.18750007450580597,-0.0625,0.0625,-0.25000008940696716,-0.0625,-0.0625,-0.18750007450580597,-0.0625,-0.0625,-0.25000008940696716,-0.0625,0.0625,-0.46875008940696716,0.046875,0.0625,-0.5312500596046448,0.046875,0.0625,-0.46875008940696716,-0.046875,0.0625,-0.5312500596046448,-0.046875,-0.0625,-0.46875008940696716,-0.046875,-0.0625,-0.5312500596046448,-0.046875,-0.0625,-0.46875008940696716,0.046875,-0.0625,-0.5312500596046448,0.046875,-0.0625,-0.46875008940696716,-0.046875,-0.0625,-0.46875008940696716,0.046875,0.0625,-0.46875008940696716,-0.046875,0.0625,-0.46875008940696716,0.046875,-0.0625,-0.5312500596046448,0.046875,-0.0625,-0.5312500596046448,-0.046875,0.0625,-0.5312500596046448,0.046875,0.0625,-0.5312500596046448,-0.046875,-0.0625,-0.46875008940696716,0.046875,-0.0625,-0.5312500596046448,0.046875,0.0625,-0.46875008940696716,0.046875,0.0625,-0.5312500596046448,0.046875,0.0625,-0.46875008940696716,-0.046875,0.0625,-0.5312500596046448,-0.046875,-0.0625,-0.46875008940696716,-0.046875,-0.0625,-0.5312500596046448,-0.046875,0.0390625,-0.28125008940696716,0.0390625,0.0390625,-0.43750008940696716,0.0390625,0.0390625,-0.28125008940696716,-0.0390625,0.0390625,-0.43750008940696716,-0.0390625,-0.0390625,-0.28125008940696716,-0.0390625,-0.0390625,-0.43750008940696716,-0.0390625,-0.0390625,-0.28125008940696716,0.0390625,-0.0390625,-0.43750008940696716,0.0390625,-0.0390625,-0.28125008940696716,-0.0390625,-0.0390625,-0.28125008940696716,0.0390625,0.0390625,-0.28125008940696716,-0.0390625,0.0390625,-0.28125008940696716,0.0390625,-0.0390625,-0.43750008940696716,0.0390625,-0.0390625,-0.43750008940696716,-0.0390625,0.0390625,-0.43750008940696716,0.0390625,0.0390625,-0.43750008940696716,-0.0390625,-0.0390625,-0.28125008940696716,0.0390625,-0.0390625,-0.43750008940696716,0.0390625,0.0390625,-0.28125008940696716,0.0390625,0.0390625,-0.43750008940696716,0.0390625,0.0390625,-0.28125008940696716,-0.0390625,0.0390625,-0.43750008940696716,-0.0390625,-0.0390625,-0.28125008940696716,-0.0390625,-0.0390625,-0.43750008940696716,-0.0390625,0.140625,0.5937499403953552,0,0.140625,0.5937499403953552,0,0.140625,0.31249991059303284,0,-0.140625,0.5937499403953552,0,-0.140625,0.5937499403953552,0,-0.140625,0.31249991059303284,0,0.140625,0.5937499403953552,0,0.140625,0.5937499403953552,0,0.140625,0.31249991059303284,0,-0.140625,0.31249991059303284,0,0.140625,0.31249991059303284,0,-0.140625,0.31249991059303284,0,-0.140625,0.5937499403953552,0,0.140625,0.5937499403953552,0,0.140625,0.31249991059303284,0,0,0.10802552849054337,0.015781249850988388,0.13280349969863892,-0.02477799728512764,0.015781249850988388,0,0.10802552849054337,-0.015781249850988388,0.13280349969863892,-0.02477799728512764,-0.015781249850988388,-0.13280349969863892,-0.02477799728512764,-0.015781249850988388,0,-0.15758149325847626,-0.015781249850988388,-0.13280349969863892,-0.02477799728512764,0.015781249850988388,0,-0.15758149325847626,0.015781249850988388,-0.13280349969863892,-0.02477799728512764,-0.015781249850988388,-0.13280349969863892,-0.02477799728512764,0.015781249850988388,0,0.10802552849054337,-0.015781249850988388,0,0.10802552849054337,0.015781249850988388,0,-0.15758149325847626,0.015781249850988388,0,-0.15758149325847626,-0.015781249850988388,0.13280349969863892,-0.02477799728512764,0.015781249850988388,0.13280349969863892,-0.02477799728512764,-0.015781249850988388,-0.13280349969863892,-0.02477799728512764,0.015781249850988388,0,-0.15758149325847626,0.015781249850988388,0,0.10802552849054337,0.015781249850988388,0.13280349969863892,-0.02477799728512764,0.015781249850988388,0,0.10802552849054337,-0.015781249850988388,0.13280349969863892,-0.02477799728512764,-0.015781249850988388,-0.13280349969863892,-0.02477799728512764,-0.015781249850988388,0,-0.15758149325847626,-0.015781249850988388,-0.08838832378387451,-0.1314721554517746,0.03125,-0.044194161891937256,-0.17566634714603424,0.03125,-0.08838832378387451,-0.1314721554517746,-0.03125,-0.044194161891937256,