{"schemaVersion":4,"source":{"uri":"models/environment/City/sign-caution.gltf","sha256":"9c905804e2ae048e96f6620a83468983b3dfa7b4eb57c3115f193437278a7208"},"animationNames":[],"boundingBox":{"min":{"x":-0.7071068022599718,"y":0,"z":-0.0625000000000002},"max":{"x":0.7071068022599718,"y":3.6446068148760773,"z":0.2499999999999999}},"nodeNames":["cube","cube","cube","cube","bone",""],"trimesh":{"vertices":[0.09375,0.9901965856552124,0.15625,0.09375,0.9901965856552124,0.03125,0.09375,1.4276965856552124,0.15625,0.09375,1.4276965856552124,0.03125,-0.09375,1.4276965856552124,0.15625,-0.09375,1.4276965856552124,0.03125,-0.09375,0.9901965856552124,0.15625,-0.09375,0.9901965856552124,0.03125,-0.09375,1.4276965856552124,0.15625,-0.09375,0.9901965856552124,0.15625,0.09375,1.4276965856552124,0.15625,0.09375,0.9901965856552124,0.15625,-0.09375,0.9901965856552124,0.03125,-0.09375,1.4276965856552124,0.03125,0.09375,0.9901965856552124,0.03125,0.09375,1.4276965856552124,0.03125,-0.09375,0.9901965856552124,0.15625,-0.09375,0.9901965856552124,0.03125,0.09375,0.9901965856552124,0.15625,0.09375,0.9901965856552124,0.03125,0.09375,1.4276965856552124,0.15625,0.09375,1.4276965856552124,0.03125,-0.09375,1.4276965856552124,0.15625,-0.09375,1.4276965856552124,0.03125,0.0625,0.7401965856552124,0.15625,0.0625,0.7401965856552124,0.03125,0.0625,0.8651965856552124,0.15625,0.0625,0.8651965856552124,0.03125,-0.0625,0.8651965856552124,0.15625,-0.0625,0.8651965856552124,0.03125,-0.0625,0.7401965856552124,0.15625,-0.0625,0.7401965856552124,0.03125,-0.0625,0.8651965856552124,0.15625,-0.0625,0.7401965856552124,0.15625,0.0625,0.8651965856552124,0.15625,0.0625,0.7401965856552124,0.15625,-0.0625,0.7401965856552124,0.03125,-0.0625,0.8651965856552124,0.03125,0.0625,0.7401965856552124,0.03125,0.0625,0.8651965856552124,0.03125,-0.0625,0.7401965856552124,0.15625,-0.0625,0.7401965856552124,0.03125,0.0625,0.7401965856552124,0.15625,0.0625,0.7401965856552124,0.03125,0.0625,0.8651965856552124,0.15625,0.0625,0.8651965856552124,0.03125,-0.0625,0.8651965856552124,0.15625,-0.0625,0.8651965856552124,0.03125,0.7071068286895752,1.1151965856552124,0.09375,0.7071068286895752,1.1151965856552124,-0.03125,-5.551115123125783e-17,1.8223034143447876,0.09375,-5.551115123125783e-17,1.8223034143447876,-0.03125,-0.7071068286895752,1.1151965856552124,0.09375,-0.7071068286895752,1.1151965856552124,-0.03125,5.551115123125783e-17,0.408089816570282,0.09375,5.551115123125783e-17,0.408089816570282,-0.03125,-0.7071068286895752,1.1151965856552124,0.09375,5.551115123125783e-17,0.408089816570282,0.09375,-5.551115123125783e-17,1.8223034143447876,0.09375,0.7071068286895752,1.1151965856552124,0.09375,5.551115123125783e-17,0.408089816570282,-0.03125,-0.7071068286895752,1.1151965856552124,-0.03125,0.7071068286895752,1.1151965856552124,-0.03125,-5.551115123125783e-17,1.8223034143447876,-0.03125,5.551115123125783e-17,0.408089816570282,0.09375,5.551115123125783e-17,0.408089816570282,-0.03125,0.7071068286895752,1.1151965856552124,0.09375,0.7071068286895752,1.1151965856552124,-0.03125,-5.551115123125783e-17,1.8223034143447876,0.09375,-5.551115123125783e-17,1.8223034143447876,-0.03125,-0.7071068286895752,1.1151965856552124,0.09375,-0.7071068286895752,1.1151965856552124,-0.03125,0.0625,-1.8223034143447876,-0.03125,0.0625,-1.8223034143447876,-0.15625,0.0625,1.1776965856552124,-0.03125,0.0625,1.1776965856552124,-0.15625,-0.0625,1.1776965856552124,-0.03125,-0.0625,1.1776965856552124,-0.15625,-0.0625,-1.8223034143447876,-0.03125,-0.0625,-1.8223034143447876,-0.15625,-0.0625,1.1776965856552124,-0.03125,-0.0625,-1.8223034143447876,-0.03125,0.0625,1.1776965856552124,-0.03125,0.0625,-1.8223034143447876,-0.03125,-0.0625,-1.8223034143447876,-0.15625,-0.0625,1.1776965856552124,-0.15625,0.0625,-1.8223034143447876,-0.15625,0.0625,1.1776965856552124,-0.15625,-0.0625,-1.8223034143447876,-0.03125,-0.0625,-1.8223034143447876,-0.15625,0.0625,-1.8223034143447876,-0.03125,0.0625,-1.8223034143447876,-0.15625,0.0625,1.1776965856552124,-0.03125,0.0625,1.1776965856552124,-0.15625,-0.0625,1.1776965856552124,-0.03125,-0.0625,1.1776965856552124,-0.15625],"indices":[0,1,2,1,3,2,4,5,6,5,7,6,8,9,10,9,11,10,12,13,14,13,15,14,16,17,18,17,19,18,20,21,22,21,23,22,24,25,26,25,27,26,28,29,30,29,31,30,32,33,34,33,35,34,36,37,38,37,39,38,40,41,42,41,43,42,44,45,46,45,47,46,48,49,50,49,51,50,52,53,54,53,55,54,56,57,58,57,59,58,60,61,62,61,63,62,64,65,66,65,67,66,68,69,70,69,71,70,72,73,74,73,75,74,76,77,78,77,79,78,80,81,82,81,83,82,84,85,86,85,87,86,88,89,90,89,91,90,92,93,94,93,95,94]},"optimizedModelData":{"":{"meshCount":1},"-named-nodes":{"meshCount":4},"-no-animations":{"meshCount":1}}}