{"schemaVersion":4,"source":{"uri":"models/tools/sword/sword-sapphire.gltf","sha256":"59b9f531ffd61bcdcdd31e443503278a79b97909e65f06fbd2ecab736fd28b21"},"animationNames":[],"boundingBox":{"min":{"x":-0.33145630368119416,"y":0.0022482516758159654,"z":-0.08838834764831843},"max":{"x":0.33145630368119416,"y":1.296875,"z":0.08838834764831843}},"nodeNames":["cube","cube","cube","cube","cube","cube","cube","cube","cube","cube","cube","sapphire-sword"],"trimesh":{"vertices":[0.03125,-0.19643662869930267,0.03125,0.03125,-0.4151866137981415,0.03125,0.03125,-0.19643662869930267,-0.03125,0.03125,-0.4151866137981415,-0.03125,-0.03125,-0.19643662869930267,-0.03125,-0.03125,-0.4151866137981415,-0.03125,-0.03125,-0.19643662869930267,0.03125,-0.03125,-0.4151866137981415,0.03125,-0.03125,-0.19643662869930267,-0.03125,-0.03125,-0.19643662869930267,0.03125,0.03125,-0.19643662869930267,-0.03125,0.03125,-0.19643662869930267,0.03125,-0.03125,-0.4151866137981415,0.03125,-0.03125,-0.4151866137981415,-0.03125,0.03125,-0.4151866137981415,0.03125,0.03125,-0.4151866137981415,-0.03125,-0.03125,-0.19643662869930267,0.03125,-0.03125,-0.4151866137981415,0.03125,0.03125,-0.19643662869930267,0.03125,0.03125,-0.4151866137981415,0.03125,0.03125,-0.19643662869930267,-0.03125,0.03125,-0.4151866137981415,-0.03125,-0.03125,-0.19643662869930267,-0.03125,-0.03125,-0.4151866137981415,-0.03125,0,0.05467380955815315,0.03125,0.11048543453216553,-0.055811624974012375,0.03125,0,0.05467380955815315,-0.03125,0.11048543453216553,-0.055811624974012375,-0.03125,-0.11048543453216553,-0.055811624974012375,-0.03125,0,-0.1662970632314682,-0.03125,-0.11048543453216553,-0.055811624974012375,0.03125,0,-0.1662970632314682,0.03125,-0.11048543453216553,-0.055811624974012375,-0.03125,-0.11048543453216553,-0.055811624974012375,0.03125,0,0.05467380955815315,-0.03125,0,0.05467380955815315,0.03125,0,-0.1662970632314682,0.03125,0,-0.1662970632314682,-0.03125,0.11048543453216553,-0.055811624974012375,0.03125,0.11048543453216553,-0.055811624974012375,-0.03125,-0.11048543453216553,-0.055811624974012375,0.03125,0,-0.1662970632314682,0.03125,0,0.05467380955815315,0.03125,0.11048543453216553,-0.055811624974012375,0.03125,0,0.05467380955815315,-0.03125,0.11048543453216553,-0.055811624974012375,-0.03125,-0.11048543453216553,-0.055811624974012375,-0.03125,0,-0.1662970632314682,-0.03125,0.078125,0.4598133862018585,0.015625,0.078125,-0.040186624974012375,0.015625,0.078125,0.4598133862018585,-0.015625,0.078125,-0.040186624974012375,-0.015625,-0.078125,0.4598133862018585,-0.015625,-0.078125,-0.040186624974012375,-0.015625,-0.078125,0.4598133862018585,0.015625,-0.078125,-0.040186624974012375,0.015625,-0.078125,0.4598133862018585,-0.015625,-0.078125,0.4598133862018585,0.015625,0.078125,0.4598133862018585,-0.015625,0.078125,0.4598133862018585,0.015625,-0.078125,-0.040186624974012375,0.015625,-0.078125,-0.040186624974012375,-0.015625,0.078125,-0.040186624974012375,0.015625,0.078125,-0.040186624974012375,-0.015625,-0.078125,0.4598133862018585,0.015625,-0.078125,-0.040186624974012375,0.015625,0.078125,0.4598133862018585,0.015625,0.078125,-0.040186624974012375,0.015625,0.078125,0.4598133862018585,-0.015625,0.078125,-0.040186624974012375,-0.015625,-0.078125,0.4598133862018585,-0.015625,-0.078125,-0.040186624974012375,-0.015625,0.0625,-0.13393662869930267,0.0625,0.0625,-0.19643662869930267,0.0625,0.0625,-0.13393662869930267,-0.0625,0.0625,-0.19643662869930267,-0.0625,-0.0625,-0.13393662869930267,-0.0625,-0.0625,-0.19643662869930267,-0.0625,-0.0625,-0.13393662869930267,0.0625,-0.0625,-0.19643662869930267,0.0625,-0.0625,-0.13393662869930267,-0.0625,-0.0625,-0.13393662869930267,0.0625,0.0625,-0.13393662869930267,-0.0625,0.0625,-0.13393662869930267,0.0625,-0.0625,-0.19643662869930267,0.0625,-0.0625,-0.19643662869930267,-0.0625,0.0625,-0.19643662869930267,0.0625,0.0625,-0.19643662869930267,-0.0625,-0.0625,-0.13393662869930267,0.0625,-0.0625,-0.19643662869930267,0.0625,0.0625,-0.13393662869930267,0.0625,0.0625,-0.19643662869930267,0.0625,0.0625,-0.13393662869930267,-0.0625,0.0625,-0.19643662869930267,-0.0625,-0.0625,-0.13393662869930267,-0.0625,-0.0625,-0.19643662869930267,-0.0625,0,-0.4151866137981415,0.0883883461356163,0,-0.4776866137981415,0.0883883461356163,0.0883883535861969,-0.4151866137981415,6.938893903907228e-18,0.0883883535861969,-0.4776866137981415,6.938893903907228e-18,0,-0.4151866137981415,-0.0883883461356163,0,-0.4776866137981415,-0.0883883461356163,-0.08838832378387451,-0.4151866137981415,-6.938893903907228e-18,-0.08838832378387451,-0.4776866137981415,-6.938893903907228e-18,0,-0.4151866137981415,-0.0883883461356163,-0.08838832378387451,-0.4151866137981415,-6.938893903907228e-18,0.0883883535861969,-0.4151866137981415,6.938893903907228e-18,0,-0.4151866137981415,0.0883883461356163,-0.08838832378387451,-0.4776866137981415,-6.938893903907228e-18,0,-0.4776866137981415,-0.0883883461356163,0,-0.4776866137981415,0.0883883461356163,0.0883883535861969,-0.4776866137981415,6.938893903907228e-18,-0.08838832378387451,-0.4151866137981415,-6.938893903907228e-18,-0.08838832378387451,-0.4776866137981415,-6.938893903907228e-18,0,-0.4151866137981415,0.0883883461356163,0,-0.4776866137981415,0.0883883461356163,0.0883883535861969,-0.4151866137981415,6.938893903907228e-18,0.0883883535861969,-0.4776866137981415,6.938893903907228e-18,0,-0.4151866137981415,-0.0883883461356163,0,-0.4776866137981415,-0.0883883461356163,0.0390625,-0.22768662869930267,0.0390625,0.0390625,-0.3839366137981415,0.0390625,0.0390625,-0.22768662869930267,-0.0390625,0.0390625,-0.3839366137981415,-0.0390625,-0.0390625,-0.22768662869930267,-0.0390625,-0.0390625,-0.3839366137981415,-0.0390625,-0.0390625,-0.22768662869930267,0.0390625,-0.0390625,-0.3839366137981415,0.0390625,-0.0390625,-0.22768662869930267,-0.0390625,-0.0390625,-0.22768662869930267,0.0390625,0.0390625,-0.22768662869930267,-0.0390625,0.0390625,-0.22768662869930267,0.0390625,-0.0390625,-0.3839366137981415,0.0390625,-0.0390625,-0.3839366137981415,-0.0390625,0.0390625,-0.3839366137981415,0.0390625,0.0390625,-0.3839366137981415,-0.0390625,-0.0390625,-0.22768662869930267,0.0390625,-0.0390625,-0.3839366137981415,0.0390625,0.0390625,-0.22768662869930267,0.0390625,0.0390625,-0.3839366137981415,0.0390625,0.0390625,-0.22768662869930267,-0.0390625,0.0390625,-0.3839366137981415,-0.0390625,-0.0390625,-0.22768662869930267,-0.0390625,-0.0390625,-0.3839366137981415,-0.0390625,-0.15467959642410278,0.12096507847309113,0,-0.15467959642410278,0.12096507847309113,0,0.06629127264022827,-0.10000579059123993,0,-0.3314563035964966,-0.055811624974012375,0,-0.3314563035964966,-0.055811624974012375,0,-0.11048543453216553,-0.27678248286247253,0,-0.15467959642410278,0.12096507847309113,0,-0.15467959642410278,0.12096507847309113,0,0.06629127264022827,-0.10000579059123993,0,-0.11048543453216553,-0.27678248286247253,0,0.06629127264022827,-0.10000579059123993,0,-0.11048543453216553,-0.27678248286247253,0,-0.3314563035964966,-0.055811624974012375,0,-0.15467959642410278,0.12096507847309113,0,0.06629127264022827,-0.10000579059123993,0,0.140625,0.6473133563995361,0,0.140625,0.6473133563995361,0,0.140625,0.3660633862018585,0,-0.140625,0.6473133563995361,0,-0.140625,0.6473133563995361,0,-0.140625,0.3660633862018585,0,0.140625,0.6473133563995361,0,0.140625,0.6473133563995361,0,0.140625,0.3660633862018585,0,-0.140625,0.3660633862018585,0,0.140625,0.3660633862018585,0,-0.140625,0.3660633862018585,0,-0.140625,0.6473133563995361,0,0.140625,0.6473133563995361,0,0.140625,0.3660633862018585,0,-0.0024767518043518066,-0.4740859568119049,0.00003125000148429535,-0.074229896068573,-0.6473133563995361,0.00003125000148429535,-0.0024767518043518066,-0.4740859568119049,0,-0.074229896068573,-0.6473133563995361,0,-0.14683294296264648,-0.4142916798591614,0,-0.21858608722686768,-0.587519109249115,0,-0.14683294296264648,-0.4142916798591614,0.00003125000148429535,-0.21858608722686768,-0.587519109249115,0.00003125000148429535,-0.14683294296264648,-0.4142916798591614,0,