{"schemaVersion":4,"source":{"uri":"models/eggs/epic/eclipsecore-egg.gltf","sha256":"cbe81243b0b14195f3270b07fa8312a929f0740c313ed11028d13cf46a25b6b3"},"animationNames":[],"boundingBox":{"min":{"x":-0.421875,"y":0,"z":-0.421875},"max":{"x":0.421875,"y":0.875,"z":0.421875}},"nodeNames":["cube","cube","cube","cube","group2","cube","cube","cube","group"],"trimesh":{"vertices":[0.16284750401973724,0.03125,-0.421875,0.0013087500119581819,0.125,-0.421875,0.0013087500119581819,0.125,-0.296875,0.16284750401973724,0.03125,-0.296875,0.16284750401973724,-0.15625,-0.296875,0.0013087500119581819,-0.25,-0.296875,0.0013087500119581819,-0.25,-0.421875,0.16284750401973724,-0.15625,-0.421875,-0.16022999584674835,-0.15625,-0.296875,-0.16527749598026276,-0.0625,-0.296875,-0.16527749598026276,-0.0625,-0.421875,-0.16022999584674835,-0.15625,-0.421875,0.16284750401973724,-0.15625,-0.421875,0.16284750401973724,-0.0625,-0.421875,0.16284750401973724,-0.0625,-0.296875,0.16284750401973724,-0.15625,-0.296875,0.16284750401973724,-0.15625,-0.296875,0.16284750401973724,-0.0625,-0.296875,0.0013087500119581819,-0.0625,-0.296875,0.0013087500119581819,-0.25,-0.296875,0.0013087500119581819,-0.25,-0.421875,0.0013087500119581819,-0.0625,-0.421875,0.16284750401973724,-0.0625,-0.421875,0.16284750401973724,-0.15625,-0.421875,-0.16022999584674835,-0.15625,-0.421875,0.0013087500119581819,-0.25,-0.421875,0.0013087500119581819,-0.25,-0.296875,-0.16022999584674835,-0.15625,-0.296875,-0.16527749598026276,-0.0625,-0.296875,-0.16022999584674835,-0.15625,-0.296875,-0.16022999584674835,0.03125,-0.296875,0.0013087500119581819,0.125,-0.296875,0.0013087500119581819,0.125,-0.421875,-0.16022999584674835,0.03125,-0.421875,-0.16022999584674835,-0.15625,-0.421875,-0.16527749598026276,-0.0625,-0.421875,-0.16022999584674835,0.03125,-0.421875,-0.16527749598026276,-0.0625,-0.421875,-0.16527749598026276,-0.0625,-0.296875,-0.16022999584674835,0.03125,-0.296875,-0.16022999584674835,0.03125,-0.296875,0.0013087500119581819,0.125,-0.296875,0.16284750401973724,0.03125,-0.296875,0.16284750401973724,0.03125,-0.296875,0.16284750401973724,0.03125,-0.421875,0.16284750401973724,0.03125,-0.421875,0.0013087500119581819,0.125,-0.421875,-0.16022999584674835,0.03125,-0.421875,0.421875,0.03125,0.16284750401973724,0.421875,0.125,0.0013087500119581819,0.296875,0.125,0.0013087500119581819,0.296875,0.03125,0.16284750401973724,0.296875,-0.15625,0.16284750401973724,0.296875,-0.25,0.0013087500119581819,0.421875,-0.25,0.0013087500119581819,0.421875,-0.15625,0.16284750401973724,0.296875,-0.15625,-0.16022999584674835,0.296875,-0.0625,-0.16527749598026276,0.421875,-0.0625,-0.16527749598026276,0.421875,-0.15625,-0.16022999584674835,0.421875,-0.15625,0.16284750401973724,0.421875,-0.0625,0.16284750401973724,0.296875,-0.0625,0.16284750401973724,0.296875,-0.15625,0.16284750401973724,0.296875,-0.15625,0.16284750401973724,0.296875,-0.0625,0.16284750401973724,0.296875,-0.0625,0.0013087500119581819,0.296875,-0.25,0.0013087500119581819,0.421875,-0.25,0.0013087500119581819,0.421875,-0.0625,0.0013087500119581819,0.421875,-0.0625,0.16284750401973724,0.421875,-0.15625,0.16284750401973724,0.421875,-0.15625,-0.16022999584674835,0.421875,-0.25,0.0013087500119581819,0.296875,-0.25,0.0013087500119581819,0.296875,-0.15625,-0.16022999584674835,0.296875,-0.0625,-0.16527749598026276,0.296875,-0.15625,-0.16022999584674835,0.296875,0.03125,-0.16022999584674835,0.296875,0.125,0.0013087500119581819,0.421875,0.125,0.0013087500119581819,0.421875,0.03125,-0.16022999584674835,0.421875,-0.15625,-0.16022999584674835,0.421875,-0.0625,-0.16527749598026276,0.421875,0.03125,-0.16022999584674835,0.421875,-0.0625,-0.16527749598026276,0.296875,-0.0625,-0.16527749598026276,0.296875,0.03125,-0.16022999584674835,0.296875,0.03125,-0.16022999584674835,0.296875,0.125,0.0013087500119581819,0.296875,0.03125,0.16284750401973724,0.296875,0.03125,0.16284750401973724,0.421875,0.03125,0.16284750401973724,0.421875,0.03125,0.16284750401973724,0.421875,0.125,0.0013087500119581819,0.421875,0.03125,-0.16022999584674835,-0.16284750401973724,0.03125,0.421875,-0.0013087500119581819,0.125,0.421875,-0.0013087500119581819,0.125,0.296875,-0.16284750401973724,0.03125,0.296875,-0.16284750401973724,-0.15625,0.296875,-0.0013087500119581819,-0.25,0.296875,-0.0013087500119581819,-0.25,0.421875,-0.16284750401973724,-0.15625,0.421875,0.16022999584674835,-0.15625,0.296875,0.16527749598026276,-0.0625,0.296875,0.16527749598026276,-0.0625,0.421875,0.16022999584674835,-0.15625,0.421875,-0.16284750401973724,-0.15625,0.421875,-0.16284750401973724,-0.0625,0.421875,-0.16284750401973724,-0.0625,0.296875,-0.16284750401973724,-0.15625,0.296875,-0.16284750401973724,-0.15625,0.296875,-0.16284750401973724,-0.0625,0.296875,-0.0013087500119581819,-0.0625,0.296875,-0.0013087500119581819,-0.25,0.296875,-0.0013087500119581819,-0.25,0.421875,-0.0013087500119581819,-0.0625,0.421875,-0.16284750401973724,-0.0625,0.421875,-0.16284750401973724,-0.15625,0.421875,0.16022999584674835,-0.15625,0.421875,-0.0013087500119581819,-0.25,0.421875,-0.0013087500119581819,-0.25,0.296875,0.16022999584674835,-0.15625,0.296875,0.16527749598026276,-0.0625,0.296875,0.16022999584674835,-0.15625,0.296875,0.16022999584674835,0.03125,0.296875,-0.0013087500119581819,0.125,0.296875,-0.0013087500119581819,0.125,0.421875,0.16022999584674835,0.03125,0.421875,0.16022999584674835,-0.15625,0.421875,0.16527749598026276,-0.0625,0.421875,0.16022999584674835,0.03125,0.421875,0.16527749598026276,-0.0625,0.421875,0.16527749598026276,-0.0625,0.296875,0.16022999584674835,0.03125,0.296875,0.16022999584674835,0.03125,0.296875,-0.0013087500119581819,0.125,0.296875,-0.16284750401973724,0.03125,0.296875,-0.16284750401973724,0.03125,0.296875,-0.16284750401973724,0.03125,0.421875,-0.16284750401973724,0.03125,0.421875,-0.0013087500119581819,0.125,0.421875,0.16022999584674835,0.03125,0.421875,-0.421875,0.03125,-0.16284750401973724,-0.421875,0.125,-0.0013087500119581819,-0.296875,0.125,-0.0013087500119581819,-0.296875,0.03125,-0.16284750401973724,-0.296875,-0.15625,-0.16284750401973724,-0.296875,-0.25,-0.0013087500119581819,-0.421875,-0.25,-0.0013087500119581819,-0.421875,-0.15625,-0.16284750401973724,-0.296875,-0.15625,0.16022999584674835,-0.296875,-0.0625,0.16527749598026276,-0.421875,-0.0625,0.16527749598026276,-0.421875,-0.15625,0.16022999584674835,-0.421875,-0.15625,-0.16284750401973724,-0.421875,-0.0625,-0.16284750401973724,-0.296875,-0.0625,-0.16284750401973724,-0.296875,-0.15625,-0.16284750401973724,-0.296875,-0.15625,-0.16284750401973724,-0.296875,-0.0625,-0.16284750401973724,-0.296875,-0.0625,-0.0013087500119581819,-0.296875,-0.25,-0.0013087500119581819,-0.421875,-0.25,-0.0013087500119581819,-0.421875,-0.0625,-0.0013087500119581819,-0.421875,-0.0625,-0.16284750401973724,-0.421875,-0.15625,-0.16284750401973724,-0.421875,-0.15625,0.16022999584674835,-0.421875,-0.25,-0.0013087500119581819,-0.296875,-0.25,-0.0013087500119581819,-0.296875,-0.15625,0.16022999584674835,-0.296875,-0.0625,0.16527749598026276,-0.296875,-0.15625,0.16022999584674835,-0.296875,0.03125,0.16022999584674835,-0.296875,0.125,-0.0013087500119581819,-0.421875,0.125,-0.0013087500119581819,-0.421875,0.03125,0.16022999584674835,-0.421875,-0.15625,0.16022999584674835,-0.421875,-0.0625,0.16527749598026276,-0.421875,0.03125,0.16022999584674835,-0.421875,-0.0625,0.16527749598026276,-0.296875,-0.0625,0.16527749598026276,-0.296875,0.03125,0.16022999584674835,-0.296875,0.03125,0.16022999584674835,-0.296875,0.125,-0.0013087500119581819,-0.296875,0.03125,-0.16284750401973724,-0.296875,0.03125,-0.16284750401973724,-0.421875,0.03125,-0.16284750401973724,-0.421875,0.03125,-0.16284750401973724,-0.421875,0.125,-0.0013087500119581819,-0.421875,0.03125,0.16022999584674835,0.28125,0.4375,-0.28125,0.3125,0.4375,0,0.3125,0.1875,0,0.3125,0.1875,-0.3125,-0.3125,0.1875,-0.3125,-0.3125,0.1875,0,-0.3125,0.4375,0,-0.28125,0.4375,-0.28125,-0.28125,0.4375,-0.28125,-0.3125,0.4375,0,0,0.4375,0,0,0.4375,-0.3125,0,0.1875,-0.3125,0,0.1875,0,