{"schemaVersion":4,"source":{"uri":"models/items/rotting-flesh.gltf","sha256":"f6da7be37426dd38ed83540e7e452cef7ee9a010d28b79a7dbb2f015341e677a"},"animationNames":[],"boundingBox":{"min":{"x":-0.515625,"y":0,"z":-0.1875},"max":{"x":0.546875,"y":0.4375,"z":0.1875}},"nodeNames":["cube","cube",""],"trimesh":{"vertices":[0.265625,0.21875,0.1875,0.265625,-0.21875,0.1875,0.265625,0.21875,-0.1875,0.265625,-0.21875,-0.1875,-0.296875,0.21875,-0.1875,-0.296875,-0.21875,-0.1875,-0.296875,0.21875,0.1875,-0.296875,-0.21875,0.1875,-0.296875,0.21875,-0.1875,-0.296875,0.21875,0.1875,0.265625,0.21875,-0.1875,0.265625,0.21875,0.1875,-0.296875,-0.21875,0.1875,-0.296875,-0.21875,-0.1875,0.265625,-0.21875,0.1875,0.265625,-0.21875,-0.1875,-0.296875,0.21875,0.1875,-0.296875,-0.21875,0.1875,0.265625,0.21875,0.1875,0.265625,-0.21875,0.1875,0.265625,0.21875,-0.1875,0.265625,-0.21875,-0.1875,-0.296875,0.21875,-0.1875,-0.296875,-0.21875,-0.1875,0.53125,0.15625,0.00006249919533729553,0.53125,-0.09375,0.00006249919533729553,0.53125,0.15625,0,0.53125,-0.09375,0,-0.53125,0.15625,0,-0.53125,-0.09375,0,-0.53125,0.15625,0.00006249919533729553,-0.53125,-0.09375,0.00006249919533729553,-0.53125,0.15625,0,-0.53125,0.15625,0.00006249919533729553,0.53125,0.15625,0,0.53125,0.15625,0.00006249919533729553,-0.53125,-0.09375,0.00006249919533729553,-0.53125,-0.09375,0,0.53125,-0.09375,0.00006249919533729553,0.53125,-0.09375,0,-0.53125,0.15625,0.00006249919533729553,-0.53125,-0.09375,0.00006249919533729553,0.53125,0.15625,0.00006249919533729553,0.53125,-0.09375,0.00006249919533729553,0.53125,0.15625,0,0.53125,-0.09375,0,-0.53125,0.15625,0,-0.53125,-0.09375,0],"indices":[0,1,2,1,3,2,4,5,6,5,7,6,8,9,10,9,11,10,12,13,14,13,15,14,16,17,18,17,19,18,20,21,22,21,23,22,24,25,26,25,27,26,28,29,30,29,31,30,32,33,34,33,35,34,36,37,38,37,39,38,40,41,42,41,43,42,44,45,46,45,47,46]},"optimizedModelData":{"":{"meshCount":1},"-named-nodes":{"meshCount":2},"-no-animations":{"meshCount":1}}}