{"schemaVersion":4,"source":{"uri":"models/environment/Halloween/coffin-2.gltf","sha256":"4e3bc201abefe630c74164033281811e0a8f7ffbea2568ca743f60051d1f66d5"},"animationNames":["interact"],"boundingBox":{"min":{"x":-0.75,"y":0,"z":-1.25},"max":{"x":0.75,"y":0.75,"z":1.125}},"nodeNames":["cuboid","cuboid","lid","coffin_2",""],"trimesh":{"vertices":[0.5,0.1875,-1.1875,0.75,0.1875,0.41911768913269043,0.75,-0.375,0.41911768913269043,0.5,-0.375,-1.1875,-0.5,-0.375,-1.1875,-0.75,-0.375,0.41911768913269043,-0.75,0.1875,0.41911768913269043,-0.5,0.1875,-1.1875,-0.5,-0.375,1.1875,0.5,-0.375,1.1875,0.5,0.1875,1.1875,-0.5,0.1875,1.1875,0.5,0.1875,-1.1875,0.5,-0.375,-1.1875,-0.5,-0.375,-1.1875,-0.5,0.1875,-1.1875,0.5,-0.375,-1.1875,0.75,-0.375,0.41911768913269043,-0.75,-0.375,0.41911768913269043,-0.5,-0.375,-1.1875,-0.5,0.1875,-1.1875,-0.75,0.1875,0.41911768913269043,0.75,0.1875,0.41911768913269043,0.5,0.1875,-1.1875,-0.5,0.1875,1.1875,-0.75,0.1875,0.41911768913269043,-0.75,-0.375,0.41911768913269043,-0.5,-0.375,1.1875,-0.5,-0.375,1.1875,0.5,-0.375,1.1875,0.5,-0.375,1.1875,0.75,-0.375,0.41911768913269043,0.75,0.1875,0.41911768913269043,0.5,0.1875,1.1875,0.5,0.1875,1.1875,-0.5,0.1875,1.1875,0.5,0.25,-0.25,0.75,0.25,1.3566176891326904,0.75,0.0625,1.3566176891326904,0.5,0.0625,-0.25,-0.5,0.0625,-0.25,-0.75,0.0625,1.3566176891326904,-0.75,0.25,1.3566176891326904,-0.5,0.25,-0.25,-0.5,0.0625,2.125,0.5,0.0625,2.125,0.5,0.25,2.125,-0.5,0.25,2.125,0.5,0.25,-0.25,0.5,0.0625,-0.25,-0.5,0.0625,-0.25,-0.5,0.25,-0.25,0.5,0.0625,-0.25,0.75,0.0625,1.3566176891326904,-0.75,0.0625,1.3566176891326904,-0.5,0.0625,-0.25,-0.5,0.25,-0.25,-0.75,0.25,1.3566176891326904,0.75,0.25,1.3566176891326904,0.5,0.25,-0.25,-0.5,0.25,2.125,-0.75,0.25,1.3566176891326904,-0.75,0.0625,1.3566176891326904,-0.5,0.0625,2.125,-0.5,0.0625,2.125,0.5,0.0625,2.125,0.5,0.0625,2.125,0.75,0.0625,1.3566176891326904,0.75,0.25,1.3566176891326904,0.5,0.25,2.125,0.5,0.25,2.125,-0.5,0.25,2.125],"indices":[0,1,2,0,2,3,4,5,6,4,6,7,8,9,10,8,10,11,12,13,14,12,14,15,16,17,18,16,18,19,20,21,22,20,22,23,24,25,26,24,26,27,28,18,17,28,17,29,30,31,32,30,32,33,34,22,21,34,21,35,36,37,38,36,38,39,40,41,42,40,42,43,44,45,46,44,46,47,48,49,50,48,50,51,52,53,54,52,54,55,56,57,58,56,58,59,60,61,62,60,62,63,64,54,53,64,53,65,66,67,68,66,68,69,70,58,57,70,57,71]},"optimizedModelData":{"":{"meshCount":2},"-named-nodes":{"meshCount":2},"-no-animations":{"meshCount":1}}}