{"schemaVersion":4,"source":{"uri":"models/environment/Farm/cranberry/cranberry-stage4.gltf","sha256":"eba70e6289a7aebe778011a8ee9c1b55e83df70ba4765eb94316d1e460767f21"},"animationNames":[],"boundingBox":{"min":{"x":-0.20832675475229104,"y":0,"z":-0.23620676358104242},"max":{"x":0.22082675475229108,"y":1.125,"z":0.22995676358104244}},"nodeNames":["cube","cube","cube","cube","cube","cube","root",""],"trimesh":{"vertices":[0.14842960238456726,0.5625,0.15780460834503174,0.14842960238456726,0.5625,0.15780460834503174,0.14842960238456726,-0.5625,0.15780460834503174,-0.1609296053647995,0.5625,-0.15155461430549622,-0.1609296053647995,0.5625,-0.15155461430549622,-0.1609296053647995,-0.5625,-0.15155461430549622,0.14842960238456726,0.5625,0.15780460834503174,0.14842960238456726,0.5625,0.15780460834503174,0.14842960238456726,-0.5625,0.15780460834503174,-0.1609296053647995,-0.5625,-0.15155461430549622,0.14842960238456726,-0.5625,0.15780460834503174,-0.1609296053647995,-0.5625,-0.15155461430549622,-0.1609296053647995,0.5625,-0.15155461430549622,0.14842960238456726,0.5625,0.15780460834503174,0.14842960238456726,-0.5625,0.15780460834503174,0.07395175099372864,-0.21556338667869568,-0.09763124585151672,0.0468968003988266,-0.3334420919418335,-0.1292167454957962,0.017601344734430313,-0.1747995764017105,-0.20149625837802887,-0.009453613311052322,-0.29267826676368713,-0.23308175802230835,-0.09064680337905884,-0.1665579080581665,-0.13953325152397156,-0.11770175397396088,-0.2844366133213043,-0.17111875116825104,-0.03429638594388962,-0.20732173323631287,-0.03566823527216911,-0.061351336538791656,-0.3252004384994507,-0.0672537311911583,-0.09064680337905884,-0.1665579080581665,-0.13953325152397156,-0.03429638594388962,-0.20732173323631287,-0.03566823527216911,0.017601344734430313,-0.1747995764017105,-0.20149625837802887,0.07395175099372864,-0.21556338667869568,-0.09763124585151672,-0.061351336538791656,-0.3252004384994507,-0.0672537311911583,-0.11770175397396088,-0.2844366133213043,-0.17111875116825104,0.0468968003988266,-0.3334420919418335,-0.1292167454957962,-0.009453613311052322,-0.29267826676368713,-0.23308175802230835,-0.03429638594388962,-0.20732173323631287,-0.03566823527216911,-0.061351336538791656,-0.3252004384994507,-0.0672537311911583,0.07395175099372864,-0.21556338667869568,-0.09763124585151672,0.0468968003988266,-0.3334420919418335,-0.1292167454957962,0.017601344734430313,-0.1747995764017105,-0.20149625837802887,-0.009453613311052322,-0.29267826676368713,-0.23308175802230835,-0.09064680337905884,-0.1665579080581665,-0.13953325152397156,-0.11770175397396088,-0.2844366133213043,-0.17111875116825104,0.030101340264081955,-0.1747995764017105,0.20149625837802887,0.0030463936273008585,-0.29267826676368713,0.23308177292346954,0.08645175397396088,-0.21556338667869568,0.09763125330209732,0.05939680337905884,-0.3334420919418335,0.1292167454957962,-0.021796386688947678,-0.20732173323631287,0.03566823527216911,-0.048851341009140015,-0.3252004384994507,0.06725373864173889,-0.0781468003988266,-0.1665579080581665,0.13953325152397156,-0.10520175844430923,-0.2844366133213043,0.17111875116825104,-0.021796386688947678,-0.20732173323631287,0.03566823527216911,-0.0781468003988266,-0.1665579080581665,0.13953325152397156,0.08645175397396088,-0.21556338667869568,0.09763125330209732,0.030101340264081955,-0.1747995764017105,0.20149625837802887,-0.10520175844430923,-0.2844366133213043,0.17111875116825104,-0.048851341009140015,-0.3252004384994507,0.06725373864173889,0.0030463936273008585,-0.29267826676368713,0.23308177292346954,0.05939680337905884,-0.3334420919418335,0.1292167454957962,-0.0781468003988266,-0.1665579080581665,0.13953325152397156,-0.10520175844430923,-0.2844366133213043,0.17111875116825104,0.030101340264081955,-0.1747995764017105,0.20149625837802887,0.0030463936273008585,-0.29267826676368713,0.23308177292346954,0.08645175397396088,-0.21556338667869568,0.09763125330209732,0.05939680337905884,-0.3334420919418335,0.1292167454957962,-0.021796386688947678,-0.20732173323631287,0.03566823527216911,-0.048851341009140015,-0.3252004384994507,0.06725373864173889,0.15822634100914001,0.012700438499450684,0.06399626284837723,0.13117137551307678,-0.10517826676368713,0.09558176249265671,0.21457676589488983,-0.02806338667869568,-0.039868757128715515,0.1875218003988266,-0.1459420919418335,-0.008283245377242565,0.10632861405611038,-0.019821733236312866,-0.10183176398277283,0.07927366346120834,-0.1377004235982895,-0.07024626433849335,0.04997819662094116,0.020942091941833496,0.00203325180336833,0.022923244163393974,-0.09693661332130432,0.0336187519133091,0.10632861405611038,-0.019821733236312866,-0.10183176398277283,0.04997819662094116,0.020942091941833496,0.00203325180336833,0.21457676589488983,-0.02806338667869568,-0.039868757128715515,0.15822634100914001,0.012700438499450684,0.06399626284837723,0.022923244163393974,-0.09693661332130432,0.0336187519133091,0.07927366346120834,-0.1377004235982895,-0.07024626433849335,0.13117137551307678,-0.10517826676368713,0.09558176249265671,0.1875218003988266,-0.1459420919418335,-0.008283245377242565,0.04997819662094116,0.020942091941833496,0.00203325180336833,0.022923244163393974,-0.09693661332130432,0.0336187519133091,0.15822634100914001,0.012700438499450684,0.06399626284837723,0.13117137551307678,-0.10517826676368713,0.09558176249265671,0.21457676589488983,-0.02806338667869568,-0.039868757128715515,0.1875218003988266,-0.1459420919418335,-0.008283245377242565,0.10632861405611038,-0.019821733236312866,-0.10183176398277283,0.07927366346120834,-0.1377004235982895,-0.07024626433849335,-0.04997819662094116,0.1459420919418335,0.008283250033855438,-0.022923244163393974,0.02806338667869568,0.03986874967813492,-0.10632861405611038,0.10517826676368713,-0.09558176249265671,-0.07927365601062775,-0.012700438499450684,-0.06399626284837723,-0.21457675099372864,0.09693661332130432,-0.0336187481880188,-0.1875218003988266,-0.020942091941833496,-0.0020332473795861006,-0.15822634100914001,0.13770043849945068,0.07024627178907394,-0.13117139041423798,0.019821733236312866,0.10183175653219223,-0.21457675099372864,0.09693661332130432,-0.0336187481880188,-0.15822634100914001,0.13770043849945068,0.07024627178907394,-0.10632861405611038,0.10517826676368713,-0.09558176249265671,-0.04997819662094116,0.1459420919418335,0.008283250033855438,-0.13117139041423798,0.019821733236312866,0.10183175653219223,-0.1875218003988266,-0.020942091941833496,-0.0020332473795861006,-0.022923244163393974,0.02806338667869568,0.03986874967813492,-0.07927365601062775,-0.012700438499450684,-0.06399626284837723,-0.15822634100914001,0.13770043849945068,0.07024627178907394,-0.13117139041423798,0.019821733236312866,0.10183175653219223,-0.04997819662094116,0.1459420919418335,0.008283250033855438,-0.022923244163393974,0.02806338667869568,0.03986874967813492,-0.10632861405611038,0.10517826676368713,-0.09558176249265671,-0.07927365601062775,-0.012700438499450684,-0.06399626284837723,-0.21457675099372864,0.09693661332130432,-0.0336187481880188,-0.1875218003988266,-0.020942091941833496,-0.0020332473795861006,0.14842960238456726,0.5625,-0.15155461430549622,0.14842960238456726,0.5625,-0.15155461430549622,0.14842960238456726,-0.5625,-0.15155461430549622,-0.1609296053647995,0.5625,0.15780460834503174,-0.1609296053647995,0.5625,0.15780460834503174,-0.1609296053647995,-0.5625,0.15780460834503174,0.14842960238456726,0.5625,-0.15155461430549622,-0.1609296053647995,0.5625,0.15780460834503174,-0.1609296053647995,-0.5625,0.15780460834503174,0.14842960238456726,-0.5625,-0.15155461430549622,0.14842960238456726,0.5625,-0.15155461430549622,-0.1609296053647995,0.5625,0.15780460834503174,-0.1609296053647995,-0.5625,0.15780460834503174,0.14842960238456726,-0.5625,-0.15155461430549622],