{"schemaVersion":4,"source":{"uri":"models/environment/Essentials/sleeping-bag-red-rolled.gltf","sha256":"32f8299117cbddada06ceb1e633e751e975b8914d87f44e1c04d00c8013ce766"},"animationNames":[],"boundingBox":{"min":{"x":-0.4000000059604645,"y":-5.960464455334602e-9,"z":-0.15000000596046442},"max":{"x":0.4000000059604645,"y":0.3000000059604645,"z":0.15000000596046453}},"nodeNames":["cube","root",""],"trimesh":{"vertices":[0.4000000059604645,0.15000000596046448,0.15000000596046448,0.4000000059604645,-0.15000000596046448,0.15000000596046448,0.4000000059604645,0.15000000596046448,-0.15000000596046448,0.4000000059604645,-0.15000000596046448,-0.15000000596046448,-0.4000000059604645,0.15000000596046448,-0.15000000596046448,-0.4000000059604645,-0.15000000596046448,-0.15000000596046448,-0.4000000059604645,0.15000000596046448,0.15000000596046448,-0.4000000059604645,-0.15000000596046448,0.15000000596046448,-0.4000000059604645,0.15000000596046448,-0.15000000596046448,-0.4000000059604645,0.15000000596046448,0.15000000596046448,0.4000000059604645,0.15000000596046448,-0.15000000596046448,0.4000000059604645,0.15000000596046448,0.15000000596046448,-0.4000000059604645,-0.15000000596046448,0.15000000596046448,-0.4000000059604645,-0.15000000596046448,-0.15000000596046448,0.4000000059604645,-0.15000000596046448,0.15000000596046448,0.4000000059604645,-0.15000000596046448,-0.15000000596046448,-0.4000000059604645,0.15000000596046448,0.15000000596046448,-0.4000000059604645,-0.15000000596046448,0.15000000596046448,0.4000000059604645,0.15000000596046448,0.15000000596046448,0.4000000059604645,-0.15000000596046448,0.15000000596046448,0.4000000059604645,0.15000000596046448,-0.15000000596046448,0.4000000059604645,-0.15000000596046448,-0.15000000596046448,-0.4000000059604645,0.15000000596046448,-0.15000000596046448,-0.4000000059604645,-0.15000000596046448,-0.15000000596046448],"indices":[0,1,2,1,3,2,4,5,6,5,7,6,8,9,10,9,11,10,12,13,14,13,15,14,16,17,18,17,19,18,20,21,22,21,23,22]},"optimizedModelData":{"":{"meshCount":1},"-named-nodes":{"meshCount":1},"-no-animations":{"meshCount":1}}}