{"schemaVersion":4,"source":{"uri":"models/environment/Farm/eggplant-stage2.gltf","sha256":"269f846de58b47f88ce7e15c3ca911a3fa5710759781d671eb23da012ede8392"},"animationNames":[],"boundingBox":{"min":{"x":-0.448961649093664,"y":0,"z":-0.46231875859410276},"max":{"x":0.448961649093664,"y":0.9375,"z":0.46231875859410276}},"nodeNames":["cube","cube","cube","cube","cube","cube","root",""],"trimesh":{"vertices":[0.03125,0.34375,0.03125,0.03125,-0.46875,0.03125,0.03125,0.34375,-0.03125,0.03125,-0.46875,-0.03125,-0.03125,0.34375,-0.03125,-0.03125,-0.46875,-0.03125,-0.03125,0.34375,0.03125,-0.03125,-0.46875,0.03125,-0.03125,0.34375,-0.03125,-0.03125,0.34375,0.03125,0.03125,0.34375,-0.03125,0.03125,0.34375,0.03125,-0.03125,-0.46875,0.03125,-0.03125,-0.46875,-0.03125,0.03125,-0.46875,0.03125,0.03125,-0.46875,-0.03125,-0.03125,0.34375,0.03125,-0.03125,-0.46875,0.03125,0.03125,0.34375,0.03125,0.03125,-0.46875,0.03125,0.03125,0.34375,-0.03125,0.03125,-0.46875,-0.03125,-0.03125,0.34375,-0.03125,-0.03125,-0.46875,-0.03125,0.21875,0.46875,-0.04062499850988388,0.21875,0.21875,-0.04062499850988388,0.21875,0.21875,-0.04062499850988388,-0.03125,0.46875,-0.04062499850988388,-0.03125,0.46875,-0.04062499850988388,-0.03125,0.21875,-0.04062499850988388,0.21875,0.46875,-0.04062499850988388,-0.03125,0.46875,-0.04062499850988388,0.21875,0.46875,-0.04062499850988388,0.21875,0.21875,-0.04062499850988388,-0.03125,0.21875,-0.04062499850988388,0.21875,0.21875,-0.04062499850988388,-0.03125,0.21875,-0.04062499850988388,-0.03125,0.46875,-0.04062499850988388,0.21875,0.46875,-0.04062499850988388,0.21875,0.21875,-0.04062499850988388,0.44896164536476135,0.0016256272792816162,-0.15625,0.42254799604415894,0.05826985836029053,-0.15625,0.44896164536476135,0.0016256272792816162,0.15625,0.42254799604415894,0.05826985836029053,0.15625,0.05245199054479599,-0.18326985836029053,0.15625,0.02603835053741932,-0.12662562727928162,0.15625,0.05245199054479599,-0.18326985836029053,-0.15625,0.02603835053741932,-0.12662562727928162,-0.15625,0.05245199054479599,-0.18326985836029053,0.15625,0.05245199054479599,-0.18326985836029053,-0.15625,0.44896164536476135,0.0016256272792816162,0.15625,0.44896164536476135,0.0016256272792816162,-0.15625,0.02603835053741932,-0.12662562727928162,-0.15625,0.02603835053741932,-0.12662562727928162,0.15625,0.42254799604415894,0.05826985836029053,-0.15625,0.42254799604415894,0.05826985836029053,0.15625,0.05245199054479599,-0.18326985836029053,-0.15625,0.02603835053741932,-0.12662562727928162,-0.15625,0.44896164536476135,0.0016256272792816162,-0.15625,0.42254799604415894,0.05826985836029053,-0.15625,0.44896164536476135,0.0016256272792816162,0.15625,0.42254799604415894,0.05826985836029053,0.15625,0.05245199054479599,-0.18326985836029053,0.15625,0.02603835053741932,-0.12662562727928162,0.15625,-0.05245199054479599,-0.05826985836029053,-0.15625,-0.02603835053741932,-0.0016256272792816162,-0.15625,-0.05245199054479599,-0.05826985836029053,0.15625,-0.02603835053741932,-0.0016256272792816162,0.15625,-0.44896164536476135,0.12662559747695923,0.15625,-0.42254799604415894,0.18326985836029053,0.15625,-0.44896164536476135,0.12662559747695923,-0.15625,-0.42254799604415894,0.18326985836029053,-0.15625,-0.44896164536476135,0.12662559747695923,0.15625,-0.44896164536476135,0.12662559747695923,-0.15625,-0.05245199054479599,-0.05826985836029053,0.15625,-0.05245199054479599,-0.05826985836029053,-0.15625,-0.42254799604415894,0.18326985836029053,-0.15625,-0.42254799604415894,0.18326985836029053,0.15625,-0.02603835053741932,-0.0016256272792816162,-0.15625,-0.02603835053741932,-0.0016256272792816162,0.15625,-0.44896164536476135,0.12662559747695923,-0.15625,-0.42254799604415894,0.18326985836029053,-0.15625,-0.05245199054479599,-0.05826985836029053,-0.15625,-0.02603835053741932,-0.0016256272792816162,-0.15625,-0.05245199054479599,-0.05826985836029053,0.15625,-0.02603835053741932,-0.0016256272792816162,0.15625,-0.44896164536476135,0.12662559747695923,0.15625,-0.42254799604415894,0.18326985836029053,0.15625,0.13790306448936462,0.016712933778762817,0.010708710178732872,0.15112662315368652,0.07614606618881226,0.02481875941157341,-0.15971136093139648,0.09561794996261597,-0.042731937021017075,-0.14648780226707458,0.15505105257034302,-0.028621889650821686,-0.06362661719322205,0.17385393381118774,-0.4623187482357025,-0.05040306597948074,0.2332870364189148,-0.4482087194919586,0.23398780822753906,0.09494894742965698,-0.4088781177997589,0.24721135199069977,0.15438205003738403,-0.3947680592536926,-0.06362661719322205,0.17385393381118774,-0.4623187482357025,0.23398780822753906,0.09494894742965698,-0.4088781177997589,-0.15971136093139648,0.09561794996261597,-0.042731937021017075,0.13790306448936462,0.016712933778762817,0.010708710178732872,0.24721135199069977,0.15438205003738403,-0.3947680592536926,-0.05040306597948074,0.2332870364189148,-0.4482087194919586,0.15112662315368652,0.07614606618881226,0.02481875941157341,-0.14648780226707458,0.15505105257034302,-0.028621889650821686,0.23398780822753906,0.09494894742965698,-0.4088781177997589,0.24721135199069977,0.15438205003738403,-0.3947680592536926,0.13790306448936462,0.016712933778762817,0.010708710178732872,0.15112662315368652,0.07614606618881226,0.02481875941157341,-0.15971136093139648,0.09561794996261597,-0.042731937021017075,-0.14648780226707458,0.15505105257034302,-0.028621889650821686,-0.06362661719322205,0.17385393381118774,-0.4623187482357025,-0.05040306597948074,0.2332870364189148,-0.4482087194919586,-0.15971136093139648,-0.21688205003738403,0.042731937021017075,-0.14648780226707458,-0.15744894742965698,0.028621889650821686,0.13790306448936462,-0.2957870662212372,-0.010708710178732872,0.15112662315368652,-0.23635396361351013,-0.02481875941157341,0.23398780822753906,-0.21755105257034302,0.4088781177997589,0.24721135199069977,-0.15811794996261597,0.3947680592536926,-0.06362661719322205,-0.13864603638648987,0.4623187482357025,-0.05040306597948074,-0.07921293377876282,0.4482087194919586,0.23398780822753906,-0.21755105257034302,0.4088781177997589,-0.06362661719322205,-0.13864603638648987,0.4623187482357025,0.13790306448936462,-0.2957870662212372,-0.010708710178732872,-0.15971136093139648,-0.21688205003738403,0.042731937021017075,-0.05040306597948074,-0.07921293377876282,0.4482087194919586,0.24721135199069977,-0.15811794996261597,0.3947680592536926,-0.14648780226707458,-0.15744894742965698,0.028621889650821686,0.15112662315368652,-0.23635396361351013,-0.02481875941157341,-0.06362661719322205,-0.13864603638648987,0.4623187482357025,-0.05040306597948074,-0.07921293377876282,0.4482087194919586,-0.15971136093139648,-0.21688205003738403,0.042731937021017075,-0.14648780226707458,-0.15744894742965698,0.028621889650821686,0.13790306448936462,-0.2957870662212372,-0.010708710178732872,0.15112662315368652,-0.23635396361351013,-0.02481875941157341,0.23398780822753906,-0.21755105257034302,0.4088781177997589,0.24721135199069977,-0.15811794996261597,0.3947680592536926],"indices":[0,1,2,1,3,2,4,5,6,5,7,6,8,9,10,9,11,10,12,13,14,13,15,14,16,17,18,17,19,18,20,21,22,21,23,22,24,24,25,24,25,26,27,28,29,27,29,29,30,31,32,30,32,31,33,34,35,33,35,34,36,37,38,36,38,39,40,41,42,41,43,42,44,45,46,45,47,46,48,49,50,49,51,50,52,53,54,53,55,54,56,57,58,57,59,58,60,61,62,61,63,62,64,65,66,65,67,66,68,69,70,69,71,70,72,73,74,73,75,74,76,77,78,77,79,78,80,81,82,81,83,82,84,85,86,85,87,86,88,89,90,89,91,90,92,93,94,93,95,94,96,97,98,97,99,98,100,101,102,101,103,102,104,105,106,105,107,106,108,109,110,109,111,110,112,113,114,113,115,114,116,117,118,117,119,118,120,121,122,121,123,122,124,125,126,125,127,126,128,129,130,129,131,130,132,133,134,133,135,134]},"optimizedModelData":{"":{"meshCount":1},"-named-nodes":{"meshCount":5},"-no-animations":{"meshCount":1}}}