{"schemaVersion":4,"source":{"uri":"models/environment/Desert/fire-2.gltf","sha256":"3cd0e53e56d68269044ceafba7043422a17ccb8f6786d5d746095717821f9460"},"animationNames":[],"boundingBox":{"min":{"x":-0.4375,"y":0.1875,"z":-0.4375000000000001},"max":{"x":0.4375,"y":2,"z":0.4375000000000001}},"nodeNames":["cube","cube","cube","cube","cube","cube","cube","cube","cube","cube","cube","root",""],"trimesh":{"vertices":[0.3125,-0.65625,0.3125,0.3125,-0.90625,0.3125,0.3125,-0.65625,-0.3125,0.3125,-0.90625,-0.3125,-0.3125,-0.65625,-0.3125,-0.3125,-0.90625,-0.3125,-0.3125,-0.65625,0.3125,-0.3125,-0.90625,0.3125,-0.3125,-0.65625,-0.3125,-0.3125,-0.65625,0.3125,0.3125,-0.65625,-0.3125,0.3125,-0.65625,0.3125,-0.3125,-0.90625,0.3125,-0.3125,-0.90625,-0.3125,0.3125,-0.90625,0.3125,0.3125,-0.90625,-0.3125,-0.3125,-0.65625,0.3125,-0.3125,-0.90625,0.3125,0.3125,-0.65625,0.3125,0.3125,-0.90625,0.3125,0.3125,-0.65625,-0.3125,0.3125,-0.90625,-0.3125,-0.3125,-0.65625,-0.3125,-0.3125,-0.90625,-0.3125,0.125,0.84375,0.125,0.125,0.65625,0.125,0.125,0.84375,-0.125,0.125,0.65625,-0.125,-0.125,0.84375,-0.125,-0.125,0.65625,-0.125,-0.125,0.84375,0.125,-0.125,0.65625,0.125,-0.125,0.84375,-0.125,-0.125,0.84375,0.125,0.125,0.84375,-0.125,0.125,0.84375,0.125,-0.125,0.65625,0.125,-0.125,0.65625,-0.125,0.125,0.65625,0.125,0.125,0.65625,-0.125,-0.125,0.84375,0.125,-0.125,0.65625,0.125,0.125,0.84375,0.125,0.125,0.65625,0.125,0.125,0.84375,-0.125,0.125,0.65625,-0.125,-0.125,0.84375,-0.125,-0.125,0.65625,-0.125,-0.02749929204583168,0.6286188364028931,-0.02749929204583168,-0.02749929204583168,0.6286188364028931,-0.02749929204583168,-0.3150097131729126,-0.3530031442642212,-0.3150097131729126,-0.14998957514762878,0.7003719806671143,-0.14998957514762878,-0.14998957514762878,0.7003719806671143,-0.14998957514762878,-0.4375,-0.28125,-0.4375,-0.02749929204583168,0.6286188364028931,-0.02749929204583168,-0.14998957514762878,0.7003719806671143,-0.14998957514762878,-0.02749929204583168,0.6286188364028931,-0.02749929204583168,-0.3150097131729126,-0.3530031442642212,-0.3150097131729126,-0.4375,-0.28125,-0.4375,-0.3150097131729126,-0.3530031442642212,-0.3150097131729126,-0.4375,-0.28125,-0.4375,-0.14998957514762878,0.7003719806671143,-0.14998957514762878,-0.02749929204583168,0.6286188364028931,-0.02749929204583168,-0.3150097131729126,-0.3530031442642212,-0.3150097131729126,0.02749929577112198,0.6286188364028931,-0.02749929204583168,0.02749929577112198,0.6286188364028931,-0.02749929204583168,0.3150097131729126,-0.3530031442642212,-0.3150097131729126,0.14998957514762878,0.7003719806671143,-0.14998957514762878,0.14998957514762878,0.7003719806671143,-0.14998957514762878,0.4375,-0.28125,-0.4375,0.14998957514762878,0.7003719806671143,-0.14998957514762878,0.02749929577112198,0.6286188364028931,-0.02749929204583168,0.14998957514762878,0.7003719806671143,-0.14998957514762878,0.4375,-0.28125,-0.4375,0.3150097131729126,-0.3530031442642212,-0.3150097131729126,0.4375,-0.28125,-0.4375,0.02749929577112198,0.6286188364028931,-0.02749929204583168,0.14998957514762878,0.7003719806671143,-0.14998957514762878,0.4375,-0.28125,-0.4375,0.3150097131729126,-0.3530031442642212,-0.3150097131729126,0.02749929577112198,0.6286188364028931,0.02749929577112198,0.02749929577112198,0.6286188364028931,0.02749929577112198,0.3150097131729126,-0.3530031442642212,0.3150097131729126,0.14998957514762878,0.7003719806671143,0.14998957514762878,0.14998957514762878,0.7003719806671143,0.14998957514762878,0.4375,-0.28125,0.4375,0.02749929577112198,0.6286188364028931,0.02749929577112198,0.14998957514762878,0.7003719806671143,0.14998957514762878,0.02749929577112198,0.6286188364028931,0.02749929577112198,0.3150097131729126,-0.3530031442642212,0.3150097131729126,0.4375,-0.28125,0.4375,0.3150097131729126,-0.3530031442642212,0.3150097131729126,0.4375,-0.28125,0.4375,0.14998957514762878,0.7003719806671143,0.14998957514762878,0.02749929577112198,0.6286188364028931,0.02749929577112198,0.3150097131729126,-0.3530031442642212,0.3150097131729126,-0.02749929204583168,0.6286188364028931,0.02749929577112198,-0.02749929204583168,0.6286188364028931,0.02749929577112198,-0.3150097131729126,-0.3530031442642212,0.3150097131729126,-0.14998957514762878,0.7003719806671143,0.14998957514762878,-0.14998957514762878,0.7003719806671143,0.14998957514762878,-0.4375,-0.28125,0.4375,-0.14998957514762878,0.7003719806671143,0.14998957514762878,-0.02749929204583168,0.6286188364028931,0.02749929577112198,-0.14998957514762878,0.7003719806671143,0.14998957514762878,-0.4375,-0.28125,0.4375,-0.3150097131729126,-0.3530031442642212,0.3150097131729126,-0.4375,-0.28125,0.4375,-0.02749929204583168,0.6286188364028931,0.02749929577112198,-0.14998957514762878,0.7003719806671143,0.14998957514762878,-0.4375,-0.28125,0.4375,-0.3150097131729126,-0.3530031442642212,0.3150097131729126,0.1875,0.90625,0.1875,0.1875,0.84375,0.1875,0.1875,0.90625,-0.1875,0.1875,0.84375,-0.1875,-0.1875,0.90625,-0.1875,-0.1875,0.84375,-0.1875,-0.1875,0.90625,0.1875,-0.1875,0.84375,0.1875,-0.1875,0.90625,-0.1875,-0.1875,0.90625,0.1875,0.1875,0.90625,-0.1875,0.1875,0.90625,0.1875,-0.1875,0.84375,0.1875,-0.1875,0.84375,-0.1875,0.1875,0.84375,0.1875,0.1875,0.84375,-0.1875,-0.1875,0.90625,0.1875,-0.1875,0.84375,0.1875,0.1875,0.90625,0.1875,0.1875,0.84375,0.1875,0.1875,0.90625,-0.1875,0.1875,0.84375,-0.1875,-0.1875,0.90625,-0.1875,-0.1875,0.84375,-0.1875,0.1875,0.65625,0.1875,0.1875,0.59375,0.1875,0.1875,0.65625,-0.1875,0.1875,0.59375,-0.1875,-0.1875,0.65625,-0.1875,-0.1875,0.59375,-0.1875,-0.1875,0.65625,0.1875,-0.1875,0.59375,0.1875,-0.1875,0.65625,-0.1875,-0.1875,0.65625,0.1875,0.1875,0.65625,-0.1875,0.1875,0.65625,0.1875,-0.1875,0.59375,0.1875,-0.1875,0.59375,-0.1875,0.1875,0.59375,0.1875,0.1875,0.59375,-0.1875,-0.1875,0.65625,0.1875,-0.1875,0.59375,0.1875,0.1875,0.65625,0.1875,0.1875,0.59375,0.1875,0.1875,0.65625,-0.1875,0.1875,0.59375,-0.1875,-0.1875,0.65625,-0.1875,-0.1875,0.59375,-0.1875,0.4375,-0.28125,0.4375,0.4375,-0.90625,0.4375,0.4375,-0.28125,-0.4375,0.4375,-0.90625,-0.4375,-0.4375,-0.28125,-0.4375,-0.4375,-0.90625,-0.4375,-0.4375,-0.28125,0.4375,-0.4375,-0.90625,0.4375,-0.4375,-0.28125,-0.4375,-0.4375,-0.28125,0.4375,0.4375,-0.28125,-0.4375,0.4375,-0.28125,0.4375,-0.4375,-0.90625,0.4375,-0.4375,-0.90625,-0.4375,0.4375,-0.90625,0.4375,0.4375,-0.90625,-0.4375,-0.4375,-0.28125,0.4375,-0.4375,-0.90625,0.4375,0.4375,-0.28125,0.4375,0.4375,-0.90625,0.4375,0.4375,-0.28125,-0.4375,0.4375,-0.90625,-0.4375,-0.4375,-0.28125,-0.4375,-0.4375,-0.90625,-0.4375,0.13258251547813416,0.09375,0.13258251547813416,0.13258251547813416,-0.65625,0.13258251547813416,-0.13258251547813416,0.09375,-0.13258251547813416,-0.13258251547813416,-0.65625,-0.13258251547813416,0.13258251547813416,0.09375,0.13258251547813416,-0.13258251547813416,0.09375,-0.13258251547813416,0.13258251547813416,0.09375,0.13258251547813416,0.13258251547813416,-0.65625,0.13258251547813416,-0.13258251547813416,-0.65625,-0.13258251547813416,0.13258251547813416,-0.65625,0.13258251547813416,-0.13258251547813416,-0.65625,-0.13258251547813416,-0.13258251547813416,0.09375,-0.13258251547813416,0.13258251547813416,0.09375,0.13258251547813416,0.13258251547813416,-0.65625,0.13258251547813416,0.13258251547813416,0.09375,-0.13258251547813416,0.13258251547813416,-0.65625,-0.13258251547813416,-0.13258251547813416,0.09375,0.13258251547813416,-0.13258251547813416,-0.65625,0.13258251547813416,-0.13258251547813416,0.09375,0.13258251547813416,0.13258251547813416,0.09375,-0.13258251547813416,-0.13258251547813416,0.09375,0.13258251547813416,-0.13258251547813416,-0.65625,0.13258251547813416,0.13258251547813416,-0.65625,-0.13258251547813416,-0.13258251547813416,-0.65625,0.13258251547813416,0.13258251547813416,0.09375,-0.13258251547813416,-0.13258251547813416,0.09375,0.13258251547813416,-0.13258251547813416,-0.65625,0.13258251547813416,0.13258251547813416,-0.65625,-0.13258251547813416],