{"schemaVersion":4,"source":{"uri":"models/environment/Farm/wheat/wheat-stage2.gltf","sha256":"722d4e7b12ba4fcc1c399af0f1396f3122e0ccf8559f8fc0f137567fee2ef33e"},"animationNames":[],"boundingBox":{"min":{"x":-0.36048543456039805,"y":0,"z":-0.29798543456039805},"max":{"x":0.36048543456039805,"y":0.8125,"z":0.29798543456039805}},"nodeNames":["cube","cube","cube","cube","cube","cube","cube","cube","cube","cube","cube","cube","cube","cube","cube","root",""],"trimesh":{"vertices":[0.11048543453216553,0.21875,0.11048543453216553,0.11048543453216553,0.21875,0.11048543453216553,0.11048543453216553,-0.40625,0.11048543453216553,-0.11048543453216553,0.21875,-0.11048543453216553,-0.11048543453216553,0.21875,-0.11048543453216553,-0.11048543453216553,-0.40625,-0.11048543453216553,0.11048543453216553,0.21875,0.11048543453216553,0.11048543453216553,0.21875,0.11048543453216553,0.11048543453216553,-0.40625,0.11048543453216553,-0.11048543453216553,-0.40625,-0.11048543453216553,0.11048543453216553,-0.40625,0.11048543453216553,-0.11048543453216553,-0.40625,-0.11048543453216553,-0.11048543453216553,0.21875,-0.11048543453216553,0.11048543453216553,0.21875,0.11048543453216553,0.11048543453216553,-0.40625,0.11048543453216553,-6.938893903907228e-18,0.40625,0.0883883461356163,-6.938893903907228e-18,0.21875,0.0883883461356163,0.0883883461356163,0.40625,6.938893903907228e-18,0.0883883461356163,0.21875,6.938893903907228e-18,6.938893903907228e-18,0.40625,-0.0883883461356163,6.938893903907228e-18,0.21875,-0.0883883461356163,-0.0883883461356163,0.40625,-6.938893903907228e-18,-0.0883883461356163,0.21875,-6.938893903907228e-18,6.938893903907228e-18,0.40625,-0.0883883461356163,-0.0883883461356163,0.40625,-6.938893903907228e-18,0.0883883461356163,0.40625,6.938893903907228e-18,-6.938893903907228e-18,0.40625,0.0883883461356163,-0.0883883461356163,0.21875,-6.938893903907228e-18,6.938893903907228e-18,0.21875,-0.0883883461356163,-6.938893903907228e-18,0.21875,0.0883883461356163,0.0883883461356163,0.21875,6.938893903907228e-18,-0.0883883461356163,0.40625,-6.938893903907228e-18,-0.0883883461356163,0.21875,-6.938893903907228e-18,-6.938893903907228e-18,0.40625,0.0883883461356163,-6.938893903907228e-18,0.21875,0.0883883461356163,0.0883883461356163,0.40625,6.938893903907228e-18,0.0883883461356163,0.21875,6.938893903907228e-18,6.938893903907228e-18,0.40625,-0.0883883461356163,6.938893903907228e-18,0.21875,-0.0883883461356163,0.11048543453216553,0.21875,-0.11048543453216553,0.11048543453216553,0.21875,-0.11048543453216553,0.11048543453216553,-0.40625,-0.11048543453216553,-0.11048543453216553,0.21875,0.11048543453216553,-0.11048543453216553,0.21875,0.11048543453216553,-0.11048543453216553,-0.40625,0.11048543453216553,0.11048543453216553,0.21875,-0.11048543453216553,-0.11048543453216553,0.21875,0.11048543453216553,-0.11048543453216553,-0.40625,0.11048543453216553,0.11048543453216553,-0.40625,-0.11048543453216553,0.11048543453216553,0.21875,-0.11048543453216553,-0.11048543453216553,0.21875,0.11048543453216553,-0.11048543453216553,-0.40625,0.11048543453216553,0.11048543453216553,-0.40625,-0.11048543453216553,-0.13951456546783447,0.21875,-0.2979854345321655,-0.13951456546783447,0.21875,-0.2979854345321655,-0.13951456546783447,-0.40625,-0.2979854345321655,-0.3604854345321655,0.21875,-0.07701456546783447,-0.3604854345321655,0.21875,-0.07701456546783447,-0.3604854345321655,-0.40625,-0.07701456546783447,-0.13951456546783447,0.21875,-0.2979854345321655,-0.3604854345321655,0.21875,-0.07701456546783447,-0.3604854345321655,-0.40625,-0.07701456546783447,-0.13951456546783447,-0.40625,-0.2979854345321655,-0.13951456546783447,0.21875,-0.2979854345321655,-0.3604854345321655,0.21875,-0.07701456546783447,-0.3604854345321655,-0.40625,-0.07701456546783447,-0.13951456546783447,-0.40625,-0.2979854345321655,-0.25,0.40625,-0.0991116538643837,-0.25,0.21875,-0.0991116538643837,-0.1616116613149643,0.40625,-0.1875,-0.1616116613149643,0.21875,-0.1875,-0.25,0.40625,-0.2758883535861969,-0.25,0.21875,-0.2758883535861969,-0.3383883535861969,0.40625,-0.1875,-0.3383883535861969,0.21875,-0.1875,-0.25,0.40625,-0.2758883535861969,-0.3383883535861969,0.40625,-0.1875,-0.1616116613149643,0.40625,-0.1875,-0.25,0.40625,-0.0991116538643837,-0.3383883535861969,0.21875,-0.1875,-0.25,0.21875,-0.2758883535861969,-0.25,0.21875,-0.0991116538643837,-0.1616116613149643,0.21875,-0.1875,-0.3383883535861969,0.40625,-0.1875,-0.3383883535861969,0.21875,-0.1875,-0.25,0.40625,-0.0991116538643837,-0.25,0.21875,-0.0991116538643837,-0.1616116613149643,0.40625,-0.1875,-0.1616116613149643,0.21875,-0.1875,-0.25,0.40625,-0.2758883535861969,-0.25,0.21875,-0.2758883535861969,-0.13951456546783447,0.21875,-0.07701457291841507,-0.13951456546783447,0.21875,-0.07701457291841507,-0.13951456546783447,-0.40625,-0.07701457291841507,-0.3604854345321655,0.21875,-0.2979854345321655,-0.3604854345321655,0.21875,-0.2979854345321655,-0.3604854345321655,-0.40625,-0.2979854345321655,-0.13951456546783447,0.21875,-0.07701457291841507,-0.13951456546783447,0.21875,-0.07701457291841507,-0.13951456546783447,-0.40625,-0.07701457291841507,-0.3604854345321655,-0.40625,-0.2979854345321655,-0.13951456546783447,-0.40625,-0.07701457291841507,-0.3604854345321655,-0.40625,-0.2979854345321655,-0.3604854345321655,0.21875,-0.2979854345321655,-0.13951456546783447,0.21875,-0.07701457291841507,-0.13951456546783447,-0.40625,-0.07701457291841507,0.13951456546783447,0.21875,-0.2979854345321655,0.13951456546783447,0.21875,-0.2979854345321655,0.13951456546783447,-0.40625,-0.2979854345321655,0.3604854345321655,0.21875,-0.07701456546783447,0.3604854345321655,0.21875,-0.07701456546783447,0.3604854345321655,-0.40625,-0.07701456546783447,0.13951456546783447,0.21875,-0.2979854345321655,0.13951456546783447,0.21875,-0.2979854345321655,0.13951456546783447,-0.40625,-0.2979854345321655,0.3604854345321655,-0.40625,-0.07701456546783447,0.13951456546783447,-0.40625,-0.2979854345321655,0.3604854345321655,-0.40625,-0.07701456546783447,0.3604854345321655,0.21875,-0.07701456546783447,0.13951456546783447,0.21875,-0.2979854345321655,0.13951456546783447,-0.40625,-0.2979854345321655,0.3383883535861969,0.40625,-0.1875,0.3383883535861969,0.21875,-0.1875,0.25,0.40625,-0.2758883535861969,0.25,0.21875,-0.2758883535861969,0.1616116613149643,0.40625,-0.1875,0.1616116613149643,0.21875,-0.1875,0.25,0.40625,-0.0991116538643837,0.25,0.21875,-0.0991116538643837,0.1616116613149643,0.40625,-0.1875,0.25,0.40625,-0.0991116538643837,0.25,0.40625,-0.2758883535861969,0.3383883535861969,0.40625,-0.1875,0.25,0.21875,-0.0991116538643837,0.1616116613149643,0.21875,-0.1875,0.3383883535861969,0.21875,-0.1875,0.25,0.21875,-0.2758883535861969,0.25,0.40625,-0.0991116538643837,0.25,0.21875,-0.0991116538643837,0.3383883535861969,0.40625,-0.1875,0.3383883535861969,0.21875,-0.1875,0.25,0.40625,-0.2758883535861969,0.25,0.21875,-0.2758883535861969,0.1616116613149643,0.40625,-0.1875,0.1616116613149643,0.21875,-0.1875,0.13951456546783447,0.21875,-0.07701457291841507,0.13951456546783447,0.21875,-0.07701457291841507,0.13951456546783447,-0.40625,-0.07701457291841507,0.3604854345321655,0.21875,-0.2979854345321655,0.3604854345321655,0.21875,-0.2979854345321655,0.3604854345321655,-0.40625,-0.2979854345321655,0.13951456546783447,0.21875,-0.07701457291841507,0.3604854345321655,0.21875,-0.2979854345321655,0.3604854345321655,-0.40625,-0.2979854345321655,0.13951456546783447,-0.40625,-0.07701457291841507,0.13951456546783447,0.21875,-0.07701457291841507,0.3604854345321655,0.21875,-0.2979854345321655,0.3604854345321655,-0.40625,-0.2979854345321655,0.13951456546783447,-0.40625,-0.07701457291841507,0.13951456546783447,0.21875,0.2979854345321655,0.13951456546783447,0.21875,0.2979854345321655,0.13951456546783447,-0.40625,0.2979854345321655,0.3604854345321655,0.21875,0.07701456546783447,0.3604854345321655,0.21875,0.07701456546783447,0.3604854345321655,-0.40625,0.07701456546783447,0.13951456546783447,0.21875,0.2979854345321655,0.3604854345321655,0.21875,0.07701456546783447,