{"schemaVersion":4,"source":{"uri":"models/environment/X-Mas/christmas-snowman.gltf","sha256":"a0d3be989cc856628fbf7ac9a519534ce5342d348beb5331ec6e28414e6e5af6"},"animationNames":[],"boundingBox":{"min":{"x":-0.8208734122634725,"y":0,"z":-0.5},"max":{"x":0.8208734122634725,"y":1.8296734039959812,"z":0.6850544231722357}},"nodeNames":["cube","cube","cube","cube","cube","cube","cube","cube","cube","cube","cube","christmas_snowman",""],"trimesh":{"vertices":[0.375,-0.16483670473098755,0.28247278928756714,0.375,-0.9148367047309875,0.28247278928756714,0.375,-0.16483670473098755,-0.46752721071243286,0.375,-0.9148367047309875,-0.46752721071243286,-0.375,-0.16483670473098755,-0.46752721071243286,-0.375,-0.9148367047309875,-0.46752721071243286,-0.375,-0.16483670473098755,0.28247278928756714,-0.375,-0.9148367047309875,0.28247278928756714,-0.375,-0.16483670473098755,-0.46752721071243286,-0.375,-0.16483670473098755,0.28247278928756714,0.375,-0.16483670473098755,-0.46752721071243286,0.375,-0.16483670473098755,0.28247278928756714,-0.375,-0.9148367047309875,0.28247278928756714,-0.375,-0.9148367047309875,-0.46752721071243286,0.375,-0.9148367047309875,0.28247278928756714,0.375,-0.9148367047309875,-0.46752721071243286,-0.375,-0.16483670473098755,0.28247278928756714,-0.375,-0.9148367047309875,0.28247278928756714,0.375,-0.16483670473098755,0.28247278928756714,0.375,-0.9148367047309875,0.28247278928756714,0.375,-0.16483670473098755,-0.46752721071243286,0.375,-0.9148367047309875,-0.46752721071243286,-0.375,-0.16483670473098755,-0.46752721071243286,-0.375,-0.9148367047309875,-0.46752721071243286,0.25,0.33516329526901245,0.15747278928756714,0.25,-0.16483670473098755,0.15747278928756714,0.25,0.33516329526901245,-0.34252721071243286,0.25,-0.16483670473098755,-0.34252721071243286,-0.25,0.33516329526901245,-0.34252721071243286,-0.25,-0.16483670473098755,-0.34252721071243286,-0.25,0.33516329526901245,0.15747278928756714,-0.25,-0.16483670473098755,0.15747278928756714,-0.25,0.33516329526901245,-0.34252721071243286,-0.25,0.33516329526901245,0.15747278928756714,0.25,0.33516329526901245,-0.34252721071243286,0.25,0.33516329526901245,0.15747278928756714,-0.25,-0.16483670473098755,0.15747278928756714,-0.25,-0.16483670473098755,-0.34252721071243286,0.25,-0.16483670473098755,0.15747278928756714,0.25,-0.16483670473098755,-0.34252721071243286,-0.25,0.33516329526901245,0.15747278928756714,-0.25,-0.16483670473098755,0.15747278928756714,0.25,0.33516329526901245,0.15747278928756714,0.25,-0.16483670473098755,0.15747278928756714,0.25,0.33516329526901245,-0.34252721071243286,0.25,-0.16483670473098755,-0.34252721071243286,-0.25,0.33516329526901245,-0.34252721071243286,-0.25,-0.16483670473098755,-0.34252721071243286,0.0625,0.08516329526901245,-0.34252721071243286,0.0625,-0.03983670100569725,-0.34252721071243286,0.0625,0.08516329526901245,-0.5925272107124329,0.0625,-0.03983670100569725,-0.5925272107124329,-0.0625,0.08516329526901245,-0.5925272107124329,-0.0625,-0.03983670100569725,-0.5925272107124329,-0.0625,0.08516329526901245,-0.34252721071243286,-0.0625,-0.03983670100569725,-0.34252721071243286,-0.0625,0.08516329526901245,-0.5925272107124329,-0.0625,0.08516329526901245,-0.34252721071243286,0.0625,0.08516329526901245,-0.5925272107124329,0.0625,0.08516329526901245,-0.34252721071243286,-0.0625,-0.03983670100569725,-0.34252721071243286,-0.0625,-0.03983670100569725,-0.5925272107124329,0.0625,-0.03983670100569725,-0.34252721071243286,0.0625,-0.03983670100569725,-0.5925272107124329,-0.0625,0.08516329526901245,-0.34252721071243286,-0.0625,-0.03983670100569725,-0.34252721071243286,0.0625,0.08516329526901245,-0.34252721071243286,0.0625,-0.03983670100569725,-0.34252721071243286,0.0625,0.08516329526901245,-0.5925272107124329,0.0625,-0.03983670100569725,-0.5925272107124329,-0.0625,0.08516329526901245,-0.5925272107124329,-0.0625,-0.03983670100569725,-0.5925272107124329,0.3125,0.39766329526901245,0.21997278928756714,0.3125,0.21016329526901245,0.21997278928756714,0.3125,0.39766329526901245,-0.40502721071243286,0.3125,0.21016329526901245,-0.40502721071243286,-0.3125,0.39766329526901245,-0.40502721071243286,-0.3125,0.21016329526901245,-0.40502721071243286,-0.3125,0.39766329526901245,0.21997278928756714,-0.3125,0.21016329526901245,0.21997278928756714,-0.3125,0.39766329526901245,-0.40502721071243286,-0.3125,0.39766329526901245,0.21997278928756714,0.3125,0.39766329526901245,-0.40502721071243286,0.3125,0.39766329526901245,0.21997278928756714,-0.3125,0.21016329526901245,0.21997278928756714,-0.3125,0.21016329526901245,-0.40502721071243286,0.3125,0.21016329526901245,0.21997278928756714,0.3125,0.21016329526901245,-0.40502721071243286,-0.3125,0.39766329526901245,0.21997278928756714,-0.3125,0.21016329526901245,0.21997278928756714,0.3125,0.39766329526901245,0.21997278928756714,0.3125,0.21016329526901245,0.21997278928756714,0.3125,0.39766329526901245,-0.40502721071243286,0.3125,0.21016329526901245,-0.40502721071243286,-0.3125,0.39766329526901245,-0.40502721071243286,-0.3125,0.21016329526901245,-0.40502721071243286,0.25,0.7101632952690125,0.15747278928756714,0.25,0.39766329526901245,0.15747278928756714,0.25,0.7101632952690125,-0.34252721071243286,0.25,0.39766329526901245,-0.34252721071243286,-0.25,0.7101632952690125,-0.34252721071243286,-0.25,0.39766329526901245,-0.34252721071243286,-0.25,0.7101632952690125,0.15747278928756714,-0.25,0.39766329526901245,0.15747278928756714,-0.25,0.7101632952690125,-0.34252721071243286,-0.25,0.7101632952690125,0.15747278928756714,0.25,0.7101632952690125,-0.34252721071243286,0.25,0.7101632952690125,0.15747278928756714,-0.25,0.39766329526901245,0.15747278928756714,-0.25,0.39766329526901245,-0.34252721071243286,0.25,0.39766329526901245,0.15747278928756714,0.25,0.39766329526901245,-0.34252721071243286,-0.25,0.7101632952690125,0.15747278928756714,-0.25,0.39766329526901245,0.15747278928756714,0.25,0.7101632952690125,0.15747278928756714,0.25,0.39766329526901245,0.15747278928756714,0.25,0.7101632952690125,-0.34252721071243286,0.25,0.39766329526901245,-0.34252721071243286,-0.25,0.7101632952690125,-0.34252721071243286,-0.25,0.39766329526901245,-0.34252721071243286,0.125,0.8191658854484558,0.3038148581981659,0.125,0.4727110266685486,0.1603085696697235,0.125,0.9148367047309875,0.0728449821472168,0.125,0.5683818459510803,-0.07066131383180618,-0.125,0.9148367047309875,0.0728449821472168,-0.125,0.5683818459510803,-0.07066131383180618,-0.125,0.8191658854484558,0.3038148581981659,-0.125,0.4727110266685486,0.1603085696697235,-0.125,0.9148367047309875,0.0728449821472168,-0.125,0.8191658854484558,0.3038148581981659,0.125,0.9148367047309875,0.0728449821472168,0.125,0.8191658854484558,0.3038148581981659,-0.125,0.4727110266685486,0.1603085696697235,-0.125,0.5683818459510803,-0.07066131383180618,0.125,0.4727110266685486,0.1603085696697235,0.125,0.5683818459510803,-0.07066131383180618,-0.125,0.8191658854484558,0.3038148581981659,-0.125,0.4727110266685486,0.1603085696697235,0.125,0.8191658854484558,0.3038148581981659,0.125,0.4727110266685486,0.1603085696697235,0.125,0.9148367047309875,0.0728449821472168,0.125,0.5683818459510803,-0.07066131383180618,-0.125,0.9148367047309875,0.0728449821472168,-0.125,0.5683818459510803,-0.07066131383180618,0.15625,0.699577271938324,0.5925272107124329,0.15625,0.4108648896217346,0.4729386568069458,0.15625,0.8191658854484558,0.3038148581981659,0.15625,0.5304535031318665,0.18422627449035645,-0.15625,0.8191658854484558,0.3038148581981659,-0.15625,0.5304535031318665,0.18422627449035645,-0.15625,0.699577271938324,0.5925272107124329,-0.15625,0.4108648896217346,0.4729386568069458,-0.15625,0.8191658854484558,0.3038148581981659,-0.15625,0.699577271938324,0.5925272107124329,0.15625,0.8191658854484558,0.3038148581981659,0.15625,0.699577271938324,0.5925272107124329,-0.15625,0.4108648896217346,0.4729386568069458,-0.15625,0.5304535031318665,0.18422627449035645,0.15625,0.4108648896217346,0.4729386568069458,0.15625,0.5304535031318665,0.18422627449035645,-0.15625,0.699577271938324,0.5925272107124329,