{"schemaVersion":4,"source":{"uri":"models/environment/Desert/eroded-rock.gltf","sha256":"626686e1b84fe070b5f5818f50589ea9a09a80702f64bff971966344b85cc300"},"animationNames":[],"boundingBox":{"min":{"x":-0.5959708691207961,"y":0,"z":-0.6875},"max":{"x":0.5,"y":0.625,"z":0.5044417382415922}},"nodeNames":["cube","cube","cube","cube","cube","root",""],"trimesh":{"vertices":[0.4854854345321655,0.125,0.529029130935669,0.4854854345321655,-0.3125,0.529029130935669,0.4854854345321655,0.125,-0.28347086906433105,0.4854854345321655,-0.3125,-0.28347086906433105,-0.20201456546783447,0.125,-0.28347086906433105,-0.20201456546783447,-0.3125,-0.28347086906433105,-0.20201456546783447,0.125,0.529029130935669,-0.20201456546783447,-0.3125,0.529029130935669,-0.20201456546783447,0.125,-0.28347086906433105,-0.20201456546783447,0.125,0.529029130935669,0.4854854345321655,0.125,-0.28347086906433105,0.4854854345321655,0.125,0.529029130935669,-0.20201456546783447,-0.3125,0.529029130935669,-0.20201456546783447,-0.3125,-0.28347086906433105,0.4854854345321655,-0.3125,0.529029130935669,0.4854854345321655,-0.3125,-0.28347086906433105,-0.20201456546783447,0.125,0.529029130935669,-0.20201456546783447,-0.3125,0.529029130935669,0.4854854345321655,0.125,0.529029130935669,0.4854854345321655,-0.3125,0.529029130935669,0.4854854345321655,0.125,-0.28347086906433105,0.4854854345321655,-0.3125,-0.28347086906433105,-0.20201456546783447,0.125,-0.28347086906433105,-0.20201456546783447,-0.3125,-0.28347086906433105,0.11492717266082764,0,0.24241748452186584,0.11492717266082764,-0.3125,0.24241748452186584,-0.19443204998970032,0,-0.06694173812866211,-0.19443204998970032,-0.3125,-0.06694173812866211,-0.5479854345321655,0,0.2866116464138031,-0.5479854345321655,-0.3125,0.2866116464138031,-0.23862621188163757,0,0.595970869064331,-0.23862621188163757,-0.3125,0.595970869064331,-0.5479854345321655,0,0.2866116464138031,-0.23862621188163757,0,0.595970869064331,-0.19443204998970032,0,-0.06694173812866211,0.11492717266082764,0,0.24241748452186584,-0.23862621188163757,-0.3125,0.595970869064331,-0.5479854345321655,-0.3125,0.2866116464138031,0.11492717266082764,-0.3125,0.24241748452186584,-0.19443204998970032,-0.3125,-0.06694173812866211,-0.23862621188163757,0,0.595970869064331,-0.23862621188163757,-0.3125,0.595970869064331,0.11492717266082764,0,0.24241748452186584,0.11492717266082764,-0.3125,0.24241748452186584,-0.19443204998970032,0,-0.06694173812866211,-0.19443204998970032,-0.3125,-0.06694173812866211,-0.5479854345321655,0,0.2866116464138031,-0.5479854345321655,-0.3125,0.2866116464138031,0.5479854345321655,0.3125,0.029029130935668945,0.5479854345321655,-0.3125,0.029029130935668945,0.5479854345321655,0.3125,-0.40847086906433105,0.5479854345321655,-0.3125,-0.40847086906433105,0.11048543453216553,0.3125,-0.40847086906433105,0.11048543453216553,-0.3125,-0.40847086906433105,0.11048543453216553,0.3125,0.029029130935668945,0.11048543453216553,-0.3125,0.029029130935668945,0.11048543453216553,0.3125,-0.40847086906433105,0.11048543453216553,0.3125,0.029029130935668945,0.5479854345321655,0.3125,-0.40847086906433105,0.5479854345321655,0.3125,0.029029130935668945,0.11048543453216553,-0.3125,0.029029130935668945,0.11048543453216553,-0.3125,-0.40847086906433105,0.5479854345321655,-0.3125,0.029029130935668945,0.5479854345321655,-0.3125,-0.40847086906433105,0.11048543453216553,0.3125,0.029029130935668945,0.11048543453216553,-0.3125,0.029029130935668945,0.5479854345321655,0.3125,0.029029130935668945,0.5479854345321655,-0.3125,0.029029130935668945,0.5479854345321655,0.3125,-0.40847086906433105,0.5479854345321655,-0.3125,-0.40847086906433105,0.11048543453216553,0.3125,-0.40847086906433105,0.11048543453216553,-0.3125,-0.40847086906433105,0.04798543453216553,-0.1875,-0.40847086906433105,0.04798543453216553,-0.3125,-0.40847086906433105,0.04798543453216553,-0.1875,-0.595970869064331,0.04798543453216553,-0.3125,-0.595970869064331,-0.20201456546783447,-0.1875,-0.595970869064331,-0.20201456546783447,-0.3125,-0.595970869064331,-0.20201456546783447,-0.1875,-0.40847086906433105,-0.20201456546783447,-0.3125,-0.40847086906433105,-0.20201456546783447,-0.1875,-0.595970869064331,-0.20201456546783447,-0.1875,-0.40847086906433105,0.04798543453216553,-0.1875,-0.595970869064331,0.04798543453216553,-0.1875,-0.40847086906433105,-0.20201456546783447,-0.3125,-0.40847086906433105,-0.20201456546783447,-0.3125,-0.595970869064331,0.04798543453216553,-0.3125,-0.40847086906433105,0.04798543453216553,-0.3125,-0.595970869064331,-0.20201456546783447,-0.1875,-0.40847086906433105,-0.20201456546783447,-0.3125,-0.40847086906433105,0.04798543453216553,-0.1875,-0.40847086906433105,0.04798543453216553,-0.3125,-0.40847086906433105,0.04798543453216553,-0.1875,-0.595970869064331,0.04798543453216553,-0.3125,-0.595970869064331,-0.20201456546783447,-0.1875,-0.595970869064331,-0.20201456546783447,-0.3125,-0.595970869064331,-0.3270145654678345,-0.25,-0.15847086906433105,-0.3270145654678345,-0.3125,-0.15847086906433105,-0.3270145654678345,-0.25,-0.34597086906433105,-0.3270145654678345,-0.3125,-0.34597086906433105,-0.4520145654678345,-0.25,-0.34597086906433105,-0.4520145654678345,-0.3125,-0.34597086906433105,-0.4520145654678345,-0.25,-0.15847086906433105,-0.4520145654678345,-0.3125,-0.15847086906433105,-0.4520145654678345,-0.25,-0.34597086906433105,-0.4520145654678345,-0.25,-0.15847086906433105,-0.3270145654678345,-0.25,-0.34597086906433105,-0.3270145654678345,-0.25,-0.15847086906433105,-0.4520145654678345,-0.3125,-0.15847086906433105,-0.4520145654678345,-0.3125,-0.34597086906433105,-0.3270145654678345,-0.3125,-0.15847086906433105,-0.3270145654678345,-0.3125,-0.34597086906433105,-0.4520145654678345,-0.25,-0.15847086906433105,-0.4520145654678345,-0.3125,-0.15847086906433105,-0.3270145654678345,-0.25,-0.15847086906433105,-0.3270145654678345,-0.3125,-0.15847086906433105,-0.3270145654678345,-0.25,-0.34597086906433105,-0.3270145654678345,-0.3125,-0.34597086906433105,-0.4520145654678345,-0.25,-0.34597086906433105,-0.4520145654678345,-0.3125,-0.34597086906433105],"indices":[0,1,2,1,3,2,4,5,6,5,7,6,8,9,10,9,11,10,12,13,14,13,15,14,16,17,18,17,19,18,20,21,22,21,23,22,24,25,26,25,27,26,28,29,30,29,31,30,32,33,34,33,35,34,36,37,38,37,39,38,40,41,42,41,43,42,44,45,46,45,47,46,48,49,50,49,51,50,52,53,54,53,55,54,56,57,58,57,59,58,60,61,62,61,63,62,64,65,66,65,67,66,68,69,70,69,71,70,72,73,74,73,75,74,76,77,78,77,79,78,80,81,82,81,83,82,84,85,86,85,87,86,88,89,90,89,91,90,92,93,94,93,95,94,96,97,98,97,99,98,100,101,102,101,103,102,104,105,106,105,107,106,108,109,110,109,111,110,112,113,114,113,115,114,116,117,118,117,119,118]},"optimizedModelData":{"":{"meshCount":1},"-named-nodes":{"meshCount":5},"-no-animations":{"meshCount":1}}}